account_id,performance_date,origination_date,months_on_book,vintage,original_balance,current_balance,scheduled_payment,interest_rate,original_term,remaining_term,delinquency_bucket,status,terminal_event,default_flag,recovery_amount,loss_amount,exposure_at_default,delinquency_state,lgd_realised,workout_months,collections_referral_flag,marketing_segment_code
14,2008-01-01,2007-03-01,10,2007,67595.0,67595.0,1377.9433742021602,0.08227163234637845,60,50,Current,Current,none,0,0.0,0.0,0.0,0,0.0,0.0,0,253
21,2008-01-01,2006-03-01,22,2006,162975.0,162975.0,3460.7483216719443,0.09975194950164586,60,38,Current,Current,none,0,0.0,0.0,0.0,0,0.0,0.0,0,224
24,2008-01-01,2007-04-01,9,2007,47804.0,47804.0,1083.5671851302743,0.1283142846447308,60,51,Current,Current,none,0,0.0,0.0,0.0,0,0.0,0.0,0,656
26,2008-01-01,2002-02-01,71,2002,31539.0,31539.0,703.6193619118127,0.1711348339157967,72,1,Current,Current,none,0,0.0,0.0,0.0,0,0.0,0.0,0,311
55,2008-01-01,2006-10-01,15,2006,10103.0,10103.0,197.0835864790326,0.11917721728930847,72,57,Current,Current,none,0,0.0,0.0,0.0,0,0.0,0.0,0,917
58,2008-01-01,2002-01-01,72,2002,47790.0,47790.0,889.6738762097502,0.1017917287513997,72,0,Current,Matured,matured,0,0.0,0.0,0.0,0,0.0,0.0,0,456
86,2008-01-01,2006-08-01,17,2006,83046.0,83046.0,1799.7036060937044,0.10856979435136963,60,43,Current,Current,none,0,0.0,0.0,0.0,0,0.0,0.0,0,567
102,2008-01-01,2005-02-01,35,2005,79609.0,79609.0,2651.936324583033,0.12204393065076244,36,1,Current,Current,none,0,0.0,0.0,0.0,0,0.0,0.0,0,810
115,2008-01-01,2005-03-01,34,2005,40404.0,40404.0,841.3069489607997,0.0913177419316869,60,26,Current,Current,none,0,0.0,0.0,0.0,0,0.0,0.0,0,822
119,2008-01-01,2003-12-01,49,2003,24131.0,24131.0,448.6966626218991,0.10135421012950833,72,23,Current,Current,none,0,0.0,0.0,0.0,0,0.0,0.0,0,945
133,2008-01-01,2003-04-01,57,2003,86527.0,86527.0,1813.1052577294681,0.09402434395900115,60,3,Current,Current,none,0,0.0,0.0,0.0,0,0.0,0.0,0,969
138,2008-01-01,2006-11-01,14,2006,27531.0,27531.0,465.509267156772,0.06706766116872853,72,58,Current,Current,none,0,0.0,0.0,0.0,0,0.0,0.0,0,798
151,2008-01-01,2005-02-01,35,2005,50459.0,50459.0,971.4748950480811,0.11425558853424386,72,37,Current,Paid off,payoff,0,0.0,0.0,0.0,0,0.0,0.0,0,908
165,2008-01-01,2004-10-01,39,2004,32990.0,32990.0,571.9229270989447,0.07595206087097353,72,33,Current,Current,none,0,0.0,0.0,0.0,0,0.0,0.0,0,971
168,2008-01-01,2005-04-01,33,2005,59234.0,59234.0,1220.4263643895079,0.08680172372845521,60,27,Current,Current,none,0,0.0,0.0,0.0,0,0.0,0.0,0,263
183,2008-01-01,2005-07-01,30,2005,51296.0,51296.0,1154.9522683266634,0.12534412052674562,60,30,Current,Current,none,0,0.0,0.0,0.0,0,0.0,0.0,0,910
186,2008-01-01,2005-05-01,32,2005,54510.0,54510.0,1143.642415413596,0.09456101333208958,60,28,Current,Current,none,0,0.0,0.0,0.0,0,0.0,0.0,0,385
191,2008-01-01,2007-01-01,12,2007,126796.0,126796.0,2781.5011555340984,0.11388796025697671,60,48,Current,Current,none,0,0.0,0.0,0.0,0,0.0,0.0,0,479
197,2008-01-01,2007-06-01,7,2007,75271.0,75271.0,1674.0418821622209,0.11991588245636313,60,53,Current,Current,none,0,0.0,0.0,0.0,0,0.0,0.0,0,372
209,2008-01-01,2008-01-01,0,2008,64498.0,64498.0,1162.3471930185565,0.08991755288498417,72,72,Current,Current,none,0,0.0,0.0,0.0,0,0.0,0.0,0,501
222,2008-01-01,2005-06-01,31,2005,31779.0,31779.0,776.2707390431198,0.08030327567454511,48,17,Current,Current,none,0,0.0,0.0,0.0,0,0.0,0.0,0,236
232,2008-01-01,2004-02-01,47,2004,15461.0,15461.0,365.3600990829354,0.0631794774521835,48,1,Current,Current,none,0,0.0,0.0,0.0,0,0.0,0.0,0,350
233,2008-01-01,2006-01-01,24,2006,27726.0,27726.0,629.6477157850898,0.1291512549166567,60,36,Current,Current,none,0,0.0,0.0,0.0,0,0.0,0.0,0,426
236,2008-01-01,2006-11-01,14,2006,74053.0,74053.0,1976.0421184055315,0.1271075757647009,48,34,Current,Current,none,0,0.0,0.0,0.0,0,0.0,0.0,0,778
266,2008-01-01,2006-10-01,15,2006,157603.0,157603.0,3868.6201955107076,0.08284346550108986,48,33,Current,Current,none,0,0.0,0.0,0.0,0,0.0,0.0,0,687
272,2008-01-01,2005-04-01,33,2005,29304.0,29304.0,659.1177064261354,0.12489138631789198,60,27,Current,Current,none,0,0.0,0.0,0.0,0,0.0,0.0,0,313
285,2008-01-01,2006-11-01,14,2006,95133.0,95133.0,1642.9675694000919,0.07458900309321229,72,58,Current,Current,none,0,0.0,0.0,0.0,0,0.0,0.0,0,255
289,2008-01-01,2004-05-01,44,2004,24087.0,24087.0,506.9559527779833,0.09592041922224452,60,16,Current,Current,none,0,0.0,0.0,0.0,0,0.0,0.0,0,215
290,2008-01-01,2006-11-01,14,2006,43732.0,43732.0,1040.1097574285388,0.14988173411471223,60,46,Current,Current,none,0,0.0,0.0,0.0,0,0.0,0.0,0,693
299,2008-01-01,2006-08-01,17,2006,144364.0,144364.0,3555.4394325132516,0.08457613644364431,48,31,Current,Current,none,0,0.0,0.0,0.0,0,0.0,0.0,0,845
320,2008-01-01,2005-04-01,33,2005,84095.0,84095.0,1895.7868389214839,0.12589320745660937,60,27,Current,Current,none,0,0.0,0.0,0.0,0,0.0,0.0,0,204
344,2008-01-01,2006-10-01,15,2006,66723.0,66723.0,1387.079665365294,0.09062349715372262,60,45,Current,Current,none,0,0.0,0.0,0.0,0,0.0,0.0,0,602
347,2008-01-01,2003-09-01,52,2003,148254.0,148254.0,3163.753295178788,0.10188852841475392,60,8,Current,Current,none,0,0.0,0.0,0.0,0,0.0,0.0,0,956
354,2008-01-01,2004-05-01,44,2004,46709.0,46709.0,950.6746883609693,0.08160172887925334,60,16,Current,Current,none,0,0.0,0.0,0.0,0,0.0,0.0,0,188
362,2008-01-01,2004-04-01,45,2004,55994.0,55994.0,1523.9480577790732,0.1378005686082103,48,3,Current,Current,none,0,0.0,0.0,0.0,0,0.0,0.0,0,136
372,2008-01-01,2007-04-01,9,2007,32799.0,32799.0,644.4731855987635,0.06677022058898875,60,51,Current,Current,none,0,0.0,0.0,0.0,0,0.0,0.0,0,453
373,2008-01-01,2004-11-01,38,2004,51415.0,51415.0,1008.2241567400266,0.12114013916659813,72,34,Current,Current,none,0,0.0,0.0,0.0,0,0.0,0.0,0,353
383,2008-01-01,2005-04-01,33,2005,122384.0,122384.0,3049.129794386232,0.09061906151812625,48,15,Current,Current,none,0,0.0,0.0,0.0,0,0.0,0.0,0,296
384,2008-01-01,2007-08-01,5,2007,32481.0,32481.0,868.6865300232241,0.12832531193977795,48,43,Current,Current,none,0,0.0,0.0,0.0,0,0.0,0.0,0,483
387,2008-01-01,2006-01-01,24,2006,39693.0,39693.0,821.3083670917995,0.08862150720315917,60,36,Current,Current,none,0,0.0,0.0,0.0,0,0.0,0.0,0,674
396,2008-01-01,2004-01-01,48,2004,18842.0,18842.0,450.4557766263518,0.15222731421270966,60,12,Current,Current,none,0,0.0,0.0,0.0,0,0.0,0.0,0,687
412,2008-01-01,2007-12-01,1,2007,60246.0,60246.0,1571.859800703506,0.11503445677406011,48,47,Current,Current,none,0,0.0,0.0,0.0,0,0.0,0.0,0,451
416,2008-01-01,2007-09-01,4,2007,55531.0,55531.0,1085.6425674214197,0.12000028657347918,72,68,Current,Current,none,0,0.0,0.0,0.0,0,0.0,0.0,0,145
420,2008-01-01,2003-12-01,49,2003,28906.0,28906.0,502.0820660921955,0.07663670359354455,72,23,Current,Current,none,0,0.0,0.0,0.0,0,0.0,0.0,0,180
429,2008-01-01,2007-02-01,11,2007,47440.0,47440.0,915.6270921902433,0.059310130221101515,60,49,Current,Current,none,0,0.0,0.0,0.0,0,0.0,0.0,0,424
431,2008-01-01,2005-12-01,25,2005,156596.0,156596.0,3777.968795464466,0.15636946284584494,60,35,Current,Current,none,0,0.0,0.0,0.0,0,0.0,0.0,0,625
438,2008-01-01,2006-05-01,20,2006,63762.0,63762.0,1462.5009792718777,0.13358229461381468,60,40,Current,Current,none,0,0.0,0.0,0.0,0,0.0,0.0,0,194
443,2008-01-01,2005-11-01,26,2005,23921.0,23921.0,509.62327499760704,0.10116535231435317,60,34,Current,Current,none,0,0.0,0.0,0.0,0,0.0,0.0,0,319
449,2008-01-01,2003-06-01,55,2003,29920.0,29920.0,651.359140841885,0.11055325904007642,60,5,Current,Current,none,0,0.0,0.0,0.0,0,0.0,0.0,0,575
458,2008-01-01,2006-04-01,21,2006,136560.0,136560.0,4832.477648959964,0.16465355525072037,36,15,Current,Current,none,0,0.0,0.0,0.0,0,0.0,0.0,0,908
461,2008-01-01,2006-10-01,15,2006,29191.0,29191.0,630.0772565928871,0.10682948620480119,60,45,Current,Current,none,0,0.0,0.0,0.0,0,0.0,0.0,0,992
463,2008-01-01,2006-05-01,20,2006,66714.0,66714.0,1603.389498928275,0.07188461893308393,48,28,Current,Current,none,0,0.0,0.0,0.0,0,0.0,0.0,0,304
471,2008-01-01,2005-08-01,29,2005,44045.0,44045.0,1074.794082753451,0.16158176739694569,60,31,Current,Current,none,0,0.0,0.0,0.0,0,0.0,0.0,0,196
479,2008-01-01,2007-12-01,1,2007,25542.0,25542.0,460.22693271514544,0.0898569357117223,72,71,Current,Current,none,0,0.0,0.0,0.0,0,0.0,0.0,0,222
481,2008-01-01,2007-02-01,11,2007,43091.0,43091.0,948.769218645565,0.1155017444739227,60,49,Current,Current,none,0,0.0,0.0,0.0,0,0.0,0.0,0,948
483,2008-01-01,2004-07-01,42,2004,18513.0,18513.0,362.55447415370656,0.06537627225225551,60,18,Current,Current,none,0,0.0,0.0,0.0,0,0.0,0.0,0,181
522,2008-01-01,2007-12-01,1,2007,128388.0,128388.0,2509.4221673278203,0.06456144736997294,60,59,Current,Current,none,0,0.0,0.0,0.0,0,0.0,0.0,0,922
527,2008-01-01,2004-06-01,43,2004,125753.0,125753.0,2720.0344700066953,0.10774185196983299,60,17,Current,Current,none,0,0.0,0.0,0.0,0,0.0,0.0,0,110
531,2008-01-01,2005-02-01,35,2005,45149.0,45149.0,1106.8647120372875,0.163713712980361,60,25,Current,Current,none,0,0.0,0.0,0.0,0,0.0,0.0,0,548
532,2008-01-01,2006-08-01,17,2006,41254.0,41254.0,914.0331193753882,0.16838712683255994,72,55,Current,Current,none,0,0.0,0.0,0.0,0,0.0,0.0,0,982
542,2008-01-01,2006-02-01,23,2006,48375.0,48375.0,1172.620265880197,0.07631275175289952,48,25,Current,Current,none,0,0.0,0.0,0.0,0,0.0,0.0,0,608
546,2008-01-01,2003-11-01,50,2003,85844.0,85844.0,2005.3884654332435,0.14178404906811365,60,10,Current,Current,none,0,0.0,0.0,0.0,0,0.0,0.0,0,214
550,2008-01-01,2002-06-01,67,2002,48224.0,48224.0,980.429286066029,0.1348452005495002,72,5,Current,Current,none,0,0.0,0.0,0.0,0,0.0,0.0,0,820
553,2008-01-01,2007-09-01,4,2007,30111.0,30111.0,628.30580034859,0.09222116495191847,60,56,Current,Current,none,0,0.0,0.0,0.0,0,0.0,0.0,0,202
561,2008-01-01,2006-01-01,24,2006,115761.0,115761.0,2617.307478810443,0.12719183852755314,60,36,Current,Current,none,0,0.0,0.0,0.0,0,0.0,0.0,0,944
566,2008-01-01,2006-02-01,23,2006,112212.0,112212.0,2920.7332789798484,0.11376426281084216,48,25,Current,Current,none,0,0.0,0.0,0.0,0,0.0,0.0,0,157
569,2008-01-01,2005-07-01,30,2005,100839.0,100839.0,2448.012385106198,0.1592164554721279,60,30,Current,Current,none,0,0.0,0.0,0.0,0,0.0,0.0,0,232
592,2008-01-01,2003-01-01,60,2003,18981.0,18981.0,331.0348587341563,0.07809411599143956,72,12,Current,Current,none,0,0.0,0.0,0.0,0,0.0,0.0,0,708
597,2008-01-01,2005-12-01,25,2005,109264.0,109264.0,2521.278389576521,0.1362657283110338,60,35,Current,Current,none,0,0.0,0.0,0.0,0,0.0,0.0,0,714
602,2008-01-01,2007-03-01,10,2007,108529.0,108529.0,2742.244871125708,0.09801565553663329,48,38,Current,Current,none,0,0.0,0.0,0.0,0,0.0,0.0,0,376
607,2008-01-01,2004-03-01,46,2004,73207.0,73207.0,1727.9337911246944,0.06257775824459519,48,2,Current,Current,none,0,0.0,0.0,0.0,0,0.0,0.0,0,512
615,2008-01-01,2005-01-01,36,2005,26784.0,26784.0,630.6343791156374,0.14532406553536378,60,24,Current,Current,none,0,0.0,0.0,0.0,0,0.0,0.0,0,813
618,2008-01-01,2007-07-01,6,2007,53034.0,53034.0,1177.080178319769,0.11901732517274331,60,54,Current,Current,none,0,0.0,0.0,0.0,0,0.0,0.0,0,847
630,2008-01-01,2006-10-01,15,2006,38706.0,38706.0,1352.5616569478582,0.1556875134895744,36,21,Current,Current,none,0,0.0,0.0,0.0,0,0.0,0.0,0,766
647,2008-01-01,2004-06-01,43,2004,59089.0,59089.0,1139.6196197733918,0.1149096540371401,72,29,Current,Current,none,0,0.0,0.0,0.0,0,0.0,0.0,0,202
648,2008-01-01,2007-07-01,6,2007,400000.0,400000.0,8231.698465473884,0.08630005619269476,60,54,Current,Current,none,0,0.0,0.0,0.0,0,0.0,0.0,0,891
656,2008-01-01,2004-10-01,39,2004,27525.0,27525.0,562.409211388473,0.13676036763610944,72,33,Current,Current,none,0,0.0,0.0,0.0,0,0.0,0.0,0,527
668,2008-01-01,2006-08-01,17,2006,21496.0,21496.0,457.3972184043541,0.10063388695743838,60,43,Current,Current,none,0,0.0,0.0,0.0,0,0.0,0.0,0,765
678,2008-01-01,2004-10-01,39,2004,62712.0,62712.0,1195.1592863879107,0.1104649973609853,72,33,Current,Current,none,0,0.0,0.0,0.0,0,0.0,0.0,0,479
694,2008-01-01,2005-08-01,29,2005,76872.0,76872.0,1538.9305405347466,0.07460934383106017,60,31,Current,Current,none,0,0.0,0.0,0.0,0,0.0,0.0,0,122
697,2008-01-01,2007-06-01,7,2007,67394.0,67394.0,2228.6055262557506,0.11693915654339465,36,29,Current,Current,none,0,0.0,0.0,0.0,0,0.0,0.0,0,383
701,2008-01-01,2007-02-01,11,2007,172053.0,172053.0,3089.5155730730116,0.08861280788418027,72,61,Current,Current,none,0,0.0,0.0,0.0,0,0.0,0.0,0,505
712,2008-01-01,2002-03-01,70,2002,68099.0,68099.0,1318.835772248027,0.11645721149373771,72,2,Current,Current,none,0,0.0,0.0,0.0,0,0.0,0.0,0,539
725,2008-01-01,2003-12-01,49,2003,27227.0,27227.0,571.7094925341063,0.14728570310067962,72,23,Current,Current,none,0,0.0,0.0,0.0,0,0.0,0.0,0,764
745,2008-01-01,2007-05-01,8,2007,195865.0,195865.0,4169.031186638254,0.10077561039320518,60,52,Current,Current,none,0,0.0,0.0,0.0,0,0.0,0.0,0,445
748,2008-01-01,2002-04-01,69,2002,52833.0,52833.0,897.7850073608514,0.06883006173124874,72,3,Current,Current,none,0,0.0,0.0,0.0,0,0.0,0.0,0,425
755,2008-01-01,2004-10-01,39,2004,45103.0,45103.0,1234.7402010212325,0.14098694486143384,48,9,Current,Current,none,0,0.0,0.0,0.0,0,0.0,0.0,0,774
765,2008-01-01,2006-03-01,22,2006,76695.0,76695.0,1514.6529383489185,0.06889368691084181,60,38,Current,Current,none,0,0.0,0.0,0.0,0,0.0,0.0,0,538
776,2008-01-01,2006-01-01,24,2006,35927.0,35927.0,757.0125339330793,0.09641039854426402,60,36,Current,Current,none,0,0.0,0.0,0.0,0,0.0,0.0,0,848
789,2008-01-01,2004-01-01,48,2004,46551.0,46551.0,960.6201774226502,0.14056238632477608,72,24,Current,Current,none,0,0.0,0.0,0.0,0,0.0,0.0,0,768
794,2008-01-01,2007-05-01,8,2007,112312.0,112312.0,2593.408107094664,0.13657570755251322,60,52,Current,Current,none,0,0.0,0.0,0.0,0,0.0,0.0,0,171
805,2008-01-01,2005-02-01,35,2005,53263.0,53263.0,1147.8735225228736,0.1061527374261552,60,25,Current,Current,none,0,0.0,0.0,0.0,0,0.0,0.0,0,348
807,2008-01-01,2003-09-01,52,2003,89175.0,89175.0,1750.0344188065455,0.12143161684552584,72,20,Current,Current,none,0,0.0,0.0,0.0,0,0.0,0.0,0,902
809,2008-01-01,2006-10-01,15,2006,46042.0,46042.0,1274.2514046480833,0.14693935022285495,48,33,Current,Current,none,0,0.0,0.0,0.0,0,0.0,0.0,0,785
823,2008-01-01,2006-04-01,21,2006,52349.0,52349.0,1345.1823530483273,0.10692465551146055,48,27,Current,Current,none,0,0.0,0.0,0.0,0,0.0,0.0,0,268
826,2008-01-01,2007-05-01,8,2007,23856.0,23856.0,577.9443588003968,0.07601661162475576,48,40,Current,Current,none,0,0.0,0.0,0.0,0,0.0,0.0,0,489
827,2008-01-01,2005-02-01,35,2005,143395.0,143395.0,2612.385932603703,0.09386805518379696,72,37,Current,Current,none,0,0.0,0.0,0.0,0,0.0,0.0,0,140
844,2008-01-01,2007-09-01,4,2007,100926.0,100926.0,2082.01220535036,0.14043606471668085,72,68,Current,Current,none,0,0.0,0.0,0.0,0,0.0,0.0,0,694
859,2008-01-01,2004-08-01,41,2004,34107.0,34107.0,745.8842171229752,0.11253278222454356,60,19,Current,Current,none,0,0.0,0.0,0.0,0,0.0,0.0,0,567
864,2008-01-01,2005-07-01,30,2005,79692.0,79692.0,1846.0991907303019,0.1380141794007731,60,30,Current,Current,none,0,0.0,0.0,0.0,0,0.0,0.0,0,282
871,2008-01-01,2005-06-01,31,2005,21760.0,21760.0,399.3376808017045,0.09654166399472236,72,41,Current,Current,none,0,0.0,0.0,0.0,0,0.0,0.0,0,190
878,2008-01-01,2004-09-01,40,2004,42008.0,42008.0,880.3896714732377,0.09409509559584174,60,20,Current,Current,none,0,0.0,0.0,0.0,0,0.0,0.0,0,820
881,2008-01-01,2004-02-01,47,2004,43981.0,43981.0,856.1003076490978,0.06284208602215978,60,13,Current,Current,none,0,0.0,0.0,0.0,0,0.0,0.0,0,488
893,2008-01-01,2006-07-01,18,2006,41013.0,41013.0,906.602239584934,0.11724026523380675,60,42,Current,Current,none,0,0.0,0.0,0.0,0,0.0,0.0,0,111
912,2008-01-01,2005-08-01,29,2005,167385.0,167385.0,3064.9018781073983,0.0957152030613704,72,43,Current,Current,none,0,0.0,0.0,0.0,0,0.0,0.0,0,655
921,2008-01-01,2004-02-01,47,2004,113833.0,113833.0,2983.202923558057,0.1174097801307108,48,1,Current,Current,none,0,0.0,0.0,0.0,0,0.0,0.0,0,679
934,2008-01-01,2003-04-01,57,2003,89287.0,89287.0,1839.33228621761,0.08673441262720091,60,3,Current,Current,none,0,0.0,0.0,0.0,0,0.0,0.0,0,686
943,2008-01-01,2006-05-01,20,2006,94825.0,94825.0,1717.6263394575562,0.09177271943046636,72,52,Current,Current,none,0,0.0,0.0,0.0,0,0.0,0.0,0,905
960,2008-01-01,2003-10-01,51,2003,47133.0,47133.0,960.5899419870971,0.08217011156667417,60,9,Current,Current,none,0,0.0,0.0,0.0,0,0.0,0.0,0,155
968,2008-01-01,2004-04-01,45,2004,23601.0,23601.0,460.0884912731704,0.06346755980022854,60,15,Current,Current,none,0,0.0,0.0,0.0,0,0.0,0.0,0,186
997,2008-01-01,2003-07-01,54,2003,55121.0,55121.0,1216.2469794781134,0.1164414018973093,60,6,Current,Current,none,0,0.0,0.0,0.0,0,0.0,0.0,0,349
999,2008-01-01,2006-12-01,13,2006,96721.0,96721.0,2081.1835928641867,0.10547404637590992,60,47,Current,Current,none,0,0.0,0.0,0.0,0,0.0,0.0,0,382
1001,2008-01-01,2004-04-01,45,2004,37240.0,37240.0,985.1333636708878,0.12243671968599637,48,3,Current,Current,none,0,0.0,0.0,0.0,0,0.0,0.0,0,479
1009,2008-01-01,2006-11-01,14,2006,59767.0,59767.0,1161.988369214046,0.11791568832901815,72,58,Current,Current,none,0,0.0,0.0,0.0,0,0.0,0.0,0,265
1021,2008-01-01,2007-06-01,7,2007,70357.0,70357.0,2195.9915189679873,0.0773036288387179,36,29,Current,Current,none,0,0.0,0.0,0.0,0,0.0,0.0,0,376
1027,2008-01-01,2003-08-01,53,2003,65756.0,65756.0,1418.2301967958222,0.15774858505709227,72,19,Current,Current,none,0,0.0,0.0,0.0,0,0.0,0.0,0,647
1045,2008-01-01,2007-08-01,5,2007,22216.0,22216.0,550.1697100348132,0.08745918930217098,48,43,Current,Current,none,0,0.0,0.0,0.0,0,0.0,0.0,0,385
1048,2008-01-01,2005-07-01,30,2005,59296.0,59296.0,1839.0903899094567,0.07302125238785419,36,6,Current,Current,none,0,0.0,0.0,0.0,0,0.0,0.0,0,562
1058,2008-01-01,2006-07-01,18,2006,26924.0,26924.0,600.0233557122083,0.12081823147977616,60,42,Current,Current,none,0,0.0,0.0,0.0,0,0.0,0.0,0,750
1066,2008-01-01,2006-01-01,24,2006,69627.0,69627.0,1496.821558255707,0.10507704515152655,60,36,Current,Current,none,0,0.0,0.0,0.0,0,0.0,0.0,0,197
1068,2008-01-01,2007-11-01,2,2007,70771.0,70771.0,1435.9283590744162,0.08027973866551531,60,58,Current,Current,none,0,0.0,0.0,0.0,0,0.0,0.0,0,621
1077,2008-01-01,2005-03-01,34,2005,88559.0,88559.0,1730.2843745807695,0.11976954644052319,72,38,Current,Current,none,0,0.0,0.0,0.0,0,0.0,0.0,0,596
1107,2008-01-01,2007-05-01,8,2007,89744.0,89744.0,1655.118725132035,0.09834856434956442,72,64,Current,Current,none,0,0.0,0.0,0.0,0,0.0,0.0,0,170
1111,2008-01-01,2006-09-01,16,2006,21353.0,21353.0,673.5938949564277,0.0845271723788923,36,20,Current,Current,none,0,0.0,0.0,0.0,0,0.0,0.0,0,336
1116,2008-01-01,2003-10-01,51,2003,187875.0,187875.0,4617.866950531169,0.16490539990750888,60,9,Current,Current,none,0,0.0,0.0,0.0,0,0.0,0.0,0,792
1146,2008-01-01,2007-08-01,5,2007,111749.0,111749.0,2529.068531388402,0.12762517422601224,60,55,Current,Current,none,0,0.0,0.0,0.0,0,0.0,0.0,0,953
1150,2008-01-01,2005-06-01,31,2005,36047.0,36047.0,1142.5105654852302,0.08774799172305195,36,5,Current,Current,none,0,0.0,0.0,0.0,0,0.0,0.0,0,589
1162,2008-01-01,2007-05-01,8,2007,42590.0,42590.0,885.1143742719195,0.09049137198591051,60,52,Current,Current,none,0,0.0,0.0,0.0,0,0.0,0.0,0,605
1166,2008-01-01,2005-09-01,28,2005,28523.0,28523.0,941.7688345859835,0.11588000346004447,36,8,Current,Current,none,0,0.0,0.0,0.0,0,0.0,0.0,0,579
1177,2008-01-01,2007-10-01,3,2007,163814.0,163814.0,3028.116936936238,0.09919149841905973,72,69,Current,Current,none,0,0.0,0.0,0.0,0,0.0,0.0,0,719
1178,2008-01-01,2006-10-01,15,2006,92855.0,92855.0,2061.726225146342,0.11919357585294728,60,45,Current,Current,none,0,0.0,0.0,0.0,0,0.0,0.0,0,366
1186,2008-01-01,2003-12-01,49,2003,127450.0,127450.0,2753.7243767047357,0.1072657319408954,60,11,Current,Current,none,0,0.0,0.0,0.0,0,0.0,0.0,0,301
1188,2008-01-01,2005-09-01,28,2005,27218.0,27218.0,540.4674833212158,0.07118145876635945,60,32,Current,Current,none,0,0.0,0.0,0.0,0,0.0,0.0,0,292
1194,2008-01-01,2006-01-01,24,2006,30741.0,30741.0,995.8819105384239,0.10273795478462559,36,12,Current,Current,none,0,0.0,0.0,0.0,0,0.0,0.0,0,685
1240,2008-01-01,2007-03-01,10,2007,59196.0,59196.0,1164.4548337623714,0.0672385946252471,60,50,Current,Current,none,0,0.0,0.0,0.0,0,0.0,0.0,0,791
1245,2008-01-01,2005-08-01,29,2005,83180.0,83180.0,1727.2941784750521,0.090152124797465,60,31,Current,Current,none,0,0.0,0.0,0.0,0,0.0,0.0,0,480
1252,2008-01-01,2006-10-01,15,2006,34425.0,34425.0,627.8968357571414,0.0942974061723113,72,57,Current,Current,none,0,0.0,0.0,0.0,0,0.0,0.0,0,108
1258,2008-01-01,2005-03-01,34,2005,17569.0,17569.0,316.7066644569177,0.09001835132608207,72,38,Current,Current,none,0,0.0,0.0,0.0,0,0.0,0.0,0,369
1262,2008-01-01,2002-06-01,67,2002,102943.0,102943.0,1936.3703547836467,0.10561263599313499,72,5,Current,Current,none,0,0.0,0.0,0.0,0,0.0,0.0,0,315
1268,2008-01-01,2004-02-01,47,2004,19090.0,19090.0,410.6056256714481,0.10530349444261788,60,13,Current,Current,none,0,0.0,0.0,0.0,0,0.0,0.0,0,375
1269,2008-01-01,2003-10-01,51,2003,105266.0,105266.0,2288.6338528761885,0.10998017877280192,60,9,Current,Current,none,0,0.0,0.0,0.0,0,0.0,0.0,0,375
1275,2008-01-01,2006-11-01,14,2006,68314.0,68314.0,1700.8088111646941,0.09025029742500747,48,34,Current,Current,none,0,0.0,0.0,0.0,0,0.0,0.0,0,884
1295,2008-01-01,2007-09-01,4,2007,81429.0,81429.0,1650.1055752781654,0.079748243801606,60,56,Current,Current,none,0,0.0,0.0,0.0,0,0.0,0.0,0,260
1302,2008-01-01,2007-01-01,12,2007,200398.0,200398.0,3333.732800701462,0.061326137469526976,72,60,Current,Current,none,0,0.0,0.0,0.0,0,0.0,0.0,0,492
1316,2008-01-01,2004-08-01,41,2004,135271.0,135271.0,2813.687091106496,0.09086520999225349,60,19,Current,Current,none,0,0.0,0.0,0.0,0,0.0,0.0,0,312
1319,2008-01-01,2003-07-01,54,2003,79230.0,79230.0,1994.662287746897,0.17598638978719924,60,6,Current,Current,none,0,0.0,0.0,0.0,0,0.0,0.0,0,144
1363,2008-01-01,2003-01-01,60,2003,36095.0,36095.0,772.8639272138172,0.10334363186869636,60,0,Current,Matured,matured,0,0.0,0.0,0.0,0,0.0,0.0,0,827
1369,2008-01-01,2003-12-01,49,2003,26018.0,26018.0,511.8811604111626,0.12237879388632067,72,23,Current,Current,none,0,0.0,0.0,0.0,0,0.0,0.0,0,200
1376,2008-01-01,2006-03-01,22,2006,34208.0,34208.0,855.0327691663113,0.09231499230865875,48,26,Current,Current,none,0,0.0,0.0,0.0,0,0.0,0.0,0,965
1383,2008-01-01,2004-12-01,37,2004,33008.0,33008.0,748.1676921357351,0.12830215942899528,60,23,Current,Current,none,0,0.0,0.0,0.0,0,0.0,0.0,0,858
1401,2008-01-01,2005-06-01,31,2005,175326.0,175326.0,3997.663831619471,0.13094187721002828,60,29,Current,Current,none,0,0.0,0.0,0.0,0,0.0,0.0,0,655
1409,2008-01-01,2004-11-01,38,2004,87049.0,87049.0,1962.2084886852183,0.12585450732481962,60,22,Current,Current,none,0,0.0,0.0,0.0,0,0.0,0.0,0,375
1422,2008-01-01,2005-03-01,34,2005,53630.0,53630.0,1116.5230436342079,0.09124850142933064,60,26,Current,Current,none,0,0.0,0.0,0.0,0,0.0,0.0,0,559
1431,2008-01-01,2006-12-01,13,2006,57175.0,57175.0,1409.82275298148,0.08520595413404831,48,35,Current,Current,none,0,0.0,0.0,0.0,0,0.0,0.0,0,449
1440,2008-01-01,2005-01-01,36,2005,162385.0,162385.0,4363.665481149101,0.13090315374748301,48,12,Current,Current,none,0,0.0,0.0,0.0,0,0.0,0.0,0,200
1442,2008-01-01,2005-04-01,33,2005,32273.0,32273.0,579.1145332017066,0.08835984082352419,72,39,Current,Current,none,0,0.0,0.0,0.0,0,0.0,0.0,0,328
1470,2008-01-01,2006-03-01,22,2006,117208.0,117208.0,2308.818469364855,0.06781924105637666,60,38,Current,Current,none,0,0.0,0.0,0.0,0,0.0,0.0,0,126
1474,2008-01-01,2008-01-01,0,2008,31705.0,31705.0,687.2357373815425,0.10866574713314059,60,60,Current,Current,none,0,0.0,0.0,0.0,0,0.0,0.0,0,918
1483,2008-01-01,2006-01-01,24,2006,64981.0,64981.0,1367.5383436915959,0.09588635648320099,60,36,Current,Current,none,0,0.0,0.0,0.0,0,0.0,0.0,0,509
1494,2008-01-01,2004-04-01,45,2004,137660.0,137660.0,2533.9594075181953,0.09764652191408844,72,27,Current,Current,none,0,0.0,0.0,0.0,0,0.0,0.0,0,857
1499,2008-01-01,2005-10-01,27,2005,63193.0,63193.0,1736.3756626681811,0.14300274288484532,48,21,Current,Current,none,0,0.0,0.0,0.0,0,0.0,0.0,0,726
1505,2008-01-01,2006-12-01,13,2006,97718.0,97718.0,1961.8053303961256,0.07580432875578437,60,47,Current,Current,none,0,0.0,0.0,0.0,0,0.0,0.0,0,449
1507,2008-01-01,2003-03-01,58,2003,42888.0,42888.0,839.6135623693415,0.06522924408523723,60,2,Current,Current,none,0,0.0,0.0,0.0,0,0.0,0.0,0,856
1511,2008-01-01,2007-08-01,5,2007,90616.0,90616.0,1984.679263120003,0.11319469394844252,60,55,Current,Current,none,0,0.0,0.0,0.0,0,0.0,0.0,0,448
1512,2008-01-01,2006-07-01,18,2006,38829.0,38829.0,1012.2974794855456,0.11462406825984355,48,30,Current,Current,none,0,0.0,0.0,0.0,0,0.0,0.0,0,348
1521,2008-01-01,2006-08-01,17,2006,98170.0,98170.0,3089.414303364604,0.08289404053468001,36,19,Current,Current,none,0,0.0,0.0,0.0,0,0.0,0.0,0,384
1524,2008-01-01,2003-06-01,55,2003,32703.0,32703.0,691.5856488941175,0.09797345993029793,60,5,Current,Current,none,0,0.0,0.0,0.0,0,0.0,0.0,0,358
1531,2008-01-01,2005-10-01,27,2005,137406.0,137406.0,4505.342498803192,0.11105166731626613,36,9,Current,Current,none,0,0.0,0.0,0.0,0,0.0,0.0,0,296
1539,2008-01-01,2004-02-01,47,2004,27442.0,27442.0,624.3143701976913,0.12994628147251644,60,13,Current,Current,none,0,0.0,0.0,0.0,0,0.0,0.0,0,945
1545,2008-01-01,2006-01-01,24,2006,36922.0,36922.0,687.7990004934478,0.1020312333695281,72,48,Current,Current,none,0,0.0,0.0,0.0,0,0.0,0.0,0,821
1551,2008-01-01,2005-10-01,27,2005,105439.0,105439.0,2763.071443050839,0.11738047375474446,48,21,Current,Current,none,0,0.0,0.0,0.0,0,0.0,0.0,0,645
1566,2008-01-01,2007-06-01,7,2007,54954.0,54954.0,1861.2457693540284,0.13363202631912002,36,29,Current,Current,none,0,0.0,0.0,0.0,0,0.0,0.0,0,141
1567,2008-01-01,2007-05-01,8,2007,70374.0,70374.0,1206.6935294954978,0.07203445386584827,72,64,Current,Current,none,0,0.0,0.0,0.0,0,0.0,0.0,0,189
1572,2008-01-01,2003-03-01,58,2003,113204.0,113204.0,2646.5156980401093,0.1421196592105983,60,2,Current,Current,none,0,0.0,0.0,0.0,0,0.0,0.0,0,993
1578,2008-01-01,2004-05-01,44,2004,43643.0,43643.0,860.2068226947534,0.06806591847993541,60,16,Current,Current,none,0,0.0,0.0,0.0,0,0.0,0.0,0,829
1592,2008-01-01,2004-08-01,41,2004,26648.0,26648.0,557.239602014291,0.09314086170196754,60,19,Current,Current,none,0,0.0,0.0,0.0,0,0.0,0.0,0,564
1596,2008-01-01,2006-12-01,13,2006,50397.0,50397.0,1583.9073094150965,0.08199765689873428,36,23,Current,Current,none,0,0.0,0.0,0.0,0,0.0,0.0,0,811
1601,2008-01-01,2005-05-01,32,2005,49325.0,49325.0,1024.1953671297204,0.09012092049348533,60,28,Current,Current,none,0,0.0,0.0,0.0,0,0.0,0.0,0,824
1615,2008-01-01,2005-11-01,26,2005,149241.0,149241.0,4003.8589931248107,0.13001305185081088,48,22,Current,Current,none,0,0.0,0.0,0.0,0,0.0,0.0,0,361
1616,2008-01-01,2007-11-01,2,2007,132042.0,132042.0,2812.284408608651,0.10104314625396275,60,58,Current,Current,none,0,0.0,0.0,0.0,0,0.0,0.0,0,112
1628,2008-01-01,2007-11-01,2,2007,36130.0,36130.0,732.0839303422623,0.07970950710504639,60,58,Current,Current,none,0,0.0,0.0,0.0,0,0.0,0.0,0,570
1638,2008-01-01,2005-08-01,29,2005,48429.0,48429.0,1022.5104974116064,0.09728289740239925,60,31,Current,Current,none,0,0.0,0.0,0.0,0,0.0,0.0,0,564
1644,2008-01-01,2003-01-01,60,2003,118091.0,118091.0,2682.3247426526377,0.1292373021046433,60,0,Current,Matured,matured,0,0.0,0.0,0.0,0,0.0,0.0,0,377
1657,2008-01-01,2004-02-01,47,2004,114837.0,114837.0,2658.9571885175524,0.13779677584411598,60,13,Current,Current,none,0,0.0,0.0,0.0,0,0.0,0.0,0,872
1659,2008-01-01,2006-11-01,14,2006,48440.0,48440.0,1041.9605089295926,0.10533163440155147,60,46,Current,Current,none,0,0.0,0.0,0.0,0,0.0,0.0,0,227
1670,2008-01-01,2006-08-01,17,2006,68419.0,68419.0,1773.8389431811381,0.11165804608138834,48,31,Current,Current,none,0,0.0,0.0,0.0,0,0.0,0.0,0,242
1675,2008-01-01,2004-08-01,41,2004,130622.0,130622.0,2303.433031697242,0.08206706007093162,72,31,Current,Current,none,0,0.0,0.0,0.0,0,0.0,0.0,0,603
1684,2008-01-01,2007-08-01,5,2007,56631.0,56631.0,1407.0529628249762,0.08917706070620204,48,43,Current,Current,none,0,0.0,0.0,0.0,0,0.0,0.0,0,409
1690,2008-01-01,2003-07-01,54,2003,94185.0,94185.0,2226.5733974946907,0.1471467978414082,60,6,Current,Current,none,0,0.0,0.0,0.0,0,0.0,0.0,0,253
1691,2008-01-01,2006-11-01,14,2006,91807.0,91807.0,1862.8864649052468,0.08031208780149855,60,46,Current,Current,none,0,0.0,0.0,0.0,0,0.0,0.0,0,782
1695,2008-01-01,2007-10-01,3,2007,35782.0,35782.0,896.9847184386358,0.09384555455832955,48,45,Current,Current,none,0,0.0,0.0,0.0,0,0.0,0.0,0,242
1696,2008-01-01,2004-09-01,40,2004,40023.0,40023.0,1047.0234542783462,0.11646376580889209,48,8,Current,Current,none,0,0.0,0.0,0.0,0,0.0,0.0,0,582
1698,2008-01-01,2006-04-01,21,2006,101003.0,101003.0,2408.7218905257005,0.15110596998104803,60,39,Current,Current,none,0,0.0,0.0,0.0,0,0.0,0.0,0,173
1699,2008-01-01,2005-10-01,27,2005,47077.0,47077.0,943.3676064626922,0.07501837206745915,60,33,Current,Current,none,0,0.0,0.0,0.0,0,0.0,0.0,0,573
1707,2008-01-01,2004-08-01,41,2004,87946.0,87946.0,1969.0061293090143,0.12285143535660015,60,19,Current,Current,none,0,0.0,0.0,0.0,0,0.0,0.0,0,177
1708,2008-01-01,2004-09-01,40,2004,52056.0,52056.0,1338.8955375825303,0.10741759192477181,48,8,Current,Current,none,0,0.0,0.0,0.0,0,0.0,0.0,0,858
1710,2008-01-01,2004-06-01,43,2004,58291.0,58291.0,1320.6195262044064,0.12809422106405438,60,17,Current,Current,none,0,0.0,0.0,0.0,0,0.0,0.0,0,501
1716,2008-01-01,2004-07-01,42,2004,52769.0,52769.0,1060.4474555416582,0.07622121432896707,60,18,Current,Current,none,0,0.0,0.0,0.0,0,0.0,0.0,0,621
1722,2008-01-01,2004-06-01,43,2004,77624.0,77624.0,1518.2010568503306,0.06483450981052843,60,17,Current,Current,none,0,0.0,0.0,0.0,0,0.0,0.0,0,680
1724,2008-01-01,2006-01-01,24,2006,33747.0,33747.0,671.0138841252802,0.07174561045122653,60,36,Current,Current,none,0,0.0,0.0,0.0,0,0.0,0.0,0,693
1733,2008-01-01,2005-08-01,29,2005,41410.0,41410.0,1009.2069923829935,0.07910843593829196,48,19,Current,Current,none,0,0.0,0.0,0.0,0,0.0,0.0,0,624
1749,2008-01-01,2005-08-01,29,2005,49269.0,49269.0,1224.1609921516833,0.0891874014243371,48,19,Current,Current,none,0,0.0,0.0,0.0,0,0.0,0.0,0,985
1750,2008-01-01,2006-09-01,16,2006,32626.0,32626.0,723.8343409660847,0.11883880455242979,60,44,Current,Current,none,0,0.0,0.0,0.0,0,0.0,0.0,0,797
1751,2008-01-01,2005-06-01,31,2005,64760.0,64760.0,1422.4187437290584,0.11443921404931358,60,29,Current,Current,none,0,0.0,0.0,0.0,0,0.0,0.0,0,816
1753,2008-01-01,2007-07-01,6,2007,71809.0,71809.0,2347.3849423107276,0.108955721441039,36,30,Current,Current,none,0,0.0,0.0,0.0,0,0.0,0.0,0,331
1760,2008-01-01,2006-01-01,24,2006,37087.0,37087.0,682.26765598084,0.09742821187812777,72,48,Current,Current,none,0,0.0,0.0,0.0,0,0.0,0.0,0,288
1773,2008-01-01,2004-08-01,41,2004,76943.0,76943.0,1869.410511900585,0.07750645402444557,48,7,Current,Current,none,0,0.0,0.0,0.0,0,0.0,0.0,0,340
1775,2008-01-01,2006-06-01,19,2006,95600.0,95600.0,1994.1813534501484,0.09208386033900201,60,41,Current,Current,none,0,0.0,0.0,0.0,0,0.0,0.0,0,345
1792,2008-01-01,2006-02-01,23,2006,95091.0,95091.0,2203.4738907209685,0.13814640669936526,60,37,Current,Current,none,0,0.0,0.0,0.0,0,0.0,0.0,0,265
1795,2008-01-01,2006-07-01,18,2006,58621.0,58621.0,1509.239567155821,0.1079424414194622,48,30,Current,Current,none,0,0.0,0.0,0.0,0,0.0,0.0,0,651
1796,2008-01-01,2005-07-01,30,2005,15634.0,15634.0,373.57647323374084,0.15200169633067384,60,30,Current,Current,none,0,0.0,0.0,0.0,0,0.0,0.0,0,561
1821,2008-01-01,2007-07-01,6,2007,55443.0,55443.0,1834.6949038212938,0.11742698753899311,36,30,Current,Current,none,0,0.0,0.0,0.0,0,0.0,0.0,0,123
1822,2008-01-01,2002-12-01,61,2002,23913.0,23913.0,468.64214795698143,0.12091482124643634,72,11,Current,Current,none,0,0.0,0.0,0.0,0,0.0,0.0,0,730
1824,2008-01-01,2006-06-01,19,2006,75342.0,75342.0,1552.1882971520708,0.08676906770322866,60,41,Current,Current,none,0,0.0,0.0,0.0,0,0.0,0.0,0,288
1844,2008-01-01,2003-05-01,56,2003,53549.0,53549.0,1131.726237541351,0.09770718370685362,60,4,Current,Current,none,0,0.0,0.0,0.0,0,0.0,0.0,0,369
1850,2008-01-01,2007-10-01,3,2007,59096.0,59096.0,1478.2563065109687,0.09272193870139378,48,45,Current,Current,none,0,0.0,0.0,0.0,0,0.0,0.0,0,744
1852,2008-01-01,2004-04-01,45,2004,88045.0,88045.0,1712.7090274334182,0.1181217280463629,72,27,Current,Current,none,0,0.0,0.0,0.0,0,0.0,0.0,0,931
1868,2008-01-01,2007-06-01,7,2007,32002.0,32002.0,540.9293512058955,0.06695121287902672,72,65,Current,Current,none,0,0.0,0.0,0.0,0,0.0,0.0,0,612
1872,2008-01-01,2007-09-01,4,2007,35572.0,35572.0,819.0823045883237,0.13531427918031982,60,56,Current,Current,none,0,0.0,0.0,0.0,0,0.0,0.0,0,751
1883,2008-01-01,2005-03-01,34,2005,41161.0,41161.0,1064.6265836488453,0.11039964471314265,48,14,Current,Current,none,0,0.0,0.0,0.0,0,0.0,0.0,0,246
1884,2008-01-01,2007-08-01,5,2007,152146.0,152146.0,4724.870483140883,0.07388086013038403,36,31,Current,Current,none,0,0.0,0.0,0.0,0,0.0,0.0,0,115
1893,2008-01-01,2004-12-01,37,2004,23007.0,23007.0,415.4092714262156,0.09060900447864836,72,35,Current,Current,none,0,0.0,0.0,0.0,0,0.0,0.0,0,330
1900,2008-01-01,2007-01-01,12,2007,47572.0,47572.0,1042.9899406175023,0.11364113866367825,60,48,Current,Current,none,0,0.0,0.0,0.0,0,0.0,0.0,0,753
1910,2008-01-01,2004-10-01,39,2004,44310.0,44310.0,935.3221284991873,0.09718093999667783,60,21,Current,Current,none,0,0.0,0.0,0.0,0,0.0,0.0,0,213
1912,2008-01-01,2005-06-01,31,2005,79160.0,79160.0,1690.4544987521406,0.1021889014665649,60,29,Current,Current,none,0,0.0,0.0,0.0,0,0.0,0.0,0,130
1917,2008-01-01,2007-06-01,7,2007,64621.0,64621.0,1351.763991895225,0.0932888895800796,60,53,Current,Current,none,0,0.0,0.0,0.0,0,0.0,0.0,0,330
1919,2008-01-01,2007-09-01,4,2007,142383.0,142383.0,3622.6437922587866,0.10167191731803137,48,44,Current,Current,none,0,0.0,0.0,0.0,0,0.0,0.0,0,767
1935,2008-01-01,2005-10-01,27,2005,47552.0,47552.0,1236.7355474398526,0.11334088572011407,48,21,Current,Current,none,0,0.0,0.0,0.0,0,0.0,0.0,0,815
1936,2008-01-01,2003-05-01,56,2003,33764.0,33764.0,708.3504312770405,0.0945414275708146,60,4,Current,Current,none,0,0.0,0.0,0.0,0,0.0,0.0,0,280
1939,2008-01-01,2007-12-01,1,2007,44459.0,44459.0,958.3478246656285,0.10624781474532186,60,59,Current,Current,none,0,0.0,0.0,0.0,0,0.0,0.0,0,458
1950,2008-01-01,2007-02-01,11,2007,128621.0,128621.0,2754.789367336034,0.10346385971317566,60,49,Current,Current,none,0,0.0,0.0,0.0,0,0.0,0.0,0,686
1951,2008-01-01,2007-04-01,9,2007,20785.0,20785.0,558.4975285468349,0.13086041760075431,48,39,Current,Current,none,0,0.0,0.0,0.0,0,0.0,0.0,0,292
2006,2008-01-01,2007-03-01,10,2007,212064.0,212064.0,7269.946452284849,0.14214393348459617,36,26,Current,Current,none,0,0.0,0.0,0.0,0,0.0,0.0,0,766
2015,2008-01-01,2003-05-01,56,2003,47330.0,47330.0,847.808388160829,0.08772241323058007,72,16,Current,Current,none,0,0.0,0.0,0.0,0,0.0,0.0,0,802
2019,2008-01-01,2007-11-01,2,2007,76043.0,76043.0,1522.9611493156067,0.07478284535543682,60,58,Current,Current,none,0,0.0,0.0,0.0,0,0.0,0.0,0,517
2020,2008-01-01,2007-03-01,10,2007,25434.0,25434.0,649.3034007692017,0.10345756390886578,48,38,Current,Current,none,0,0.0,0.0,0.0,0,0.0,0.0,0,302
2033,2008-01-01,2007-10-01,3,2007,22889.0,22889.0,789.0229823707368,0.14603980848012155,36,33,Current,Current,none,0,0.0,0.0,0.0,0,0.0,0.0,0,972
2048,2008-01-01,2006-10-01,15,2006,21845.0,21845.0,692.1124791379525,0.08748645962765284,36,21,Current,Current,none,0,0.0,0.0,0.0,0,0.0,0.0,0,987
2050,2008-01-01,2005-11-01,26,2005,32448.0,32448.0,1007.8249922027218,0.07398656426798673,36,10,Current,Current,none,0,0.0,0.0,0.0,0,0.0,0.0,0,609
2052,2008-01-01,2006-08-01,17,2006,59803.0,59803.0,1981.3942315125348,0.11827583841248032,36,19,Current,Current,none,0,0.0,0.0,0.0,0,0.0,0.0,0,569
2059,2008-01-01,2005-11-01,26,2005,72556.0,72556.0,2352.842780852091,0.1034192265499909,36,10,Current,Current,none,0,0.0,0.0,0.0,0,0.0,0.0,0,786
2063,2008-01-01,2004-06-01,43,2004,131601.0,131601.0,3061.6453949714028,0.13992968953735796,60,17,Current,Current,none,0,0.0,0.0,0.0,0,0.0,0.0,0,444
2076,2008-01-01,2007-04-01,9,2007,163691.0,163691.0,3677.1243612226262,0.12432882260048894,60,51,Current,Current,none,0,0.0,0.0,0.0,0,0.0,0.0,0,281
2089,2008-01-01,2006-06-01,19,2006,289480.0,289480.0,5887.118369555628,0.13496072623342137,72,53,Current,Current,none,0,0.0,0.0,0.0,0,0.0,0.0,0,143
2099,2008-01-01,2004-06-01,43,2004,79409.0,79409.0,2056.973020856409,0.11119358656776315,48,5,Current,Current,none,0,0.0,0.0,0.0,0,0.0,0.0,0,825
2108,2008-01-01,2004-12-01,37,2004,131111.0,131111.0,2964.5839548278814,0.1272246507191882,60,23,Current,Current,none,0,0.0,0.0,0.0,0,0.0,0.0,0,986
2123,2008-01-01,2003-11-01,50,2003,56115.0,56115.0,1238.8665673814687,0.11668474483602248,60,10,Current,Current,none,0,0.0,0.0,0.0,0,0.0,0.0,0,590
2124,2008-01-01,2006-11-01,14,2006,41187.0,41187.0,844.1715413059121,0.08457528455597792,60,46,Current,Current,none,0,0.0,0.0,0.0,0,0.0,0.0,0,751
2131,2008-01-01,2007-03-01,10,2007,70912.0,70912.0,1348.3105380138327,0.1096050403487656,72,62,Current,Current,none,0,0.0,0.0,0.0,0,0.0,0.0,0,124
2142,2008-01-01,2006-08-01,17,2006,56355.0,56355.0,1155.683384814911,0.08480641011740152,60,43,Current,Current,none,0,0.0,0.0,0.0,0,0.0,0.0,0,796
2145,2008-01-01,2003-09-01,52,2003,58657.0,58657.0,1163.3746766907993,0.07068468845419576,60,8,Current,Current,none,0,0.0,0.0,0.0,0,0.0,0.0,0,744
2147,2008-01-01,2002-04-01,69,2002,62902.0,62902.0,1073.276944096746,0.07028476871282077,72,3,Current,Current,none,0,0.0,0.0,0.0,0,0.0,0.0,0,440
2152,2008-01-01,2005-08-01,29,2005,85398.0,85398.0,1699.1980192405538,0.07203600102073165,60,31,Current,Current,none,0,0.0,0.0,0.0,0,0.0,0.0,0,140
2154,2008-01-01,2006-07-01,18,2006,85506.0,85506.0,3016.755966722321,0.16251286451856156,36,18,Current,Current,none,0,0.0,0.0,0.0,0,0.0,0.0,0,895
2158,2008-01-01,2007-02-01,11,2007,61989.0,61989.0,1312.4574120458476,0.09848188432994373,60,49,Current,Current,none,0,0.0,0.0,0.0,0,0.0,0.0,0,160
2162,2008-01-01,2006-05-01,20,2006,54005.0,54005.0,990.4879576262764,0.09631742882857408,72,52,Current,Current,none,0,0.0,0.0,0.0,0,0.0,0.0,0,194
2168,2008-01-01,2007-09-01,4,2007,42913.0,42913.0,789.5081006569337,0.09745742369843627,72,68,Current,Current,none,0,0.0,0.0,0.0,0,0.0,0.0,0,143
2188,2008-01-01,2004-12-01,37,2004,58480.0,58480.0,1220.832243314163,0.0924212720363237,60,23,Current,Current,none,0,0.0,0.0,0.0,0,0.0,0.0,0,293
2194,2008-01-01,2005-02-01,35,2005,80810.0,80810.0,1370.6377083978696,0.06816937756111155,72,37,Current,Current,none,0,0.0,0.0,0.0,0,0.0,0.0,0,110
2210,2008-01-01,2006-03-01,22,2006,104021.0,104021.0,3221.6887466926164,0.0720633198237035,36,14,Current,Current,none,0,0.0,0.0,0.0,0,0.0,0.0,0,697
2216,2008-01-01,2002-01-01,72,2002,74201.0,74201.0,1510.5450907614795,0.1353481574505422,72,0,Current,Matured,matured,0,0.0,0.0,0.0,0,0.0,0.0,0,590
2217,2008-01-01,2003-12-01,49,2003,40792.0,40792.0,835.8380097083542,0.08445435689355785,60,11,Current,Current,none,0,0.0,0.0,0.0,0,0.0,0.0,0,133
2218,2008-01-01,2004-09-01,40,2004,18196.0,18196.0,369.4070880838634,0.08052552930684664,60,20,Current,Current,none,0,0.0,0.0,0.0,0,0.0,0.0,0,532
2220,2008-01-01,2005-06-01,31,2005,142952.0,142952.0,2994.196198164546,0.09384506870996644,60,29,Current,Current,none,0,0.0,0.0,0.0,0,0.0,0.0,0,178
2230,2008-01-01,2003-10-01,51,2003,60884.0,60884.0,1380.8774801325112,0.17774442499323082,72,21,30 DPD,Delinquent,none,0,0.0,0.0,0.0,1,0.0,0.0,0,921
2236,2008-01-01,2002-07-01,66,2002,33749.0,33749.0,642.3395177388028,0.10997592529519204,72,6,Current,Current,none,0,0.0,0.0,0.0,0,0.0,0.0,0,750
2240,2008-01-01,2006-11-01,14,2006,73411.0,73411.0,1265.989589981845,0.07407241654740185,72,58,Current,Current,none,0,0.0,0.0,0.0,0,0.0,0.0,0,739
2242,2008-01-01,2002-11-01,62,2002,101610.0,101610.0,2036.7917261107784,0.12945191694723654,72,10,Current,Current,none,0,0.0,0.0,0.0,0,0.0,0.0,0,655
2243,2008-01-01,2004-12-01,37,2004,60773.0,60773.0,1341.3803882030809,0.1668724788713749,72,35,Current,Current,none,0,0.0,0.0,0.0,0,0.0,0.0,0,806
2245,2008-01-01,2007-06-01,7,2007,28624.0,28624.0,636.3428471399778,0.11973570775208828,60,53,Current,Current,none,0,0.0,0.0,0.0,0,0.0,0.0,0,504
2258,2008-01-01,2005-12-01,25,2005,58149.0,58149.0,1090.2139754039515,0.10440272838801752,72,47,Current,Paid off,payoff,0,0.0,0.0,0.0,0,0.0,0.0,0,214
2267,2008-01-01,2005-05-01,32,2005,14958.0,14958.0,370.68178821964824,0.08781683456540736,48,16,Current,Current,none,0,0.0,0.0,0.0,0,0.0,0.0,0,873
2271,2008-01-01,2004-08-01,41,2004,64022.0,64022.0,1756.1851590692638,0.1420806669364746,48,7,Current,Current,none,0,0.0,0.0,0.0,0,0.0,0.0,0,123
2282,2008-01-01,2005-04-01,33,2005,140509.0,140509.0,2381.598199035696,0.06793018663226863,72,39,Current,Current,none,0,0.0,0.0,0.0,0,0.0,0.0,0,764
2289,2008-01-01,2005-02-01,35,2005,43125.0,43125.0,1384.8589763596647,0.09670418352422905,36,1,Current,Current,none,0,0.0,0.0,0.0,0,0.0,0.0,0,954
2291,2008-01-01,2006-04-01,21,2006,110124.0,110124.0,2235.5506233491587,0.08049940600551898,60,39,Current,Current,none,0,0.0,0.0,0.0,0,0.0,0.0,0,590
2331,2008-01-01,2004-03-01,46,2004,25522.0,25522.0,653.6936914912707,0.10519812949353896,48,2,Current,Current,none,0,0.0,0.0,0.0,0,0.0,0.0,0,261
2335,2008-01-01,2004-05-01,44,2004,68872.0,68872.0,1485.6521613306984,0.10655891432484788,60,16,Current,Current,none,0,0.0,0.0,0.0,0,0.0,0.0,0,785
2339,2008-01-01,2003-08-01,53,2003,85695.0,85695.0,1801.5374806325865,0.09542562645668169,60,7,Current,Paid off,payoff,0,0.0,0.0,0.0,0,0.0,0.0,0,907
2340,2008-01-01,2007-02-01,11,2007,71718.0,71718.0,1536.5044159862596,0.10359268336107405,60,49,Current,Current,none,0,0.0,0.0,0.0,0,0.0,0.0,0,116
2341,2008-01-01,2005-10-01,27,2005,43551.0,43551.0,1452.2631210156471,0.12275950787416151,36,9,Current,Current,none,0,0.0,0.0,0.0,0,0.0,0.0,0,203
2343,2008-01-01,2007-11-01,2,2007,44401.0,44401.0,1116.7018987803829,0.09557024825314094,48,46,Current,Current,none,0,0.0,0.0,0.0,0,0.0,0.0,0,872
2346,2008-01-01,2007-08-01,5,2007,57834.0,57834.0,1938.4812797258649,0.12634183101647023,36,31,Current,Current,none,0,0.0,0.0,0.0,0,0.0,0.0,0,668
2348,2008-01-01,2006-01-01,24,2006,66955.0,66955.0,1509.502475623497,0.17533791997224682,72,48,Current,Current,none,0,0.0,0.0,0.0,0,0.0,0.0,0,497
2349,2008-01-01,2006-03-01,22,2006,115624.0,115624.0,2228.8239803840634,0.05878771944786068,60,38,Current,Current,none,0,0.0,0.0,0.0,0,0.0,0.0,0,435
2364,2008-01-01,2007-11-01,2,2007,34965.0,34965.0,1146.1309463258929,0.11085829601681585,36,34,Current,Current,none,0,0.0,0.0,0.0,0,0.0,0.0,0,372
2373,2008-01-01,2005-07-01,30,2005,69470.0,69470.0,1647.5476819698165,0.06502181634371601,48,18,Current,Current,none,0,0.0,0.0,0.0,0,0.0,0.0,0,388
2379,2008-01-01,2007-07-01,6,2007,37650.0,37650.0,783.1899280269512,0.09089578139931187,60,54,Current,Current,none,0,0.0,0.0,0.0,0,0.0,0.0,0,188
2384,2008-01-01,2004-06-01,43,2004,32329.0,32329.0,615.7152779905297,0.11021890607020542,72,29,Current,Current,none,0,0.0,0.0,0.0,0,0.0,0.0,0,324
2388,2008-01-01,2008-01-01,0,2008,79090.0,79090.0,1683.2863523346457,0.10073393918548344,60,60,Current,Current,none,0,0.0,0.0,0.0,0,0.0,0.0,0,156
2391,2008-01-01,2004-06-01,43,2004,59373.0,59373.0,1110.299178233759,0.1034523346934658,72,29,Current,Current,none,0,0.0,0.0,0.0,0,0.0,0.0,0,588
2405,2008-01-01,2004-07-01,42,2004,97538.0,97538.0,2485.643996981274,0.10252158085614922,48,6,Current,Current,none,0,0.0,0.0,0.0,0,0.0,0.0,0,834
2406,2008-01-01,2002-04-01,69,2002,57477.0,57477.0,1088.0444574448597,0.10796642420018876,72,3,Current,Current,none,0,0.0,0.0,0.0,0,0.0,0.0,0,197
2423,2008-01-01,2007-04-01,9,2007,24580.0,24580.0,561.5920644059432,0.1318428375120937,60,51,Current,Current,none,0,0.0,0.0,0.0,0,0.0,0.0,0,672
2432,2008-01-01,2005-06-01,31,2005,34390.0,34390.0,943.8682171947094,0.14237987198203583,48,17,Current,Current,none,0,0.0,0.0,0.0,0,0.0,0.0,0,493
2442,2008-01-01,2007-12-01,1,2007,72624.0,72624.0,1435.020085744799,0.12401450576974032,72,71,Current,Current,none,0,0.0,0.0,0.0,0,0.0,0.0,0,618
2447,2008-01-01,2004-04-01,45,2004,33158.0,33158.0,714.816943339993,0.15756327992019076,72,27,Current,Current,none,0,0.0,0.0,0.0,0,0.0,0.0,0,559
2449,2008-01-01,2004-06-01,43,2004,22706.0,22706.0,436.25109764254483,0.05741934149466216,60,17,Current,Current,none,0,0.0,0.0,0.0,0,0.0,0.0,0,180
2472,2008-01-01,2006-02-01,23,2006,34725.0,34725.0,744.7724821250126,0.1040674290339262,60,37,Current,Current,none,0,0.0,0.0,0.0,0,0.0,0.0,0,721
2490,2008-01-01,2004-11-01,38,2004,50325.0,50325.0,1021.0215236014308,0.08025404921401577,60,22,Current,Current,none,0,0.0,0.0,0.0,0,0.0,0.0,0,399
2495,2008-01-01,2007-07-01,6,2007,28567.0,28567.0,568.322915343644,0.12658631105713566,72,66,Current,Current,none,0,0.0,0.0,0.0,0,0.0,0.0,0,968
2499,2008-01-01,2005-11-01,26,2005,32581.0,32581.0,575.4102432771174,0.0826091716038564,72,46,Current,Current,none,0,0.0,0.0,0.0,0,0.0,0.0,0,646
2501,2008-01-01,2005-06-01,31,2005,36586.0,36586.0,715.1641777134627,0.06460137345130668,60,29,Current,Current,none,0,0.0,0.0,0.0,0,0.0,0.0,0,808
2508,2008-01-01,2003-04-01,57,2003,64839.0,64839.0,1102.1451909278228,0.06894063757856166,72,15,Current,Current,none,0,0.0,0.0,0.0,0,0.0,0.0,0,811
2512,2008-01-01,2004-12-01,37,2004,19827.0,19827.0,478.5974781385368,0.1566169988345121,60,23,Current,Current,none,0,0.0,0.0,0.0,0,0.0,0.0,0,368
2516,2008-01-01,2005-06-01,31,2005,54236.0,54236.0,1339.5092476595778,0.08604751064874792,48,17,Current,Current,none,0,0.0,0.0,0.0,0,0.0,0.0,0,727
2520,2008-01-01,2004-12-01,37,2004,62785.0,62785.0,1526.5948630915723,0.15993574246461764,60,23,Current,Current,none,0,0.0,0.0,0.0,0,0.0,0.0,0,113
2551,2008-01-01,2003-05-01,56,2003,53602.0,53602.0,1109.2021832278201,0.14163328355317445,72,16,Current,Current,none,0,0.0,0.0,0.0,0,0.0,0.0,0,553
2552,2008-01-01,2004-11-01,38,2004,228909.0,228909.0,4414.4582216204935,0.11487632144138125,72,34,Current,Current,none,0,0.0,0.0,0.0,0,0.0,0.0,0,464
2556,2008-01-01,2005-06-01,31,2005,28275.0,28275.0,609.1946886741241,0.10603780503188942,60,29,Current,Current,none,0,0.0,0.0,0.0,0,0.0,0.0,0,539
2562,2008-01-01,2006-06-01,19,2006,400000.0,400000.0,7809.477832790543,0.06409304389099031,60,41,Current,Current,none,0,0.0,0.0,0.0,0,0.0,0.0,0,572
2564,2008-01-01,2007-05-01,8,2007,150526.0,150526.0,3767.7226338648657,0.09305543223313274,48,40,Current,Current,none,0,0.0,0.0,0.0,0,0.0,0.0,0,529
2570,2008-01-01,2007-06-01,7,2007,37796.0,37796.0,861.2039750675306,0.13063485531291438,60,53,Current,Current,none,0,0.0,0.0,0.0,0,0.0,0.0,0,524
2582,2008-01-01,2005-08-01,29,2005,43650.0,43650.0,984.446375334934,0.12608536451946672,60,31,Current,Current,none,0,0.0,0.0,0.0,0,0.0,0.0,0,184
2583,2008-01-01,2006-06-01,19,2006,60881.0,60881.0,1336.58848175531,0.11423287390909237,60,41,Current,Current,none,0,0.0,0.0,0.0,0,0.0,0.0,0,278
2588,2008-01-01,2004-07-01,42,2004,144250.0,144250.0,3491.83059901652,0.15790338826846595,60,18,Current,Current,none,0,0.0,0.0,0.0,0,0.0,0.0,0,834
2603,2008-01-01,2003-10-01,51,2003,42127.0,42127.0,960.7937807012175,0.1310542615355129,60,9,Current,Current,none,0,0.0,0.0,0.0,0,0.0,0.0,0,303
2615,2008-01-01,2003-11-01,50,2003,45071.0,45071.0,802.9049810511023,0.08572760952502868,72,22,Current,Current,none,0,0.0,0.0,0.0,0,0.0,0.0,1,391
2625,2008-01-01,2006-10-01,15,2006,27017.0,27017.0,520.3538963595919,0.11440070635636268,72,57,Current,Current,none,0,0.0,0.0,0.0,0,0.0,0.0,0,182
2627,2008-01-01,2005-12-01,25,2005,143865.0,143865.0,2938.684033674067,0.08313323817868822,60,35,Current,Current,none,0,0.0,0.0,0.0,0,0.0,0.0,0,471
2635,2008-01-01,2007-02-01,11,2007,135748.0,135748.0,4238.040392787072,0.07747277202183597,36,25,Current,Current,none,0,0.0,0.0,0.0,0,0.0,0.0,0,894
2655,2008-01-01,2004-09-01,40,2004,28326.0,28326.0,583.6075613641742,0.08679695122884623,60,20,Current,Current,none,0,0.0,0.0,0.0,0,0.0,0.0,0,417
2656,2008-01-01,2004-04-01,45,2004,37261.0,37261.0,942.9040726961468,0.09880824146210031,48,3,Current,Current,none,0,0.0,0.0,0.0,0,0.0,0.0,0,615
2660,2008-01-01,2005-10-01,27,2005,46963.0,46963.0,1026.9647725573416,0.11250442281280536,60,33,Current,Current,none,0,0.0,0.0,0.0,0,0.0,0.0,0,132
2672,2008-01-01,2005-11-01,26,2005,46902.0,46902.0,962.8284177833638,0.0852486032307764,60,34,Current,Current,none,0,0.0,0.0,0.0,0,0.0,0.0,0,262
2675,2008-01-01,2003-03-01,58,2003,72716.0,72716.0,1620.8442320709462,0.1209021502114944,60,2,Current,Current,none,0,0.0,0.0,0.0,0,0.0,0.0,0,324
2686,2008-01-01,2005-08-01,29,2005,33641.0,33641.0,758.8106131163693,0.126143158442737,60,31,Current,Current,none,0,0.0,0.0,0.0,0,0.0,0.0,0,950
2690,2008-01-01,2004-04-01,45,2004,71459.0,71459.0,1416.4375313583907,0.12520043563080802,72,27,Current,Current,none,0,0.0,0.0,0.0,0,0.0,0.0,0,735
2703,2008-01-01,2007-08-01,5,2007,61259.0,61259.0,1884.4819507575887,0.06749146555860111,36,31,Current,Current,none,0,0.0,0.0,0.0,0,0.0,0.0,0,768
2712,2008-01-01,2003-05-01,56,2003,26366.0,26366.0,505.1524559559563,0.11243903065430119,72,16,Current,Current,none,0,0.0,0.0,0.0,0,0.0,0.0,0,324
2718,2008-01-01,2007-04-01,9,2007,39974.0,39974.0,816.2474980881027,0.0829830686530621,60,51,Current,Current,none,0,0.0,0.0,0.0,0,0.0,0.0,0,632
2730,2008-01-01,2002-08-01,65,2002,44723.0,44723.0,854.1398764303067,0.11125552582816942,72,7,Current,Current,none,0,0.0,0.0,0.0,0,0.0,0.0,0,259
2748,2008-01-01,2005-08-01,29,2005,29453.0,29453.0,610.516132074013,0.0893843213370725,60,31,Current,Current,none,0,0.0,0.0,0.0,0,0.0,0.0,0,354
2749,2008-01-01,2006-09-01,16,2006,29260.0,29260.0,642.7111245821372,0.11446025351636359,60,44,Current,Current,none,0,0.0,0.0,0.0,0,0.0,0.0,0,249
2752,2008-01-01,2005-07-01,30,2005,14156.0,14156.0,470.78534916645924,0.12089237502192006,36,6,Current,Current,none,0,0.0,0.0,0.0,0,0.0,0.0,0,893
2767,2008-01-01,2004-12-01,37,2004,17053.0,17053.0,381.8577324727754,0.12292240214352854,60,23,Current,Current,none,0,0.0,0.0,0.0,0,0.0,0.0,0,939
2774,2008-01-01,2004-01-01,48,2004,44828.0,44828.0,974.475436985796,0.10991326056271636,60,12,Current,Current,none,0,0.0,0.0,0.0,0,0.0,0.0,0,400
2781,2008-01-01,2006-07-01,18,2006,63483.0,63483.0,1484.9362043749647,0.14236579481157752,60,42,Current,Current,none,0,0.0,0.0,0.0,0,0.0,0.0,0,412
2791,2008-01-01,2004-10-01,39,2004,42696.0,42696.0,862.78322524241,0.0785608542136702,60,21,Current,Current,none,0,0.0,0.0,0.0,0,0.0,0.0,0,552
2796,2008-01-01,2004-08-01,41,2004,39650.0,39650.0,879.4287212096863,0.11871944549429991,60,19,Current,Current,none,0,0.0,0.0,0.0,0,0.0,0.0,0,672
2802,2008-01-01,2006-05-01,20,2006,41113.0,41113.0,1009.1778457777082,0.08283977531077644,48,28,Current,Current,none,0,0.0,0.0,0.0,0,0.0,0.0,0,274
2815,2008-01-01,2006-04-01,21,2006,58096.0,58096.0,1259.7136633647456,0.10881376927330105,60,39,Current,Current,none,0,0.0,0.0,0.0,0,0.0,0.0,0,147
2820,2008-01-01,2005-11-01,26,2005,98555.0,98555.0,2258.8778407122886,0.1332535498520803,60,34,Current,Current,none,0,0.0,0.0,0.0,0,0.0,0.0,0,937
2822,2008-01-01,2004-08-01,41,2004,46359.0,46359.0,839.9848218779447,0.09188295296383824,72,31,Current,Current,none,0,0.0,0.0,0.0,0,0.0,0.0,0,107
2825,2008-01-01,2005-03-01,34,2005,81165.0,81165.0,2010.7608775350861,0.08765289854267748,48,14,Current,Current,none,0,0.0,0.0,0.0,0,0.0,0.0,0,410
2831,2008-01-01,2008-01-01,0,2008,52838.0,52838.0,1326.2417635729198,0.09451852979893867,48,48,Current,Current,none,0,0.0,0.0,0.0,0,0.0,0.0,0,508
2835,2008-01-01,2002-11-01,62,2002,35198.0,35198.0,732.3993048132603,0.14376679721664892,72,10,Current,Current,none,0,0.0,0.0,0.0,0,0.0,0.0,0,458
2847,2008-01-01,2003-01-01,60,2003,105990.0,105990.0,1989.0694944387758,0.1047561144595817,72,12,30 DPD,Delinquent,none,0,0.0,0.0,0.0,1,0.0,0.0,0,230
2857,2008-01-01,2004-05-01,44,2004,61590.0,61590.0,1350.9526021801707,0.11384384374803456,60,16,Current,Current,none,0,0.0,0.0,0.0,0,0.0,0.0,0,275
2858,2008-01-01,2007-11-01,2,2007,37384.0,37384.0,822.069193241792,0.11494541460722907,60,58,Current,Current,none,0,0.0,0.0,0.0,0,0.0,0.0,0,531
2861,2008-01-01,2006-07-01,18,2006,71973.0,71973.0,2519.5986808867237,0.1569685675429217,36,18,Current,Current,none,0,0.0,0.0,0.0,0,0.0,0.0,0,524
2863,2008-01-01,2006-08-01,17,2006,25830.0,25830.0,535.6631692966927,0.1424661184343462,72,55,Current,Current,none,0,0.0,0.0,0.0,0,0.0,0.0,0,430
2874,2008-01-01,2004-09-01,40,2004,54727.0,54727.0,1186.530321837416,0.10876522943913249,60,20,Current,Current,none,0,0.0,0.0,0.0,0,0.0,0.0,0,683
2877,2008-01-01,2005-08-01,29,2005,86579.0,86579.0,1721.3477784536112,0.1263469199934228,72,43,Current,Current,none,0,0.0,0.0,0.0,0,0.0,0.0,0,237
2897,2008-01-01,2006-05-01,20,2006,38325.0,38325.0,952.7190789809284,0.17011845184513422,60,40,30 DPD,Delinquent,none,0,0.0,0.0,0.0,1,0.0,0.0,0,731
2904,2008-01-01,2003-11-01,50,2003,76597.0,76597.0,1553.5163744626338,0.0801105811048372,60,10,Current,Current,none,0,0.0,0.0,0.0,0,0.0,0.0,0,774
2906,2008-01-01,2004-01-01,48,2004,81145.0,81145.0,1956.5490762152563,0.07356015148049862,48,0,Current,Matured,matured,0,0.0,0.0,0.0,0,0.0,0.0,0,717
2907,2008-01-01,2005-04-01,33,2005,43263.0,43263.0,1371.0482325243274,0.0876615836229717,36,3,Current,Current,none,0,0.0,0.0,0.0,0,0.0,0.0,0,871
2908,2008-01-01,2007-12-01,1,2007,43948.0,43948.0,774.4504899125955,0.08181455605015218,72,71,Current,Current,none,0,0.0,0.0,0.0,0,0.0,0.0,0,579
2910,2008-01-01,2007-01-01,12,2007,43820.0,43820.0,985.798277892978,0.12497246226855281,60,48,Current,Paid off,payoff,0,0.0,0.0,0.0,0,0.0,0.0,0,652
2913,2008-01-01,2005-12-01,25,2005,36784.0,36784.0,797.156659084427,0.15962661222021915,72,47,Current,Current,none,0,0.0,0.0,0.0,0,0.0,0.0,0,374
2920,2008-01-01,2006-10-01,15,2006,61332.0,61332.0,1293.3847595927011,0.09676568729960403,60,45,Current,Current,none,0,0.0,0.0,0.0,0,0.0,0.0,0,970
2923,2008-01-01,2007-01-01,12,2007,36828.0,36828.0,837.7132604694151,0.12987432372410837,60,48,Current,Current,none,0,0.0,0.0,0.0,0,0.0,0.0,0,189
2930,2008-01-01,2005-11-01,26,2005,68882.0,68882.0,1822.2584044943571,0.12246005320431277,48,22,Current,Current,none,0,0.0,0.0,0.0,0,0.0,0.0,0,805
2935,2008-01-01,2006-02-01,23,2006,156936.0,156936.0,5100.566066307125,0.10496791749972732,36,13,Current,Current,none,0,0.0,0.0,0.0,0,0.0,0.0,0,297
2945,2008-01-01,2004-02-01,47,2004,45883.0,45883.0,958.7064495760789,0.09280159672515695,60,13,Current,Current,none,0,0.0,0.0,0.0,0,0.0,0.0,0,634
2965,2008-01-01,2007-03-01,10,2007,18166.0,18166.0,401.37994537953006,0.11703922916478555,60,50,Current,Current,none,0,0.0,0.0,0.0,0,0.0,0.0,0,539
2966,2008-01-01,2006-01-01,24,2006,71604.0,71604.0,1675.480736947182,0.14252304561749662,60,36,Current,Current,none,0,0.0,0.0,0.0,0,0.0,0.0,0,747
2971,2008-01-01,2007-10-01,3,2007,65541.0,65541.0,2139.001921849813,0.10783083925464079,36,33,Current,Current,none,0,0.0,0.0,0.0,0,0.0,0.0,0,975
2976,2008-01-01,2006-03-01,22,2006,33825.0,33825.0,875.9430483636289,0.11104541990987153,48,26,Current,Current,none,0,0.0,0.0,0.0,0,0.0,0.0,0,102
2979,2008-01-01,2006-08-01,17,2006,114734.0,114734.0,2436.007503674544,0.09968978291772569,60,43,Current,Current,none,0,0.0,0.0,0.0,0,0.0,0.0,1,662
2992,2008-01-01,2007-05-01,8,2007,79526.0,79526.0,1694.5491507638744,0.10124011736188925,60,52,Current,Current,none,0,0.0,0.0,0.0,0,0.0,0.0,0,263
2994,2008-01-01,2006-11-01,14,2006,133968.0,133968.0,4219.149347619783,0.083405598518231,36,22,Current,Current,none,0,0.0,0.0,0.0,0,0.0,0.0,0,438
3015,2008-01-01,2002-09-01,64,2002,29260.0,29260.0,600.6458074968045,0.13854446727885603,72,8,Current,Current,none,0,0.0,0.0,0.0,0,0.0,0.0,0,414
3021,2008-01-01,2006-08-01,17,2006,40736.0,40736.0,778.8622632513699,0.1116705610284935,72,55,Current,Current,none,0,0.0,0.0,0.0,0,0.0,0.0,0,487
3022,2008-01-01,2005-04-01,33,2005,36670.0,36670.0,973.211904090046,0.12418392437510173,48,15,Current,Current,none,0,0.0,0.0,0.0,0,0.0,0.0,0,970
3023,2008-01-01,2006-06-01,19,2006,32126.0,32126.0,705.5795952091935,0.11440769064831062,60,41,Current,Current,none,0,0.0,0.0,0.0,0,0.0,0.0,0,325
3029,2008-01-01,2003-08-01,53,2003,86675.0,86675.0,1726.7467277641297,0.07255752169451163,60,7,Current,Current,none,0,0.0,0.0,0.0,0,0.0,0.0,0,639
3036,2008-01-01,2007-11-01,2,2007,29588.0,29588.0,742.419924916329,0.09434620178928141,48,46,Current,Current,none,0,0.0,0.0,0.0,0,0.0,0.0,0,645
3038,2008-01-01,2006-01-01,24,2006,137955.0,137955.0,3454.770279302032,0.09331469978565032,48,24,Current,Current,none,0,0.0,0.0,0.0,0,0.0,0.0,0,312
3044,2008-01-01,2004-01-01,48,2004,58940.0,58940.0,1200.8750340541794,0.0820476632895455,60,12,Current,Current,none,0,0.0,0.0,0.0,0,0.0,0.0,0,639
3049,2008-01-01,2005-07-01,30,2005,26816.0,26816.0,461.1061202083832,0.07303645775220469,72,42,Current,Current,none,0,0.0,0.0,0.0,0,0.0,0.0,0,571
3081,2008-01-01,2002-01-01,72,2002,61445.0,61445.0,1290.3192156941207,0.1473169866949043,72,0,Current,Matured,matured,0,0.0,0.0,0.0,0,0.0,0.0,0,460
3098,2008-01-01,2006-07-01,18,2006,84563.0,84563.0,2153.179673952414,0.10207670716446039,48,30,Current,Current,none,0,0.0,0.0,0.0,0,0.0,0.0,0,121
3108,2008-01-01,2004-10-01,39,2004,37702.0,37702.0,1009.1820897651891,0.1287870986085958,48,9,Current,Current,none,0,0.0,0.0,0.0,0,0.0,0.0,0,485
3114,2008-01-01,2006-04-01,21,2006,133718.0,133718.0,4623.3152806697335,0.14815641372969382,36,15,Current,Current,none,0,0.0,0.0,0.0,0,0.0,0.0,0,401
3117,2008-01-01,2003-11-01,50,2003,88391.0,88391.0,1922.9342130225843,0.11024942791133174,60,10,Current,Current,none,0,0.0,0.0,0.0,0,0.0,0.0,0,321
3119,2008-01-01,2007-03-01,10,2007,62493.0,62493.0,1463.0333238601963,0.14275170076357815,60,50,Current,Current,none,0,0.0,0.0,0.0,0,0.0,0.0,0,289
3122,2008-01-01,2006-10-01,15,2006,60440.0,60440.0,1077.0511231080304,0.08584820991067205,72,57,Current,Current,none,0,0.0,0.0,0.0,0,0.0,0.0,0,933
3123,2008-01-01,2003-12-01,49,2003,61183.0,61183.0,1272.799836639156,0.09092262176900207,60,11,Current,Current,none,0,0.0,0.0,0.0,0,0.0,0.0,0,798
3134,2008-01-01,2004-02-01,47,2004,47014.0,47014.0,987.0916869795984,0.09487384477276639,60,13,Current,Current,none,0,0.0,0.0,0.0,0,0.0,0.0,0,100
3135,2008-01-01,2006-07-01,18,2006,88185.0,88185.0,2818.2435989109013,0.09340216731606454,36,18,Current,Current,none,0,0.0,0.0,0.0,0,0.0,0.0,0,765
3138,2008-01-01,2005-04-01,33,2005,29584.0,29584.0,597.0969609619434,0.0780480172690288,60,27,Current,Current,none,0,0.0,0.0,0.0,0,0.0,0.0,0,979
3149,2008-01-01,2008-01-01,0,2008,51985.0,51985.0,1103.2597292752066,0.09950415166820804,60,60,Current,Current,none,0,0.0,0.0,0.0,0,0.0,0.0,0,906
3156,2008-01-01,2004-07-01,42,2004,47583.0,47583.0,1277.1190732091334,0.1302482393787756,48,6,Current,Current,none,0,0.0,0.0,0.0,0,0.0,0.0,0,852
3162,2008-01-01,2007-11-01,2,2007,25675.0,25675.0,535.7005780302445,0.14481918124917512,72,70,Current,Current,none,0,0.0,0.0,0.0,0,0.0,0.0,0,939
3164,2008-01-01,2002-10-01,63,2002,66737.0,66737.0,1138.067724575317,0.07008367968803957,72,9,Current,Current,none,0,0.0,0.0,0.0,0,0.0,0.0,0,444
3165,2008-01-01,2004-09-01,40,2004,145479.0,145479.0,3180.7706182514858,0.11243632883538368,60,20,Current,Current,none,0,0.0,0.0,0.0,0,0.0,0.0,0,749
3170,2008-01-01,2003-12-01,49,2003,24783.0,24783.0,542.3055015702685,0.11279670894703799,60,11,Current,Current,none,0,0.0,0.0,0.0,0,0.0,0.0,0,154
3171,2008-01-01,2004-12-01,37,2004,68199.0,68199.0,1457.7669157191347,0.1025998702905359,60,23,Current,Current,none,0,0.0,0.0,0.0,0,0.0,0.0,0,567
3172,2008-01-01,2007-11-01,2,2007,46670.0,46670.0,1601.0446766400748,0.14263296598868594,36,34,Current,Current,none,0,0.0,0.0,0.0,0,0.0,0.0,0,250
3201,2008-01-01,2007-05-01,8,2007,25688.0,25688.0,824.2236539716189,0.09613305280837431,36,28,Current,Current,none,0,0.0,0.0,0.0,0,0.0,0.0,0,153
3223,2008-01-01,2005-07-01,30,2005,21283.0,21283.0,471.17229074050545,0.11789921770559049,60,30,Current,Current,none,0,0.0,0.0,0.0,0,0.0,0.0,0,559
3225,2008-01-01,2004-11-01,38,2004,92942.0,92942.0,1833.283154181214,0.06838356517558836,60,22,Current,Current,none,0,0.0,0.0,0.0,0,0.0,0.0,0,300
3232,2008-01-01,2004-06-01,43,2004,48614.0,48614.0,1153.728996049279,0.1489040917369572,60,17,Current,Current,none,0,0.0,0.0,0.0,0,0.0,0.0,0,231
3238,2008-01-01,2007-11-01,2,2007,97144.0,97144.0,2648.182207409643,0.13868142113486912,48,46,Current,Current,none,0,0.0,0.0,0.0,0,0.0,0.0,0,387
3239,2008-01-01,2005-10-01,27,2005,99056.0,99056.0,2073.240498264509,0.09352769957737248,60,33,Current,Current,none,0,0.0,0.0,0.0,0,0.0,0.0,0,501
3243,2008-01-01,2005-05-01,32,2005,51413.0,51413.0,905.5431361481263,0.0816336686504428,72,40,Current,Current,none,0,0.0,0.0,0.0,0,0.0,0.0,0,544
3244,2008-01-01,2007-09-01,4,2007,71399.0,71399.0,1243.0622492855857,0.07747234329520339,72,68,Current,Current,none,0,0.0,0.0,0.0,0,0.0,0.0,0,774
3248,2008-01-01,2006-09-01,16,2006,65594.0,65594.0,2059.1807543444456,0.0812231365503537,36,20,Current,Current,none,0,0.0,0.0,0.0,0,0.0,0.0,0,486
3282,2008-01-01,2003-06-01,55,2003,69584.0,69584.0,1226.0854462482805,0.08177876768111071,72,17,Current,Current,none,0,0.0,0.0,0.0,0,0.0,0.0,0,908
3294,2008-01-01,2008-01-01,0,2008,79738.0,79738.0,1823.519435497862,0.13225915531088775,60,60,Current,Current,none,0,0.0,0.0,0.0,0,0.0,0.0,0,575
3298,2008-01-01,2002-05-01,68,2002,44476.0,44476.0,845.8353461910292,0.10968194706287995,72,4,Current,Current,none,0,0.0,0.0,0.0,0,0.0,0.0,0,283
3305,2008-01-01,2007-04-01,9,2007,42400.0,42400.0,861.6404945281869,0.13467540971695838,72,63,Current,Current,none,0,0.0,0.0,0.0,0,0.0,0.0,0,869
3309,2008-01-01,2005-04-01,33,2005,36126.0,36126.0,788.7433561167892,0.11181647198548532,60,27,Current,Current,none,0,0.0,0.0,0.0,0,0.0,0.0,0,206
3312,2008-01-01,2005-08-01,29,2005,25928.0,25928.0,522.0204901975833,0.07700717106592068,60,31,Current,Current,none,0,0.0,0.0,0.0,0,0.0,0.0,0,303
3313,2008-01-01,2003-10-01,51,2003,32935.0,32935.0,614.2000262448449,0.10243478110758154,72,21,Current,Current,none,0,0.0,0.0,0.0,0,0.0,0.0,0,462
3320,2008-01-01,2007-03-01,10,2007,61751.0,61751.0,1298.5993321724313,0.09556755733674215,60,50,Current,Current,none,0,0.0,0.0,0.0,0,0.0,0.0,0,884
3330,2008-01-01,2005-10-01,27,2005,22281.0,22281.0,430.3568229831776,0.11546122202384004,72,45,Current,Current,none,0,0.0,0.0,0.0,0,0.0,0.0,0,443
3338,2008-01-01,2006-07-01,18,2006,47880.0,47880.0,963.7697450880835,0.13103662730900256,72,54,Current,Current,none,0,0.0,0.0,0.0,0,0.0,0.0,0,223
3339,2008-01-01,2006-09-01,16,2006,32973.0,32973.0,666.8902956644116,0.07893251814180695,60,44,Current,Current,none,0,0.0,0.0,0.0,0,0.0,0.0,0,577
3372,2008-01-01,2003-06-01,55,2003,23986.0,23986.0,490.087300775276,0.08324858035536842,60,5,Current,Current,none,0,0.0,0.0,0.0,0,0.0,0.0,0,145
3381,2008-01-01,2003-06-01,55,2003,36471.0,36471.0,698.149919793085,0.11211541411216742,72,17,Current,Current,none,0,0.0,0.0,0.0,0,0.0,0.0,0,598
3386,2008-01-01,2006-11-01,14,2006,67777.0,67777.0,1228.4027979244306,0.09198442999303229,72,58,Current,Current,none,0,0.0,0.0,0.0,0,0.0,0.0,0,145
3391,2008-01-01,2007-01-01,12,2007,46079.0,46079.0,961.777575469643,0.14496171435985905,72,60,Current,Current,none,0,0.0,0.0,0.0,0,0.0,0.0,0,444
3405,2008-01-01,2006-08-01,17,2006,36791.0,36791.0,813.7995587105506,0.11752396765654481,60,43,Current,Current,none,0,0.0,0.0,0.0,0,0.0,0.0,0,908
3407,2008-01-01,2006-08-01,17,2006,62810.0,62810.0,1306.5690574578293,0.09089722277641363,60,43,Current,Current,none,0,0.0,0.0,0.0,0,0.0,0.0,0,508
3414,2008-01-01,2007-09-01,4,2007,31300.0,31300.0,697.1284376420647,0.12055441122000879,60,56,Current,Current,none,0,0.0,0.0,0.0,0,0.0,0.0,0,704
3416,2008-01-01,2003-12-01,49,2003,15079.0,15079.0,365.8697437996819,0.1589731006428287,60,11,Current,Current,none,0,0.0,0.0,0.0,0,0.0,0.0,0,757
3421,2008-01-01,2003-06-01,55,2003,50926.0,50926.0,928.0011306699145,0.09395677147823203,72,17,Current,Current,none,0,0.0,0.0,0.0,0,0.0,0.0,0,631
3422,2008-01-01,2007-03-01,10,2007,96768.0,96768.0,2144.355466511281,0.11832224268523873,60,50,Current,Current,none,0,0.0,0.0,0.0,0,0.0,0.0,0,654
3441,2008-01-01,2005-03-01,34,2005,29775.0,29775.0,907.0597987041031,0.060923637296571735,36,2,Current,Current,none,0,0.0,0.0,0.0,0,0.0,0.0,0,539
3444,2008-01-01,2004-01-01,48,2004,264604.0,264604.0,4610.781729260479,0.077783558183194,72,24,Current,Current,none,0,0.0,0.0,0.0,0,0.0,0.0,0,966
3450,2008-01-01,2006-02-01,23,2006,18986.0,18986.0,456.1210921598088,0.15444851348364158,60,37,Current,Current,none,0,0.0,0.0,0.0,0,0.0,0.0,0,461
3461,2008-01-01,2003-05-01,56,2003,17004.0,17004.0,379.8802341007942,0.12190117434318318,60,4,Current,Current,none,0,0.0,0.0,0.0,0,0.0,0.0,0,635
3467,2008-01-01,2004-04-01,45,2004,69102.0,69102.0,1254.9080630124208,0.09270793894943097,72,27,Current,Current,none,0,0.0,0.0,0.0,0,0.0,0.0,0,119
3476,2008-01-01,2007-01-01,12,2007,61752.0,61752.0,2095.4700525781095,0.13496591276020317,36,24,Current,Current,none,0,0.0,0.0,0.0,0,0.0,0.0,0,587
3491,2008-01-01,2007-07-01,6,2007,60757.0,60757.0,1573.4531595803237,0.11106925257870659,48,42,Current,Current,none,0,0.0,0.0,0.0,0,0.0,0.0,0,907
3493,2008-01-01,2006-06-01,19,2006,30740.0,30740.0,539.1869521908557,0.08014331551981452,72,53,Current,Current,none,0,0.0,0.0,0.0,0,0.0,0.0,0,479
3494,2008-01-01,2004-02-01,47,2004,96602.0,96602.0,1663.1276437951503,0.07347345707286736,72,25,Current,Current,none,0,0.0,0.0,0.0,0,0.0,0.0,0,393
3499,2008-01-01,2004-06-01,43,2004,25658.0,25658.0,636.6948644766044,0.088516753579564,48,5,Current,Current,none,0,0.0,0.0,0.0,0,0.0,0.0,0,978
3504,2008-01-01,2002-08-01,65,2002,32887.0,32887.0,624.3599216074853,0.10904120760321782,72,7,Current,Current,none,0,0.0,0.0,0.0,0,0.0,0.0,0,830
3509,2008-01-01,2007-10-01,3,2007,27696.0,27696.0,477.90641067740086,0.07428336030826022,72,69,Current,Current,none,0,0.0,0.0,0.0,0,0.0,0.0,0,742
3513,2008-01-01,2007-12-01,1,2007,68814.0,68814.0,2191.6937488818476,0.09106951823051143,36,35,Current,Current,none,0,0.0,0.0,0.0,0,0.0,0.0,0,224
3520,2008-01-01,2005-03-01,34,2005,88306.0,88306.0,1713.022289481297,0.11708057850856365,72,38,Current,Current,none,0,0.0,0.0,0.0,0,0.0,0.0,0,774
3521,2008-01-01,2005-08-01,29,2005,98607.0,98607.0,3323.8886227668722,0.13030085463542854,36,7,Current,Current,none,0,0.0,0.0,0.0,0,0.0,0.0,0,507
3526,2008-01-01,2007-04-01,9,2007,38464.0,38464.0,782.8427464602355,0.08159071239345048,60,51,Current,Current,none,0,0.0,0.0,0.0,0,0.0,0.0,0,666
3528,2008-01-01,2007-12-01,1,2007,29533.0,29533.0,743.077976283187,0.09579122263213113,48,47,Current,Current,none,0,0.0,0.0,0.0,0,0.0,0.0,0,549
3530,2008-01-01,2007-11-01,2,2007,97719.0,97719.0,2751.332112196197,0.15638636344546936,48,46,Current,Current,none,0,0.0,0.0,0.0,0,0.0,0.0,0,736
3539,2008-01-01,2005-08-01,29,2005,40360.0,40360.0,839.5609772408304,0.1436521290189442,72,43,Current,Current,none,0,0.0,0.0,0.0,0,0.0,0.0,0,268
3540,2008-01-01,2005-11-01,26,2005,39676.0,39676.0,798.2459799327476,0.07670596686553556,60,34,Current,Current,none,0,0.0,0.0,0.0,0,0.0,0.0,0,782
3547,2008-01-01,2003-08-01,53,2003,28298.0,28298.0,583.8480982949822,0.1404927314715078,72,19,Current,Current,none,0,0.0,0.0,0.0,0,0.0,0.0,0,299
3552,2008-01-01,2004-10-01,39,2004,29278.0,29278.0,621.5208025799255,0.09961799491394123,60,21,Current,Current,none,0,0.0,0.0,0.0,0,0.0,0.0,0,298
3553,2008-01-01,2007-06-01,7,2007,31281.0,31281.0,629.3505003941702,0.07670897690406603,60,53,Current,Current,none,0,0.0,0.0,0.0,0,0.0,0.0,0,219
3556,2008-01-01,2007-01-01,12,2007,51215.0,51215.0,1311.8774694180693,0.1052427021384083,48,36,Current,Current,none,0,0.0,0.0,0.0,0,0.0,0.0,0,943
3557,2008-01-01,2005-09-01,28,2005,91487.0,91487.0,1806.4337064940905,0.06881314079966996,60,32,Current,Current,none,0,0.0,0.0,0.0,0,0.0,0.0,0,817
3561,2008-01-01,2007-09-01,4,2007,105270.0,105270.0,1895.0913433475246,0.08952955879724217,72,68,Current,Current,none,0,0.0,0.0,0.0,0,0.0,0.0,0,899
3562,2008-01-01,2006-01-01,24,2006,53225.0,53225.0,1888.6844052506794,0.16662350399971604,36,12,Current,Current,none,0,0.0,0.0,0.0,0,0.0,0.0,0,769
3576,2008-01-01,2004-04-01,45,2004,38842.0,38842.0,781.6136471221686,0.07678541557372351,60,15,Current,Current,none,0,0.0,0.0,0.0,0,0.0,0.0,0,943
3585,2008-01-01,2007-03-01,10,2007,34852.0,34852.0,919.0077730673344,0.12071322174338131,48,38,Current,Current,none,0,0.0,0.0,0.0,0,0.0,0.0,0,621
3588,2008-01-01,2005-02-01,35,2005,59985.0,59985.0,1194.6326476358888,0.07241893211923181,60,25,Current,Current,none,0,0.0,0.0,0.0,0,0.0,0.0,0,403
3595,2008-01-01,2004-10-01,39,2004,57621.0,57621.0,1042.2520133283901,0.09125844799474103,72,33,Current,Current,none,0,0.0,0.0,0.0,0,0.0,0.0,0,408
3610,2008-01-01,2007-03-01,10,2007,19543.0,19543.0,484.46977626396597,0.08799482716123244,48,38,Current,Current,none,0,0.0,0.0,0.0,0,0.0,0.0,0,510
3615,2008-01-01,2006-10-01,15,2006,21742.0,21742.0,601.6374585290557,0.14685666620658921,48,33,Current,Current,none,0,0.0,0.0,0.0,0,0.0,0.0,0,155
3647,2008-01-01,2003-02-01,59,2003,55071.0,55071.0,1065.1992662701307,0.11599000276401528,72,13,Current,Current,none,0,0.0,0.0,0.0,0,0.0,0.0,0,795
3671,2008-01-01,2007-06-01,7,2007,56432.0,56432.0,1234.3875373425012,0.1632992259302333,72,65,Current,Current,none,0,0.0,0.0,0.0,0,0.0,0.0,0,128
3718,2008-01-01,2003-01-01,60,2003,43187.0,43187.0,860.2505167399554,0.07249660521613176,60,0,Current,Matured,matured,0,0.0,0.0,0.0,0,0.0,0.0,0,232
3720,2008-01-01,2003-07-01,54,2003,49828.0,49828.0,1012.1186319093694,0.08074874008768661,60,6,Current,Current,none,0,0.0,0.0,0.0,0,0.0,0.0,0,505
3729,2008-01-01,2003-01-01,60,2003,72405.0,72405.0,1470.620132097427,0.08072334363002726,60,0,Current,Matured,matured,0,0.0,0.0,0.0,0,0.0,0.0,0,608
3733,2008-01-01,2006-12-01,13,2006,109520.0,109520.0,2143.2081772489046,0.0650630830258235,60,47,Current,Current,none,0,0.0,0.0,0.0,0,0.0,0.0,0,668
3735,2008-01-01,2003-12-01,49,2003,23312.0,23312.0,408.9650394828107,0.08020214604057975,72,23,Current,Current,none,0,0.0,0.0,0.0,0,0.0,0.0,0,967
3738,2008-01-01,2004-10-01,39,2004,42684.0,42684.0,843.2131465429919,0.06901550265665889,60,21,Current,Current,none,0,0.0,0.0,0.0,0,0.0,0.0,0,467
3748,2008-01-01,2006-06-01,19,2006,39337.0,39337.0,917.8153693963313,0.18922047061703018,72,53,Current,Current,none,0,0.0,0.0,0.0,0,0.0,0.0,0,938
3751,2008-01-01,2008-01-01,0,2008,92551.0,92551.0,1700.8718611723086,0.0970549990548858,72,72,Current,Current,none,0,0.0,0.0,0.0,0,0.0,0.0,0,396
3761,2008-01-01,2007-07-01,6,2007,34641.0,34641.0,644.6131925158268,0.10163489571941088,72,66,Current,Current,none,0,0.0,0.0,0.0,0,0.0,0.0,0,498
3762,2008-01-01,2007-10-01,3,2007,132478.0,132478.0,4150.085534373366,0.07978833069970802,36,33,Current,Current,none,0,0.0,0.0,0.0,0,0.0,0.0,0,564
3763,2008-01-01,2002-05-01,68,2002,30766.0,30766.0,518.1333874059741,0.0656543795302475,72,4,Current,Current,none,0,0.0,0.0,0.0,0,0.0,0.0,0,813
3768,2008-01-01,2006-02-01,23,2006,28974.0,28974.0,927.4222262790487,0.09448271148685895,36,13,Current,Current,none,0,0.0,0.0,0.0,0,0.0,0.0,0,129
3772,2008-01-01,2006-11-01,14,2006,31436.0,31436.0,821.1146831885835,0.11563857657547563,48,34,Current,Current,none,0,0.0,0.0,0.0,0,0.0,0.0,0,905
3786,2008-01-01,2006-06-01,19,2006,49720.0,49720.0,1102.7130979840886,0.11869308440511982,60,41,Current,Current,none,0,0.0,0.0,0.0,0,0.0,0.0,0,570
3791,2008-01-01,2003-08-01,53,2003,129104.0,129104.0,2425.853220583683,0.10521531907575207,72,19,Current,Current,none,0,0.0,0.0,0.0,0,0.0,0.0,0,657
3795,2008-01-01,2006-12-01,13,2006,84016.0,84016.0,2370.5311017213244,0.1575553545408234,48,35,Current,Current,none,0,0.0,0.0,0.0,0,0.0,0.0,0,512
3804,2008-01-01,2003-06-01,55,2003,30633.0,30633.0,681.0281443593624,0.1697439498385681,72,17,Current,Current,none,0,0.0,0.0,0.0,0,0.0,0.0,0,559
3819,2008-01-01,2006-02-01,23,2006,53683.0,53683.0,1444.8242148190498,0.13174124932054027,48,25,Current,Current,none,0,0.0,0.0,0.0,0,0.0,0.0,0,586
3836,2008-01-01,2006-06-01,19,2006,73556.0,73556.0,2428.014379812307,0.11569477998928965,36,17,Current,Current,none,0,0.0,0.0,0.0,0,0.0,0.0,0,787
3852,2008-01-01,2006-04-01,21,2006,21900.0,21900.0,635.3615592130319,0.17302809360306448,48,27,Current,Current,none,0,0.0,0.0,0.0,0,0.0,0.0,0,989
3866,2008-01-01,2006-11-01,14,2006,39345.0,39345.0,995.7835922891734,0.09888406827079228,48,34,Current,Current,none,0,0.0,0.0,0.0,0,0.0,0.0,0,286
3869,2008-01-01,2003-04-01,57,2003,23645.0,23645.0,492.4344914984101,0.09139567770863402,60,3,Current,Current,none,0,0.0,0.0,0.0,0,0.0,0.0,0,131
3884,2008-01-01,2006-03-01,22,2006,50291.0,50291.0,1248.944837921858,0.08893199533893709,48,26,Current,Current,none,0,0.0,0.0,0.0,0,0.0,0.0,0,567
3889,2008-01-01,2006-03-01,22,2006,40228.0,40228.0,1051.4050073816109,0.1159648563815558,48,26,Current,Current,none,0,0.0,0.0,0.0,0,0.0,0.0,0,965
3892,2008-01-01,2006-10-01,15,2006,101383.0,101383.0,3298.006074482301,0.10558783010936384,36,21,Current,Current,none,0,0.0,0.0,0.0,0,0.0,0.0,0,356
3897,2008-01-01,2007-05-01,8,2007,34905.0,34905.0,624.2403673697906,0.08714123133397993,72,64,Current,Current,none,0,0.0,0.0,0.0,0,0.0,0.0,0,803
3903,2008-01-01,2006-11-01,14,2006,111322.0,111322.0,2335.607932153159,0.09456582968634362,60,46,Current,Current,none,0,0.0,0.0,0.0,0,0.0,0.0,0,324
3907,2008-01-01,2005-01-01,36,2005,38487.0,38487.0,1028.3474725156136,0.127818437243255,48,12,30 DPD,Delinquent,none,0,0.0,0.0,0.0,1,0.0,0.0,0,109
3920,2008-01-01,2006-01-01,24,2006,47277.0,47277.0,1046.5034805646194,0.11784244186021098,60,36,Current,Current,none,0,0.0,0.0,0.0,0,0.0,0.0,0,134
3924,2008-01-01,2006-06-01,19,2006,157028.0,157028.0,3511.6755885030457,0.1223497830324985,60,41,Current,Current,none,0,0.0,0.0,0.0,0,0.0,0.0,0,482
3928,2008-01-01,2007-07-01,6,2007,77833.0,77833.0,2410.5824840355435,0.07205657966573525,36,30,Current,Current,none,0,0.0,0.0,0.0,0,0.0,0.0,0,214
3929,2008-01-01,2006-03-01,22,2006,91317.0,91317.0,1590.2803150995703,0.07757235570010457,72,50,Current,Current,none,0,0.0,0.0,0.0,0,0.0,0.0,0,841
3930,2008-01-01,2004-12-01,37,2004,42427.0,42427.0,904.5775234301054,0.10149741545197274,60,23,Current,Current,none,0,0.0,0.0,0.0,0,0.0,0.0,0,759
3932,2008-01-01,2006-01-01,24,2006,57135.0,57135.0,1122.9882856527288,0.12201234754173154,72,48,Current,Current,none,0,0.0,0.0,0.0,0,0.0,0.0,0,452
3938,2008-01-01,2004-11-01,38,2004,28120.0,28120.0,604.7242105184016,0.10522662003677385,60,22,Current,Current,none,0,0.0,0.0,0.0,0,0.0,0.0,0,606
3945,2008-01-01,2003-11-01,50,2003,37773.0,37773.0,776.9466406007105,0.08608441978920356,60,10,Current,Current,none,0,0.0,0.0,0.0,0,0.0,0.0,0,600
3951,2008-01-01,2006-01-01,24,2006,68160.0,68160.0,1776.6058343004645,0.1145128374295813,48,24,Current,Current,none,0,0.0,0.0,0.0,0,0.0,0.0,0,586
3961,2008-01-01,2003-09-01,52,2003,144473.0,144473.0,3480.1776077078157,0.1556734993844975,60,8,Current,Current,none,0,0.0,0.0,0.0,0,0.0,0.0,0,701
3968,2008-01-01,2005-01-01,36,2005,27074.0,27074.0,721.5398442447154,0.1264301692914841,48,12,Current,Current,none,0,0.0,0.0,0.0,0,0.0,0.0,0,508
3988,2008-01-01,2004-11-01,38,2004,63683.0,63683.0,1498.0695360112434,0.06084637374724668,48,10,Current,Current,none,0,0.0,0.0,0.0,0,0.0,0.0,0,662
3990,2008-01-01,2004-09-01,40,2004,43620.0,43620.0,819.134267413234,0.10499801410349176,72,32,Current,Current,none,0,0.0,0.0,0.0,0,0.0,0.0,0,382
3996,2008-01-01,2005-03-01,34,2005,73247.0,73247.0,1481.3514030804224,0.07890553884344428,60,26,Current,Current,none,0,0.0,0.0,0.0,0,0.0,0.0,0,438
3997,2008-01-01,2002-11-01,62,2002,64604.0,64604.0,1148.8402427763756,0.08508975532685688,72,10,Current,Current,none,0,0.0,0.0,0.0,0,0.0,0.0,0,427
3998,2008-01-01,2006-03-01,22,2006,68665.0,68665.0,1649.2403485319096,0.07155911838193223,48,26,Current,Current,none,0,0.0,0.0,0.0,0,0.0,0.0,0,710
4011,2008-01-01,2003-04-01,57,2003,108604.0,108604.0,2171.7729182928874,0.12854079346412034,72,15,Current,Current,none,0,0.0,0.0,0.0,0,0.0,0.0,0,745
4015,2008-01-01,2004-06-01,43,2004,51410.0,51410.0,990.9604891131685,0.05876950567140776,60,17,Current,Current,none,0,0.0,0.0,0.0,0,0.0,0.0,0,431
4025,2008-01-01,2002-06-01,67,2002,57984.0,57984.0,986.4757633354187,0.06924750998512473,72,5,Current,Current,none,0,0.0,0.0,0.0,0,0.0,0.0,0,649
4027,2008-01-01,2007-04-01,9,2007,68549.0,68549.0,1769.280550491469,0.10927750700075466,48,39,Current,Current,none,0,0.0,0.0,0.0,0,0.0,0.0,0,298
4045,2008-01-01,2004-12-01,37,2004,26037.0,26037.0,540.6216276774545,0.09010787924747678,60,23,Current,Current,none,0,0.0,0.0,0.0,0,0.0,0.0,0,111
4052,2008-01-01,2006-06-01,19,2006,31162.0,31162.0,623.4681999006555,0.12873350099131609,72,53,Current,Current,none,0,0.0,0.0,0.0,0,0.0,0.0,0,744
4058,2008-01-01,2007-03-01,10,2007,50014.0,50014.0,1167.0001980842228,0.1412570160141749,60,50,Current,Current,none,0,0.0,0.0,0.0,0,0.0,0.0,0,703
4059,2008-01-01,2003-01-01,60,2003,57368.0,57368.0,1179.7601629061357,0.08600033818449511,60,0,Current,Paid off,payoff,0,0.0,0.0,0.0,0,0.0,0.0,0,552
4063,2008-01-01,2005-06-01,31,2005,34225.0,34225.0,806.804264650881,0.14586701264206722,60,29,Current,Current,none,0,0.0,0.0,0.0,0,0.0,0.0,0,538
4074,2008-01-01,2005-12-01,25,2005,75799.0,75799.0,1352.0276420163798,0.08618972694143583,72,47,Current,Current,none,0,0.0,0.0,0.0,0,0.0,0.0,0,705
4092,2008-01-01,2004-05-01,44,2004,84813.0,84813.0,2060.3602140836642,0.07744091287491585,48,4,Current,Current,none,0,0.0,0.0,0.0,0,0.0,0.0,0,322
4096,2008-01-01,2006-12-01,13,2006,21391.0,21391.0,542.6529629897823,0.10011869344867239,48,35,Current,Current,none,0,0.0,0.0,0.0,0,0.0,0.0,0,960
4098,2008-01-01,2004-04-01,45,2004,167092.0,167092.0,3217.8713734206353,0.11435885276950986,72,27,Current,Current,none,0,0.0,0.0,0.0,0,0.0,0.0,0,846
4108,2008-01-01,2008-01-01,0,2008,57251.0,57251.0,1148.7523095861045,0.07557307393252631,60,60,Current,Current,none,0,0.0,0.0,0.0,0,0.0,0.0,0,536
4115,2008-01-01,2005-08-01,29,2005,59140.0,59140.0,1227.1633665368215,0.1426915800408611,72,43,Current,Current,none,0,0.0,0.0,0.0,0,0.0,0.0,0,593
4121,2008-01-01,2007-03-01,10,2007,27900.0,27900.0,743.175263749401,0.12615608941548054,48,38,Current,Current,none,0,0.0,0.0,0.0,0,0.0,0.0,0,686
4141,2008-01-01,2006-11-01,14,2006,43016.0,43016.0,1107.6046794925428,0.10800337177837972,48,34,Current,Current,none,0,0.0,0.0,0.0,0,0.0,0.0,0,550
4144,2008-01-01,2004-10-01,39,2004,53648.0,53648.0,1104.6057085298894,0.13970369710334107,72,33,Current,Current,none,0,0.0,0.0,0.0,0,0.0,0.0,0,588
4155,2008-01-01,2003-05-01,56,2003,80485.0,80485.0,1692.8557636712708,0.09564065607853772,60,4,Current,Current,none,0,0.0,0.0,0.0,0,0.0,0.0,0,482
4171,2008-01-01,2004-12-01,37,2004,48581.0,48581.0,904.3358083094934,0.10176585019547253,72,35,Current,Current,none,0,0.0,0.0,0.0,0,0.0,0.0,0,107
4180,2008-01-01,2005-12-01,25,2005,47898.0,47898.0,1075.3964158358258,0.17367700283439727,72,47,Current,Current,none,0,0.0,0.0,0.0,0,0.0,0.0,0,217
4183,2008-01-01,2006-10-01,15,2006,92425.0,92425.0,2962.260778444499,0.09537383464597644,36,21,Current,Current,none,0,0.0,0.0,0.0,0,0.0,0.0,0,545
4200,2008-01-01,2005-04-01,33,2005,67896.0,67896.0,1903.1864069022502,0.1539405582608165,48,15,Current,Current,none,0,0.0,0.0,0.0,0,0.0,0.0,0,414
4213,2008-01-01,2004-06-01,43,2004,49699.0,49699.0,1086.6940622491861,0.11246410077092064,60,17,Current,Current,none,0,0.0,0.0,0.0,0,0.0,0.0,0,160
4217,2008-01-01,2006-03-01,22,2006,25711.0,25711.0,541.1924465864353,0.14823098450712752,72,50,30 DPD,Delinquent,none,0,0.0,0.0,0.0,1,0.0,0.0,0,141
4235,2008-01-01,2003-10-01,51,2003,21446.0,21446.0,457.82100844027974,0.1020411654710011,60,9,Current,Current,none,0,0.0,0.0,0.0,0,0.0,0.0,0,254
4258,2008-01-01,2007-11-01,2,2007,27540.0,27540.0,764.6311998191738,0.14868995620386244,48,46,Current,Current,none,0,0.0,0.0,0.0,0,0.0,0.0,0,558
4261,2008-01-01,2005-12-01,25,2005,21959.0,21959.0,487.93007319410145,0.11951703905771006,60,35,Current,Current,none,0,0.0,0.0,0.0,0,0.0,0.0,0,461
4274,2008-01-01,2005-08-01,29,2005,99370.0,99370.0,2043.5246961026219,0.08600091018720808,60,31,Current,Current,none,0,0.0,0.0,0.0,0,0.0,0.0,0,885
4280,2008-01-01,2004-09-01,40,2004,135023.0,135023.0,3214.1449525427856,0.15027610359990778,60,20,Current,Current,none,0,0.0,0.0,0.0,0,0.0,0.0,0,163
4288,2008-01-01,2003-12-01,49,2003,48633.0,48633.0,892.6768927360218,0.09661061489519941,72,23,Current,Current,none,0,0.0,0.0,0.0,0,0.0,0.0,0,641
4295,2008-01-01,2007-11-01,2,2007,36913.0,36913.0,881.9217980874272,0.06882789779166415,48,46,Current,Current,none,0,0.0,0.0,0.0,0,0.0,0.0,0,626
4297,2008-01-01,2004-09-01,40,2004,140806.0,140806.0,2927.207602863101,0.09062992517506117,60,20,Current,Current,none,0,0.0,0.0,0.0,0,0.0,0.0,0,331
4299,2008-01-01,2003-12-01,49,2003,79235.0,79235.0,1500.822971182655,0.10818828928827531,72,23,Current,Current,none,0,0.0,0.0,0.0,0,0.0,0.0,0,715
4306,2008-01-01,2006-08-01,17,2006,34179.0,34179.0,767.7400075279184,0.12429961557784994,60,43,Current,Current,none,0,0.0,0.0,0.0,0,0.0,0.0,0,274
4313,2008-01-01,2005-08-01,29,2005,76465.0,76465.0,1656.7088999718542,0.10847079781514656,60,31,Current,Current,none,0,0.0,0.0,0.0,0,0.0,0.0,0,668
4321,2008-01-01,2007-06-01,7,2007,34996.0,34996.0,917.3312338135055,0.11752460256651989,48,41,Current,Current,none,0,0.0,0.0,0.0,0,0.0,0.0,0,741
4331,2008-01-01,2003-06-01,55,2003,144078.0,144078.0,3048.0399225609995,0.09813681756721082,60,5,Current,Current,none,0,0.0,0.0,0.0,0,0.0,0.0,0,678
4339,2008-01-01,2006-03-01,22,2006,30848.0,30848.0,964.6592444487396,0.07859023020499432,36,14,Current,Current,none,0,0.0,0.0,0.0,0,0.0,0.0,0,150
4344,2008-01-01,2005-08-01,29,2005,77085.0,77085.0,2539.92225550419,0.1144452754628953,36,7,Current,Current,none,0,0.0,0.0,0.0,0,0.0,0.0,0,785
4354,2008-01-01,2004-04-01,45,2004,61692.0,61692.0,1305.8074341347242,0.15039665509317174,72,27,Current,Current,none,0,0.0,0.0,0.0,0,0.0,0.0,0,312
4355,2008-01-01,2005-04-01,33,2005,73918.0,73918.0,1536.811090775381,0.14344676236708656,72,39,Current,Current,none,0,0.0,0.0,0.0,0,0.0,0.0,0,825
4384,2008-01-01,2006-08-01,17,2006,50844.0,50844.0,1319.4496270467002,0.11216814741018986,48,31,Current,Current,none,0,0.0,0.0,0.0,0,0.0,0.0,0,132
4396,2008-01-01,2005-05-01,32,2005,54597.0,54597.0,1740.579242994956,0.09173390798836029,36,4,Current,Current,none,0,0.0,0.0,0.0,0,0.0,0.0,0,808
4405,2008-01-01,2008-01-01,0,2008,39121.0,39121.0,978.0035085906624,0.09240613215790637,48,48,Current,Current,none,0,0.0,0.0,0.0,0,0.0,0.0,0,351
4409,2008-01-01,2004-10-01,39,2004,49044.0,49044.0,1036.1462756626222,0.09755358308820103,60,21,Current,Current,none,0,0.0,0.0,0.0,0,0.0,0.0,0,186
4420,2008-01-01,2006-12-01,13,2006,74109.0,74109.0,1497.2870379771587,0.0784825385934721,60,47,Current,Current,none,0,0.0,0.0,0.0,0,0.0,0.0,0,838
4442,2008-01-01,2008-01-01,0,2008,43655.0,43655.0,1459.2961069197186,0.12446407109432103,36,36,Current,Current,none,0,0.0,0.0,0.0,0,0.0,0.0,0,280
4448,2008-01-01,2003-09-01,52,2003,50916.0,50916.0,978.5202336168514,0.11358734533330722,72,20,Current,Current,none,0,0.0,0.0,0.0,0,0.0,0.0,0,196
4466,2008-01-01,2007-11-01,2,2007,102794.0,102794.0,3358.1502829609553,0.10852135433952359,36,34,Current,Current,none,0,0.0,0.0,0.0,0,0.0,0.0,0,828
4471,2008-01-01,2004-01-01,48,2004,114172.0,114172.0,2945.654388082667,0.10906515175302314,48,0,Current,Matured,matured,0,0.0,0.0,0.0,0,0.0,0.0,0,698
4479,2008-01-01,2007-09-01,4,2007,149452.0,149452.0,3464.82284790009,0.1383638943842282,60,56,Current,Current,none,0,0.0,0.0,0.0,0,0.0,0.0,0,919
4490,2008-01-01,2006-02-01,23,2006,46848.0,46848.0,1011.5771084253859,0.10699273938853243,60,37,Current,Current,none,0,0.0,0.0,0.0,0,0.0,0.0,0,309
4491,2008-01-01,2003-08-01,53,2003,24482.0,24482.0,507.3743910408176,0.14221224420461964,72,19,Current,Current,none,0,0.0,0.0,0.0,0,0.0,0.0,0,752
4493,2008-01-01,2004-11-01,38,2004,145044.0,145044.0,3867.7904370520637,0.12674704057129574,48,10,Current,Current,none,0,0.0,0.0,0.0,0,0.0,0.0,0,728
4496,2008-01-01,2006-11-01,14,2006,16273.0,16273.0,403.89383700263227,0.08862651365190256,48,34,Current,Current,none,0,0.0,0.0,0.0,0,0.0,0.0,0,312
4502,2008-01-01,2003-04-01,57,2003,43671.0,43671.0,894.923780925751,0.0844992212780801,60,3,Current,Current,none,0,0.0,0.0,0.0,0,0.0,0.0,0,308
4503,2008-01-01,2005-07-01,30,2005,44946.0,44946.0,947.692532565784,0.14889657607576964,72,42,Current,Current,none,0,0.0,0.0,0.0,0,0.0,0.0,0,748
4514,2008-01-01,2006-12-01,13,2006,62896.0,62896.0,2100.138839713432,0.12368647593893421,36,23,Current,Current,none,0,0.0,0.0,0.0,0,0.0,0.0,0,489
4525,2008-01-01,2007-03-01,10,2007,29091.0,29091.0,666.865232824976,0.13332063799008306,60,50,Current,Current,none,0,0.0,0.0,0.0,0,0.0,0.0,0,831
4529,2008-01-01,2005-06-01,31,2005,71356.0,71356.0,1955.0423574239783,0.141433303718001,48,17,Current,Current,none,0,0.0,0.0,0.0,0,0.0,0.0,0,142
4544,2008-01-01,2005-01-01,36,2005,33051.0,33051.0,792.1233917273266,0.1533606726730621,60,24,Current,Current,none,0,0.0,0.0,0.0,0,0.0,0.0,0,108
4568,2008-01-01,2004-12-01,37,2004,24161.0,24161.0,569.6704654264942,0.06202753213849392,48,11,Current,Current,none,0,0.0,0.0,0.0,0,0.0,0.0,0,743
4571,2008-01-01,2004-12-01,37,2004,76167.0,76167.0,1630.625115826482,0.10327509316414832,60,23,Current,Current,none,0,0.0,0.0,0.0,0,0.0,0.0,0,583
4582,2008-01-01,2007-02-01,11,2007,109160.0,109160.0,2417.831390876321,0.11811731445830786,60,49,Current,Current,none,0,0.0,0.0,0.0,0,0.0,0.0,0,492
4584,2008-01-01,2005-01-01,36,2005,37920.0,37920.0,1183.8408675229161,0.07746238253644794,36,0,Current,Matured,matured,0,0.0,0.0,0.0,0,0.0,0.0,0,256
4588,2008-01-01,2004-01-01,48,2004,41050.0,41050.0,953.4380674955307,0.05433678738526223,48,0,Current,Matured,matured,0,0.0,0.0,0.0,0,0.0,0.0,0,149
4595,2008-01-01,2007-05-01,8,2007,62273.0,62273.0,1666.7769096246889,0.12875295682168786,48,40,Current,Current,none,0,0.0,0.0,0.0,0,0.0,0.0,0,580
4597,2008-01-01,2004-02-01,47,2004,15176.0,15176.0,359.96893894605,0.14865941444285025,60,13,Current,Current,none,0,0.0,0.0,0.0,0,0.0,0.0,0,356
4614,2008-01-01,2002-09-01,64,2002,78923.0,78923.0,1376.1992231736365,0.07803065932103873,72,8,Current,Current,none,0,0.0,0.0,0.0,0,0.0,0.0,0,515
4627,2008-01-01,2003-02-01,59,2003,90675.0,90675.0,1925.9696188973217,0.15175357082129137,72,13,Current,Paid off,payoff,0,0.0,0.0,0.0,0,0.0,0.0,0,892
4628,2008-01-01,2005-08-01,29,2005,90158.0,90158.0,2950.1714928652364,0.10965195732348797,36,7,Current,Current,none,0,0.0,0.0,0.0,0,0.0,0.0,0,805
4644,2008-01-01,2004-11-01,38,2004,58219.0,58219.0,1472.6391036984733,0.09858785040449701,48,10,Current,Current,none,0,0.0,0.0,0.0,0,0.0,0.0,0,788
4650,2008-01-01,2006-03-01,22,2006,94753.0,94753.0,2534.4180960907624,0.128389446066314,48,26,Current,Current,none,0,0.0,0.0,0.0,0,0.0,0.0,0,787
4657,2008-01-01,2006-03-01,22,2006,27155.0,27155.0,578.0963503876418,0.10084736778652982,60,38,Current,Current,none,0,0.0,0.0,0.0,0,0.0,0.0,0,760
4660,2008-01-01,2006-12-01,13,2006,133661.0,133661.0,4287.902713416439,0.09601532570098491,36,23,Current,Current,none,0,0.0,0.0,0.0,0,0.0,0.0,0,886
4666,2008-01-01,2007-04-01,9,2007,126690.0,126690.0,3363.0139960262286,0.12429523474673304,48,39,Current,Current,none,0,0.0,0.0,0.0,0,0.0,0.0,0,264
4679,2008-01-01,2005-09-01,28,2005,74151.0,74151.0,1627.988263426323,0.1142513404132424,60,32,Current,Current,none,0,0.0,0.0,0.0,0,0.0,0.0,0,606
4696,2008-01-01,2007-05-01,8,2007,31757.0,31757.0,815.9727915717868,0.10687995658948006,48,40,Current,Current,none,0,0.0,0.0,0.0,0,0.0,0.0,0,865
4699,2008-01-01,2005-05-01,32,2005,44207.0,44207.0,1547.700229247791,0.1570242771930754,36,4,Current,Current,none,0,0.0,0.0,0.0,0,0.0,0.0,0,797
4704,2008-01-01,2003-05-01,56,2003,93520.0,93520.0,1929.384124902843,0.08736515042036816,60,4,Current,Current,none,0,0.0,0.0,0.0,0,0.0,0.0,0,814
4705,2008-01-01,2007-05-01,8,2007,39012.0,39012.0,779.4719805127754,0.12822060196199708,72,64,Current,Current,none,0,0.0,0.0,0.0,0,0.0,0.0,0,710
4714,2008-01-01,2005-11-01,26,2005,24643.0,24643.0,495.82957890145605,0.076735138449218,60,34,Current,Current,none,0,0.0,0.0,0.0,0,0.0,0.0,0,644
4715,2008-01-01,2006-12-01,13,2006,156266.0,156266.0,4731.98321604545,0.05689818027770216,36,23,Current,Current,none,0,0.0,0.0,0.0,0,0.0,0.0,0,822
4727,2008-01-01,2006-11-01,14,2006,31647.0,31647.0,822.4828073881594,0.11295543410162259,48,34,Current,Current,none,0,0.0,0.0,0.0,0,0.0,0.0,0,596
4728,2008-01-01,2006-08-01,17,2006,117998.0,117998.0,3042.821359643057,0.10879532098946548,48,31,Current,Current,none,0,0.0,0.0,0.0,0,0.0,0.0,0,174
4744,2008-01-01,2007-05-01,8,2007,105142.0,105142.0,2724.3785207694505,0.11135592865632851,48,40,Current,Current,none,0,0.0,0.0,0.0,0,0.0,0.0,0,643
4747,2008-01-01,2004-04-01,45,2004,10158.0,10158.0,245.30143540352475,0.15680448545124695,60,15,Current,Current,none,0,0.0,0.0,0.0,0,0.0,0.0,0,275
4752,2008-01-01,2004-06-01,43,2004,86245.0,86245.0,1548.249974895727,0.08851179705405865,72,29,Current,Current,none,0,0.0,0.0,0.0,0,0.0,0.0,0,223
4763,2008-01-01,2004-05-01,44,2004,28836.0,28836.0,579.0600644853877,0.07590855375035915,60,16,Current,Current,none,0,0.0,0.0,0.0,0,0.0,0.0,0,257
4784,2008-01-01,2006-04-01,21,2006,86655.0,86655.0,1925.1008400480903,0.11943075520997656,60,39,Current,Current,none,0,0.0,0.0,0.0,0,0.0,0.0,0,599
4785,2008-01-01,2007-11-01,2,2007,26847.0,26847.0,552.1752478689086,0.0860564144654145,60,58,Current,Current,none,0,0.0,0.0,0.0,0,0.0,0.0,1,934
4790,2008-01-01,2003-11-01,50,2003,27811.0,27811.0,587.4379572946636,0.0974645214574231,60,10,Current,Current,none,0,0.0,0.0,0.0,0,0.0,0.0,0,218
4800,2008-01-01,2006-09-01,16,2006,103650.0,103650.0,3517.2204897095244,0.13496568254334354,36,20,Current,Current,none,0,0.0,0.0,0.0,0,0.0,0.0,0,490
4801,2008-01-01,2005-09-01,28,2005,30943.0,30943.0,789.316687856003,0.10303802504860954,48,20,Current,Current,none,0,0.0,0.0,0.0,0,0.0,0.0,0,185
4808,2008-01-01,2004-11-01,38,2004,42725.0,42725.0,911.7829635587225,0.10190168795419138,60,22,Current,Current,none,0,0.0,0.0,0.0,0,0.0,0.0,0,644
4809,2008-01-01,2002-09-01,64,2002,18357.0,18357.0,331.33582837254005,0.09048390205906341,72,8,Current,Current,none,0,0.0,0.0,0.0,0,0.0,0.0,0,151
4824,2008-01-01,2004-07-01,42,2004,48995.0,48995.0,976.788653671077,0.07286179182717122,60,18,Current,Current,none,0,0.0,0.0,0.0,0,0.0,0.0,0,502
4832,2008-01-01,2006-07-01,18,2006,22670.0,22670.0,457.46568704063225,0.07796918332986134,60,42,Current,Current,none,0,0.0,0.0,0.0,0,0.0,0.0,0,354
4844,2008-01-01,2007-11-01,2,2007,124128.0,124128.0,2984.0771185353847,0.07202533918738122,48,46,Current,Current,none,0,0.0,0.0,0.0,0,0.0,0.0,0,944
4846,2008-01-01,2005-09-01,28,2005,39588.0,39588.0,852.1665319647494,0.10564527421715707,60,32,Current,Current,none,0,0.0,0.0,0.0,0,0.0,0.0,0,979
4853,2008-01-01,2003-07-01,54,2003,78641.0,78641.0,1425.8456480020172,0.09212276681677407,72,18,Current,Current,none,0,0.0,0.0,0.0,0,0.0,0.0,0,119
4856,2008-01-01,2005-08-01,29,2005,59525.0,59525.0,1548.751553631481,0.11355504516661136,48,19,Current,Current,none,0,0.0,0.0,0.0,0,0.0,0.0,0,279
4859,2008-01-01,2002-03-01,70,2002,66703.0,66703.0,1298.7528148264844,0.11846924427787626,72,2,Current,Current,none,0,0.0,0.0,0.0,0,0.0,0.0,0,268
4860,2008-01-01,2008-01-01,0,2008,149105.0,149105.0,2997.0959903402772,0.0763166321664632,60,60,Current,Current,none,0,0.0,0.0,0.0,0,0.0,0.0,0,592
4861,2008-01-01,2003-04-01,57,2003,90405.0,90405.0,1713.725453379104,0.10847558267064969,72,15,Current,Current,none,0,0.0,0.0,0.0,0,0.0,0.0,0,512
4865,2008-01-01,2005-01-01,36,2005,46345.0,46345.0,1025.2392955071646,0.11757098728347008,60,24,Current,Current,none,0,0.0,0.0,0.0,0,0.0,0.0,0,402
4875,2008-01-01,2005-01-01,36,2005,50606.0,50606.0,1259.2420190972098,0.08996236402465788,48,12,Current,Current,none,0,0.0,0.0,0.0,0,0.0,0.0,0,257
4876,2008-01-01,2006-07-01,18,2006,42817.0,42817.0,1147.0142285259553,0.12921916833311617,48,30,Current,Current,none,0,0.0,0.0,0.0,0,0.0,0.0,0,191
4885,2008-01-01,2007-08-01,5,2007,57158.0,57158.0,1148.0824632234103,0.07601298788116655,60,55,Current,Current,none,0,0.0,0.0,0.0,0,0.0,0.0,0,148
4886,2008-01-01,2004-11-01,38,2004,34976.0,34976.0,718.6099860274612,0.08560707377852662,60,22,Current,Current,none,0,0.0,0.0,0.0,0,0.0,0.0,0,104
4890,2008-01-01,2004-04-01,45,2004,41994.0,41994.0,982.0554955612479,0.1422605943574697,60,15,Current,Current,none,0,0.0,0.0,0.0,0,0.0,0.0,0,261
4893,2008-01-01,2005-08-01,29,2005,55345.0,55345.0,1132.5818025030235,0.08390986728074434,60,31,Current,Current,none,0,0.0,0.0,0.0,0,0.0,0.0,0,519
4895,2008-01-01,2005-03-01,34,2005,51031.0,51031.0,1248.757036526299,0.08122697584458528,48,14,Current,Current,none,0,0.0,0.0,0.0,0,0.0,0.0,0,458
4904,2008-01-01,2004-03-01,46,2004,43920.0,43920.0,814.1604815990303,0.10022827985435068,72,26,Current,Current,none,0,0.0,0.0,0.0,0,0.0,0.0,0,361
4924,2008-01-01,2007-03-01,10,2007,43687.0,43687.0,954.2210085031353,0.11199841998355949,60,50,Current,Current,none,0,0.0,0.0,0.0,0,0.0,0.0,0,630
4944,2008-01-01,2006-10-01,15,2006,34164.0,34164.0,833.3609502771506,0.07957453926025637,48,33,Current,Current,none,0,0.0,0.0,0.0,0,0.0,0.0,0,992
4946,2008-01-01,2006-02-01,23,2006,18870.0,18870.0,451.6610215472512,0.1527666447122846,60,37,Current,Current,none,0,0.0,0.0,0.0,0,0.0,0.0,0,241
4947,2008-01-01,2004-06-01,43,2004,90120.0,90120.0,2003.7770423138277,0.11980397766089837,60,17,Current,Current,none,0,0.0,0.0,0.0,0,0.0,0.0,0,856
4960,2008-01-01,2003-07-01,54,2003,67355.0,67355.0,1214.5388164398198,0.09012824725189617,72,18,Current,Current,none,0,0.0,0.0,0.0,0,0.0,0.0,0,134
4970,2008-01-01,2008-01-01,0,2008,140910.0,140910.0,3009.225133721534,0.10220401217750423,60,60,Current,Current,none,0,0.0,0.0,0.0,0,0.0,0.0,0,868
4979,2008-01-01,2003-08-01,53,2003,30395.0,30395.0,573.5042349721814,0.10675668200263015,72,19,Current,Current,none,0,0.0,0.0,0.0,0,0.0,0.0,0,813
4986,2008-01-01,2005-10-01,27,2005,29555.0,29555.0,581.8502958505672,0.06757601220666286,60,33,Current,Current,none,0,0.0,0.0,0.0,0,0.0,0.0,0,444
4988,2008-01-01,2006-12-01,13,2006,34116.0,34116.0,632.1572170566606,0.10007540524456329,72,59,Current,Current,none,0,0.0,0.0,0.0,0,0.0,0.0,0,849
4990,2008-01-01,2004-02-01,47,2004,46076.0,46076.0,969.825264243522,0.09595133023240734,60,13,Current,Current,none,0,0.0,0.0,0.0,0,0.0,0.0,0,239
5000,2008-01-01,2007-03-01,10,2007,91869.0,91869.0,2028.2805822454816,0.11669836248869901,60,50,Current,Current,none,0,0.0,0.0,0.0,0,0.0,0.0,0,231
5012,2008-01-01,2005-02-01,35,2005,46753.0,46753.0,818.2035105670722,0.07933024664041023,72,37,Current,Current,none,0,0.0,0.0,0.0,0,0.0,0.0,0,214
5019,2008-01-01,2004-02-01,47,2004,114095.0,114095.0,2875.5948775524384,0.09668153591282715,48,1,Current,Current,none,0,0.0,0.0,0.0,0,0.0,0.0,0,742
5034,2008-01-01,2004-11-01,38,2004,29818.0,29818.0,533.376845806027,0.08721745644461486,72,34,Current,Current,none,0,0.0,0.0,0.0,0,0.0,0.0,0,235
5036,2008-01-01,2007-09-01,4,2007,152221.0,152221.0,3700.4154698466455,0.07779376995409484,48,44,Current,Current,none,0,0.0,0.0,0.0,0,0.0,0.0,0,636
5054,2008-01-01,2005-11-01,26,2005,29808.0,29808.0,977.8706399907904,0.11141240807452028,36,10,Current,Current,none,0,0.0,0.0,0.0,0,0.0,0.0,0,490
5056,2008-01-01,2003-05-01,56,2003,100960.0,100960.0,2016.6119587621404,0.07366068716339716,60,4,Current,Current,none,0,0.0,0.0,0.0,0,0.0,0.0,0,341
5073,2008-01-01,2003-06-01,55,2003,31032.0,31032.0,541.0389971706411,0.07798205240669483,72,17,Current,Current,none,0,0.0,0.0,0.0,0,0.0,0.0,0,627
5076,2008-01-01,2007-04-01,9,2007,57794.0,57794.0,1942.3660664365723,0.12822328438253341,36,27,Current,Current,none,0,0.0,0.0,0.0,0,0.0,0.0,0,559
5085,2008-01-01,2005-04-01,33,2005,112201.0,112201.0,2879.442097897812,0.10623880777423544,48,15,Current,Current,none,0,0.0,0.0,0.0,0,0.0,0.0,0,958
5094,2008-01-01,2006-09-01,16,2006,137618.0,137618.0,3638.9117178005495,0.12220279383924684,48,32,Current,Current,none,0,0.0,0.0,0.0,0,0.0,0.0,0,315
5095,2008-01-01,2007-09-01,4,2007,48206.0,48206.0,1062.4926975842832,0.11595683431410443,60,56,Current,Current,none,0,0.0,0.0,0.0,0,0.0,0.0,0,881
5101,2008-01-01,2006-06-01,19,2006,19453.0,19453.0,346.15914035180265,0.08533011322811947,72,53,Current,Current,none,0,0.0,0.0,0.0,0,0.0,0.0,0,291
5105,2008-01-01,2004-07-01,42,2004,37866.0,37866.0,978.6574766895955,0.10999506084994613,48,6,Current,Current,none,0,0.0,0.0,0.0,0,0.0,0.0,0,463
5116,2008-01-01,2004-11-01,38,2004,50134.0,50134.0,1069.7594251545106,0.10184626934659341,60,22,Current,Current,none,0,0.0,0.0,0.0,0,0.0,0.0,0,333
5127,2008-01-01,2003-12-01,49,2003,73468.0,73468.0,1629.9264144211245,0.11883316413639089,60,11,Current,Current,none,0,0.0,0.0,0.0,0,0.0,0.0,0,629
5131,2008-01-01,2006-05-01,20,2006,82473.0,82473.0,1718.8052678861566,0.09169722671265869,60,40,Current,Current,none,0,0.0,0.0,0.0,0,0.0,0.0,0,810
5139,2008-01-01,2004-05-01,44,2004,131206.0,131206.0,2607.858437231616,0.07158492253168147,60,16,Current,Current,none,0,0.0,0.0,0.0,0,0.0,0.0,0,777
5144,2008-01-01,2006-06-01,19,2006,84683.0,84683.0,1955.792420328319,0.13665998589064424,60,41,Current,Current,none,0,0.0,0.0,0.0,0,0.0,0.0,0,530
5146,2008-01-01,2005-01-01,36,2005,41813.0,41813.0,1127.7295824905298,0.13288262080899108,48,12,Current,Current,none,0,0.0,0.0,0.0,0,0.0,0.0,0,785
5164,2008-01-01,2007-11-01,2,2007,92001.0,92001.0,1564.2441895835343,0.06903005604732447,72,70,Current,Current,none,0,0.0,0.0,0.0,0,0.0,0.0,0,319
5174,2008-01-01,2004-11-01,38,2004,33595.0,33595.0,954.3818079122811,0.16133008982436423,48,10,Current,Current,none,0,0.0,0.0,0.0,0,0.0,0.0,0,173
5175,2008-01-01,2008-01-01,0,2008,57505.0,57505.0,1018.6270556033664,0.08368491922859851,72,72,Current,Current,none,0,0.0,0.0,0.0,0,0.0,0.0,0,409
5176,2008-01-01,2005-06-01,31,2005,58555.0,58555.0,1523.1057181026029,0.11341215626434717,48,17,Current,Current,none,0,0.0,0.0,0.0,0,0.0,0.0,0,131
5188,2008-01-01,2008-01-01,0,2008,61225.0,61225.0,1093.4298359856011,0.08663950385148184,72,72,Current,Current,none,0,0.0,0.0,0.0,0,0.0,0.0,0,439
5189,2008-01-01,2006-09-01,16,2006,44221.0,44221.0,1098.0544872948406,0.0888624806310252,48,32,Current,Paid off,payoff,0,0.0,0.0,0.0,0,0.0,0.0,0,915
5203,2008-01-01,2007-06-01,7,2007,94413.0,94413.0,2263.5958002442485,0.15352700113975393,60,53,Current,Current,none,0,0.0,0.0,0.0,0,0.0,0.0,1,639
5205,2008-01-01,2007-06-01,7,2007,60594.0,60594.0,1267.8081937865174,0.09338445977600619,60,53,Current,Current,none,0,0.0,0.0,0.0,0,0.0,0.0,0,720
5218,2008-01-01,2005-07-01,30,2005,56407.0,56407.0,1458.183153810548,0.1101148981539695,48,18,Current,Current,none,0,0.0,0.0,0.0,0,0.0,0.0,0,880
5235,2008-01-01,2003-06-01,55,2003,86208.0,86208.0,1893.0435117533734,0.11433074149255916,60,5,Current,Current,none,0,0.0,0.0,0.0,0,0.0,0.0,0,708
5243,2008-01-01,2004-06-01,43,2004,42445.0,42445.0,871.504943595799,0.08533270584629073,60,17,Current,Current,none,0,0.0,0.0,0.0,0,0.0,0.0,0,876
5257,2008-01-01,2005-07-01,30,2005,36416.0,36416.0,718.4385489905771,0.12342294494165305,72,42,Current,Current,none,0,0.0,0.0,0.0,0,0.0,0.0,0,622
5274,2008-01-01,2005-11-01,26,2005,39083.0,39083.0,878.5613075641975,0.17416856040653605,72,46,Current,Current,none,0,0.0,0.0,0.0,0,0.0,0.0,0,606
5281,2008-01-01,2005-07-01,30,2005,59642.0,59642.0,1864.1825709442849,0.07826102008779609,36,6,Current,Current,none,0,0.0,0.0,0.0,0,0.0,0.0,0,897
5282,2008-01-01,2007-04-01,9,2007,42873.0,42873.0,1378.439620826324,0.09753744025401288,36,27,Current,Current,none,0,0.0,0.0,0.0,0,0.0,0.0,0,864
5286,2008-01-01,2005-09-01,28,2005,119626.0,119626.0,4060.8369791876794,0.13522367179965628,36,8,Current,Current,none,0,0.0,0.0,0.0,0,0.0,0.0,0,234
5292,2008-01-01,2005-05-01,32,2005,64976.0,64976.0,1604.8699968667047,0.0860821861125615,48,16,Current,Current,none,0,0.0,0.0,0.0,0,0.0,0.0,0,765
5302,2008-01-01,2005-02-01,35,2005,90698.0,90698.0,1965.1731352585257,0.10849044053251082,60,25,Current,Current,none,0,0.0,0.0,0.0,0,0.0,0.0,0,547
5311,2008-01-01,2005-10-01,27,2005,75620.0,75620.0,1431.8008032997482,0.1080461450606441,72,45,Current,Paid off,payoff,0,0.0,0.0,0.0,0,0.0,0.0,0,510
5313,2008-01-01,2006-10-01,15,2006,54284.0,54284.0,1026.6824666913299,0.10763504748995777,72,57,Current,Current,none,0,0.0,0.0,0.0,0,0.0,0.0,0,664
5319,2008-01-01,2006-02-01,23,2006,266626.0,266626.0,6763.329480999641,0.10007850844731009,48,25,Current,Paid off,payoff,0,0.0,0.0,0.0,0,0.0,0.0,0,819
5330,2008-01-01,2004-03-01,46,2004,32868.0,32868.0,649.294124462325,0.0690115797387801,60,14,Current,Current,none,0,0.0,0.0,0.0,0,0.0,0.0,0,931
5331,2008-01-01,2006-08-01,17,2006,30294.0,30294.0,686.871510647766,0.12844433928734583,60,43,Current,Current,none,0,0.0,0.0,0.0,0,0.0,0.0,0,216
5334,2008-01-01,2005-12-01,25,2005,64059.0,64059.0,1375.2256742225393,0.10447920446277278,60,35,Current,Current,none,0,0.0,0.0,0.0,0,0.0,0.0,0,648
5336,2008-01-01,2004-05-01,44,2004,32983.0,32983.0,588.9214747855909,0.08656045590491498,72,28,Current,Current,none,0,0.0,0.0,0.0,0,0.0,0.0,0,318
5341,2008-01-01,2003-03-01,58,2003,10045.0,10045.0,210.48418125620344,0.09402251544759602,60,2,Current,Current,none,0,0.0,0.0,0.0,0,0.0,0.0,0,773
5344,2008-01-01,2007-05-01,8,2007,113710.0,113710.0,2478.872020782229,0.111152580510603,60,52,Current,Current,none,0,0.0,0.0,0.0,0,0.0,0.0,0,393
5347,2008-01-01,2007-03-01,10,2007,113433.0,113433.0,2705.649776338016,0.06797494485310969,48,38,Current,Current,none,0,0.0,0.0,0.0,0,0.0,0.0,0,736
5354,2008-01-01,2006-02-01,23,2006,44134.0,44134.0,1072.2107539847032,0.07747215401999706,48,25,Current,Current,none,0,0.0,0.0,0.0,0,0.0,0.0,0,955
5366,2008-01-01,2003-02-01,59,2003,79813.0,79813.0,1361.5025257207005,0.07020092411719889,72,13,Current,Current,none,0,0.0,0.0,0.0,0,0.0,0.0,0,153
5370,2008-01-01,2003-02-01,59,2003,24862.0,24862.0,522.4335171880531,0.09523473179485384,60,1,Current,Current,none,0,0.0,0.0,0.0,0,0.0,0.0,0,528
5377,2008-01-01,2007-10-01,3,2007,18632.0,18632.0,369.0785406135025,0.12495559910985944,72,69,Current,Current,none,0,0.0,0.0,0.0,0,0.0,0.0,0,673
5382,2008-01-01,2007-04-01,9,2007,85537.0,85537.0,2200.9064405885206,0.10762755858583488,48,39,Current,Current,none,0,0.0,0.0,0.0,0,0.0,0.0,0,794
5383,2008-01-01,2006-03-01,22,2006,28755.0,28755.0,560.9917497497538,0.11921440422936541,72,50,Current,Current,none,0,0.0,0.0,0.0,0,0.0,0.0,0,637
5384,2008-01-01,2004-06-01,43,2004,123222.0,123222.0,3124.542543466901,0.1793304588159877,60,17,Current,Current,none,0,0.0,0.0,0.0,0,0.0,0.0,0,385
5389,2008-01-01,2003-01-01,60,2003,47630.0,47630.0,1032.5495052117324,0.10871820705098663,60,0,Current,Matured,matured,0,0.0,0.0,0.0,0,0.0,0.0,0,856
5406,2008-01-01,2002-06-01,67,2002,126614.0,126614.0,2703.9220384272558,0.15386794845314428,72,5,Current,Current,none,0,0.0,0.0,0.0,0,0.0,0.0,0,388
5409,2008-01-01,2004-10-01,39,2004,69603.0,69603.0,1425.107229609397,0.13755031393779005,72,33,Current,Paid off,payoff,0,0.0,0.0,0.0,0,0.0,0.0,0,305
5411,2008-01-01,2006-11-01,14,2006,217124.0,217124.0,4760.13113502519,0.1136233848620228,60,46,Current,Current,none,0,0.0,0.0,0.0,0,0.0,0.0,0,608
5419,2008-01-01,2002-07-01,66,2002,96727.0,96727.0,1816.9472444194319,0.10510450870000547,72,6,Current,Current,none,0,0.0,0.0,0.0,0,0.0,0.0,0,875
5425,2008-01-01,2006-09-01,16,2006,26632.0,26632.0,692.8034824974089,0.11346157083373515,48,32,Current,Current,none,0,0.0,0.0,0.0,0,0.0,0.0,0,621
5426,2008-01-01,2006-10-01,15,2006,59868.0,59868.0,1623.1985550285433,0.13573390484190367,48,33,Current,Current,none,0,0.0,0.0,0.0,0,0.0,0.0,0,327
5427,2008-01-01,2006-12-01,13,2006,85359.0,85359.0,1589.760008068925,0.10195147442772162,72,59,30 DPD,Delinquent,none,0,0.0,0.0,0.0,1,0.0,0.0,0,718
5435,2008-01-01,2006-11-01,14,2006,68894.0,68894.0,1232.100661980178,0.0871417173393595,72,58,Current,Paid off,payoff,0,0.0,0.0,0.0,0,0.0,0.0,0,351
5442,2008-01-01,2004-06-01,43,2004,60684.0,60684.0,1067.6960492781525,0.08125042005697611,72,29,Current,Paid off,payoff,0,0.0,0.0,0.0,0,0.0,0.0,0,653
5454,2008-01-01,2005-05-01,32,2005,75843.0,75843.0,1567.5030213244538,0.08813039312802513,60,28,Current,Current,none,0,0.0,0.0,0.0,0,0.0,0.0,0,240
5464,2008-01-01,2006-04-01,21,2006,60811.0,60811.0,1468.6838618751183,0.07441509560431106,48,27,Current,Current,none,0,0.0,0.0,0.0,0,0.0,0.0,0,194
5478,2008-01-01,2007-09-01,4,2007,78209.0,78209.0,1735.8777647763625,0.11902820607557557,60,56,Current,Current,none,0,0.0,0.0,0.0,0,0.0,0.0,0,761
5482,2008-01-01,2007-10-01,3,2007,89257.0,89257.0,2429.120471798278,0.1377731416563064,48,45,Current,Current,none,0,0.0,0.0,0.0,0,0.0,0.0,0,320
5484,2008-01-01,2006-06-01,19,2006,57930.0,57930.0,1219.157972196104,0.1481627198353875,72,53,Current,Current,none,0,0.0,0.0,0.0,0,0.0,0.0,0,709
5493,2008-01-01,2007-08-01,5,2007,134246.0,134246.0,2428.793386733181,0.0913399101188052,72,67,Current,Current,none,0,0.0,0.0,0.0,0,0.0,0.0,0,918
5502,2008-01-01,2007-06-01,7,2007,35485.0,35485.0,760.9624457820939,0.15549604702507916,72,65,Current,Current,none,0,0.0,0.0,0.0,0,0.0,0.0,0,270
5505,2008-01-01,2004-10-01,39,2004,42922.0,42922.0,860.5316305710759,0.0752268663902172,60,21,Current,Current,none,0,0.0,0.0,0.0,0,0.0,0.0,0,702
5506,2008-01-01,2005-04-01,33,2005,57105.0,57105.0,1288.5904827869233,0.1263229171649128,60,27,Current,Current,none,0,0.0,0.0,0.0,0,0.0,0.0,0,510
5511,2008-01-01,2007-03-01,10,2007,73035.0,73035.0,1885.1335210743148,0.10929649429660222,48,38,Current,Current,none,0,0.0,0.0,0.0,0,0.0,0.0,0,261
5512,2008-01-01,2005-01-01,36,2005,57373.0,57373.0,1447.9883735532278,0.097405166258721,48,12,Current,Current,none,0,0.0,0.0,0.0,0,0.0,0.0,0,301
5514,2008-01-01,2005-07-01,30,2005,63395.0,63395.0,1406.2139773695972,0.11875887734136581,60,30,Current,Current,none,0,0.0,0.0,0.0,0,0.0,0.0,0,214
5523,2008-01-01,2004-02-01,47,2004,70851.0,70851.0,1300.4944266504522,0.09661000692746201,72,25,Current,Current,none,0,0.0,0.0,0.0,0,0.0,0.0,0,560
5526,2008-01-01,2007-02-01,11,2007,58330.0,58330.0,1401.061415556128,0.07157895323399943,48,37,Current,Current,none,0,0.0,0.0,0.0,0,0.0,0.0,0,722
5527,2008-01-01,2005-02-01,35,2005,145163.0,145163.0,2919.096087296562,0.07649553367453077,60,25,Current,Current,none,0,0.0,0.0,0.0,0,0.0,0.0,0,502
5533,2008-01-01,2007-11-01,2,2007,44795.0,44795.0,993.355798730126,0.11863627251863444,60,58,Current,Current,none,0,0.0,0.0,0.0,0,0.0,0.0,0,531
5536,2008-01-01,2007-08-01,5,2007,36748.0,36748.0,704.3735405884013,0.11260303410804612,72,67,Current,Current,none,0,0.0,0.0,0.0,0,0.0,0.0,0,868
5538,2008-01-01,2006-10-01,15,2006,99043.0,99043.0,2563.146105579156,0.11069165408114835,48,33,Current,Current,none,0,0.0,0.0,0.0,0,0.0,0.0,0,269
5544,2008-01-01,2003-06-01,55,2003,41903.0,41903.0,843.4565564227393,0.07690899148914458,60,5,Current,Current,none,0,0.0,0.0,0.0,0,0.0,0.0,0,614
5550,2008-01-01,2004-12-01,37,2004,41895.0,41895.0,793.8352162275958,0.1083213041849565,72,35,Current,Current,none,0,0.0,0.0,0.0,0,0.0,0.0,0,778
5562,2008-01-01,2003-09-01,52,2003,26453.0,26453.0,477.91341148880565,0.09082501962735064,72,20,Current,Current,none,0,0.0,0.0,0.0,0,0.0,0.0,0,829
5565,2008-01-01,2005-12-01,25,2005,24738.0,24738.0,492.79844647608064,0.07252841574711397,60,35,Current,Current,none,0,0.0,0.0,0.0,0,0.0,0.0,0,821
5571,2008-01-01,2006-09-01,16,2006,23831.0,23831.0,591.3107980978469,0.08847456298749422,48,32,Current,Current,none,0,0.0,0.0,0.0,0,0.0,0.0,0,855
5573,2008-01-01,2007-10-01,3,2007,98991.0,98991.0,2191.1662276894867,0.1178311611340291,60,57,Current,Current,none,0,0.0,0.0,0.0,0,0.0,0.0,0,390
5576,2008-01-01,2006-06-01,19,2006,41516.0,41516.0,867.3919039758492,0.0927680405341405,60,41,Current,Current,none,0,0.0,0.0,0.0,0,0.0,0.0,0,135
5583,2008-01-01,2007-05-01,8,2007,34940.0,34940.0,1206.9197991959036,0.1474920424878891,36,28,Current,Current,none,0,0.0,0.0,0.0,0,0.0,0.0,0,567
5597,2008-01-01,2004-10-01,39,2004,66080.0,66080.0,1617.3244217217816,0.08132675704326205,48,9,Current,Current,none,0,0.0,0.0,0.0,0,0.0,0.0,0,356
5616,2008-01-01,2004-12-01,37,2004,49000.0,49000.0,857.8630733574045,0.07947074365361649,72,35,Current,Current,none,0,0.0,0.0,0.0,0,0.0,0.0,0,422
5621,2008-01-01,2006-04-01,21,2006,33273.0,33273.0,861.375422200633,0.11087673503956541,48,27,Current,Current,none,0,0.0,0.0,0.0,0,0.0,0.0,0,680
5627,2008-01-01,2003-05-01,56,2003,44938.0,44938.0,755.787101928673,0.06517873795994968,72,16,Current,Current,none,0,0.0,0.0,0.0,0,0.0,0.0,0,681
5630,2008-01-01,2006-07-01,18,2006,42813.0,42813.0,756.4659225167264,0.08277548107270476,72,54,Current,Current,none,0,0.0,0.0,0.0,0,0.0,0.0,0,656
5635,2008-01-01,2003-04-01,57,2003,33941.0,33941.0,696.6716661900834,0.08519563941640865,60,3,Current,Current,none,0,0.0,0.0,0.0,0,0.0,0.0,0,119
5638,2008-01-01,2006-08-01,17,2006,17521.0,17521.0,399.61660130292734,0.13106961027442865,60,43,Current,Current,none,0,0.0,0.0,0.0,0,0.0,0.0,0,845
5655,2008-01-01,2007-08-01,5,2007,60315.0,60315.0,1057.2606948913667,0.0799128255991136,72,67,Current,Current,none,0,0.0,0.0,0.0,0,0.0,0.0,0,699
5659,2008-01-01,2002-06-01,67,2002,58995.0,58995.0,1025.2059742170843,0.07680904470887237,72,5,Current,Current,none,0,0.0,0.0,0.0,0,0.0,0.0,0,339
5660,2008-01-01,2008-01-01,0,2008,93926.0,93926.0,2650.7337094050963,0.1576782284258557,48,48,Current,Current,none,0,0.0,0.0,0.0,0,0.0,0.0,0,386
5665,2008-01-01,2007-12-01,1,2007,104294.0,104294.0,2209.1035950211935,0.09866673783286999,60,59,Current,Current,none,0,0.0,0.0,0.0,0,0.0,0.0,0,835
5672,2008-01-01,2004-03-01,46,2004,154905.0,154905.0,3340.980458324527,0.1064929347644793,60,14,Current,Current,none,0,0.0,0.0,0.0,0,0.0,0.0,0,194
5673,2008-01-01,2006-04-01,21,2006,47373.0,47373.0,1001.1163611693155,0.0976711222916558,60,39,Current,Current,none,0,0.0,0.0,0.0,0,0.0,0.0,0,162
5674,2008-01-01,2005-10-01,27,2005,70339.0,70339.0,1747.729161312317,0.08920326490470064,48,21,Current,Current,none,0,0.0,0.0,0.0,0,0.0,0.0,0,421
5682,2008-01-01,2004-11-01,38,2004,44415.0,44415.0,847.1708199437535,0.054410833732848524,60,22,Current,Current,none,0,0.0,0.0,0.0,0,0.0,0.0,0,886
5713,2008-01-01,2006-06-01,19,2006,20489.0,20489.0,514.637207100092,0.17491712866259462,60,41,Current,Current,none,0,0.0,0.0,0.0,0,0.0,0.0,0,643
5725,2008-01-01,2005-05-01,32,2005,19460.0,19460.0,687.8037060111207,0.16379108733704195,36,4,Current,Current,none,0,0.0,0.0,0.0,0,0.0,0.0,0,448
5726,2008-01-01,2004-04-01,45,2004,224923.0,224923.0,4891.326698197296,0.11008519300342318,60,15,Current,Current,none,0,0.0,0.0,0.0,0,0.0,0.0,0,939
5731,2008-01-01,2003-09-01,52,2003,149444.0,149444.0,3656.1644399645265,0.16276310469206706,60,8,Current,Paid off,payoff,0,0.0,0.0,0.0,0,0.0,0.0,0,655
5740,2008-01-01,2005-04-01,33,2005,35479.0,35479.0,1116.2843288455247,0.0827469231679164,36,3,Current,Current,none,0,0.0,0.0,0.0,0,0.0,0.0,0,128
5744,2008-01-01,2004-09-01,40,2004,32503.0,32503.0,585.0026149429061,0.08945336320304516,72,32,Current,Current,none,0,0.0,0.0,0.0,0,0.0,0.0,0,155
5755,2008-01-01,2003-04-01,57,2003,62921.0,62921.0,1376.2718723487608,0.11261401663634871,60,3,Current,Current,none,0,0.0,0.0,0.0,0,0.0,0.0,0,713
5766,2008-01-01,2004-10-01,39,2004,57369.0,57369.0,1441.4077896802276,0.09504327589143564,48,9,Current,Current,none,0,0.0,0.0,0.0,0,0.0,0.0,0,104
5770,2008-01-01,2007-03-01,10,2007,34292.0,34292.0,620.4490295152955,0.09136007640898623,72,62,Current,Current,none,0,0.0,0.0,0.0,0,0.0,0.0,0,737
5793,2008-01-01,2004-09-01,40,2004,184915.0,184915.0,3303.6349355851526,0.08677095935254768,72,32,Current,Current,none,0,0.0,0.0,0.0,0,0.0,0.0,0,275
5798,2008-01-01,2006-07-01,18,2006,163967.0,163967.0,4258.049226899209,0.1125378294182638,48,30,Current,Current,none,0,0.0,0.0,0.0,0,0.0,0.0,0,587
5800,2008-01-01,2004-05-01,44,2004,41472.0,41472.0,872.878148275188,0.0959314399494213,60,16,Current,Current,none,0,0.0,0.0,0.0,0,0.0,0.0,0,525
5802,2008-01-01,2006-12-01,13,2006,86998.0,86998.0,2249.675772105196,0.11027617733622015,48,35,Current,Current,none,0,0.0,0.0,0.0,0,0.0,0.0,0,908
5828,2008-01-01,2007-07-01,6,2007,28656.0,28656.0,561.9489820767374,0.06593915817399353,60,54,Current,Current,none,0,0.0,0.0,0.0,0,0.0,0.0,0,651
5830,2008-01-01,2005-08-01,29,2005,62942.0,62942.0,1301.440724275232,0.08831815308730616,60,31,Current,Current,none,0,0.0,0.0,0.0,0,0.0,0.0,0,678
5864,2008-01-01,2006-11-01,14,2006,30956.0,30956.0,665.0837577930196,0.10481646083477135,60,46,Current,Current,none,0,0.0,0.0,0.0,0,0.0,0.0,0,973
5872,2008-01-01,2006-12-01,13,2006,29348.0,29348.0,659.9726596446496,0.12480112167895348,60,47,Current,Paid off,payoff,0,0.0,0.0,0.0,0,0.0,0.0,0,445
5876,2008-01-01,2005-07-01,30,2005,51520.0,51520.0,1082.3247869866234,0.09512267616982914,60,30,Current,Current,none,0,0.0,0.0,0.0,0,0.0,0.0,0,470
5882,2008-01-01,2004-09-01,40,2004,28796.0,28796.0,767.7673395298345,0.1266654814046739,48,8,Current,Current,none,0,0.0,0.0,0.0,0,0.0,0.0,0,245
5901,2008-01-01,2007-12-01,1,2007,64870.0,64870.0,1576.450647603308,0.15969190880901624,60,59,Current,Current,none,0,0.0,0.0,0.0,0,0.0,0.0,0,605
5902,2008-01-01,2005-03-01,34,2005,16058.0,16058.0,381.72504574184137,0.14965154466062985,60,26,Current,Current,none,0,0.0,0.0,0.0,0,0.0,0.0,0,992
5903,2008-01-01,2003-03-01,58,2003,45024.0,45024.0,1029.629018088739,0.13225058061296463,60,2,Current,Current,none,0,0.0,0.0,0.0,0,0.0,0.0,0,615
5908,2008-01-01,2006-11-01,14,2006,21028.0,21028.0,572.256449096026,0.1377555602099074,48,34,Current,Current,none,0,0.0,0.0,0.0,0,0.0,0.0,0,586
5912,2008-01-01,2007-07-01,6,2007,19323.0,19323.0,397.6570836618489,0.08630467577565634,60,54,Current,Current,none,0,0.0,0.0,0.0,0,0.0,0.0,0,387
5917,2008-01-01,2007-01-01,12,2007,139168.0,139168.0,2687.563039923064,0.11539686499573125,72,60,Current,Current,none,0,0.0,0.0,0.0,0,0.0,0.0,0,235
5919,2008-01-01,2002-05-01,68,2002,70298.0,70298.0,1247.4637021372139,0.08432891930479564,72,4,Current,Current,none,0,0.0,0.0,0.0,0,0.0,0.0,0,185
5962,2008-01-01,2005-09-01,28,2005,55953.0,55953.0,1403.8241752985539,0.09429211982904895,48,20,Current,Current,none,0,0.0,0.0,0.0,0,0.0,0.0,0,581
5964,2008-01-01,2006-07-01,18,2006,75987.0,75987.0,1904.5253962141069,0.09375725002482266,48,30,Current,Current,none,0,0.0,0.0,0.0,0,0.0,0.0,0,590
5972,2008-01-01,2007-01-01,12,2007,110036.0,110036.0,3525.605164596772,0.09516086682940655,36,24,Current,Current,none,0,0.0,0.0,0.0,0,0.0,0.0,0,155
5973,2008-01-01,2004-02-01,47,2004,73379.0,73379.0,1495.550894787458,0.08218619873132149,60,13,Current,Current,none,0,0.0,0.0,0.0,0,0.0,0.0,0,585
5976,2008-01-01,2007-01-01,12,2007,30534.0,30534.0,575.4583003534674,0.10632685308270318,72,60,Current,Current,none,0,0.0,0.0,0.0,0,0.0,0.0,0,389
5993,2008-01-01,2007-01-01,12,2007,118515.0,118515.0,2346.7367354634744,0.06999958695827004,60,48,Current,Current,none,0,0.0,0.0,0.0,0,0.0,0.0,0,470
6004,2008-01-01,2003-01-01,60,2003,147391.0,147391.0,3793.2346676014995,0.18627217258902468,60,0,Current,Matured,matured,0,0.0,0.0,0.0,0,0.0,0.0,0,735
6021,2008-01-01,2004-09-01,40,2004,36285.0,36285.0,961.4656903209338,0.12332950794261599,48,8,Current,Current,none,0,0.0,0.0,0.0,0,0.0,0.0,0,754
6038,2008-01-01,2005-09-01,28,2005,116048.0,116048.0,2734.315616935267,0.061675773586141444,48,20,Current,Current,none,0,0.0,0.0,0.0,0,0.0,0.0,0,335
6044,2008-01-01,2006-09-01,16,2006,39484.0,39484.0,697.2320722788093,0.08256193233647093,72,56,Current,Current,none,0,0.0,0.0,0.0,0,0.0,0.0,0,744
6045,2008-01-01,2007-07-01,6,2007,29141.0,29141.0,891.9434637936085,0.06409556967069585,36,30,Current,Current,none,0,0.0,0.0,0.0,0,0.0,0.0,0,792
6053,2008-01-01,2005-12-01,25,2005,68117.0,68117.0,1856.345684214612,0.13852036296661052,48,23,Current,Current,none,0,0.0,0.0,0.0,0,0.0,0.0,0,901
6055,2008-01-01,2004-05-01,44,2004,47271.0,47271.0,1024.8391304601487,0.108748896244932,60,16,Current,Current,none,0,0.0,0.0,0.0,0,0.0,0.0,0,101
6061,2008-01-01,2007-05-01,8,2007,116701.0,116701.0,2466.965654166048,0.0978049175504468,60,52,Current,Paid off,payoff,0,0.0,0.0,0.0,0,0.0,0.0,0,839
6069,2008-01-01,2005-04-01,33,2005,91300.0,91300.0,1942.9936528317185,0.10069829693668678,60,27,Current,Current,none,0,0.0,0.0,0.0,0,0.0,0.0,0,193
6071,2008-01-01,2003-09-01,52,2003,24661.0,24661.0,485.1124266465775,0.06723997292017869,60,8,Current,Current,none,0,0.0,0.0,0.0,0,0.0,0.0,0,185
6103,2008-01-01,2007-04-01,9,2007,104484.0,104484.0,2741.9397823203603,0.11814148164342454,48,39,Current,Current,none,0,0.0,0.0,0.0,0,0.0,0.0,0,743
6114,2008-01-01,2006-05-01,20,2006,25246.0,25246.0,620.9064223333105,0.08385432878216277,48,28,Current,Current,none,0,0.0,0.0,0.0,0,0.0,0.0,0,966
6119,2008-01-01,2004-02-01,47,2004,24989.0,24989.0,515.0071631927515,0.14006751078893315,72,25,Current,Current,none,0,0.0,0.0,0.0,0,0.0,0.0,0,664
6124,2008-01-01,2005-12-01,25,2005,66378.0,66378.0,1775.5005739469657,0.12840357029498883,48,23,Current,Current,none,0,0.0,0.0,0.0,0,0.0,0.0,0,293
6134,2008-01-01,2007-11-01,2,2007,173687.0,173687.0,3728.7966655193327,0.15593197996192582,72,70,Current,Current,none,0,0.0,0.0,0.0,0,0.0,0.0,0,922
6136,2008-01-01,2007-08-01,5,2007,65609.0,65609.0,1167.6465606925683,0.08537900141108666,72,67,Current,Current,none,0,0.0,0.0,0.0,0,0.0,0.0,0,940
6158,2008-01-01,2004-10-01,39,2004,82137.0,82137.0,1797.4471011907392,0.11282403579028792,60,21,Current,Current,none,0,0.0,0.0,0.0,0,0.0,0.0,0,143
6165,2008-01-01,2007-01-01,12,2007,107328.0,107328.0,2676.8736674877828,0.09117885451816485,48,36,Current,Current,none,0,0.0,0.0,0.0,0,0.0,0.0,0,657
6167,2008-01-01,2007-12-01,1,2007,36811.0,36811.0,770.9173771487082,0.14626269828724667,72,71,Current,Current,none,0,0.0,0.0,0.0,0,0.0,0.0,0,477
6171,2008-01-01,2005-04-01,33,2005,42086.0,42086.0,1063.1872919051007,0.09790844095731976,48,15,Current,Current,none,0,0.0,0.0,0.0,0,0.0,0.0,0,267
6174,2008-01-01,2008-01-01,0,2008,34731.0,34731.0,1098.3201456156064,0.08620980316308446,36,36,Current,Current,none,0,0.0,0.0,0.0,0,0.0,0.0,0,734
6177,2008-01-01,2006-07-01,18,2006,42724.0,42724.0,1439.478577181517,0.12996995463290434,36,18,Current,Current,none,0,0.0,0.0,0.0,0,0.0,0.0,0,639
6189,2008-01-01,2006-12-01,13,2006,27917.0,27917.0,545.9945589366436,0.12014590035433825,72,59,Current,Current,none,0,0.0,0.0,0.0,0,0.0,0.0,0,332
6191,2008-01-01,2006-05-01,20,2006,49464.0,49464.0,1269.2488297587129,0.18488746264919506,60,40,Current,Current,none,0,0.0,0.0,0.0,0,0.0,0.0,0,772
6192,2008-01-01,2007-12-01,1,2007,96784.0,96784.0,2229.4270247461664,0.13548962558648808,60,59,Current,Current,none,0,0.0,0.0,0.0,0,0.0,0.0,0,567
6194,2008-01-01,2004-05-01,44,2004,134905.0,134905.0,2781.628695644033,0.08712636845926147,60,16,Current,Current,none,0,0.0,0.0,0.0,0,0.0,0.0,0,834
6196,2008-01-01,2004-04-01,45,2004,53827.0,53827.0,1494.0464568172713,0.14853317457002121,48,3,Current,Current,none,0,0.0,0.0,0.0,0,0.0,0.0,0,120
6199,2008-01-01,2004-03-01,46,2004,69342.0,69342.0,1591.38089805533,0.13383244418673246,60,14,Current,Current,none,0,0.0,0.0,0.0,0,0.0,0.0,0,213
6217,2008-01-01,2006-05-01,20,2006,133591.0,133591.0,2713.9538307746843,0.08081443367721619,60,40,Current,Current,none,0,0.0,0.0,0.0,0,0.0,0.0,0,926
6227,2008-01-01,2005-01-01,36,2005,33817.0,33817.0,1115.8592595354853,0.11544115555778235,36,0,Current,Matured,matured,0,0.0,0.0,0.0,0,0.0,0.0,0,289
6229,2008-01-01,2005-05-01,32,2005,60540.0,60540.0,1185.192735433684,0.12051567097467068,72,40,Current,Current,none,0,0.0,0.0,0.0,0,0.0,0.0,0,184
6233,2008-01-01,2004-02-01,47,2004,70264.0,70264.0,1949.583588069376,0.1483375461622663,48,1,Current,Current,none,0,0.0,0.0,0.0,0,0.0,0.0,0,411
6236,2008-01-01,2006-01-01,24,2006,75038.0,75038.0,1700.5010683907528,0.12821625297216263,60,36,Current,Current,none,0,0.0,0.0,0.0,0,0.0,0.0,0,858
6237,2008-01-01,2007-04-01,9,2007,11928.0,11928.0,291.39777092185034,0.08035790421414662,48,39,Current,Current,none,0,0.0,0.0,0.0,0,0.0,0.0,0,836
6256,2008-01-01,2004-03-01,46,2004,53175.0,53175.0,1088.3154673976976,0.0839648150142199,60,14,Current,Current,none,0,0.0,0.0,0.0,0,0.0,0.0,0,449
6257,2008-01-01,2005-08-01,29,2005,104716.0,104716.0,2074.6159250553515,0.07022536862076693,60,31,Current,Current,none,0,0.0,0.0,0.0,0,0.0,0.0,0,494
6259,2008-01-01,2004-12-01,37,2004,107963.0,107963.0,3070.2226557011713,0.16190089630027735,48,11,Current,Current,none,0,0.0,0.0,0.0,0,0.0,0.0,0,694
6264,2008-01-01,2003-10-01,51,2003,26745.0,26745.0,533.6050172751789,0.073180111784952,60,9,Current,Current,none,0,0.0,0.0,0.0,0,0.0,0.0,0,192
6266,2008-01-01,2007-05-01,8,2007,73277.0,73277.0,2378.780979723213,0.10416022337182038,36,28,Current,Current,none,0,0.0,0.0,0.0,0,0.0,0.0,0,317
6273,2008-01-01,2005-07-01,30,2005,49575.0,49575.0,1322.7317183670139,0.1270523228837582,48,18,Current,Current,none,0,0.0,0.0,0.0,0,0.0,0.0,0,285
6275,2008-01-01,2006-03-01,22,2006,39915.0,39915.0,853.1197430991757,0.10256376408227245,60,38,Current,Current,none,0,0.0,0.0,0.0,0,0.0,0.0,0,839
6304,2008-01-01,2006-09-01,16,2006,95684.0,95684.0,1832.5989748673037,0.05611385438200155,60,44,Current,Current,none,0,0.0,0.0,0.0,0,0.0,0.0,0,642
6306,2008-01-01,2007-12-01,1,2007,34073.0,34073.0,681.2575854567509,0.0740757902952564,60,59,Current,Current,none,0,0.0,0.0,0.0,0,0.0,0.0,0,610
6309,2008-01-01,2005-04-01,33,2005,119185.0,119185.0,3837.5320115046848,0.09852779694904625,36,3,Current,Current,none,0,0.0,0.0,0.0,0,0.0,0.0,0,730
6313,2008-01-01,2007-03-01,10,2007,182733.0,182733.0,3799.2485096524533,0.09067757656170647,60,50,Current,Current,none,0,0.0,0.0,0.0,0,0.0,0.0,0,801
6319,2008-01-01,2008-01-01,0,2008,46233.0,46233.0,1084.6325793829626,0.05945692724425704,48,48,Current,Current,none,0,0.0,0.0,0.0,0,0.0,0.0,0,461
6328,2008-01-01,2006-03-01,22,2006,43480.0,43480.0,765.0827143012573,0.081288027293804,72,50,Current,Current,none,0,0.0,0.0,0.0,0,0.0,0.0,0,859
6334,2008-01-01,2006-01-01,24,2006,82990.0,82990.0,2803.128749395714,0.1317168365144462,36,12,Current,Current,none,0,0.0,0.0,0.0,0,0.0,0.0,0,455
6352,2008-01-01,2007-11-01,2,2007,109618.0,109618.0,2740.427974375714,0.09241344989332555,48,46,Current,Current,none,0,0.0,0.0,0.0,0,0.0,0.0,0,151
6355,2008-01-01,2003-10-01,51,2003,95787.0,95787.0,1677.2680896011743,0.07953190975439611,72,21,Current,Current,none,0,0.0,0.0,0.0,0,0.0,0.0,0,697
6361,2008-01-01,2006-07-01,18,2006,18769.0,18769.0,313.3700361929175,0.06260536912679777,72,54,Current,Current,none,0,0.0,0.0,0.0,0,0.0,0.0,0,696
6365,2008-01-01,2003-04-01,57,2003,36545.0,36545.0,638.4093416006181,0.07868556198127671,72,15,Current,Current,none,0,0.0,0.0,0.0,0,0.0,0.0,0,674
6367,2008-01-01,2004-09-01,40,2004,148723.0,148723.0,3304.947590537892,0.16957043618370748,72,32,Current,Current,none,0,0.0,0.0,0.0,0,0.0,0.0,0,252
6376,2008-01-01,2004-02-01,47,2004,41082.0,41082.0,1081.0897313271564,0.11962468171049245,48,1,Current,Current,none,0,0.0,0.0,0.0,0,0.0,0.0,0,625
6381,2008-01-01,2002-05-01,68,2002,31782.0,31782.0,567.0164216436843,0.08626660039848845,72,4,Current,Current,none,0,0.0,0.0,0.0,0,0.0,0.0,0,813
6392,2008-01-01,2007-03-01,10,2007,92463.0,92463.0,1860.7764492801746,0.13095515000459143,72,62,Current,Current,none,0,0.0,0.0,0.0,0,0.0,0.0,0,330
6428,2008-01-01,2006-09-01,16,2006,178955.0,178955.0,3602.2315775776833,0.07691890368182665,60,44,Current,Current,none,0,0.0,0.0,0.0,0,0.0,0.0,0,544
6436,2008-01-01,2007-04-01,9,2007,35401.0,35401.0,803.1899183429072,0.1287344313684594,60,51,Current,Current,none,0,0.0,0.0,0.0,0,0.0,0.0,0,560
6439,2008-01-01,2006-10-01,15,2006,167989.0,167989.0,3863.356815875131,0.13476376185594705,60,45,Current,Current,none,0,0.0,0.0,0.0,0,0.0,0.0,0,994
6445,2008-01-01,2006-11-01,14,2006,17229.0,17229.0,346.3438027696457,0.07635445401906148,60,46,Current,Current,none,0,0.0,0.0,0.0,0,0.0,0.0,0,978
6448,2008-01-01,2007-11-01,2,2007,49877.0,49877.0,1250.059122735943,0.09373638688839424,48,46,Current,Current,none,0,0.0,0.0,0.0,0,0.0,0.0,0,421
6450,2008-01-01,2004-06-01,43,2004,72086.0,72086.0,1792.4421278041762,0.08958474456059583,48,5,Current,Current,none,0,0.0,0.0,0.0,0,0.0,0.0,0,495
6454,2008-01-01,2007-04-01,9,2007,39244.0,39244.0,782.4002741797949,0.12739373760286535,72,63,Current,Current,none,0,0.0,0.0,0.0,0,0.0,0.0,0,546
6455,2008-01-01,2004-08-01,41,2004,14550.0,14550.0,259.70969219416145,0.08644211651690345,72,31,Current,Current,none,0,0.0,0.0,0.0,0,0.0,0.0,0,369
6471,2008-01-01,2005-02-01,35,2005,94125.0,94125.0,1642.012183502138,0.07819044222670066,72,37,Current,Paid off,payoff,0,0.0,0.0,0.0,0,0.0,0.0,0,972
6477,2008-01-01,2005-08-01,29,2005,93873.0,93873.0,1597.332658392771,0.06930994015120855,72,43,Current,Current,none,0,0.0,0.0,0.0,0,0.0,0.0,0,933
6502,2008-01-01,2006-04-01,21,2006,22943.0,22943.0,740.0168717550265,0.0997314813486336,36,15,Current,Current,none,0,0.0,0.0,0.0,0,0.0,0.0,0,320
6506,2008-01-01,2005-10-01,27,2005,16203.0,16203.0,461.3488083634971,0.16258893165542276,48,21,Current,Current,none,0,0.0,0.0,0.0,0,0.0,0.0,0,329
6511,2008-01-01,2007-11-01,2,2007,90455.0,90455.0,2494.0717101453583,0.14489212903639181,48,46,Current,Current,none,0,0.0,0.0,0.0,0,0.0,0.0,0,663
6524,2008-01-01,2004-01-01,48,2004,94623.0,94623.0,2654.51250433575,0.15438564342150835,48,0,Current,Matured,matured,0,0.0,0.0,0.0,0,0.0,0.0,0,583
6530,2008-01-01,2004-07-01,42,2004,36911.0,36911.0,640.6641345748828,0.0763796615698025,72,30,Current,Current,none,0,0.0,0.0,0.0,0,0.0,0.0,0,648
6535,2008-01-01,2006-11-01,14,2006,55249.0,55249.0,1486.4114931579459,0.13153737175625282,48,34,Current,Current,none,0,0.0,0.0,0.0,0,0.0,0.0,0,861
6551,2008-01-01,2006-12-01,13,2006,115890.0,115890.0,2272.3085788894423,0.06588142198709894,60,47,Current,Current,none,0,0.0,0.0,0.0,0,0.0,0.0,0,788
6565,2008-01-01,2007-10-01,3,2007,36721.0,36721.0,1069.5579643272763,0.1752351589392868,48,45,Current,Current,none,0,0.0,0.0,0.0,0,0.0,0.0,0,588
6568,2008-01-01,2004-02-01,47,2004,168480.0,168480.0,3667.648951062939,0.11053365697754529,60,13,Current,Current,none,0,0.0,0.0,0.0,0,0.0,0.0,0,471
6571,2008-01-01,2006-07-01,18,2006,86328.0,86328.0,2704.6401252811434,0.07985796090779769,36,18,Current,Current,none,0,0.0,0.0,0.0,0,0.0,0.0,0,602
6573,2008-01-01,2007-05-01,8,2007,53516.0,53516.0,1434.5940053065128,0.12958341259919914,48,40,Current,Current,none,0,0.0,0.0,0.0,0,0.0,0.0,0,315
6580,2008-01-01,2007-07-01,6,2007,15190.0,15190.0,257.5383915105774,0.06802794946655989,72,66,Current,Current,none,0,0.0,0.0,0.0,0,0.0,0.0,0,299
6587,2008-01-01,2007-09-01,4,2007,121958.0,121958.0,3012.3096176795552,0.08608510833967117,48,44,Current,Current,none,0,0.0,0.0,0.0,0,0.0,0.0,0,408
6588,2008-01-01,2005-03-01,34,2005,146469.0,146469.0,3587.141902630987,0.08165733191328285,48,14,Current,Current,none,0,0.0,0.0,0.0,0,0.0,0.0,0,147
6603,2008-01-01,2003-11-01,50,2003,39933.0,39933.0,683.792060010582,0.07154897725410296,72,22,Current,Current,none,0,0.0,0.0,0.0,0,0.0,0.0,0,929
6614,2008-01-01,2005-05-01,32,2005,20581.0,20581.0,416.63856272101657,0.07931954505296221,60,28,Current,Current,none,0,0.0,0.0,0.0,0,0.0,0.0,0,343
6616,2008-01-01,2006-09-01,16,2006,109155.0,109155.0,2769.4483821818967,0.1001899010573744,48,32,Current,Current,none,0,0.0,0.0,0.0,0,0.0,0.0,0,401
6618,2008-01-01,2007-05-01,8,2007,99677.0,99677.0,2258.307269172276,0.1281063423837598,60,52,Current,Current,none,0,0.0,0.0,0.0,0,0.0,0.0,0,838
6628,2008-01-01,2007-12-01,1,2007,78509.0,78509.0,2154.4830858670775,0.14231007421500308,48,47,Current,Current,none,0,0.0,0.0,0.0,0,0.0,0.0,0,205
6634,2008-01-01,2006-11-01,14,2006,50905.0,50905.0,1092.6185456419582,0.10439364022535022,60,46,Current,Current,none,0,0.0,0.0,0.0,0,0.0,0.0,0,228
6642,2008-01-01,2007-03-01,10,2007,245134.0,245134.0,5247.005403138236,0.10319598397187192,60,50,Current,Current,none,0,0.0,0.0,0.0,0,0.0,0.0,0,790
6644,2008-01-01,2005-03-01,34,2005,49256.0,49256.0,907.8318415925828,0.0981143368985795,72,38,Current,Current,none,0,0.0,0.0,0.0,0,0.0,0.0,0,399
6649,2008-01-01,2004-08-01,41,2004,193914.0,193914.0,4284.381557567823,0.11702166000223664,60,19,Current,Current,none,0,0.0,0.0,0.0,0,0.0,0.0,0,208
6656,2008-01-01,2005-12-01,25,2005,37790.0,37790.0,1248.6014327082235,0.11635580362470724,36,11,Current,Current,none,0,0.0,0.0,0.0,0,0.0,0.0,0,875
6664,2008-01-01,2002-11-01,62,2002,31404.0,31404.0,609.3311690954645,0.11716308003203386,72,10,Current,Current,none,0,0.0,0.0,0.0,0,0.0,0.0,0,378
6675,2008-01-01,2004-09-01,40,2004,148898.0,148898.0,2625.702785270124,0.08206493777508299,72,32,Current,Current,none,0,0.0,0.0,0.0,0,0.0,0.0,0,160
6688,2008-01-01,2005-06-01,31,2005,42799.0,42799.0,1045.6510670567786,0.08039931316109646,48,17,Current,Current,none,0,0.0,0.0,0.0,0,0.0,0.0,0,558
6695,2008-01-01,2006-04-01,21,2006,96290.0,96290.0,2209.6103003018075,0.1337879875963796,60,39,Current,Current,none,0,0.0,0.0,0.0,0,0.0,0.0,0,758
6700,2008-01-01,2004-01-01,48,2004,88190.0,88190.0,1861.3478141951357,0.0971301028584343,60,12,Current,Current,none,0,0.0,0.0,0.0,0,0.0,0.0,0,388
6702,2008-01-01,2004-10-01,39,2004,31839.0,31839.0,684.7352573475638,0.10524783660431253,60,21,Current,Current,none,0,0.0,0.0,0.0,0,0.0,0.0,0,895
6705,2008-01-01,2003-01-01,60,2003,41505.0,41505.0,864.295893193589,0.09134921586530606,60,0,Current,Matured,matured,0,0.0,0.0,0.0,0,0.0,0.0,0,191
6720,2008-01-01,2003-03-01,58,2003,148116.0,148116.0,3178.7281889898227,0.10433702011806138,60,2,Current,Current,none,0,0.0,0.0,0.0,0,0.0,0.0,0,963
6723,2008-01-01,2005-05-01,32,2005,43236.0,43236.0,905.0961388848674,0.09360705914341287,60,28,Current,Current,none,0,0.0,0.0,0.0,0,0.0,0.0,0,805
6724,2008-01-01,2003-07-01,54,2003,36254.0,36254.0,773.5385156825254,0.10181862689561372,60,6,Current,Current,none,0,0.0,0.0,0.0,0,0.0,0.0,0,559
6745,2008-01-01,2005-04-01,33,2005,110612.0,110612.0,3550.580785766722,0.0964210289136745,36,3,Current,Current,none,0,0.0,0.0,0.0,0,0.0,0.0,0,607
6751,2008-01-01,2003-01-01,60,2003,33039.0,33039.0,701.3335826465942,0.09960157378038144,60,0,Current,Matured,matured,0,0.0,0.0,0.0,0,0.0,0.0,0,976
6755,2008-01-01,2007-11-01,2,2007,47757.0,47757.0,1192.9297405711277,0.09197987679446218,48,46,Current,Current,none,0,0.0,0.0,0.0,0,0.0,0.0,0,978
6769,2008-01-01,2003-02-01,59,2003,23164.0,23164.0,534.2913100068405,0.13608127489035599,60,1,Current,Current,none,0,0.0,0.0,0.0,0,0.0,0.0,0,894
6782,2008-01-01,2003-01-01,60,2003,38588.0,38588.0,660.0962715462978,0.07119107603768993,72,12,Current,Current,none,0,0.0,0.0,0.0,0,0.0,0.0,0,924
6787,2008-01-01,2007-08-01,5,2007,53947.0,53947.0,1199.2790030321046,0.16972321185157885,72,67,Current,Current,none,0,0.0,0.0,0.0,0,0.0,0.0,0,759
6797,2008-01-01,2006-09-01,16,2006,36208.0,36208.0,792.0679618538232,0.11266362556814001,60,44,Current,Current,none,0,0.0,0.0,0.0,0,0.0,0.0,0,512
6802,2008-01-01,2003-10-01,51,2003,68592.0,68592.0,1413.7248255581123,0.08694989513983573,60,9,Current,Current,none,0,0.0,0.0,0.0,0,0.0,0.0,0,559
6804,2008-01-01,2005-07-01,30,2005,104699.0,104699.0,2623.6442293840755,0.09365431351029738,48,18,Current,Current,none,0,0.0,0.0,0.0,0,0.0,0.0,0,799
6823,2008-01-01,2007-01-01,12,2007,92923.0,92923.0,2217.002725560898,0.06810648015320181,48,36,Current,Current,none,0,0.0,0.0,0.0,0,0.0,0.0,0,285
6829,2008-01-01,2006-06-01,19,2006,56246.0,56246.0,1224.0367389217743,0.11039647131448924,60,41,Current,Current,none,0,0.0,0.0,0.0,0,0.0,0.0,0,915
6831,2008-01-01,2003-02-01,59,2003,49712.0,49712.0,1096.2970249775271,0.1162013393435417,60,1,Current,Current,none,0,0.0,0.0,0.0,0,0.0,0.0,0,958
6833,2008-01-01,2007-11-01,2,2007,20784.0,20784.0,710.6269123243802,0.1402764087873252,36,34,Current,Current,none,0,0.0,0.0,0.0,0,0.0,0.0,0,513
6839,2008-01-01,2003-01-01,60,2003,86742.0,86742.0,1446.8338130037862,0.06225914391504756,72,12,Current,Current,none,0,0.0,0.0,0.0,0,0.0,0.0,0,340
6849,2008-01-01,2005-04-01,33,2005,53340.0,53340.0,1276.2263200090517,0.15259292908181168,60,27,Current,Current,none,0,0.0,0.0,0.0,0,0.0,0.0,0,899
6851,2008-01-01,2007-11-01,2,2007,48265.0,48265.0,986.2626539821614,0.08329228155027608,60,58,Current,Current,none,0,0.0,0.0,0.0,0,0.0,0.0,0,869
6863,2008-01-01,2004-01-01,48,2004,45937.0,45937.0,866.3892495097226,0.10659978866728016,72,24,Current,Current,none,0,0.0,0.0,0.0,0,0.0,0.0,0,272
6874,2008-01-01,2003-03-01,58,2003,56691.0,56691.0,1054.250357482201,0.1013983678479586,72,14,Current,Current,none,0,0.0,0.0,0.0,0,0.0,0.0,0,643
6882,2008-01-01,2004-07-01,42,2004,116251.0,116251.0,2835.7745728404243,0.07958719736770262,48,6,Current,Current,none,0,0.0,0.0,0.0,0,0.0,0.0,0,284
6883,2008-01-01,2007-08-01,5,2007,63673.0,63673.0,1406.9858991410517,0.167323639279544,72,67,Current,Current,none,0,0.0,0.0,0.0,0,0.0,0.0,0,623
6892,2008-01-01,2006-05-01,20,2006,34306.0,34306.0,663.3573726387558,0.11587763642807268,72,52,Current,Current,none,0,0.0,0.0,0.0,0,0.0,0.0,0,322
6902,2008-01-01,2006-08-01,17,2006,32382.0,32382.0,1146.1306809223772,0.16479188198495628,36,19,Current,Current,none,0,0.0,0.0,0.0,0,0.0,0.0,0,829
6908,2008-01-01,2008-01-01,0,2008,50126.0,50126.0,1034.9966966943653,0.0877205503372006,60,60,Current,Current,none,0,0.0,0.0,0.0,0,0.0,0.0,0,854
6917,2008-01-01,2004-08-01,41,2004,35452.0,35452.0,745.2089164435704,0.09537561822148255,60,19,Current,Current,none,0,0.0,0.0,0.0,0,0.0,0.0,0,111
6918,2008-01-01,2004-06-01,43,2004,45276.0,45276.0,1077.6144659604975,0.15021102746538997,60,17,Current,Current,none,0,0.0,0.0,0.0,0,0.0,0.0,0,689
6923,2008-01-01,2005-05-01,32,2005,80070.0,80070.0,1676.4205310446225,0.09367024751554169,60,28,Current,Current,none,0,0.0,0.0,0.0,0,0.0,0.0,0,307
6929,2008-01-01,2003-09-01,52,2003,77421.0,77421.0,1584.5531238071223,0.13739875051628003,72,20,Current,Current,none,0,0.0,0.0,0.0,0,0.0,0.0,0,251
6933,2008-01-01,2006-06-01,19,2006,147631.0,147631.0,3815.3335821388278,0.10996279022883054,48,29,Current,Current,none,0,0.0,0.0,0.0,0,0.0,0.0,0,199
6938,2008-01-01,2007-09-01,4,2007,156117.0,156117.0,3374.258822646759,0.15857853793322485,72,68,Current,Current,none,0,0.0,0.0,0.0,0,0.0,0.0,0,520
6939,2008-01-01,2007-01-01,12,2007,87566.0,87566.0,1936.037945618209,0.11732427740312122,60,48,Current,Current,none,0,0.0,0.0,0.0,0,0.0,0.0,0,781
6966,2008-01-01,2004-04-01,45,2004,20500.0,20500.0,374.2179885221624,0.09459701915637596,72,27,Current,Current,none,0,0.0,0.0,0.0,0,0.0,0.0,0,997
6970,2008-01-01,2003-06-01,55,2003,37932.0,37932.0,933.6032793918648,0.16552422677014497,60,5,Current,Current,none,0,0.0,0.0,0.0,0,0.0,0.0,0,427
6973,2008-01-01,2007-05-01,8,2007,28372.0,28372.0,875.4089632912915,0.06950958750412979,36,28,Current,Current,none,0,0.0,0.0,0.0,0,0.0,0.0,0,844
6974,2008-01-01,2003-01-01,60,2003,221729.0,221729.0,4635.1881402810595,0.09301000079670355,60,0,Current,Matured,matured,0,0.0,0.0,0.0,0,0.0,0.0,0,472
6992,2008-01-01,2006-12-01,13,2006,23594.0,23594.0,770.1944327513361,0.10799092239785206,36,23,30 DPD,Delinquent,none,0,0.0,0.0,0.0,1,0.0,0.0,0,768
6993,2008-01-01,2006-05-01,20,2006,31968.0,31968.0,580.471268378409,0.09266093772220427,72,52,Current,Current,none,0,0.0,0.0,0.0,0,0.0,0.0,0,229
7010,2008-01-01,2006-10-01,15,2006,50183.0,50183.0,1126.2271061176023,0.12390736180665989,60,45,Current,Current,none,0,0.0,0.0,0.0,0,0.0,0.0,0,322
7027,2008-01-01,2007-02-01,11,2007,75605.0,75605.0,1941.4307287401066,0.10655624576847944,48,37,Current,Current,none,0,0.0,0.0,0.0,0,0.0,0.0,0,497
7039,2008-01-01,2005-11-01,26,2005,24364.0,24364.0,674.766623481007,0.1473228784382011,48,22,Current,Current,none,0,0.0,0.0,0.0,0,0.0,0.0,0,425
7041,2008-01-01,2007-01-01,12,2007,29248.0,29248.0,764.0003762478638,0.11566425169190993,48,36,Current,Current,none,0,0.0,0.0,0.0,0,0.0,0.0,0,465
7082,2008-01-01,2005-12-01,25,2005,55423.0,55423.0,1267.0810600585999,0.1321251183438855,60,35,Current,Current,none,0,0.0,0.0,0.0,0,0.0,0.0,0,833
7084,2008-01-01,2007-03-01,10,2007,54605.0,54605.0,962.6273005087339,0.08195642802210319,72,62,Current,Current,none,0,0.0,0.0,0.0,0,0.0,0.0,0,368
7087,2008-01-01,2003-11-01,50,2003,23869.0,23869.0,483.0841980192662,0.07921778356099027,60,10,Current,Current,none,0,0.0,0.0,0.0,0,0.0,0.0,0,520
7093,2008-01-01,2006-03-01,22,2006,61027.0,61027.0,2078.4961526528054,0.13754744259940377,36,14,Current,Current,none,0,0.0,0.0,0.0,0,0.0,0.0,0,914
7107,2008-01-01,2006-07-01,18,2006,10437.0,10437.0,316.32898057474927,0.05749179921979368,36,18,Current,Current,none,0,0.0,0.0,0.0,0,0.0,0.0,0,137
7108,2008-01-01,2003-02-01,59,2003,17505.0,17505.0,405.28451584521235,0.13776417952410835,60,1,Current,Current,none,0,0.0,0.0,0.0,0,0.0,0.0,0,100
7113,2008-01-01,2007-02-01,11,2007,162888.0,162888.0,3887.130312851577,0.15140649443282198,60,49,Current,Current,none,0,0.0,0.0,0.0,0,0.0,0.0,0,760
7120,2008-01-01,2006-07-01,18,2006,70552.0,70552.0,1967.0751786268809,0.15099498295345407,48,30,Current,Current,none,0,0.0,0.0,0.0,0,0.0,0.0,0,881
7123,2008-01-01,2003-01-01,60,2003,26500.0,26500.0,542.9550095421318,0.08442580244386882,60,0,Current,Matured,matured,0,0.0,0.0,0.0,0,0.0,0.0,0,789
7131,2008-01-01,2005-09-01,28,2005,31272.0,31272.0,751.1566592657781,0.07159045677516226,48,20,Current,Current,none,0,0.0,0.0,0.0,0,0.0,0.0,0,225
7136,2008-01-01,2003-10-01,51,2003,47383.0,47383.0,864.5300109188566,0.09441773726167352,72,21,Current,Current,none,0,0.0,0.0,0.0,0,0.0,0.0,0,449
7149,2008-01-01,2007-01-01,12,2007,100266.0,100266.0,1780.6615632411279,0.08461375269379129,72,60,Current,Current,none,0,0.0,0.0,0.0,0,0.0,0.0,0,349
7150,2008-01-01,2007-01-01,12,2007,30764.0,30764.0,970.601013222819,0.08461922291794224,36,24,Current,Current,none,0,0.0,0.0,0.0,0,0.0,0.0,0,441
7152,2008-01-01,2006-06-01,19,2006,61856.0,61856.0,1190.7455383941056,0.11420759663252247,72,53,Current,Current,none,0,0.0,0.0,0.0,0,0.0,0.0,0,565
7161,2008-01-01,2006-10-01,15,2006,67409.0,67409.0,2148.212493576396,0.09147302592254761,36,21,Current,Current,none,0,0.0,0.0,0.0,0,0.0,0.0,0,879
7164,2008-01-01,2004-03-01,46,2004,56831.0,56831.0,1055.987418735953,0.10109663152790396,72,26,Current,Current,none,0,0.0,0.0,0.0,0,0.0,0.0,0,291
7175,2008-01-01,2005-11-01,26,2005,16695.0,16695.0,362.6146704630708,0.10954936591689911,60,34,Current,Current,none,0,0.0,0.0,0.0,0,0.0,0.0,0,170
7180,2008-01-01,2004-11-01,38,2004,69685.0,69685.0,1225.6590946237134,0.08113198422512678,72,34,Current,Current,none,0,0.0,0.0,0.0,0,0.0,0.0,0,418
7190,2008-01-01,2004-09-01,40,2004,54238.0,54238.0,1134.0077018896043,0.09307664058817254,60,20,Current,Current,none,0,0.0,0.0,0.0,0,0.0,0.0,0,637
7192,2008-01-01,2002-08-01,65,2002,111819.0,111819.0,2158.4984034769336,0.11523918234784827,72,7,Current,Current,none,0,0.0,0.0,0.0,0,0.0,0.0,0,921
7196,2008-01-01,2002-02-01,71,2002,125538.0,125538.0,2345.384177245098,0.10310230556715781,72,1,Current,Current,none,0,0.0,0.0,0.0,0,0.0,0.0,0,536
7204,2008-01-01,2006-08-01,17,2006,51244.0,51244.0,1075.6606043771023,0.09477683440205331,60,43,Current,Current,none,0,0.0,0.0,0.0,0,0.0,0.0,0,539
7224,2008-01-01,2007-12-01,1,2007,204098.0,204098.0,3781.935641873765,0.10008250332294374,72,71,Current,Current,none,0,0.0,0.0,0.0,0,0.0,0.0,0,507
7228,2008-01-01,2006-06-01,19,2006,97274.0,97274.0,2093.904790052885,0.10564451791263234,60,41,Current,Current,none,0,0.0,0.0,0.0,0,0.0,0.0,0,217
7237,2008-01-01,2005-04-01,33,2005,28931.0,28931.0,595.0069910702783,0.086034290639201,60,27,Current,Current,none,0,0.0,0.0,0.0,0,0.0,0.0,0,452
7253,2008-01-01,2007-07-01,6,2007,93004.0,93004.0,2969.7919455171645,0.09283568394500531,36,30,Current,Current,none,0,0.0,0.0,0.0,0,0.0,0.0,0,968
7260,2008-01-01,2007-05-01,8,2007,56454.0,56454.0,1192.4485987031255,0.09746407380986297,60,52,Current,Current,none,0,0.0,0.0,0.0,0,0.0,0.0,0,146
7274,2008-01-01,2005-02-01,35,2005,68368.0,68368.0,1404.2097920066929,0.08546586948409018,60,25,Current,Current,none,0,0.0,0.0,0.0,0,0.0,0.0,0,748
7281,2008-01-01,2002-06-01,67,2002,83487.0,83487.0,1677.5310719924069,0.1303639814323281,72,5,Current,Current,none,0,0.0,0.0,0.0,0,0.0,0.0,0,982
7300,2008-01-01,2007-09-01,4,2007,69752.0,69752.0,1398.7912602478193,0.12961478821302994,72,68,Current,Current,none,0,0.0,0.0,0.0,0,0.0,0.0,0,459
7306,2008-01-01,2007-06-01,7,2007,35797.0,35797.0,1204.4913275138729,0.12904203174362483,36,29,Current,Current,none,0,0.0,0.0,0.0,0,0.0,0.0,0,883
7324,2008-01-01,2006-04-01,21,2006,35633.0,35633.0,1147.7260744554428,0.09877360331524539,36,15,Current,Current,none,0,0.0,0.0,0.0,0,0.0,0.0,0,224
7327,2008-01-01,2005-01-01,36,2005,42084.0,42084.0,837.5521397671495,0.1267296487392839,72,36,Current,Current,none,0,0.0,0.0,0.0,0,0.0,0.0,0,829
7328,2008-01-01,2006-07-01,18,2006,39068.0,39068.0,784.5220772279785,0.07590407677833347,60,42,Current,Current,none,0,0.0,0.0,0.0,0,0.0,0.0,0,670
7364,2008-01-01,2007-03-01,10,2007,34590.0,34590.0,1063.6389934689762,0.06721449433875519,36,26,Current,Current,none,0,0.0,0.0,0.0,0,0.0,0.0,0,431
7369,2008-01-01,2006-05-01,20,2006,197615.0,197615.0,3767.382991452345,0.11058891450659508,72,52,Current,Current,none,0,0.0,0.0,0.0,0,0.0,0.0,0,244
7374,2008-01-01,2004-06-01,43,2004,77523.0,77523.0,1507.0661597223445,0.062306782115798334,60,17,Current,Current,none,0,0.0,0.0,0.0,0,0.0,0.0,0,621
7396,2008-01-01,2005-01-01,36,2005,50370.0,50370.0,1618.6015145736544,0.09716473413758,36,0,Current,Matured,matured,0,0.0,0.0,0.0,0,0.0,0.0,0,538
7412,2008-01-01,2005-05-01,32,2005,24718.0,24718.0,472.40068355724753,0.11151188917892169,72,40,Current,Current,none,0,0.0,0.0,0.0,0,0.0,0.0,0,720
7424,2008-01-01,2005-06-01,31,2005,55778.0,55778.0,1165.2306496704662,0.09271778122675102,60,29,Current,Current,none,0,0.0,0.0,0.0,0,0.0,0.0,0,788
7426,2008-01-01,2004-05-01,44,2004,34558.0,34558.0,625.2047174906369,0.09132686827475167,72,28,Current,Current,none,0,0.0,0.0,0.0,0,0.0,0.0,0,293
7435,2008-01-01,2005-07-01,30,2005,122618.0,122618.0,3917.1538960582384,0.09313829248793923,36,6,Current,Current,none,0,0.0,0.0,0.0,0,0.0,0.0,0,901
7441,2008-01-01,2007-11-01,2,2007,55442.0,55442.0,1111.597972322777,0.12953829354186677,72,70,Current,Current,none,0,0.0,0.0,0.0,0,0.0,0.0,0,327
7445,2008-01-01,2006-08-01,17,2006,33289.0,33289.0,667.2328963089336,0.07511986297123616,60,43,Current,Current,none,0,0.0,0.0,0.0,0,0.0,0.0,0,504
7458,2008-01-01,2007-11-01,2,2007,50596.0,50596.0,1067.5168075993934,0.09698172203502753,60,58,Current,Current,none,0,0.0,0.0,0.0,0,0.0,0.0,0,829
7463,2008-01-01,2003-11-01,50,2003,25018.0,25018.0,579.2880745686666,0.13780965944212936,60,10,Current,Current,none,0,0.0,0.0,0.0,0,0.0,0.0,0,575
7468,2008-01-01,2002-04-01,69,2002,39577.0,39577.0,846.0103548739233,0.15424663629972374,72,3,Current,Current,none,0,0.0,0.0,0.0,0,0.0,0.0,0,752
7476,2008-01-01,2005-03-01,34,2005,149553.0,149553.0,2890.3876996686854,0.11569113153806537,72,38,Current,Current,none,0,0.0,0.0,0.0,0,0.0,0.0,0,552
7477,2008-01-01,2007-08-01,5,2007,75875.0,75875.0,1354.406992558265,0.08646320491178296,72,67,Current,Current,none,0,0.0,0.0,0.0,0,0.0,0.0,0,106
7485,2008-01-01,2004-12-01,37,2004,37592.0,37592.0,753.2332899956251,0.07498137327712072,60,23,Current,Current,none,0,0.0,0.0,0.0,0,0.0,0.0,0,333
7486,2008-01-01,2003-11-01,50,2003,73237.0,73237.0,1539.048537863776,0.09526125909674833,60,10,Current,Current,none,0,0.0,0.0,0.0,0,0.0,0.0,0,905
7489,2008-01-01,2006-03-01,22,2006,31016.0,31016.0,1079.048195739204,0.15254423058069574,36,14,Current,Current,none,0,0.0,0.0,0.0,0,0.0,0.0,0,945
7490,2008-01-01,2004-01-01,48,2004,62078.0,62078.0,1174.952461576891,0.10790669381642709,72,24,Current,Current,none,0,0.0,0.0,0.0,0,0.0,0.0,0,455
7498,2008-01-01,2004-09-01,40,2004,34317.0,34317.0,575.4773759672076,0.06414928240666948,72,32,Current,Current,none,0,0.0,0.0,0.0,0,0.0,0.0,0,904
7501,2008-01-01,2005-11-01,26,2005,37513.0,37513.0,655.4292711735053,0.07874564154325439,72,46,Current,Current,none,0,0.0,0.0,0.0,0,0.0,0.0,0,535
7505,2008-01-01,2005-01-01,36,2005,40345.0,40345.0,881.046766903009,0.11191040698974664,60,24,Current,Current,none,0,0.0,0.0,0.0,0,0.0,0.0,0,550
7507,2008-01-01,2007-10-01,3,2007,65068.0,65068.0,1464.4911241530538,0.12517984708039465,60,57,Current,Current,none,0,0.0,0.0,0.0,0,0.0,0.0,0,653
7520,2008-01-01,2006-11-01,14,2006,80924.0,80924.0,1727.6697013767712,0.10207499768383764,60,46,Current,Current,none,0,0.0,0.0,0.0,0,0.0,0.0,0,589
7521,2008-01-01,2007-04-01,9,2007,117587.0,117587.0,3896.474478227985,0.11837918044320075,36,27,Current,Current,none,0,0.0,0.0,0.0,0,0.0,0.0,0,852
7522,2008-01-01,2007-01-01,12,2007,80402.0,80402.0,1640.532619093225,0.08266395681754901,60,48,Current,Current,none,0,0.0,0.0,0.0,0,0.0,0.0,0,311
7527,2008-01-01,2006-06-01,19,2006,33456.0,33456.0,700.3225900398011,0.09358227037554723,60,41,Current,Current,none,0,0.0,0.0,0.0,0,0.0,0.0,0,535
7532,2008-01-01,2007-12-01,1,2007,154304.0,154304.0,3510.3504969705014,0.12993167344863585,60,59,Current,Current,none,0,0.0,0.0,0.0,0,0.0,0.0,0,137
7544,2008-01-01,2006-09-01,16,2006,19179.0,19179.0,637.9416774322897,0.1210087416460484,36,20,Current,Current,none,0,0.0,0.0,0.0,0,0.0,0.0,0,324
7565,2008-01-01,2006-07-01,18,2006,56436.0,56436.0,1124.1196515365004,0.07248150379950816,60,42,Current,Current,none,0,0.0,0.0,0.0,0,0.0,0.0,0,493
7566,2008-01-01,2007-10-01,3,2007,55221.0,55221.0,985.2025050234283,0.08627228531944438,72,69,Current,Current,none,0,0.0,0.0,0.0,0,0.0,0.0,0,283
7569,2008-01-01,2007-11-01,2,2007,33063.0,33063.0,902.8406595013954,0.1396052142227988,48,46,Current,Current,none,0,0.0,0.0,0.0,0,0.0,0.0,0,529
7573,2008-01-01,2007-02-01,11,2007,30783.0,30783.0,680.2481523531038,0.11709994210189109,60,49,Current,Current,none,0,0.0,0.0,0.0,0,0.0,0.0,0,105
7574,2008-01-01,2005-01-01,36,2005,42776.0,42776.0,866.1082652450563,0.07939658619982581,60,24,Current,Paid off,payoff,0,0.0,0.0,0.0,0,0.0,0.0,0,810
7588,2008-01-01,2006-01-01,24,2006,30456.0,30456.0,1003.5594051950623,0.11447667706470596,36,12,Current,Current,none,0,0.0,0.0,0.0,0,0.0,0.0,0,680
7596,2008-01-01,2006-06-01,19,2006,27275.0,27275.0,704.7626323051301,0.10986862803862399,48,29,Current,Current,none,0,0.0,0.0,0.0,0,0.0,0.0,0,338
7606,2008-01-01,2005-05-01,32,2005,55181.0,55181.0,1240.2773339339217,0.12457895918952264,60,28,Current,Current,none,0,0.0,0.0,0.0,0,0.0,0.0,0,315
7615,2008-01-01,2005-03-01,34,2005,24671.0,24671.0,631.8272856810363,0.10513956879305829,48,14,Current,Current,none,0,0.0,0.0,0.0,0,0.0,0.0,0,626
7617,2008-01-01,2004-04-01,45,2004,98864.0,98864.0,2680.479974273557,0.13573076902100004,48,3,Current,Current,none,0,0.0,0.0,0.0,0,0.0,0.0,0,662
7626,2008-01-01,2005-07-01,30,2005,46144.0,46144.0,1017.919887376861,0.11633400628885611,60,30,Current,Current,none,0,0.0,0.0,0.0,0,0.0,0.0,0,978
7647,2008-01-01,2007-06-01,7,2007,51645.0,51645.0,1111.0464831702482,0.10538842322623007,60,53,Current,Current,none,0,0.0,0.0,0.0,0,0.0,0.0,0,494
7656,2008-01-01,2005-04-01,33,2005,20175.0,20175.0,414.29262347130054,0.08538206515575525,60,27,Current,Current,none,0,0.0,0.0,0.0,0,0.0,0.0,0,193
7659,2008-01-01,2007-02-01,11,2007,37839.0,37839.0,973.9305530768676,0.10779976433821968,48,37,Current,Current,none,0,0.0,0.0,0.0,0,0.0,0.0,0,346
7660,2008-01-01,2007-08-01,5,2007,67835.0,67835.0,1227.0375707672413,0.09126856455338118,72,67,Current,Current,none,0,0.0,0.0,0.0,0,0.0,0.0,0,353
7672,2008-01-01,2006-10-01,15,2006,54798.0,54798.0,1299.3189547403915,0.06491570438087801,48,33,Current,Current,none,0,0.0,0.0,0.0,0,0.0,0.0,0,160
7678,2008-01-01,2004-11-01,38,2004,99092.0,99092.0,1813.6341729328494,0.095556173606943,72,34,Current,Current,none,0,0.0,0.0,0.0,0,0.0,0.0,0,705
7684,2008-01-01,2004-09-01,40,2004,46359.0,46359.0,1131.297984657075,0.16159686275585297,60,20,Current,Current,none,0,0.0,0.0,0.0,0,0.0,0.0,0,669
7695,2008-01-01,2005-06-01,31,2005,45406.0,45406.0,883.5057675034999,0.11822301492494997,72,41,Current,Current,none,0,0.0,0.0,0.0,0,0.0,0.0,0,106
7701,2008-01-01,2004-02-01,47,2004,57175.0,57175.0,1458.6148145356517,0.10309358233574278,48,1,Current,Current,none,0,0.0,0.0,0.0,0,0.0,0.0,0,354
7703,2008-01-01,2004-11-01,38,2004,66995.0,66995.0,1308.7276364113739,0.06432840337832103,60,22,Current,Current,none,0,0.0,0.0,0.0,0,0.0,0.0,0,252
7714,2008-01-01,2007-05-01,8,2007,42142.0,42142.0,1110.9184962917807,0.12055948548429875,48,40,Current,Current,none,0,0.0,0.0,0.0,0,0.0,0.0,0,631
7715,2008-01-01,2007-07-01,6,2007,50280.0,50280.0,1324.5289286417456,0.1201878053612856,48,42,Current,Current,none,0,0.0,0.0,0.0,0,0.0,0.0,0,108
7716,2008-01-01,2004-12-01,37,2004,44180.0,44180.0,991.4560310134968,0.12388537768777609,60,23,Current,Current,none,0,0.0,0.0,0.0,0,0.0,0.0,0,867
7726,2008-01-01,2006-11-01,14,2006,30372.0,30372.0,593.3272070004672,0.11971423949204686,72,58,Current,Current,none,0,0.0,0.0,0.0,0,0.0,0.0,0,130
7728,2008-01-01,2005-11-01,26,2005,27922.0,27922.0,610.1128802643456,0.11216632094372297,60,34,Current,Paid off,payoff,0,0.0,0.0,0.0,0,0.0,0.0,0,184
7745,2008-01-01,2007-01-01,12,2007,102351.0,102351.0,2140.784803073906,0.1457725311503204,72,60,Current,Current,none,0,0.0,0.0,0.0,0,0.0,0.0,0,283
7759,2008-01-01,2005-12-01,25,2005,64122.0,64122.0,1402.1057419737433,0.11247825310582255,60,35,Current,Current,none,0,0.0,0.0,0.0,0,0.0,0.0,0,217
7767,2008-01-01,2005-12-01,25,2005,86440.0,86440.0,1630.626563629511,0.1066759313121101,72,47,Current,Current,none,0,0.0,0.0,0.0,0,0.0,0.0,0,383
7781,2008-01-01,2007-02-01,11,2007,103943.0,103943.0,2794.9458355730358,0.13124272504429935,48,37,Current,Current,none,0,0.0,0.0,0.0,0,0.0,0.0,0,812
7792,2008-01-01,2006-03-01,22,2006,24685.0,24685.0,506.6697906842134,0.08518423310466401,60,38,Current,Current,none,0,0.0,0.0,0.0,0,0.0,0.0,0,793
7798,2008-01-01,2004-09-01,40,2004,131770.0,131770.0,2825.1788245643193,0.10391574726432226,60,20,Current,Current,none,0,0.0,0.0,0.0,0,0.0,0.0,0,879
7801,2008-01-01,2007-08-01,5,2007,46996.0,46996.0,1691.7237810033878,0.1769022399138045,36,31,Current,Current,none,0,0.0,0.0,0.0,0,0.0,0.0,0,122
7821,2008-01-01,2005-07-01,30,2005,67735.0,67735.0,1454.3843200203826,0.10455133486223632,60,30,Current,Current,none,0,0.0,0.0,0.0,0,0.0,0.0,0,578
7824,2008-01-01,2006-08-01,17,2006,15613.0,15613.0,437.4833907703573,0.15373523347628054,48,31,Current,Current,none,0,0.0,0.0,0.0,0,0.0,0.0,0,221
7826,2008-01-01,2004-11-01,38,2004,22285.0,22285.0,501.371479341458,0.12500434590039258,60,22,Current,Current,none,0,0.0,0.0,0.0,0,0.0,0.0,0,557
7827,2008-01-01,2005-11-01,26,2005,57316.0,57316.0,1196.8766671096325,0.14514169869472995,72,46,Current,Current,none,0,0.0,0.0,0.0,0,0.0,0.0,0,389
7854,2008-01-01,2003-06-01,55,2003,26197.0,26197.0,526.3990123827923,0.1303743096132393,72,17,Current,Current,none,0,0.0,0.0,0.0,0,0.0,0.0,0,674
7858,2008-01-01,2007-10-01,3,2007,36113.0,36113.0,895.2877313895888,0.08802327308454864,48,45,Current,Current,none,0,0.0,0.0,0.0,0,0.0,0.0,0,129
7863,2008-01-01,2004-12-01,37,2004,34242.0,34242.0,837.3676317248041,0.08088321658776851,48,11,Current,Current,none,0,0.0,0.0,0.0,0,0.0,0.0,0,203
7873,2008-01-01,2007-04-01,9,2007,75083.0,75083.0,2293.5168510846274,0.20217602078406655,48,39,Current,Current,none,0,0.0,0.0,0.0,0,0.0,0.0,0,833
7875,2008-01-01,2006-12-01,13,2006,106609.0,106609.0,2208.9335415368537,0.08920832187149112,60,47,Current,Current,none,0,0.0,0.0,0.0,0,0.0,0.0,0,852
7881,2008-01-01,2007-12-01,1,2007,113859.0,113859.0,3582.8098318235407,0.08282985286524051,36,35,Current,Current,none,0,0.0,0.0,0.0,0,0.0,0.0,0,894
7896,2008-01-01,2007-04-01,9,2007,64800.0,64800.0,1397.8467833297052,0.10656904125177288,60,51,Current,Current,none,0,0.0,0.0,0.0,0,0.0,0.0,0,655
7897,2008-01-01,2007-01-01,12,2007,53108.0,53108.0,1103.5609117641163,0.0904367961221107,60,48,Current,Current,none,0,0.0,0.0,0.0,0,0.0,0.0,0,280
7908,2008-01-01,2002-02-01,71,2002,20293.0,20293.0,403.7846077680574,0.12664996647411803,72,1,Current,Current,none,0,0.0,0.0,0.0,0,0.0,0.0,0,262
7909,2008-01-01,2006-03-01,22,2006,65360.0,65360.0,1320.4191381656308,0.07844908207695231,60,38,Current,Current,none,0,0.0,0.0,0.0,0,0.0,0.0,0,364
7913,2008-01-01,2007-10-01,3,2007,70861.0,70861.0,1430.242430963711,0.07806205322580921,60,57,Current,Current,none,0,0.0,0.0,0.0,0,0.0,0.0,0,472
7918,2008-01-01,2007-11-01,2,2007,89330.0,89330.0,1962.296895604686,0.11448635320099611,60,58,Current,Current,none,0,0.0,0.0,0.0,0,0.0,0.0,0,359
7921,2008-01-01,2003-02-01,59,2003,53682.0,53682.0,1230.7054870986537,0.13336789343572641,60,1,Current,Current,none,0,0.0,0.0,0.0,0,0.0,0.0,1,932
7939,2008-01-01,2007-03-01,10,2007,62386.0,62386.0,1949.0782009664176,0.07795773100365767,36,26,Current,Current,none,0,0.0,0.0,0.0,0,0.0,0.0,0,720
7941,2008-01-01,2006-02-01,23,2006,152789.0,152789.0,3865.4025081884256,0.09867415755641505,48,25,Current,Current,none,0,0.0,0.0,0.0,0,0.0,0.0,0,590
7943,2008-01-01,2005-07-01,30,2005,136278.0,136278.0,4704.768452746353,0.14709658525044841,36,6,Current,Current,none,0,0.0,0.0,0.0,0,0.0,0.0,0,456
7950,2008-01-01,2005-10-01,27,2005,32466.0,32466.0,584.5345818695844,0.08957628350603597,72,45,Current,Current,none,0,0.0,0.0,0.0,0,0.0,0.0,0,282
7953,2008-01-01,2004-06-01,43,2004,25480.0,25480.0,513.9975135267192,0.07782761076770257,60,17,Current,Current,none,0,0.0,0.0,0.0,0,0.0,0.0,0,329
7958,2008-01-01,2003-08-01,53,2003,33499.0,33499.0,650.0188204274507,0.11718522249788588,72,19,Current,Current,none,0,0.0,0.0,0.0,0,0.0,0.0,0,924
7961,2008-01-01,2007-09-01,4,2007,48166.0,48166.0,932.7435648227913,0.11643281106198958,72,68,Current,Current,none,0,0.0,0.0,0.0,0,0.0,0.0,0,401
7974,2008-01-01,2005-10-01,27,2005,83163.0,83163.0,1955.2140755070905,0.14466147602438448,60,33,Current,Current,none,0,0.0,0.0,0.0,0,0.0,0.0,0,151
7979,2008-01-01,2006-10-01,15,2006,58225.0,58225.0,1809.8837888928085,0.07452281572862157,36,21,Current,Current,none,0,0.0,0.0,0.0,0,0.0,0.0,0,548
8004,2008-01-01,2005-04-01,33,2005,50195.0,50195.0,1589.15055176189,0.08698375703228661,36,3,Current,Current,none,0,0.0,0.0,0.0,0,0.0,0.0,0,659
8006,2008-01-01,2004-08-01,41,2004,43405.0,43405.0,1079.9014387936545,0.08988654121732541,48,7,Current,Current,none,0,0.0,0.0,0.0,0,0.0,0.0,0,515
8013,2008-01-01,2007-07-01,6,2007,32812.0,32812.0,761.6134267006188,0.13890323455563508,60,54,Current,Current,none,0,0.0,0.0,0.0,0,0.0,0.0,0,993
8023,2008-01-01,2006-09-01,16,2006,27839.0,27839.0,688.522698594498,0.08677746827954191,48,32,Current,Current,none,0,0.0,0.0,0.0,0,0.0,0.0,0,802
8026,2008-01-01,2005-05-01,32,2005,25154.0,25154.0,608.2588244287434,0.07505343217666946,48,16,Current,Current,none,0,0.0,0.0,0.0,0,0.0,0.0,0,224
8035,2008-01-01,2007-12-01,1,2007,83155.0,83155.0,2301.912196398175,0.1470647734348354,48,47,Current,Current,none,0,0.0,0.0,0.0,0,0.0,0.0,0,883
8046,2008-01-01,2005-05-01,32,2005,98188.0,98188.0,1831.9288494782325,0.1026027762112765,72,40,Current,Current,none,0,0.0,0.0,0.0,0,0.0,0.0,0,538
8054,2008-01-01,2005-07-01,30,2005,140749.0,140749.0,2988.0969537985984,0.09965288634883016,60,30,Current,Current,none,0,0.0,0.0,0.0,0,0.0,0.0,0,951
8060,2008-01-01,2006-08-01,17,2006,36539.0,36539.0,801.8814596322042,0.11406917126945643,60,43,Current,Current,none,0,0.0,0.0,0.0,0,0.0,0.0,0,578
8083,2008-01-01,2006-03-01,22,2006,88017.0,88017.0,1946.6064579919357,0.16766884993930506,72,50,Current,Current,none,0,0.0,0.0,0.0,0,0.0,0.0,0,481
8084,2008-01-01,2005-11-01,26,2005,28568.0,28568.0,681.2598584721248,0.06785723780173775,48,22,Current,Current,none,0,0.0,0.0,0.0,0,0.0,0.0,0,269
8088,2008-01-01,2002-10-01,63,2002,26267.0,26267.0,495.1400366789414,0.10640133881661015,72,9,Current,Current,none,0,0.0,0.0,0.0,0,0.0,0.0,0,271
8102,2008-01-01,2005-04-01,33,2005,42807.0,42807.0,1028.8872227622608,0.07192142740776722,48,15,Current,Current,none,0,0.0,0.0,0.0,0,0.0,0.0,0,782
8110,2008-01-01,2006-12-01,13,2006,90171.0,90171.0,1859.9359367425034,0.08728351443998174,60,47,Current,Current,none,0,0.0,0.0,0.0,0,0.0,0.0,0,430
8115,2008-01-01,2007-01-01,12,2007,241941.0,241941.0,5796.245887655988,0.07023760988016128,48,36,Current,Current,none,0,0.0,0.0,0.0,0,0.0,0.0,0,689
8128,2008-01-01,2002-05-01,68,2002,48514.0,48514.0,1014.1449770023928,0.14555135294517646,72,4,Current,Current,none,0,0.0,0.0,0.0,0,0.0,0.0,0,881
8129,2008-01-01,2007-04-01,9,2007,74517.0,74517.0,2366.227575175073,0.08902120862944472,36,27,Current,Current,none,0,0.0,0.0,0.0,0,0.0,0.0,0,227
8138,2008-01-01,2005-06-01,31,2005,93656.0,93656.0,3078.6860303592844,0.11281692614622163,36,5,Current,Current,none,0,0.0,0.0,0.0,0,0.0,0.0,0,627
8141,2008-01-01,2006-02-01,23,2006,46213.0,46213.0,965.7926543920632,0.09288641723653313,60,37,Current,Current,none,0,0.0,0.0,0.0,0,0.0,0.0,0,316
8146,2008-01-01,2005-04-01,33,2005,84785.0,84785.0,1517.9022939084482,0.08752524128831381,72,39,Current,Current,none,0,0.0,0.0,0.0,0,0.0,0.0,0,405
8175,2008-01-01,2003-07-01,54,2003,70371.0,70371.0,1364.1593393823184,0.06112699544762552,60,6,Current,Current,none,0,0.0,0.0,0.0,0,0.0,0.0,0,387
8179,2008-01-01,2003-02-01,59,2003,16343.0,16343.0,347.1049809659613,0.09983151455237191,60,1,Current,Current,none,0,0.0,0.0,0.0,0,0.0,0.0,0,835
8209,2008-01-01,2007-12-01,1,2007,109909.0,109909.0,3568.454898283068,0.10425569299355038,36,35,Current,Current,none,0,0.0,0.0,0.0,0,0.0,0.0,0,726
8212,2008-01-01,2004-01-01,48,2004,41818.0,41818.0,847.1280015730707,0.07960502756228358,60,12,Current,Current,none,0,0.0,0.0,0.0,0,0.0,0.0,0,542
8213,2008-01-01,2006-07-01,18,2006,38398.0,38398.0,837.2578021103245,0.16204745048534044,72,54,Current,Current,none,0,0.0,0.0,0.0,0,0.0,0.0,0,349
8219,2008-01-01,2003-04-01,57,2003,72258.0,72258.0,1604.851704003823,0.11931843078794219,60,3,Current,Current,none,0,0.0,0.0,0.0,0,0.0,0.0,0,512
8223,2008-01-01,2003-01-01,60,2003,134349.0,134349.0,2831.524104216686,0.09651316695641358,60,0,Current,Matured,matured,0,0.0,0.0,0.0,0,0.0,0.0,0,914
8226,2008-01-01,2006-01-01,24,2006,67688.0,67688.0,1526.7593640131267,0.12613745953118774,60,36,Current,Current,none,0,0.0,0.0,0.0,0,0.0,0.0,0,132
8227,2008-01-01,2003-10-01,51,2003,64536.0,64536.0,1342.800498736046,0.14374856446372652,72,21,Current,Current,none,0,0.0,0.0,0.0,0,0.0,0.0,0,560
8232,2008-01-01,2003-08-01,53,2003,91804.0,91804.0,1868.249606936142,0.08154499808543408,60,7,Current,Current,none,0,0.0,0.0,0.0,0,0.0,0.0,0,589
8233,2008-01-01,2007-09-01,4,2007,104488.0,104488.0,2276.2441754190763,0.11084810085666108,60,56,Current,Current,none,0,0.0,0.0,0.0,0,0.0,0.0,0,525
8235,2008-01-01,2006-04-01,21,2006,39645.0,39645.0,1024.1608159266593,0.1097480909976006,48,27,Current,Current,none,0,0.0,0.0,0.0,0,0.0,0.0,0,122
8249,2008-01-01,2007-06-01,7,2007,55053.0,55053.0,1461.7428855405426,0.1244236857123186,48,41,Current,Current,none,0,0.0,0.0,0.0,0,0.0,0.0,0,593
8258,2008-01-01,2007-10-01,3,2007,85233.0,85233.0,2171.8982362640427,0.10248090698577743,48,45,Current,Current,none,0,0.0,0.0,0.0,0,0.0,0.0,0,630
8272,2008-01-01,2006-11-01,14,2006,70694.0,70694.0,1783.692674585056,0.0972594896456196,48,34,Current,Current,none,0,0.0,0.0,0.0,0,0.0,0.0,0,620
8278,2008-01-01,2003-06-01,55,2003,36375.0,36375.0,678.5473822937412,0.10254083366805376,72,17,Current,Current,none,0,0.0,0.0,0.0,0,0.0,0.0,0,425
8282,2008-01-01,2007-01-01,12,2007,45960.0,45960.0,1337.0322108573953,0.17455449517738045,48,36,Current,Current,none,0,0.0,0.0,0.0,0,0.0,0.0,0,450
8295,2008-01-01,2007-07-01,6,2007,53197.0,53197.0,1809.229034912114,0.1365433215711239,36,30,Current,Current,none,0,0.0,0.0,0.0,0,0.0,0.0,0,487
8323,2008-01-01,2007-01-01,12,2007,22928.0,22928.0,542.5222331652948,0.1475590818512264,60,48,Current,Current,none,0,0.0,0.0,0.0,0,0.0,0.0,0,943
8340,2008-01-01,2007-07-01,6,2007,36323.0,36323.0,946.2156625915441,0.1142016539127706,48,42,Current,Current,none,0,0.0,0.0,0.0,0,0.0,0.0,0,506
8343,2008-01-01,2002-08-01,65,2002,36087.0,36087.0,648.4909375030464,0.08888420536357569,72,7,Current,Current,none,0,0.0,0.0,0.0,0,0.0,0.0,0,762
8354,2008-01-01,2004-07-01,42,2004,41151.0,41151.0,963.8411070654668,0.1429612508215034,60,18,Current,Current,none,0,0.0,0.0,0.0,0,0.0,0.0,0,689
8358,2008-01-01,2007-06-01,7,2007,42995.0,42995.0,874.8058379686,0.1351453005287767,72,65,Current,Current,none,0,0.0,0.0,0.0,0,0.0,0.0,0,275
8378,2008-01-01,2004-01-01,48,2004,48281.0,48281.0,1004.3605533709289,0.09090689753391994,60,12,Current,Current,none,0,0.0,0.0,0.0,0,0.0,0.0,0,802
8385,2008-01-01,2005-06-01,31,2005,69415.0,69415.0,1809.3887453050017,0.11453380992684375,48,17,Current,Current,none,0,0.0,0.0,0.0,0,0.0,0.0,0,583
8394,2008-01-01,2008-01-01,0,2008,54717.0,54717.0,1282.162909602485,0.14316428535677103,60,60,Current,Current,none,0,0.0,0.0,0.0,0,0.0,0.0,0,149
8405,2008-01-01,2004-02-01,47,2004,17806.0,17806.0,422.9144853100719,0.06578628763291781,48,1,Current,Current,none,0,0.0,0.0,0.0,0,0.0,0.0,0,707
8408,2008-01-01,2007-03-01,10,2007,60520.0,60520.0,1451.707957695425,0.07088322534903072,48,38,Current,Current,none,0,0.0,0.0,0.0,0,0.0,0.0,0,931
8431,2008-01-01,2005-11-01,26,2005,35795.0,35795.0,1029.91442158245,0.16840478858654073,48,22,Current,Current,none,0,0.0,0.0,0.0,0,0.0,0.0,0,675
8433,2008-01-01,2004-11-01,38,2004,56552.0,56552.0,1216.9936113054227,0.10552473738455054,60,22,Current,Current,none,0,0.0,0.0,0.0,0,0.0,0.0,0,486
8437,2008-01-01,2006-04-01,21,2006,115143.0,115143.0,2819.2752219455238,0.0815339465413155,48,27,Current,Current,none,0,0.0,0.0,0.0,0,0.0,0.0,0,222
8438,2008-01-01,2006-12-01,13,2006,54424.0,54424.0,1702.6043310982122,0.07886586493476479,36,23,Current,Current,none,0,0.0,0.0,0.0,0,0.0,0.0,0,402
8441,2008-01-01,2007-08-01,5,2007,58456.0,58456.0,1270.4806633838323,0.10983038324597665,60,55,Current,Current,none,0,0.0,0.0,0.0,0,0.0,0.0,0,194
8443,2008-01-01,2005-06-01,31,2005,10472.0,10472.0,255.58536403049652,0.16166377630902928,60,29,Current,Current,none,0,0.0,0.0,0.0,0,0.0,0.0,0,725
8449,2008-01-01,2006-05-01,20,2006,31458.0,31458.0,977.727115648278,0.07443762658520159,36,16,Current,Current,none,0,0.0,0.0,0.0,0,0.0,0.0,0,432
8454,2008-01-01,2005-09-01,28,2005,36483.0,36483.0,766.73934907636,0.09529633622254965,60,32,Current,Current,none,0,0.0,0.0,0.0,0,0.0,0.0,0,633
8462,2008-01-01,2007-04-01,9,2007,34893.0,34893.0,1111.305331409604,0.09105695827888675,36,27,Current,Current,none,0,0.0,0.0,0.0,0,0.0,0.0,0,369
8468,2008-01-01,2006-02-01,23,2006,26061.0,26061.0,549.5986049839423,0.09677949836279769,60,37,Current,Current,none,0,0.0,0.0,0.0,0,0.0,0.0,0,457
8469,2008-01-01,2003-02-01,59,2003,37378.0,37378.0,761.7678401948966,0.08216387736295881,60,1,Current,Current,none,0,0.0,0.0,0.0,0,0.0,0.0,0,409
8470,2008-01-01,2006-08-01,17,2006,65672.0,65672.0,1617.7010082217641,0.08467664814883626,48,31,Current,Current,none,0,0.0,0.0,0.0,0,0.0,0.0,0,421
8476,2008-01-01,2005-12-01,25,2005,38547.0,38547.0,834.6697465616224,0.10821078519539248,60,35,Current,Current,none,0,0.0,0.0,0.0,0,0.0,0.0,0,592
8477,2008-01-01,2003-07-01,54,2003,17382.0,17382.0,430.8271970045962,0.16875765254514305,60,6,Current,Current,none,0,0.0,0.0,0.0,0,0.0,0.0,0,772
8489,2008-01-01,2004-04-01,45,2004,61539.0,61539.0,1088.2465310477826,0.08307674031237627,72,27,Current,Current,none,0,0.0,0.0,0.0,0,0.0,0.0,0,898
8491,2008-01-01,2007-06-01,7,2007,113888.0,113888.0,2728.499509336175,0.1531907357037646,60,53,Current,Current,none,0,0.0,0.0,0.0,0,0.0,0.0,0,771
8492,2008-01-01,2006-08-01,17,2006,211722.0,211722.0,6362.699583059294,0.19287692454792857,48,31,Current,Current,none,0,0.0,0.0,0.0,0,0.0,0.0,0,958
8497,2008-01-01,2003-12-01,49,2003,113005.0,113005.0,1980.755372264571,0.07989333783289801,72,23,Current,Current,none,0,0.0,0.0,0.0,0,0.0,0.0,0,799
8506,2008-01-01,2004-03-01,46,2004,43816.0,43816.0,846.3387262286246,0.11547626696841652,72,26,Current,Current,none,0,0.0,0.0,0.0,0,0.0,0.0,0,730
8513,2008-01-01,2007-03-01,10,2007,59195.0,59195.0,1411.0473993819078,0.15090142928590142,60,50,Current,Current,none,0,0.0,0.0,0.0,0,0.0,0.0,0,336
8516,2008-01-01,2003-01-01,60,2003,31741.0,31741.0,669.2820888914612,0.09671413059898568,60,0,Current,Matured,matured,0,0.0,0.0,0.0,0,0.0,0.0,0,348
8517,2008-01-01,2005-03-01,34,2005,73807.0,73807.0,2462.1108695357702,0.12302075640909538,36,2,Current,Current,none,0,0.0,0.0,0.0,0,0.0,0.0,0,460
8528,2008-01-01,2005-09-01,28,2005,29543.0,29543.0,555.5066377210035,0.10547902584717493,72,44,Current,Current,none,0,0.0,0.0,0.0,0,0.0,0.0,0,513
8535,2008-01-01,2004-01-01,48,2004,7363.0,7363.0,130.27246289752446,0.0832600991673019,72,24,Current,Current,none,0,0.0,0.0,0.0,0,0.0,0.0,0,175
8539,2008-01-01,2003-05-01,56,2003,119139.0,119139.0,2605.9710761363126,0.1632897130123582,72,16,Current,Current,none,0,0.0,0.0,0.0,0,0.0,0.0,0,407
8552,2008-01-01,2007-06-01,7,2007,55051.0,55051.0,1052.5331551844026,0.1116605237508028,72,65,Current,Current,none,0,0.0,0.0,0.0,0,0.0,0.0,0,800
8555,2008-01-01,2003-10-01,51,2003,20460.0,20460.0,399.8696988354608,0.06452642202220553,60,9,Current,Current,none,0,0.0,0.0,0.0,0,0.0,0.0,0,960
8580,2008-01-01,2007-07-01,6,2007,32616.0,32616.0,825.8076311686162,0.09909400829397495,48,42,Current,Current,none,0,0.0,0.0,0.0,0,0.0,0.0,0,207
8591,2008-01-01,2005-09-01,28,2005,24337.0,24337.0,835.0519961395186,0.14276413953337638,36,8,Current,Current,none,0,0.0,0.0,0.0,0,0.0,0.0,0,906
8594,2008-01-01,2006-09-01,16,2006,25147.0,25147.0,534.7505061399619,0.10036446159662227,60,44,Current,Current,none,0,0.0,0.0,0.0,0,0.0,0.0,0,543
8598,2008-01-01,2006-01-01,24,2006,85603.0,85603.0,2783.745027969264,0.10535628791837187,36,12,Current,Current,none,0,0.0,0.0,0.0,0,0.0,0.0,0,805
8602,2008-01-01,2005-03-01,34,2005,21791.0,21791.0,671.1972873257865,0.06834716174140563,36,2,Current,Current,none,0,0.0,0.0,0.0,0,0.0,0.0,0,631
8603,2008-01-01,2004-01-01,48,2004,48491.0,48491.0,1108.3951287048926,0.13204215333505567,60,12,Current,Current,none,0,0.0,0.0,0.0,0,0.0,0.0,0,191
8612,2008-01-01,2005-03-01,34,2005,211360.0,211360.0,4456.380037456475,0.14888136256445814,72,38,Current,Current,none,0,0.0,0.0,0.0,0,0.0,0.0,0,436
8613,2008-01-01,2006-05-01,20,2006,34935.0,34935.0,674.7225602621752,0.1154357937727451,72,52,Current,Current,none,0,0.0,0.0,0.0,0,0.0,0.0,0,658
8635,2008-01-01,2004-04-01,45,2004,31816.0,31816.0,699.234322251591,0.1146978738928467,60,15,Current,Current,none,0,0.0,0.0,0.0,0,0.0,0.0,0,685
8647,2008-01-01,2006-08-01,17,2006,67195.0,67195.0,1471.1443709930513,0.11302643662849982,60,43,Current,Current,none,0,0.0,0.0,0.0,0,0.0,0.0,0,667
8662,2008-01-01,2007-10-01,3,2007,47222.0,47222.0,1234.2904556027538,0.1160035069233672,48,45,Current,Current,none,0,0.0,0.0,0.0,0,0.0,0.0,0,190
8678,2008-01-01,2003-05-01,56,2003,110573.0,110573.0,2287.518229163815,0.08854592120401246,60,4,Current,Current,none,0,0.0,0.0,0.0,0,0.0,0.0,0,589
8689,2008-01-01,2005-03-01,34,2005,62505.0,62505.0,1595.21477628063,0.1033007663473857,48,14,Current,Current,none,0,0.0,0.0,0.0,0,0.0,0.0,0,241
8691,2008-01-01,2005-08-01,29,2005,38517.0,38517.0,782.914694779057,0.08104558466395284,60,31,Current,Current,none,0,0.0,0.0,0.0,0,0.0,0.0,0,977
8695,2008-01-01,2007-04-01,9,2007,38817.0,38817.0,794.1403808311816,0.08379641188507242,60,51,Current,Current,none,0,0.0,0.0,0.0,0,0.0,0.0,0,662
8704,2008-01-01,2006-02-01,23,2006,22037.0,22037.0,637.4946966897365,0.17141650418092394,48,25,Current,Current,none,0,0.0,0.0,0.0,0,0.0,0.0,0,903
8714,2008-01-01,2002-10-01,63,2002,39661.0,39661.0,745.9119548684943,0.10555500222992356,72,9,Current,Current,none,0,0.0,0.0,0.0,0,0.0,0.0,0,955
8716,2008-01-01,2006-03-01,22,2006,81515.0,81515.0,2147.335516550056,0.12018310613519459,48,26,Current,Current,none,0,0.0,0.0,0.0,0,0.0,0.0,0,834
8747,2008-01-01,2003-04-01,57,2003,31289.0,31289.0,784.114774034538,0.17385629856983273,60,3,Current,Current,none,0,0.0,0.0,0.0,0,0.0,0.0,0,104
8757,2008-01-01,2006-08-01,17,2006,88189.0,88189.0,1776.6866048114707,0.07727752210369108,60,43,Current,Current,none,0,0.0,0.0,0.0,0,0.0,0.0,0,198
8758,2008-01-01,2005-03-01,34,2005,35380.0,35380.0,703.6799867564819,0.0718627761882913,60,26,Current,Current,none,0,0.0,0.0,0.0,0,0.0,0.0,0,836
8763,2008-01-01,2007-08-01,5,2007,36325.0,36325.0,769.8260018427045,0.09889535165633129,60,55,Current,Current,none,0,0.0,0.0,0.0,0,0.0,0.0,0,849
8766,2008-01-01,2006-10-01,15,2006,56195.0,56195.0,1102.305814230577,0.12125904044338348,72,57,Current,Current,none,0,0.0,0.0,0.0,0,0.0,0.0,0,130
8774,2008-01-01,2006-12-01,13,2006,107238.0,107238.0,3416.0421561176254,0.09118200177055492,36,23,Current,Current,none,0,0.0,0.0,0.0,0,0.0,0.0,0,553
8779,2008-01-01,2008-01-01,0,2008,115136.0,115136.0,2125.7811860409765,0.09875704223427348,72,72,Current,Current,none,0,0.0,0.0,0.0,0,0.0,0.0,0,122
8780,2008-01-01,2007-07-01,6,2007,70029.0,70029.0,1785.192560400586,0.10269468115484738,48,42,Current,Current,none,0,0.0,0.0,0.0,0,0.0,0.0,0,929
8781,2008-01-01,2006-08-01,17,2006,78315.0,78315.0,2454.3718269333226,0.08007317188105433,36,19,Current,Current,none,0,0.0,0.0,0.0,0,0.0,0.0,0,903
8789,2008-01-01,2005-03-01,34,2005,29518.0,29518.0,531.2945364884863,0.08946511571630081,72,38,Current,Current,none,0,0.0,0.0,0.0,0,0.0,0.0,0,864
8791,2008-01-01,2007-05-01,8,2007,28957.0,28957.0,825.8351996546531,0.16349044660688128,48,40,Current,Current,none,0,0.0,0.0,0.0,0,0.0,0.0,0,402
8798,2008-01-01,2005-11-01,26,2005,135079.0,135079.0,2657.2923284923645,0.06725903889297571,60,34,Current,Current,none,0,0.0,0.0,0.0,0,0.0,0.0,0,946
8807,2008-01-01,2004-09-01,40,2004,137363.0,137363.0,2801.5265008358406,0.08247516830192571,60,20,Current,Current,none,0,0.0,0.0,0.0,0,0.0,0.0,0,521
8811,2008-01-01,2005-07-01,30,2005,74256.0,74256.0,1866.1395403694141,0.09516803185962135,48,18,Current,Current,none,0,0.0,0.0,0.0,0,0.0,0.0,0,804
8815,2008-01-01,2007-09-01,4,2007,46527.0,46527.0,1477.6788848227998,0.08913735949731745,36,32,Current,Current,none,0,0.0,0.0,0.0,0,0.0,0.0,0,733
8827,2008-01-01,2006-12-01,13,2006,76798.0,76798.0,1554.1969200247615,0.07918612819673379,60,47,Current,Current,none,0,0.0,0.0,0.0,0,0.0,0.0,0,489
8852,2008-01-01,2008-01-01,0,2008,43278.0,43278.0,1366.7039480359208,0.08526130084794759,36,36,Current,Current,none,0,0.0,0.0,0.0,0,0.0,0.0,0,290
8865,2008-01-01,2005-12-01,25,2005,35496.0,35496.0,715.2657748131248,0.07736667460879444,60,35,Current,Current,none,0,0.0,0.0,0.0,0,0.0,0.0,0,996
8875,2008-01-01,2007-06-01,7,2007,41266.0,41266.0,852.0239179289631,0.08770433429045636,60,53,Current,Current,none,0,0.0,0.0,0.0,0,0.0,0.0,0,509
8876,2008-01-01,2003-12-01,49,2003,14746.0,14746.0,266.05656146288055,0.09034422094004042,72,23,Current,Current,none,0,0.0,0.0,0.0,0,0.0,0.0,0,634
8879,2008-01-01,2006-11-01,14,2006,47815.0,47815.0,859.6809725251914,0.08906799138369853,72,58,Current,Current,none,0,0.0,0.0,0.0,0,0.0,0.0,0,733
8883,2008-01-01,2006-11-01,14,2006,50075.0,50075.0,1016.6270051689798,0.13430603677992914,72,58,Current,Current,none,0,0.0,0.0,0.0,0,0.0,0.0,0,859
8884,2008-01-01,2006-02-01,23,2006,105792.0,105792.0,3414.661489612965,0.10021162717046374,36,13,Current,Current,none,0,0.0,0.0,0.0,0,0.0,0.0,0,246
8897,2008-01-01,2007-03-01,10,2007,61591.0,61591.0,1340.1492353222782,0.11032928595326395,60,50,Current,Current,none,0,0.0,0.0,0.0,0,0.0,0.0,0,983
8902,2008-01-01,2007-10-01,3,2007,38741.0,38741.0,713.9679307261024,0.09808193144334877,72,69,Current,Current,none,0,0.0,0.0,0.0,0,0.0,0.0,0,907
8905,2008-01-01,2005-04-01,33,2005,29146.0,29146.0,693.8447276102775,0.06696808605919291,48,15,Current,Current,none,0,0.0,0.0,0.0,0,0.0,0.0,0,203
8907,2008-01-01,2003-01-01,60,2003,61979.0,61979.0,1230.813514866278,0.07121467305533195,60,0,Current,Matured,matured,0,0.0,0.0,0.0,0,0.0,0.0,0,188
8914,2008-01-01,2007-09-01,4,2007,110144.0,110144.0,2407.1408900995516,0.11224377794061105,60,56,Current,Current,none,0,0.0,0.0,0.0,0,0.0,0.0,0,410
8943,2008-01-01,2006-04-01,21,2006,42929.0,42929.0,1134.8530732003064,0.12206992399598049,48,27,Current,Current,none,0,0.0,0.0,0.0,0,0.0,0.0,0,914
8950,2008-01-01,2005-12-01,25,2005,120122.0,120122.0,3065.1880203982255,0.1822739320578092,60,35,Current,Current,none,0,0.0,0.0,0.0,0,0.0,0.0,0,112
8961,2008-01-01,2005-02-01,35,2005,116819.0,116819.0,3781.95201407233,0.10228259258347012,36,1,Current,Current,none,0,0.0,0.0,0.0,0,0.0,0.0,0,423
8975,2008-01-01,2003-07-01,54,2003,31804.0,31804.0,663.0482139390966,0.14450886997612264,72,18,Current,Current,none,0,0.0,0.0,0.0,0,0.0,0.0,0,241
8976,2008-01-01,2005-08-01,29,2005,47980.0,47980.0,828.1502427876649,0.07438447903564353,72,43,Current,Current,none,0,0.0,0.0,0.0,0,0.0,0.0,0,659
8980,2008-01-01,2004-07-01,42,2004,103019.0,103019.0,2655.4121381182576,0.10856614601648593,48,6,Current,Current,none,0,0.0,0.0,0.0,0,0.0,0.0,0,435
8988,2008-01-01,2006-05-01,20,2006,89649.0,89649.0,1894.9507096148652,0.0977691418143426,60,40,Current,Current,none,0,0.0,0.0,0.0,0,0.0,0.0,0,971
8994,2008-01-01,2004-03-01,46,2004,83407.0,83407.0,1775.6812086782197,0.10085938621330322,60,14,Current,Current,none,0,0.0,0.0,0.0,0,0.0,0.0,0,779
9009,2008-01-01,2007-08-01,5,2007,88362.0,88362.0,1639.817735561242,0.10063650757504813,72,67,Current,Current,none,0,0.0,0.0,0.0,0,0.0,0.0,0,961
9017,2008-01-01,2005-02-01,35,2005,47705.0,47705.0,918.2799887182009,0.11418531745807912,72,37,Current,Current,none,0,0.0,0.0,0.0,0,0.0,0.0,0,109
9024,2008-01-01,2005-07-01,30,2005,95474.0,95474.0,2422.345951673138,0.10019161405820258,48,18,Current,Current,none,0,0.0,0.0,0.0,0,0.0,0.0,0,980
9033,2008-01-01,2005-06-01,31,2005,70666.0,70666.0,1860.3220321882586,0.11983144172990347,48,17,Current,Current,none,0,0.0,0.0,0.0,0,0.0,0.0,0,947
9039,2008-01-01,2007-12-01,1,2007,33868.0,33868.0,650.9246961335207,0.11360939846610123,72,71,Current,Current,none,0,0.0,0.0,0.0,0,0.0,0.0,0,358
9056,2008-01-01,2004-08-01,41,2004,73902.0,73902.0,1401.5172072770135,0.10864083749074732,72,31,Current,Current,none,0,0.0,0.0,0.0,0,0.0,0.0,0,414
9064,2008-01-01,2004-05-01,44,2004,53357.0,53357.0,1110.825706519902,0.09124320094834536,60,16,Current,Current,none,0,0.0,0.0,0.0,0,0.0,0.0,0,696
9065,2008-01-01,2006-03-01,22,2006,59100.0,59100.0,1256.5787249455643,0.1521492758085125,72,50,Current,Current,none,0,0.0,0.0,0.0,0,0.0,0.0,0,617
9066,2008-01-01,2007-07-01,6,2007,52411.0,52411.0,1093.0531777836215,0.09199711014984979,60,54,Current,Current,none,0,0.0,0.0,0.0,0,0.0,0.0,0,128
9074,2008-01-01,2005-10-01,27,2005,36402.0,36402.0,1169.7106562824206,0.09714136711946801,36,9,Current,Current,none,0,0.0,0.0,0.0,0,0.0,0.0,0,155
9075,2008-01-01,2004-08-01,41,2004,78438.0,78438.0,1738.0688150065282,0.11829739130508465,60,19,Current,Current,none,0,0.0,0.0,0.0,0,0.0,0.0,0,765
9077,2008-01-01,2005-01-01,36,2005,33098.0,33098.0,583.7263749949436,0.08210709362736193,72,36,Current,Current,none,0,0.0,0.0,0.0,0,0.0,0.0,0,841
9081,2008-01-01,2006-09-01,16,2006,45438.0,45438.0,1056.3746393548765,0.13962288823064076,60,44,Current,Current,none,0,0.0,0.0,0.0,0,0.0,0.0,0,769
9083,2008-01-01,2006-06-01,19,2006,79857.0,79857.0,1700.091600372045,0.10085623433840916,60,41,Current,Current,none,0,0.0,0.0,0.0,0,0.0,0.0,0,932
9115,2008-01-01,2008-01-01,0,2008,32114.0,32114.0,784.7635758610676,0.0805086520705373,48,48,Current,Current,none,0,0.0,0.0,0.0,0,0.0,0.0,0,990
9127,2008-01-01,2005-02-01,35,2005,55767.0,55767.0,1108.8914028096362,0.12639547423985226,72,37,Current,Current,none,0,0.0,0.0,0.0,0,0.0,0.0,0,658
9154,2008-01-01,2002-07-01,66,2002,170536.0,170536.0,3291.272227337108,0.11516308770301778,72,6,Current,Current,none,0,0.0,0.0,0.0,0,0.0,0.0,0,242
9165,2008-01-01,2007-05-01,8,2007,105551.0,105551.0,2815.0830413374742,0.12682859574213853,48,40,Current,Current,none,0,0.0,0.0,0.0,0,0.0,0.0,0,922
9170,2008-01-01,2007-02-01,11,2007,30987.0,30987.0,779.4737427957147,0.09566411951464338,48,37,Current,Current,none,0,0.0,0.0,0.0,0,0.0,0.0,0,579
9180,2008-01-01,2003-12-01,49,2003,132462.0,132462.0,2642.5895298583496,0.1276405824889351,72,23,Current,Current,none,0,0.0,0.0,0.0,0,0.0,0.0,0,338
9191,2008-01-01,2005-07-01,30,2005,49709.0,49709.0,1005.630222134579,0.13295390673111332,72,42,Current,Current,none,0,0.0,0.0,0.0,0,0.0,0.0,0,794
9195,2008-01-01,2005-03-01,34,2005,38819.0,38819.0,1206.3070746022543,0.07432378967114567,36,2,Current,Current,none,0,0.0,0.0,0.0,0,0.0,0.0,0,310
9198,2008-01-01,2003-12-01,49,2003,45734.0,45734.0,926.9771329625419,0.133680581921284,72,23,Current,Current,none,0,0.0,0.0,0.0,0,0.0,0.0,0,564
9203,2008-01-01,2002-02-01,71,2002,23245.0,23245.0,488.80068208702653,0.14784590736821038,72,1,Current,Current,none,0,0.0,0.0,0.0,0,0.0,0.0,0,383
9207,2008-01-01,2004-04-01,45,2004,28778.0,28778.0,711.2814896803101,0.08643596666491796,48,3,Current,Current,none,0,0.0,0.0,0.0,0,0.0,0.0,0,783
9218,2008-01-01,2007-11-01,2,2007,38073.0,38073.0,822.8260564852283,0.10737618202705113,60,58,Current,Current,none,0,0.0,0.0,0.0,0,0.0,0.0,0,620
9245,2008-01-01,2007-01-01,12,2007,190042.0,190042.0,4674.526938898938,0.08391978948219814,48,36,Current,Current,none,0,0.0,0.0,0.0,0,0.0,0.0,0,498
9252,2008-01-01,2007-05-01,8,2007,59812.0,59812.0,1360.553743111691,0.12988468097068184,60,52,Current,Current,none,0,0.0,0.0,0.0,0,0.0,0.0,0,159
9253,2008-01-01,2005-05-01,32,2005,75422.0,75422.0,1692.89604668978,0.17356732750132448,72,40,Current,Current,none,0,0.0,0.0,0.0,0,0.0,0.0,0,226
9264,2008-01-01,2007-12-01,1,2007,117069.0,117069.0,2803.0885270034437,0.0699494795367944,48,47,Current,Current,none,0,0.0,0.0,0.0,0,0.0,0.0,0,670
9269,2008-01-01,2004-01-01,48,2004,73682.0,73682.0,1990.562948286214,0.13378214050452575,48,0,Current,Matured,matured,0,0.0,0.0,0.0,0,0.0,0.0,0,116
9273,2008-01-01,2006-05-01,20,2006,48728.0,48728.0,1171.73580311292,0.07215726406334262,48,28,Current,Current,none,0,0.0,0.0,0.0,0,0.0,0.0,0,998
9286,2008-01-01,2007-07-01,6,2007,151989.0,151989.0,3236.0620735292187,0.10090136856916801,60,54,Current,Current,none,0,0.0,0.0,0.0,0,0.0,0.0,0,809
9296,2008-01-01,2003-03-01,58,2003,37180.0,37180.0,796.4346202561036,0.15506512070713957,72,14,Current,Current,none,0,0.0,0.0,0.0,0,0.0,0.0,0,533
9303,2008-01-01,2007-04-01,9,2007,93539.0,93539.0,1967.6477014789011,0.0956897807280991,60,51,Current,Current,none,0,0.0,0.0,0.0,0,0.0,0.0,0,153
9304,2008-01-01,2007-12-01,1,2007,89359.0,89359.0,1929.6903424144737,0.10703416594612361,60,59,Current,Current,none,0,0.0,0.0,0.0,0,0.0,0.0,0,822
9321,2008-01-01,2004-02-01,47,2004,33201.0,33201.0,571.2397374473433,0.07325006402598834,72,25,Current,Current,none,0,0.0,0.0,0.0,0,0.0,0.0,0,314
9335,2008-01-01,2005-05-01,32,2005,87841.0,87841.0,1786.3792036332788,0.08125496200082946,60,28,Current,Current,none,0,0.0,0.0,0.0,0,0.0,0.0,0,163
9342,2008-01-01,2006-06-01,19,2006,52616.0,52616.0,1809.6355234990199,0.14443144114184145,36,17,Current,Current,none,0,0.0,0.0,0.0,0,0.0,0.0,0,307
9351,2008-01-01,2003-02-01,59,2003,74708.0,74708.0,1374.3265183989593,0.09741955630788408,72,13,Current,Current,none,0,0.0,0.0,0.0,0,0.0,0.0,0,277
9354,2008-01-01,2007-03-01,10,2007,35597.0,35597.0,886.7307779943114,0.09053107128725177,48,38,Current,Current,none,0,0.0,0.0,0.0,0,0.0,0.0,0,935
9363,2008-01-01,2005-11-01,26,2005,44703.0,44703.0,1279.9751909396466,0.16569638781169627,48,22,Current,Current,none,0,0.0,0.0,0.0,0,0.0,0.0,0,139
9373,2008-01-01,2008-01-01,0,2008,37865.0,37865.0,764.5952963532025,0.13224269920292425,72,72,Current,Current,none,0,0.0,0.0,0.0,0,0.0,0.0,0,857
9375,2008-01-01,2006-06-01,19,2006,47961.0,47961.0,1590.5472753236602,0.11893249588398676,36,17,Current,Current,none,0,0.0,0.0,0.0,0,0.0,0.0,0,353
9386,2008-01-01,2003-03-01,58,2003,104363.0,104363.0,2168.906582085938,0.09049387299449756,60,2,Current,Current,none,0,0.0,0.0,0.0,0,0.0,0.0,0,967
9400,2008-01-01,2004-11-01,38,2004,33759.0,33759.0,669.8859096369897,0.070889239338195,60,22,Current,Current,none,0,0.0,0.0,0.0,0,0.0,0.0,0,799
9411,2008-01-01,2006-01-01,24,2006,74585.0,74585.0,2442.5339406115754,0.11020290125372195,36,12,Current,Current,none,0,0.0,0.0,0.0,0,0.0,0.0,0,658
9413,2008-01-01,2006-07-01,18,2006,73536.0,73536.0,1274.168271681065,0.07576409126120263,72,54,Current,Current,none,0,0.0,0.0,0.0,0,0.0,0.0,0,464
9418,2008-01-01,2007-02-01,11,2007,51050.0,51050.0,1105.554500466716,0.15935433573566515,72,61,Current,Current,none,0,0.0,0.0,0.0,0,0.0,0.0,0,649
9436,2008-01-01,2004-12-01,37,2004,54295.0,54295.0,992.1668659186364,0.09497884227960045,72,35,Current,Current,none,0,0.0,0.0,0.0,0,0.0,0.0,0,898
9452,2008-01-01,2004-07-01,42,2004,91149.0,91149.0,1802.6521405909066,0.12434697227561176,72,30,Current,Current,none,0,0.0,0.0,0.0,0,0.0,0.0,0,822
9479,2008-01-01,2006-02-01,23,2006,34291.0,34291.0,734.936272166268,0.10375621071142051,60,37,Current,Current,none,0,0.0,0.0,0.0,0,0.0,0.0,0,231
9498,2008-01-01,2003-05-01,56,2003,58773.0,58773.0,1335.6379730470553,0.12945857620387508,60,4,Current,Current,none,0,0.0,0.0,0.0,0,0.0,0.0,0,944
9504,2008-01-01,2005-02-01,35,2005,50914.0,50914.0,1698.5908549042272,0.12308734577196087,36,1,Current,Current,none,0,0.0,0.0,0.0,0,0.0,0.0,0,733
9516,2008-01-01,2003-11-01,50,2003,141977.0,141977.0,2966.6185166732303,0.09281133807444801,60,10,Current,Current,none,0,0.0,0.0,0.0,0,0.0,0.0,0,261
9517,2008-01-01,2006-04-01,21,2006,48945.0,48945.0,892.1841969259616,0.0940720816481897,72,51,Current,Current,none,0,0.0,0.0,0.0,0,0.0,0.0,0,695
9521,2008-01-01,2007-06-01,7,2007,64876.0,64876.0,1313.7593277510953,0.079454829241621,60,53,Current,Current,none,0,0.0,0.0,0.0,0,0.0,0.0,0,423
9528,2008-01-01,2007-05-01,8,2007,61505.0,61505.0,1175.8749986627668,0.11164351517374496,72,64,Current,Current,none,0,0.0,0.0,0.0,0,0.0,0.0,0,982
9533,2008-01-01,2007-03-01,10,2007,22304.0,22304.0,440.7033701702161,0.0691037105274115,60,50,Current,Current,none,0,0.0,0.0,0.0,0,0.0,0.0,0,413
9537,2008-01-01,2007-07-01,6,2007,92298.0,92298.0,1975.081663587125,0.10308110431180607,60,54,Current,Current,none,0,0.0,0.0,0.0,0,0.0,0.0,0,821
9545,2008-01-01,2005-08-01,29,2005,40100.0,40100.0,1014.134949503599,0.09849042196030408,48,19,Current,Current,none,0,0.0,0.0,0.0,0,0.0,0.0,0,431
9556,2008-01-01,2005-06-01,31,2005,39029.0,39029.0,783.199018228217,0.07561328368682431,60,29,Current,Current,none,0,0.0,0.0,0.0,0,0.0,0.0,0,972
9575,2008-01-01,2004-10-01,39,2004,48939.0,48939.0,1072.519286192725,0.16404994430908965,72,33,Current,Current,none,0,0.0,0.0,0.0,0,0.0,0.0,0,601
9583,2008-01-01,2006-02-01,23,2006,85493.0,85493.0,1912.468696640946,0.12247828963198712,60,37,Current,Paid off,payoff,0,0.0,0.0,0.0,0,0.0,0.0,0,765
9588,2008-01-01,2006-01-01,24,2006,56911.0,56911.0,1105.437258791314,0.061957739630815134,60,36,Current,Current,none,0,0.0,0.0,0.0,0,0.0,0.0,0,837
9589,2008-01-01,2003-12-01,49,2003,44464.0,44464.0,998.7402690568983,0.1242886345062431,60,11,Current,Current,none,0,0.0,0.0,0.0,0,0.0,0.0,0,928
9594,2008-01-01,2005-04-01,33,2005,65417.0,65417.0,1306.947203229746,0.12819012507537877,72,39,Current,Current,none,0,0.0,0.0,0.0,0,0.0,0.0,0,834
9610,2008-01-01,2004-10-01,39,2004,37385.0,37385.0,754.4151705157468,0.07797504829008764,60,21,Current,Current,none,0,0.0,0.0,0.0,0,0.0,0.0,0,940
9612,2008-01-01,2004-04-01,45,2004,36960.0,36960.0,882.958514228461,0.0687775554328304,48,3,Current,Current,none,0,0.0,0.0,0.0,0,0.0,0.0,0,694
9620,2008-01-01,2007-10-01,3,2007,126249.0,126249.0,2496.750528424708,0.06947415436058642,60,57,Current,Current,none,0,0.0,0.0,0.0,0,0.0,0.0,0,200
9621,2008-01-01,2007-04-01,9,2007,31547.0,31547.0,962.8857673944757,0.0622119280989299,36,27,Current,Current,none,0,0.0,0.0,0.0,0,0.0,0.0,0,482
9623,2008-01-01,2006-03-01,22,2006,59448.0,59448.0,1247.3542716972281,0.09459909417769313,60,38,Current,Current,none,0,0.0,0.0,0.0,0,0.0,0.0,0,183
9624,2008-01-01,2007-07-01,6,2007,66079.0,66079.0,1602.7117261254348,0.1588025606707434,60,54,Current,Current,none,0,0.0,0.0,0.0,0,0.0,0.0,0,258
9649,2008-01-01,2005-06-01,31,2005,66634.0,66634.0,1429.3554525525722,0.10413030627966598,60,29,Current,Current,none,0,0.0,0.0,0.0,0,0.0,0.0,0,991
9654,2008-01-01,2007-02-01,11,2007,25132.0,25132.0,517.125283460252,0.08624044695396849,60,49,Current,Current,none,0,0.0,0.0,0.0,0,0.0,0.0,0,717
9666,2008-01-01,2007-11-01,2,2007,29666.0,29666.0,976.8619546762601,0.1140042853561724,36,34,Current,Current,none,0,0.0,0.0,0.0,0,0.0,0.0,0,435
9676,2008-01-01,2006-11-01,14,2006,50708.0,50708.0,1070.93649101253,0.14953327257168464,72,58,Current,Current,none,0,0.0,0.0,0.0,0,0.0,0.0,1,136
9685,2008-01-01,2007-08-01,5,2007,25793.0,25793.0,599.7745986264075,0.1397132343685808,60,55,Current,Current,none,0,0.0,0.0,0.0,0,0.0,0.0,0,253
9687,2008-01-01,2007-03-01,10,2007,99363.0,99363.0,3229.2964220997,0.10494794805035544,36,26,Current,Current,none,0,0.0,0.0,0.0,0,0.0,0.0,0,133
9691,2008-01-01,2008-01-01,0,2008,50004.0,50004.0,1450.6770026106979,0.17301413827451473,48,48,Current,Current,none,0,0.0,0.0,0.0,0,0.0,0.0,0,840
9705,2008-01-01,2004-12-01,37,2004,41877.0,41877.0,978.738162415547,0.14199359512020854,60,23,Current,Current,none,0,0.0,0.0,0.0,0,0.0,0.0,0,528
9708,2008-01-01,2004-03-01,46,2004,60459.0,60459.0,1634.3981124217414,0.13413467802729326,48,2,Current,Current,none,0,0.0,0.0,0.0,0,0.0,0.0,0,316
9718,2008-01-01,2006-09-01,16,2006,87781.0,87781.0,2388.609166007829,0.1376952623742429,48,32,30 DPD,Delinquent,none,0,0.0,0.0,0.0,1,0.0,0.0,0,609
9719,2008-01-01,2004-09-01,40,2004,45814.0,45814.0,1172.217766931732,0.1046494418730856,48,8,Current,Current,none,0,0.0,0.0,0.0,0,0.0,0.0,0,826
9723,2008-01-01,2007-07-01,6,2007,74911.0,74911.0,1782.6892031039947,0.15014284760387625,60,54,Current,Current,none,0,0.0,0.0,0.0,0,0.0,0.0,0,985
9732,2008-01-01,2004-04-01,45,2004,74570.0,74570.0,1445.6185043648568,0.11683625030766905,72,27,Current,Current,none,0,0.0,0.0,0.0,0,0.0,0.0,0,602
9733,2008-01-01,2006-09-01,16,2006,36371.0,36371.0,987.9471003188007,0.13673637245882367,48,32,Current,Current,none,0,0.0,0.0,0.0,0,0.0,0.0,0,652
9739,2008-01-01,2003-03-01,58,2003,29225.0,29225.0,526.3782151504179,0.08971167410591445,72,14,Current,Current,none,0,0.0,0.0,0.0,0,0.0,0.0,0,714
9755,2008-01-01,2006-12-01,13,2006,33435.0,33435.0,620.4287315394128,0.10060309762358394,72,59,Current,Current,none,0,0.0,0.0,0.0,0,0.0,0.0,0,478
9757,2008-01-01,2007-04-01,9,2007,78139.0,78139.0,1937.6697186839324,0.08815923980042499,48,39,Current,Current,none,0,0.0,0.0,0.0,0,0.0,0.0,0,729
9762,2008-01-01,2007-07-01,6,2007,53878.0,53878.0,1154.713275127938,0.15526532209903607,72,66,Current,Current,none,0,0.0,0.0,0.0,0,0.0,0.0,0,627
9786,2008-01-01,2007-04-01,9,2007,85902.0,85902.0,1977.4004910887484,0.13518271499262435,60,51,Current,Current,none,0,0.0,0.0,0.0,0,0.0,0.0,0,928
9790,2008-01-01,2007-10-01,3,2007,23331.0,23331.0,483.80286348082467,0.089549174564997,60,57,Current,Current,none,0,0.0,0.0,0.0,0,0.0,0.0,0,439
9793,2008-01-01,2006-09-01,16,2006,72108.0,72108.0,2276.8766019609707,0.08518093971528402,36,20,Current,Current,none,0,0.0,0.0,0.0,0,0.0,0.0,0,599
9796,2008-01-01,2005-01-01,36,2005,64931.0,64931.0,1677.0483242217717,0.10964242316426473,48,12,Current,Paid off,payoff,0,0.0,0.0,0.0,0,0.0,0.0,0,859
9806,2008-01-01,2006-09-01,16,2006,98895.0,98895.0,2538.928592248475,0.10643986136253482,48,32,Current,Current,none,0,0.0,0.0,0.0,0,0.0,0.0,0,771
9826,2008-01-01,2005-06-01,31,2005,133538.0,133538.0,2361.5690407635357,0.08309244079318624,72,41,Current,Current,none,0,0.0,0.0,0.0,0,0.0,0.0,0,348
9831,2008-01-01,2002-05-01,68,2002,36048.0,36048.0,824.8951126322683,0.18133353568115454,72,4,Current,Paid off,payoff,0,0.0,0.0,0.0,0,0.0,0.0,0,726
9850,2008-01-01,2005-09-01,28,2005,122968.0,122968.0,3160.8281471412724,0.10709093592383785,48,20,Current,Current,none,0,0.0,0.0,0.0,0,0.0,0.0,0,390
9856,2008-01-01,2005-06-01,31,2005,90142.0,90142.0,1922.1763572042896,0.10155972235949079,60,29,Current,Current,none,0,0.0,0.0,0.0,0,0.0,0.0,0,386
9862,2008-01-01,2005-12-01,25,2005,31452.0,31452.0,720.1979657211426,0.13283222702825048,60,35,Current,Current,none,0,0.0,0.0,0.0,0,0.0,0.0,0,209
9868,2008-01-01,2005-07-01,30,2005,30224.0,30224.0,789.5799603027872,0.11572182908157075,48,18,Current,Current,none,0,0.0,0.0,0.0,0,0.0,0.0,0,850
9878,2008-01-01,2004-05-01,44,2004,47199.0,47199.0,1167.0135209790794,0.0866311703918843,48,4,Current,Current,none,0,0.0,0.0,0.0,0,0.0,0.0,0,131
9885,2008-01-01,2005-08-01,29,2005,114496.0,114496.0,2145.8190661104186,0.10426100519028704,72,43,Current,Current,none,0,0.0,0.0,0.0,0,0.0,0.0,0,632
9894,2008-01-01,2005-06-01,31,2005,69903.0,69903.0,2264.9426163319467,0.10285134700842011,36,5,Current,Current,none,0,0.0,0.0,0.0,0,0.0,0.0,0,694
9902,2008-01-01,2005-07-01,30,2005,62962.0,62962.0,1251.3252003772657,0.07154752519891006,60,30,Current,Current,none,0,0.0,0.0,0.0,0,0.0,0.0,0,525
9906,2008-01-01,2006-10-01,15,2006,49222.0,49222.0,1344.9041778144788,0.1399353400798556,48,33,30 DPD,Delinquent,none,0,0.0,0.0,0.0,1,0.0,0.0,0,110
9912,2008-01-01,2007-06-01,7,2007,42544.0,42544.0,984.2671578475062,0.137430930599915,60,53,Current,Current,none,0,0.0,0.0,0.0,0,0.0,0.0,0,481
9935,2008-01-01,2005-12-01,25,2005,50517.0,50517.0,1358.0640286043142,0.1311238133422101,48,23,Current,Current,none,0,0.0,0.0,0.0,0,0.0,0.0,0,350
9939,2008-01-01,2003-06-01,55,2003,31635.0,31635.0,640.611284291566,0.13332612059582785,72,17,Current,Current,none,0,0.0,0.0,0.0,0,0.0,0.0,0,147
9948,2008-01-01,2005-07-01,30,2005,48260.0,48260.0,1555.7174786702205,0.09933912151291409,36,6,Current,Current,none,0,0.0,0.0,0.0,0,0.0,0.0,0,921
9959,2008-01-01,2007-09-01,4,2007,32950.0,32950.0,915.4204639993978,0.14903997542039407,48,44,Current,Current,none,0,0.0,0.0,0.0,0,0.0,0.0,0,899
9960,2008-01-01,2006-03-01,22,2006,110517.0,110517.0,2283.354910537084,0.14102503171501446,72,50,Current,Current,none,0,0.0,0.0,0.0,0,0.0,0.0,0,446
9961,2008-01-01,2005-05-01,32,2005,110263.0,110263.0,2324.839373666861,0.09668890572885035,60,28,Current,Current,none,0,0.0,0.0,0.0,0,0.0,0.0,0,763
9970,2008-01-01,2004-09-01,40,2004,55364.0,55364.0,1504.8712775742774,0.13710356719512962,48,8,Current,Current,none,0,0.0,0.0,0.0,0,0.0,0.0,0,836
9972,2008-01-01,2007-02-01,11,2007,14031.0,14031.0,261.0748970069503,0.10160754066736617,72,61,Current,Current,none,0,0.0,0.0,0.0,0,0.0,0.0,0,358
9977,2008-01-01,2005-10-01,27,2005,55348.0,55348.0,1404.5280876018694,0.10028580961058962,48,21,Current,Current,none,0,0.0,0.0,0.0,0,0.0,0.0,0,560
9993,2008-01-01,2003-04-01,57,2003,110980.0,110980.0,2232.3931702979476,0.07662535475940625,60,3,Current,Current,none,0,0.0,0.0,0.0,0,0.0,0.0,0,895
9994,2008-01-01,2004-09-01,40,2004,111623.0,111623.0,1971.614173031994,0.08265483438628135,72,32,Current,Current,none,0,0.0,0.0,0.0,0,0.0,0.0,0,759
10009,2008-01-01,2006-08-01,17,2006,82171.0,82171.0,1657.9411612555411,0.1319414689610432,72,55,Current,Current,none,0,0.0,0.0,0.0,0,0.0,0.0,0,206
10013,2008-01-01,2004-04-01,45,2004,67539.0,67539.0,1431.3000631562284,0.09888453680508141,60,15,Current,Current,none,0,0.0,0.0,0.0,0,0.0,0.0,0,785
10027,2008-01-01,2007-01-01,12,2007,110403.0,110403.0,2711.2229104235817,0.08307479750040106,48,36,Current,Current,none,0,0.0,0.0,0.0,0,0.0,0.0,0,686
10034,2008-01-01,2006-04-01,21,2006,63630.0,63630.0,1938.371485473035,0.20061557818704145,48,27,Current,Current,none,0,0.0,0.0,0.0,0,0.0,0.0,0,573
10037,2008-01-01,2003-06-01,55,2003,19360.0,19360.0,323.0408938771739,0.06239120289540257,72,17,Current,Current,none,0,0.0,0.0,0.0,0,0.0,0.0,0,644
10039,2008-01-01,2006-08-01,17,2006,63575.0,63575.0,1329.0794872314755,0.09302947604593928,60,43,Current,Current,none,0,0.0,0.0,0.0,0,0.0,0.0,0,266
10047,2008-01-01,2007-09-01,4,2007,54525.0,54525.0,1154.7503056174437,0.09860284221320793,60,56,30 DPD,Delinquent,none,0,0.0,0.0,0.0,1,0.0,0.0,0,568
10051,2008-01-01,2004-12-01,37,2004,77875.0,77875.0,1850.2381151666511,0.06595614524470851,48,11,Current,Current,none,0,0.0,0.0,0.0,0,0.0,0.0,0,438
10055,2008-01-01,2007-04-01,9,2007,55126.0,55126.0,911.0090107093534,0.059004594116516,72,63,Current,Current,none,0,0.0,0.0,0.0,0,0.0,0.0,0,544
10058,2008-01-01,2004-04-01,45,2004,121620.0,121620.0,2964.330455499296,0.07916420036652079,48,3,Current,Current,none,0,0.0,0.0,0.0,0,0.0,0.0,0,110
10059,2008-01-01,2005-06-01,31,2005,35943.0,35943.0,754.9313388361462,0.09503497649672471,60,29,Current,Current,none,0,0.0,0.0,0.0,0,0.0,0.0,0,465
10062,2008-01-01,2007-04-01,9,2007,63001.0,63001.0,1311.1076057092598,0.09108187702223389,60,51,Current,Current,none,0,0.0,0.0,0.0,0,0.0,0.0,0,775
10091,2008-01-01,2006-10-01,15,2006,65836.0,65836.0,1885.7392285934905,0.16589262883353112,48,33,Current,Current,none,0,0.0,0.0,0.0,0,0.0,0.0,0,769
10092,2008-01-01,2004-06-01,43,2004,61462.0,61462.0,1073.0813566786378,0.07848306216372632,72,29,Current,Current,none,0,0.0,0.0,0.0,0,0.0,0.0,0,725
10098,2008-01-01,2007-06-01,7,2007,48994.0,48994.0,872.5612141364564,0.08563278173037049,72,65,Current,Current,none,0,0.0,0.0,0.0,0,0.0,0.0,0,246
10140,2008-01-01,2007-09-01,4,2007,40835.0,40835.0,1438.0277753045252,0.1611850933876303,36,32,Current,Current,none,0,0.0,0.0,0.0,0,0.0,0.0,0,932
10149,2008-01-01,2007-01-01,12,2007,154029.0,154029.0,3093.9567733877616,0.13024135418833474,72,60,Current,Current,none,0,0.0,0.0,0.0,0,0.0,0.0,0,249
10164,2008-01-01,2005-11-01,26,2005,104527.0,104527.0,2030.3737783989968,0.061966974315777884,60,34,Current,Current,none,0,0.0,0.0,0.0,0,0.0,0.0,0,952
10165,2008-01-01,2003-04-01,57,2003,63523.0,63523.0,1191.9235826482204,0.10469857542334823,72,15,Current,Current,none,0,0.0,0.0,0.0,0,0.0,0.0,0,998
10212,2008-01-01,2007-10-01,3,2007,30111.0,30111.0,936.9904087634244,0.07525383805610825,36,33,Current,Current,none,0,0.0,0.0,0.0,0,0.0,0.0,0,313
10214,2008-01-01,2003-09-01,52,2003,156182.0,156182.0,3109.5680317333317,0.0723001582244649,60,8,Current,Current,none,0,0.0,0.0,0.0,0,0.0,0.0,0,218
10229,2008-01-01,2006-03-01,22,2006,59444.0,59444.0,1158.3746723098602,0.11878028874172697,72,50,Current,Current,none,0,0.0,0.0,0.0,0,0.0,0.0,0,554
10233,2008-01-01,2005-07-01,30,2005,228960.0,228960.0,5406.739246991627,0.1466479569783651,60,30,Current,Current,none,0,0.0,0.0,0.0,0,0.0,0.0,0,923
10244,2008-01-01,2004-04-01,45,2004,154361.0,154361.0,3712.156980754984,0.15491196476811597,60,15,Current,Current,none,0,0.0,0.0,0.0,0,0.0,0.0,0,650
10261,2008-01-01,2003-01-01,60,2003,60200.0,60200.0,1251.5763820533139,0.09065801525453895,60,0,Current,Matured,matured,0,0.0,0.0,0.0,0,0.0,0.0,0,458
10267,2008-01-01,2007-12-01,1,2007,29660.0,29660.0,629.2672546835697,0.15130639291533793,72,71,Current,Current,none,0,0.0,0.0,0.0,0,0.0,0.0,0,927
10271,2008-01-01,2003-12-01,49,2003,245043.0,245043.0,5139.638233205138,0.09443854362418305,60,11,Current,Current,none,0,0.0,0.0,0.0,0,0.0,0.0,0,108
10272,2008-01-01,2006-08-01,17,2006,55973.0,55973.0,1852.9355298401993,0.117690160127859,36,19,Current,Current,none,0,0.0,0.0,0.0,0,0.0,0.0,0,983
10280,2008-01-01,2006-12-01,13,2006,23570.0,23570.0,563.663533944786,0.15236871789358783,60,47,Current,Current,none,0,0.0,0.0,0.0,0,0.0,0.0,0,108
10282,2008-01-01,2006-05-01,20,2006,21188.0,21188.0,568.0950897568041,0.12969005032592257,48,28,Current,Current,none,0,0.0,0.0,0.0,0,0.0,0.0,0,439
10300,2008-01-01,2006-10-01,15,2006,22637.0,22637.0,427.6090742783669,0.10717754328486993,72,57,Current,Current,none,0,0.0,0.0,0.0,0,0.0,0.0,0,564
10301,2008-01-01,2006-12-01,13,2006,44986.0,44986.0,1403.5955835946718,0.07705576654679612,36,23,Current,Current,none,0,0.0,0.0,0.0,0,0.0,0.0,0,721
10302,2008-01-01,2005-10-01,27,2005,35095.0,35095.0,719.4704903508338,0.13803476556185057,72,45,Current,Current,none,0,0.0,0.0,0.0,0,0.0,0.0,0,277
10305,2008-01-01,2006-12-01,13,2006,12462.0,12462.0,278.17740831547343,0.12153416446774304,60,47,Current,Current,none,0,0.0,0.0,0.0,0,0.0,0.0,0,678
10309,2008-01-01,2007-11-01,2,2007,25285.0,25285.0,653.8742645687762,0.1103014567846287,48,46,Current,Current,none,0,0.0,0.0,0.0,0,0.0,0.0,0,874
10316,2008-01-01,2006-11-01,14,2006,33029.0,33029.0,915.6507001727111,0.14786470546934855,48,34,Current,Current,none,0,0.0,0.0,0.0,0,0.0,0.0,0,797
10325,2008-01-01,2005-12-01,25,2005,31196.0,31196.0,770.8630509601963,0.08631252219335997,48,23,Current,Current,none,0,0.0,0.0,0.0,0,0.0,0.0,0,259
10332,2008-01-01,2006-10-01,15,2006,40714.0,40714.0,1300.863960297929,0.0932513120649694,36,21,Current,Current,none,0,0.0,0.0,0.0,0,0.0,0.0,0,248
10343,2008-01-01,2005-08-01,29,2005,23857.0,23857.0,530.5016744754884,0.11984726566338626,60,31,Current,Current,none,0,0.0,0.0,0.0,0,0.0,0.0,0,159
10361,2008-01-01,2003-11-01,50,2003,71233.0,71233.0,1521.380759298171,0.10224767359724371,60,10,Current,Current,none,0,0.0,0.0,0.0,0,0.0,0.0,0,961
10362,2008-01-01,2004-12-01,37,2004,69741.0,69741.0,1723.922654045402,0.08649458527469785,48,11,Current,Current,none,0,0.0,0.0,0.0,0,0.0,0.0,0,269
10364,2008-01-01,2004-12-01,37,2004,59273.0,59273.0,1276.829108501783,0.10596017498354122,60,23,Current,Current,none,0,0.0,0.0,0.0,0,0.0,0.0,0,194
10370,2008-01-01,2006-10-01,15,2006,26423.0,26423.0,684.347461866357,0.11111468005860306,48,33,Current,Current,none,0,0.0,0.0,0.0,0,0.0,0.0,0,315
10374,2008-01-01,2005-01-01,36,2005,86020.0,86020.0,1860.2242373970296,0.10765151037584911,60,24,Current,Paid off,payoff,0,0.0,0.0,0.0,0,0.0,0.0,0,650
10391,2008-01-01,2007-05-01,8,2007,48955.0,48955.0,1032.980197010986,0.1491818293140416,72,64,Current,Current,none,0,0.0,0.0,0.0,0,0.0,0.0,0,970
10393,2008-01-01,2007-03-01,10,2007,59307.0,59307.0,1536.1223502134478,0.11114573044936694,48,38,Current,Current,none,0,0.0,0.0,0.0,0,0.0,0.0,0,201
10398,2008-01-01,2005-01-01,36,2005,107415.0,107415.0,2870.208138404652,0.12784655957347607,48,12,Current,Current,none,0,0.0,0.0,0.0,0,0.0,0.0,0,611
10411,2008-01-01,2003-07-01,54,2003,160937.0,160937.0,3470.6632529756935,0.10644098720476726,60,6,Current,Current,none,0,0.0,0.0,0.0,0,0.0,0.0,0,956
10413,2008-01-01,2005-03-01,34,2005,77385.0,77385.0,2740.664100628971,0.1652335473538042,36,2,Current,Current,none,0,0.0,0.0,0.0,0,0.0,0.0,0,109
10415,2008-01-01,2007-12-01,1,2007,30505.0,30505.0,693.3975781173936,0.12956127317218477,60,59,Current,Current,none,0,0.0,0.0,0.0,0,0.0,0.0,0,510
10425,2008-01-01,2005-12-01,25,2005,67943.0,67943.0,1387.5579161714843,0.13656734118234218,72,47,Current,Current,none,0,0.0,0.0,0.0,0,0.0,0.0,0,401
10431,2008-01-01,2005-06-01,31,2005,56965.0,56965.0,1309.4928289721931,0.13456950137855545,60,29,Current,Current,none,0,0.0,0.0,0.0,0,0.0,0.0,0,435
10437,2008-01-01,2007-09-01,4,2007,35502.0,35502.0,898.5703549473658,0.0989130467830868,48,44,Current,Current,none,0,0.0,0.0,0.0,0,0.0,0.0,0,410
10438,2008-01-01,2004-06-01,43,2004,16263.0,16263.0,371.19574018500316,0.13139513515021786,60,17,Current,Current,none,0,0.0,0.0,0.0,0,0.0,0.0,0,629
10440,2008-01-01,2005-05-01,32,2005,71172.0,71172.0,2025.4286269656106,0.1623001676314625,48,16,Current,Current,none,0,0.0,0.0,0.0,0,0.0,0.0,0,146
10443,2008-01-01,2006-12-01,13,2006,144564.0,144564.0,2477.1078206250913,0.07178866994110257,72,59,Current,Current,none,0,0.0,0.0,0.0,0,0.0,0.0,0,343
10445,2008-01-01,2006-07-01,18,2006,31557.0,31557.0,604.9959935697531,0.11267810396053547,72,54,Current,Current,none,0,0.0,0.0,0.0,0,0.0,0.0,0,215
10448,2008-01-01,2005-07-01,30,2005,43178.0,43178.0,1056.418558631318,0.16279085756105002,60,30,Current,Current,none,0,0.0,0.0,0.0,0,0.0,0.0,0,720
10452,2008-01-01,2004-04-01,45,2004,241464.0,241464.0,4682.454582588521,0.061270571821681385,60,15,Current,Current,none,0,0.0,0.0,0.0,0,0.0,0.0,0,743
10455,2008-01-01,2003-01-01,60,2003,8478.0,8478.0,172.54214919998313,0.1352405228957175,72,12,Current,Current,none,0,0.0,0.0,0.0,0,0.0,0.0,0,739
10456,2008-01-01,2004-12-01,37,2004,50817.0,50817.0,1016.2779084014206,0.07417521525989362,60,23,Current,Current,none,0,0.0,0.0,0.0,0,0.0,0.0,0,470
10460,2008-01-01,2003-03-01,58,2003,17856.0,17856.0,331.67742008415513,0.10097661045102722,72,14,Current,Current,none,0,0.0,0.0,0.0,0,0.0,0.0,0,454
10462,2008-01-01,2005-03-01,34,2005,29374.0,29374.0,619.7440225187071,0.09697252014119388,60,26,Current,Current,none,0,0.0,0.0,0.0,0,0.0,0.0,0,385
10463,2008-01-01,2006-06-01,19,2006,265336.0,265336.0,5627.2905406861455,0.09920946941646519,60,41,Current,Current,none,0,0.0,0.0,0.0,0,0.0,0.0,0,561
10468,2008-01-01,2005-03-01,34,2005,29380.0,29380.0,564.6448497713178,0.05754128826695684,60,26,Current,Current,none,0,0.0,0.0,0.0,0,0.0,0.0,0,982
10469,2008-01-01,2003-10-01,51,2003,87808.0,87808.0,1606.258069331974,0.09536274414804755,72,21,Current,Current,none,0,0.0,0.0,0.0,0,0.0,0.0,0,940
10472,2008-01-01,2003-03-01,58,2003,38205.0,38205.0,771.1109649285949,0.0780564964129245,60,2,Current,Current,none,0,0.0,0.0,0.0,0,0.0,0.0,0,511
10480,2008-01-01,2006-05-01,20,2006,34848.0,34848.0,844.526393976003,0.15842728636872283,60,40,Current,Current,none,0,0.0,0.0,0.0,0,0.0,0.0,0,211
10486,2008-01-01,2003-02-01,59,2003,29572.0,29572.0,590.3036464172811,0.12786451497224485,72,13,Current,Current,none,0,0.0,0.0,0.0,0,0.0,0.0,0,686
10498,2008-01-01,2003-03-01,58,2003,33645.0,33645.0,747.1366098088014,0.11924804941209986,60,2,Current,Current,none,0,0.0,0.0,0.0,0,0.0,0.0,0,246
10499,2008-01-01,2004-09-01,40,2004,46354.0,46354.0,842.6248589414893,0.09306516768134346,72,32,Current,Current,none,0,0.0,0.0,0.0,0,0.0,0.0,0,129
10504,2008-01-01,2005-12-01,25,2005,40889.0,40889.0,818.8457460988915,0.07474986495908284,60,35,Current,Current,none,0,0.0,0.0,0.0,0,0.0,0.0,0,882
10509,2008-01-01,2006-01-01,24,2006,40882.0,40882.0,1315.882248406248,0.09829773063005257,36,12,Current,Current,none,0,0.0,0.0,0.0,0,0.0,0.0,0,924
10523,2008-01-01,2004-08-01,41,2004,39337.0,39337.0,834.0296916508797,0.09908738576229806,60,19,Current,Current,none,0,0.0,0.0,0.0,0,0.0,0.0,0,309
10526,2008-01-01,2006-06-01,19,2006,49703.0,49703.0,921.889426071758,0.10043860410188603,72,53,Current,Current,none,0,0.0,0.0,0.0,0,0.0,0.0,0,661
10527,2008-01-01,2007-11-01,2,2007,57293.0,57293.0,1274.705338239289,0.12008779433842867,60,58,Current,Current,none,0,0.0,0.0,0.0,0,0.0,0.0,0,213
10535,2008-01-01,2007-05-01,8,2007,56408.0,56408.0,1869.3357686833701,0.11843371367698602,36,28,Current,Current,none,0,0.0,0.0,0.0,0,0.0,0.0,0,744
10537,2008-01-01,2006-04-01,21,2006,47625.0,47625.0,1278.490309375023,0.13035141675768397,48,27,Current,Current,none,0,0.0,0.0,0.0,0,0.0,0.0,0,306
10557,2008-01-01,2007-02-01,11,2007,54722.0,54722.0,1212.9634046126794,0.11844441420397632,60,49,Current,Current,none,0,0.0,0.0,0.0,0,0.0,0.0,0,512
10560,2008-01-01,2006-11-01,14,2006,142816.0,142816.0,2937.0200278298657,0.08600624955462782,60,46,Current,Current,none,0,0.0,0.0,0.0,0,0.0,0.0,0,612
10563,2008-01-01,2007-01-01,12,2007,58062.0,58062.0,1143.3855990683292,0.06769213517900144,60,48,Current,Current,none,0,0.0,0.0,0.0,0,0.0,0.0,0,960
10565,2008-01-01,2006-04-01,21,2006,19415.0,19415.0,386.3376764672866,0.12667279164525483,72,51,Current,Current,none,0,0.0,0.0,0.0,0,0.0,0.0,0,210
10579,2008-01-01,2006-02-01,23,2006,218853.0,218853.0,5017.588404932451,0.1333854308194708,60,37,Current,Current,none,0,0.0,0.0,0.0,0,0.0,0.0,0,632
10583,2008-01-01,2006-07-01,18,2006,100002.0,100002.0,2675.7059146271313,0.12856895513748923,48,30,Current,Current,none,0,0.0,0.0,0.0,0,0.0,0.0,0,634
10587,2008-01-01,2007-10-01,3,2007,224959.0,224959.0,5792.729643763998,0.10803411839482839,48,45,Current,Current,none,0,0.0,0.0,0.0,0,0.0,0.0,0,407
10603,2008-01-01,2007-01-01,12,2007,109838.0,109838.0,2344.467063816843,0.10198348865914328,60,48,Current,Current,none,0,0.0,0.0,0.0,0,0.0,0.0,0,868
10606,2008-01-01,2002-01-01,72,2002,97390.0,97390.0,1650.223574042828,0.067819325202534,72,0,Current,Matured,matured,0,0.0,0.0,0.0,0,0.0,0.0,0,797
10608,2008-01-01,2007-08-01,5,2007,63848.0,63848.0,1397.9467869024597,0.11305161314319562,60,55,Current,Current,none,0,0.0,0.0,0.0,0,0.0,0.0,0,742
10609,2008-01-01,2006-03-01,22,2006,107195.0,107195.0,2633.4540865070558,0.08327511791156443,48,26,Current,Current,none,0,0.0,0.0,0.0,0,0.0,0.0,0,786
10612,2008-01-01,2005-05-01,32,2005,220345.0,220345.0,7587.781011588855,0.14530618439640003,36,4,Current,Current,none,0,0.0,0.0,0.0,0,0.0,0.0,0,238
10625,2008-01-01,2005-10-01,27,2005,50810.0,50810.0,1332.7844729482317,0.11789808168180957,48,21,Current,Current,none,0,0.0,0.0,0.0,0,0.0,0.0,0,949
10626,2008-01-01,2004-07-01,42,2004,64138.0,64138.0,1479.5311619948757,0.13612672740417683,60,18,Current,Current,none,0,0.0,0.0,0.0,0,0.0,0.0,0,850
10630,2008-01-01,2006-08-01,17,2006,106736.0,106736.0,1914.3583996012378,0.08818222982457044,72,55,Current,Current,none,0,0.0,0.0,0.0,0,0.0,0.0,0,154
10634,2008-01-01,2004-06-01,43,2004,135692.0,135692.0,3201.7617671566472,0.14629328490291973,60,17,Current,Current,none,0,0.0,0.0,0.0,0,0.0,0.0,0,735
10637,2008-01-01,2005-04-01,33,2005,23261.0,23261.0,599.5582565028021,0.18699084501053356,60,27,Current,Current,none,0,0.0,0.0,0.0,0,0.0,0.0,0,540
10640,2008-01-01,2005-02-01,35,2005,32448.0,32448.0,864.3413829034866,0.1261689086312635,48,13,Current,Current,none,0,0.0,0.0,0.0,0,0.0,0.0,0,865
10646,2008-01-01,2007-08-01,5,2007,101438.0,101438.0,2369.7357209551533,0.1417950955223841,60,55,Current,Current,none,0,0.0,0.0,0.0,0,0.0,0.0,0,648
10671,2008-01-01,2005-06-01,31,2005,15522.0,15522.0,406.49718541121257,0.11703423177488587,48,17,Current,Current,none,0,0.0,0.0,0.0,0,0.0,0.0,0,687
10682,2008-01-01,2003-10-01,51,2003,59142.0,59142.0,1306.2242524758415,0.11686275331060084,60,9,Current,Current,none,0,0.0,0.0,0.0,0,0.0,0.0,0,953
10690,2008-01-01,2002-04-01,69,2002,155627.0,155627.0,3203.2533729607803,0.13957314432702655,72,3,Current,Current,none,0,0.0,0.0,0.0,0,0.0,0.0,0,933
10703,2008-01-01,2006-09-01,16,2006,44247.0,44247.0,982.0032768343615,0.11899448524933222,60,44,Current,Current,none,0,0.0,0.0,0.0,0,0.0,0.0,0,710
10704,2008-01-01,2007-12-01,1,2007,329855.0,329855.0,7231.2775262416135,0.11360411605482444,60,59,Current,Current,none,0,0.0,0.0,0.0,0,0.0,0.0,0,454
10718,2008-01-01,2004-02-01,47,2004,58749.0,58749.0,1469.1364511703634,0.1728671952769234,60,13,Current,Current,none,0,0.0,0.0,0.0,0,0.0,0.0,0,630
10743,2008-01-01,2006-12-01,13,2006,30503.0,30503.0,610.3738679630866,0.12878981370395978,72,59,Current,Current,none,0,0.0,0.0,0.0,0,0.0,0.0,0,211
10764,2008-01-01,2006-11-01,14,2006,69709.0,69709.0,1491.9606128186406,0.10315663572678099,60,46,Current,Current,none,0,0.0,0.0,0.0,0,0.0,0.0,0,850
10766,2008-01-01,2006-10-01,15,2006,72174.0,72174.0,1833.1687424807003,0.10076411471788199,48,33,Current,Current,none,0,0.0,0.0,0.0,0,0.0,0.0,0,950
10813,2008-01-01,2005-09-01,28,2005,50798.0,50798.0,1088.4637243356476,0.1036542472831288,60,32,Current,Current,none,0,0.0,0.0,0.0,0,0.0,0.0,0,223
10818,2008-01-01,2005-08-01,29,2005,94460.0,94460.0,2977.935140129127,0.08410074608355116,36,7,Current,Current,none,0,0.0,0.0,0.0,0,0.0,0.0,0,880
10821,2008-01-01,2006-06-01,19,2006,125277.0,125277.0,2327.6093470722394,0.10106724372591278,72,53,Current,Current,none,0,0.0,0.0,0.0,0,0.0,0.0,0,568
10832,2008-01-01,2006-06-01,19,2006,43214.0,43214.0,788.1318318032013,0.09426383759210723,72,53,Current,Current,none,0,0.0,0.0,0.0,0,0.0,0.0,0,712
10833,2008-01-01,2003-11-01,50,2003,81502.0,81502.0,1462.5804721888862,0.08838185971330378,72,22,Current,Current,none,0,0.0,0.0,0.0,0,0.0,0.0,0,187
10843,2008-01-01,2005-11-01,26,2005,64873.0,64873.0,1623.891636731133,0.09308647020121934,48,22,Current,Current,none,0,0.0,0.0,0.0,0,0.0,0.0,0,722
10859,2008-01-01,2007-07-01,6,2007,30271.0,30271.0,719.838465027176,0.06640493020000647,48,42,Current,Current,none,0,0.0,0.0,0.0,0,0.0,0.0,0,426
10864,2008-01-01,2006-01-01,24,2006,92047.0,92047.0,1493.2971549116257,0.05254397952149711,72,48,Current,Current,none,0,0.0,0.0,0.0,0,0.0,0.0,0,133
10873,2008-01-01,2005-01-01,36,2005,44031.0,44031.0,771.2886375869955,0.07966618436183419,72,36,Current,Current,none,0,0.0,0.0,0.0,0,0.0,0.0,0,329
10880,2008-01-01,2005-10-01,27,2005,64184.0,64184.0,1247.1160887065894,0.062094153368739816,60,33,Current,Current,none,0,0.0,0.0,0.0,0,0.0,0.0,0,263
10884,2008-01-01,2004-01-01,48,2004,44488.0,44488.0,938.8919389161019,0.09709493976068445,60,12,Current,Current,none,0,0.0,0.0,0.0,0,0.0,0.0,0,461
10886,2008-01-01,2004-04-01,45,2004,45412.0,45412.0,890.6729470057286,0.12120980942106235,72,27,Current,Current,none,0,0.0,0.0,0.0,0,0.0,0.0,0,635
10890,2008-01-01,2004-12-01,37,2004,57487.0,57487.0,1378.6684964961728,0.07077604056113879,48,11,Current,Current,none,0,0.0,0.0,0.0,0,0.0,0.0,0,784
10899,2008-01-01,2005-11-01,26,2005,26918.0,26918.0,887.9950342333307,0.11527093616915583,36,10,Current,Current,none,0,0.0,0.0,0.0,0,0.0,0.0,0,489
10902,2008-01-01,2003-08-01,53,2003,47864.0,47864.0,837.1767463353286,0.07912893497423534,72,19,Current,Current,none,0,0.0,0.0,0.0,0,0.0,0.0,0,690
10905,2008-01-01,2007-07-01,6,2007,49746.0,49746.0,958.1495051337523,0.11441225351972442,72,66,Current,Current,none,0,0.0,0.0,0.0,0,0.0,0.0,0,832
10915,2008-01-01,2008-01-01,0,2008,78732.0,78732.0,2606.1360582814,0.1176327176541191,36,36,Current,Current,none,0,0.0,0.0,0.0,0,0.0,0.0,0,117
10925,2008-01-01,2006-05-01,20,2006,30569.0,30569.0,810.8987579064622,0.12392240211155163,48,28,Current,Current,none,0,0.0,0.0,0.0,0,0.0,0.0,0,883
10926,2008-01-01,2006-04-01,21,2006,33365.0,33365.0,1138.4422685128109,0.1388304487951549,36,15,Current,Current,none,0,0.0,0.0,0.0,0,0.0,0.0,0,200
10927,2008-01-01,2006-11-01,14,2006,68310.0,68310.0,1540.7396888564738,0.12612326081700317,60,46,Current,Current,none,0,0.0,0.0,0.0,0,0.0,0.0,0,839
10928,2008-01-01,2006-04-01,21,2006,84354.0,84354.0,1929.632019285097,0.13238609951097702,60,39,Current,Current,none,0,0.0,0.0,0.0,0,0.0,0.0,0,153
10931,2008-01-01,2005-06-01,31,2005,27723.0,27723.0,937.3342881834451,0.13242158843782664,36,5,Current,Current,none,0,0.0,0.0,0.0,0,0.0,0.0,0,572
10932,2008-01-01,2005-06-01,31,2005,34030.0,34030.0,775.6064119666946,0.13075698929410498,60,29,Current,Current,none,0,0.0,0.0,0.0,0,0.0,0.0,0,483
10936,2008-01-01,2007-07-01,6,2007,65934.0,65934.0,1452.1428018084748,0.1156287991301346,60,54,Current,Current,none,0,0.0,0.0,0.0,0,0.0,0.0,0,646
10944,2008-01-01,2006-04-01,21,2006,47465.0,47465.0,1176.7569669793006,0.08804041633186917,48,27,Current,Current,none,0,0.0,0.0,0.0,0,0.0,0.0,0,352
10946,2008-01-01,2006-06-01,19,2006,61097.0,61097.0,1234.1573393038063,0.07840123209608821,60,41,Current,Current,none,0,0.0,0.0,0.0,0,0.0,0.0,0,176
10951,2008-01-01,2005-10-01,27,2005,61772.0,61772.0,1462.9967768590675,0.1479759531635472,60,33,Current,Current,none,0,0.0,0.0,0.0,0,0.0,0.0,0,120
10952,2008-01-01,2003-05-01,56,2003,91244.0,91244.0,1834.0275822376507,0.07630992566952295,60,4,Current,Current,none,0,0.0,0.0,0.0,0,0.0,0.0,0,627
10961,2008-01-01,2006-12-01,13,2006,51377.0,51377.0,1309.572497463433,0.1026382152233155,48,35,Current,Current,none,0,0.0,0.0,0.0,0,0.0,0.0,0,576
10962,2008-01-01,2007-06-01,7,2007,52239.0,52239.0,1043.656169889636,0.12818590408740016,72,65,Current,Current,none,0,0.0,0.0,0.0,0,0.0,0.0,0,941
10963,2008-01-01,2004-02-01,47,2004,36509.0,36509.0,761.9387103764682,0.09229440872872852,60,13,Current,Current,none,0,0.0,0.0,0.0,0,0.0,0.0,0,806
10979,2008-01-01,2003-12-01,49,2003,90978.0,90978.0,1625.492513244022,0.08679485607447279,72,23,Current,Current,none,0,0.0,0.0,0.0,0,0.0,0.0,0,302
10980,2008-01-01,2003-11-01,50,2003,76069.0,76069.0,1364.8948728574833,0.08833176914196687,72,22,Current,Current,none,0,0.0,0.0,0.0,0,0.0,0.0,0,642
10992,2008-01-01,2007-12-01,1,2007,160598.0,160598.0,3330.22373959801,0.08954740165538178,60,59,Current,Current,none,0,0.0,0.0,0.0,0,0.0,0.0,0,291
11028,2008-01-01,2003-08-01,53,2003,46414.0,46414.0,1046.860914227424,0.17551270364668717,72,19,Current,Current,none,0,0.0,0.0,0.0,0,0.0,0.0,0,291
11038,2008-01-01,2005-09-01,28,2005,55434.0,55434.0,1341.211214320005,0.15767584436925072,60,32,Current,Current,none,0,0.0,0.0,0.0,0,0.0,0.0,0,687
11041,2008-01-01,2005-02-01,35,2005,39608.0,39608.0,802.9904964210712,0.07993831234625769,60,25,Current,Current,none,0,0.0,0.0,0.0,0,0.0,0.0,0,619
11056,2008-01-01,2006-06-01,19,2006,79697.0,79697.0,1762.2626576586422,0.11737514208287125,60,41,Current,Current,none,0,0.0,0.0,0.0,0,0.0,0.0,0,840
11060,2008-01-01,2007-11-01,2,2007,76277.0,76277.0,1910.2276957103636,0.09332656132014615,48,46,Current,Current,none,0,0.0,0.0,0.0,0,0.0,0.0,0,990
11063,2008-01-01,2002-05-01,68,2002,35409.0,35409.0,670.57548404634,0.10812134901737387,72,4,Current,Current,none,0,0.0,0.0,0.0,0,0.0,0.0,0,304
11067,2008-01-01,2007-04-01,9,2007,36025.0,36025.0,908.2620062778883,0.09685872123619337,48,39,Current,Current,none,0,0.0,0.0,0.0,0,0.0,0.0,0,454
11087,2008-01-01,2007-07-01,6,2007,50043.0,50043.0,1162.7333236599611,0.13935228716847278,60,54,Current,Current,none,0,0.0,0.0,0.0,0,0.0,0.0,0,448
11098,2008-01-01,2004-09-01,40,2004,45520.0,45520.0,1106.3473258572544,0.07769014563299648,48,8,Current,Current,none,0,0.0,0.0,0.0,0,0.0,0.0,0,163
11100,2008-01-01,2007-10-01,3,2007,35163.0,35163.0,791.4462137646574,0.12519634891244605,60,57,Current,Current,none,0,0.0,0.0,0.0,0,0.0,0.0,0,896
11101,2008-01-01,2006-08-01,17,2006,49981.0,49981.0,1654.7765099693656,0.11777440406259802,36,19,Current,Current,none,0,0.0,0.0,0.0,0,0.0,0.0,0,177
11114,2008-01-01,2006-06-01,19,2006,97483.0,97483.0,1805.6662623566372,0.0999414155425155,72,53,Current,Current,none,0,0.0,0.0,0.0,0,0.0,0.0,0,739
11125,2008-01-01,2003-11-01,50,2003,82469.0,82469.0,1558.25455394521,0.10727958682963393,72,22,Current,Current,none,0,0.0,0.0,0.0,0,0.0,0.0,0,801
11132,2008-01-01,2003-06-01,55,2003,143481.0,143481.0,2895.546592755962,0.07799757433707868,60,5,Current,Current,none,0,0.0,0.0,0.0,0,0.0,0.0,0,736
11138,2008-01-01,2004-07-01,42,2004,148310.0,148310.0,2603.721827425633,0.08046476197642762,72,30,Current,Current,none,0,0.0,0.0,0.0,0,0.0,0.0,0,239
11142,2008-01-01,2006-10-01,15,2006,105495.0,105495.0,2739.304122584623,0.11248153029886425,48,33,Current,Current,none,0,0.0,0.0,0.0,0,0.0,0.0,0,296
11151,2008-01-01,2003-11-01,50,2003,109418.0,109418.0,1915.984315160225,0.07953791291268023,72,22,Current,Current,none,0,0.0,0.0,0.0,0,0.0,0.0,0,922
11156,2008-01-01,2003-07-01,54,2003,156674.0,156674.0,3220.2794132756203,0.13903332585300707,72,18,Current,Current,none,0,0.0,0.0,0.0,0,0.0,0.0,0,140
11157,2008-01-01,2003-08-01,53,2003,15752.0,15752.0,301.8380341512828,0.11249055235588405,72,19,Current,Current,none,0,0.0,0.0,0.0,0,0.0,0.0,0,954
11159,2008-01-01,2004-09-01,40,2004,37852.0,37852.0,1063.6157986425617,0.1552839442331677,48,8,Current,Current,none,0,0.0,0.0,0.0,0,0.0,0.0,0,824
11176,2008-01-01,2005-10-01,27,2005,94831.0,94831.0,1996.5127797552266,0.0960533917280695,60,33,Current,Current,none,0,0.0,0.0,0.0,0,0.0,0.0,0,228
11188,2008-01-01,2007-03-01,10,2007,98942.0,98942.0,2680.878609360305,0.1353833639953326,48,38,Current,Current,none,0,0.0,0.0,0.0,0,0.0,0.0,0,342
11198,2008-01-01,2008-01-01,0,2008,26588.0,26588.0,594.9689459000062,0.12262546978279591,60,60,Current,Current,none,0,0.0,0.0,0.0,0,0.0,0.0,0,790
11200,2008-01-01,2005-08-01,29,2005,36179.0,36179.0,721.3833411229865,0.07292061699795274,60,31,Current,Current,none,0,0.0,0.0,0.0,0,0.0,0.0,0,204
11211,2008-01-01,2005-01-01,36,2005,76790.0,76790.0,1551.9668254857195,0.1325800373898257,72,36,Current,Current,none,0,0.0,0.0,0.0,0,0.0,0.0,0,596
11228,2008-01-01,2004-08-01,41,2004,44455.0,44455.0,1126.6660742971012,0.09961228020721463,48,7,Current,Current,none,0,0.0,0.0,0.0,0,0.0,0.0,0,117
11247,2008-01-01,2005-08-01,29,2005,37126.0,37126.0,753.0371185977663,0.08014389882870913,60,31,Current,Current,none,0,0.0,0.0,0.0,0,0.0,0.0,0,585
11249,2008-01-01,2008-01-01,0,2008,26958.0,26958.0,770.317561019914,0.16456707747043645,48,48,Current,Current,none,0,0.0,0.0,0.0,0,0.0,0.0,0,415
11254,2008-01-01,2006-04-01,21,2006,115771.0,115771.0,2495.1489040823863,0.10618101199327112,60,39,Current,Current,none,0,0.0,0.0,0.0,0,0.0,0.0,0,678
11258,2008-01-01,2006-08-01,17,2006,78678.0,78678.0,2806.7014129062395,0.17041266165898653,36,19,Current,Current,none,0,0.0,0.0,0.0,0,0.0,0.0,0,914
11263,2008-01-01,2007-10-01,3,2007,27102.0,27102.0,883.0399514555086,0.1066879928774116,36,33,Current,Current,none,0,0.0,0.0,0.0,0,0.0,0.0,0,155
11270,2008-01-01,2007-07-01,6,2007,36971.0,36971.0,741.4525263765148,0.07535823631072515,60,54,Current,Current,none,0,0.0,0.0,0.0,0,0.0,0.0,0,811
11276,2008-01-01,2007-01-01,12,2007,141602.0,141602.0,4831.129242788687,0.1387646879567329,36,24,Current,Current,none,0,0.0,0.0,0.0,0,0.0,0.0,0,721
11282,2008-01-01,2005-05-01,32,2005,69833.0,69833.0,1560.342542178717,0.12196580885672201,60,28,Current,Current,none,0,0.0,0.0,0.0,0,0.0,0.0,0,201
11292,2008-01-01,2003-04-01,57,2003,29640.0,29640.0,675.3168683787948,0.13060332789473145,60,3,Current,Current,none,0,0.0,0.0,0.0,0,0.0,0.0,0,220
11296,2008-01-01,2004-09-01,40,2004,57641.0,57641.0,1529.2166330026125,0.12398694568022127,48,8,Current,Current,none,0,0.0,0.0,0.0,0,0.0,0.0,0,143
11302,2008-01-01,2004-06-01,43,2004,57586.0,57586.0,1354.9987685938643,0.06098037097439116,48,5,Current,Current,none,0,0.0,0.0,0.0,0,0.0,0.0,0,691
11306,2008-01-01,2007-03-01,10,2007,49016.0,49016.0,1070.6930259569465,0.11202895166665662,60,50,Current,Current,none,0,0.0,0.0,0.0,0,0.0,0.0,0,595
11310,2008-01-01,2006-04-01,21,2006,25389.0,25389.0,464.83574551684626,0.09567638481813377,72,51,Current,Current,none,0,0.0,0.0,0.0,0,0.0,0.0,0,108
11311,2008-01-01,2003-01-01,60,2003,52573.0,52573.0,977.8049351592747,0.10144905725643165,72,12,Current,Current,none,0,0.0,0.0,0.0,0,0.0,0.0,0,617
11330,2008-01-01,2004-09-01,40,2004,62068.0,62068.0,1332.5628876231924,0.10450531273653849,60,20,Current,Current,none,0,0.0,0.0,0.0,0,0.0,0.0,0,887
11341,2008-01-01,2004-03-01,46,2004,47652.0,47652.0,794.006144170659,0.061897357904539714,72,26,Current,Current,none,0,0.0,0.0,0.0,0,0.0,0.0,0,205
11348,2008-01-01,2006-06-01,19,2006,74086.0,74086.0,1544.328054401625,0.14445546879112064,72,53,Current,Current,none,0,0.0,0.0,0.0,0,0.0,0.0,0,305
11358,2008-01-01,2006-09-01,16,2006,104332.0,104332.0,2020.869799626929,0.1165182652322553,72,56,Current,Current,none,0,0.0,0.0,0.0,0,0.0,0.0,0,562
11371,2008-01-01,2004-09-01,40,2004,24653.0,24653.0,483.25621233685297,0.06577199887196522,60,20,Current,Current,none,0,0.0,0.0,0.0,0,0.0,0.0,0,218
11372,2008-01-01,2006-04-01,21,2006,112818.0,112818.0,3919.412787821691,0.15154475281403984,36,15,Current,Current,none,0,0.0,0.0,0.0,0,0.0,0.0,0,926
11377,2008-01-01,2006-07-01,18,2006,122551.0,122551.0,3018.411135269442,0.08460877246297899,48,30,Current,Current,none,0,0.0,0.0,0.0,0,0.0,0.0,1,181
11378,2008-01-01,2003-10-01,51,2003,52017.0,52017.0,952.4411231292881,0.09570914117440339,72,21,Current,Current,none,0,0.0,0.0,0.0,0,0.0,0.0,0,799
11379,2008-01-01,2003-04-01,57,2003,42328.0,42328.0,908.4545361583029,0.15581828591890654,72,15,Current,Current,none,0,0.0,0.0,0.0,0,0.0,0.0,0,306
11384,2008-01-01,2005-03-01,34,2005,37087.0,37087.0,922.5155177156618,0.08977507343542215,48,14,Current,Paid off,payoff,0,0.0,0.0,0.0,0,0.0,0.0,0,926
11387,2008-01-01,2006-08-01,17,2006,39846.0,39846.0,1275.0024038394633,0.09425751959070301,36,19,Current,Current,none,0,0.0,0.0,0.0,0,0.0,0.0,0,480
11389,2008-01-01,2005-09-01,28,2005,106368.0,106368.0,2728.4427710732157,0.10598496315580806,48,20,Current,Current,none,0,0.0,0.0,0.0,0,0.0,0.0,0,507
11392,2008-01-01,2006-05-01,20,2006,35666.0,35666.0,715.7621123681126,0.07564203135609723,60,40,Current,Current,none,0,0.0,0.0,0.0,0,0.0,0.0,0,856
11397,2008-01-01,2006-03-01,22,2006,30258.0,30258.0,999.2309412600825,0.11600227383527618,36,14,Current,Current,none,0,0.0,0.0,0.0,0,0.0,0.0,0,864
11403,2008-01-01,2007-11-01,2,2007,37192.0,37192.0,1227.8435984508078,0.11579119976962218,36,34,Current,Current,none,0,0.0,0.0,0.0,0,0.0,0.0,0,950
11406,2008-01-01,2005-09-01,28,2005,66373.0,66373.0,1135.976752338245,0.07137363851054078,72,44,Current,Current,none,0,0.0,0.0,0.0,0,0.0,0.0,0,359
11411,2008-01-01,2007-06-01,7,2007,51082.0,51082.0,1055.079177036528,0.087859363651741,60,53,Current,Current,none,0,0.0,0.0,0.0,0,0.0,0.0,0,366
11412,2008-01-01,2005-01-01,36,2005,20468.0,20468.0,489.6938454995297,0.06953874952918068,48,12,Current,Current,none,0,0.0,0.0,0.0,0,0.0,0.0,0,473
11416,2008-01-01,2004-07-01,42,2004,28743.0,28743.0,605.5894884806598,0.09637484335852381,60,18,Current,Current,none,0,0.0,0.0,0.0,0,0.0,0.0,0,690
11418,2008-01-01,2005-05-01,32,2005,86803.0,86803.0,2131.0545216560495,0.08292533152685144,48,16,Current,Current,none,0,0.0,0.0,0.0,0,0.0,0.0,0,710
11428,2008-01-01,2006-08-01,17,2006,78542.0,78542.0,1637.6986044322666,0.14457003111311426,72,55,Current,Current,none,0,0.0,0.0,0.0,0,0.0,0.0,0,681
11478,2008-01-01,2006-01-01,24,2006,36448.0,36448.0,936.9455948688332,0.10712993667205432,48,24,Current,Current,none,0,0.0,0.0,0.0,0,0.0,0.0,0,627
11481,2008-01-01,2005-03-01,34,2005,41647.0,41647.0,1009.6632221418645,0.07638010089452126,48,14,Current,Current,none,0,0.0,0.0,0.0,0,0.0,0.0,0,191
11492,2008-01-01,2007-03-01,10,2007,98892.0,98892.0,2714.308409090808,0.14240355474310187,48,38,Current,Paid off,payoff,0,0.0,0.0,0.0,0,0.0,0.0,0,464
11496,2008-01-01,2006-04-01,21,2006,43279.0,43279.0,1409.972638027459,0.10661563595223561,36,15,Current,Current,none,0,0.0,0.0,0.0,0,0.0,0.0,0,213
11497,2008-01-01,2007-12-01,1,2007,67535.0,67535.0,1338.7924708870405,0.07047641474186907,60,59,Current,Current,none,0,0.0,0.0,0.0,0,0.0,0.0,0,311
11523,2008-01-01,2007-03-01,10,2007,71885.0,71885.0,1995.9335640702845,0.14871486747616833,48,38,Current,Current,none,0,0.0,0.0,0.0,0,0.0,0.0,0,129
11527,2008-01-01,2006-12-01,13,2006,34473.0,34473.0,874.2774163880844,0.09997165701039021,48,35,Current,Current,none,0,0.0,0.0,0.0,0,0.0,0.0,0,894
11546,2008-01-01,2004-11-01,38,2004,41895.0,41895.0,1089.762205940739,0.11341643705955218,48,10,Current,Current,none,0,0.0,0.0,0.0,0,0.0,0.0,0,805
11552,2008-01-01,2006-06-01,19,2006,30112.0,30112.0,640.7503872531423,0.10064722839209621,60,41,Current,Current,none,0,0.0,0.0,0.0,0,0.0,0.0,0,403
11554,2008-01-01,2006-07-01,18,2006,55680.0,55680.0,1347.3460508680375,0.07540967873287674,48,30,Current,Current,none,0,0.0,0.0,0.0,0,0.0,0.0,0,832
11556,2008-01-01,2003-09-01,52,2003,38417.0,38417.0,710.6824878687842,0.09947088774294488,72,20,Current,Current,none,0,0.0,0.0,0.0,0,0.0,0.0,0,494
11559,2008-01-01,2003-11-01,50,2003,91877.0,91877.0,1944.5781650534916,0.09833099165481142,60,10,Current,Current,none,0,0.0,0.0,0.0,0,0.0,0.0,0,957
11569,2008-01-01,2004-04-01,45,2004,35348.0,35348.0,594.5118130990833,0.0651867927756543,72,27,Current,Current,none,0,0.0,0.0,0.0,0,0.0,0.0,0,851
11573,2008-01-01,2005-04-01,33,2005,55440.0,55440.0,1331.4882644538743,0.07151818122529048,48,15,Current,Current,none,0,0.0,0.0,0.0,0,0.0,0.0,0,824
11587,2008-01-01,2007-03-01,10,2007,48254.0,48254.0,1303.81450429044,0.13386699803694724,48,38,Current,Current,none,0,0.0,0.0,0.0,0,0.0,0.0,0,279
11593,2008-01-01,2006-03-01,22,2006,97971.0,97971.0,2255.010329365137,0.13514119347702624,60,38,Current,Current,none,0,0.0,0.0,0.0,0,0.0,0.0,0,171
11594,2008-01-01,2006-12-01,13,2006,25141.0,25141.0,666.1810605892281,0.12333330890326345,48,35,Current,Current,none,0,0.0,0.0,0.0,0,0.0,0.0,0,611
11598,2008-01-01,2004-07-01,42,2004,67643.0,67643.0,1712.251364856533,0.09896820224413765,48,6,Current,Current,none,0,0.0,0.0,0.0,0,0.0,0.0,0,194
11608,2008-01-01,2003-11-01,50,2003,256351.0,256351.0,5712.097205905923,0.12074925551463049,60,10,Current,Current,none,0,0.0,0.0,0.0,0,0.0,0.0,0,514
11613,2008-01-01,2006-10-01,15,2006,55645.0,55645.0,1329.559706447218,0.1519727206011453,60,45,Current,Current,none,0,0.0,0.0,0.0,0,0.0,0.0,0,588
11623,2008-01-01,2007-10-01,3,2007,76597.0,76597.0,2617.7401908617444,0.1399559924997156,36,33,Current,Current,none,0,0.0,0.0,0.0,0,0.0,0.0,0,945
11637,2008-01-01,2006-04-01,21,2006,56264.0,56264.0,1850.6151114624638,0.1132246904054982,36,15,Current,Current,none,0,0.0,0.0,0.0,0,0.0,0.0,0,993
11639,2008-01-01,2004-01-01,48,2004,40330.0,40330.0,975.0309665846478,0.07494466227373056,48,0,Current,Matured,matured,0,0.0,0.0,0.0,0,0.0,0.0,0,692
11655,2008-01-01,2006-03-01,22,2006,72116.0,72116.0,1392.9911705211484,0.05963812771556999,60,38,Current,Current,none,0,0.0,0.0,0.0,0,0.0,0.0,0,682
11665,2008-01-01,2006-03-01,22,2006,43143.0,43143.0,905.2166122487733,0.09458881078736549,60,38,Current,Current,none,0,0.0,0.0,0.0,0,0.0,0.0,0,847
11668,2008-01-01,2006-10-01,15,2006,46742.0,46742.0,1239.3757930572178,0.12368745453632335,48,33,Current,Current,none,0,0.0,0.0,0.0,0,0.0,0.0,0,871
11672,2008-01-01,2004-02-01,47,2004,23970.0,23970.0,647.7551496367823,0.133942340933893,48,1,Current,Current,none,0,0.0,0.0,0.0,0,0.0,0.0,0,797
11677,2008-01-01,2007-12-01,1,2007,65493.0,65493.0,2151.6035692718892,0.11239854745968392,36,35,Current,Current,none,0,0.0,0.0,0.0,0,0.0,0.0,0,895
11684,2008-01-01,2007-06-01,7,2007,60040.0,60040.0,1293.0302681939406,0.10585232412297188,60,53,Current,Current,none,0,0.0,0.0,0.0,0,0.0,0.0,0,875
11706,2008-01-01,2003-10-01,51,2003,51001.0,51001.0,1113.2236113079139,0.11170372874516636,60,9,Current,Current,none,0,0.0,0.0,0.0,0,0.0,0.0,0,241
11721,2008-01-01,2007-06-01,7,2007,107058.0,107058.0,2241.088878586708,0.09359791847142848,60,53,Current,Current,none,0,0.0,0.0,0.0,0,0.0,0.0,0,581
11736,2008-01-01,2007-07-01,6,2007,46199.0,46199.0,974.6259092395316,0.09692901875588814,60,54,Current,Current,none,0,0.0,0.0,0.0,0,0.0,0.0,0,446
11740,2008-01-01,2005-12-01,25,2005,71320.0,71320.0,2309.7926081234477,0.10253476234919624,36,11,Current,Current,none,0,0.0,0.0,0.0,0,0.0,0.0,0,421
11746,2008-01-01,2005-06-01,31,2005,49433.0,49433.0,1142.3832178188732,0.1369364175006262,60,29,Current,Current,none,0,0.0,0.0,0.0,0,0.0,0.0,0,867
11750,2008-01-01,2007-02-01,11,2007,99004.0,99004.0,2728.453878286909,0.14462461049450484,48,37,Current,Current,none,0,0.0,0.0,0.0,0,0.0,0.0,0,168
11760,2008-01-01,2006-01-01,24,2006,46719.0,46719.0,1076.5937474064035,0.13566313573967373,60,36,Current,Current,none,0,0.0,0.0,0.0,0,0.0,0.0,0,959
11777,2008-01-01,2006-03-01,22,2006,141787.0,141787.0,4587.669627547765,0.10189153744965021,36,14,Current,Current,none,0,0.0,0.0,0.0,0,0.0,0.0,0,840
11778,2008-01-01,2006-03-01,22,2006,37170.0,37170.0,954.8871103322746,0.10678614695134124,48,26,Current,Current,none,0,0.0,0.0,0.0,0,0.0,0.0,0,135
11785,2008-01-01,2006-02-01,23,2006,37271.0,37271.0,958.6373944150585,0.10742666700749419,48,25,Current,Current,none,0,0.0,0.0,0.0,0,0.0,0.0,0,188
11789,2008-01-01,2004-04-01,45,2004,37520.0,37520.0,818.3353774187348,0.11136671448105956,60,15,Current,Current,none,0,0.0,0.0,0.0,0,0.0,0.0,0,273
11798,2008-01-01,2005-11-01,26,2005,41908.0,41908.0,859.8866116805311,0.08503951593761,60,34,Current,Current,none,0,0.0,0.0,0.0,0,0.0,0.0,0,165
11799,2008-01-01,2007-08-01,5,2007,45131.0,45131.0,801.0183849932516,0.0843975369112503,72,67,Current,Current,none,0,0.0,0.0,0.0,0,0.0,0.0,0,703
11800,2008-01-01,2004-05-01,44,2004,89452.0,89452.0,1834.479978751186,0.08482258593316305,60,16,Current,Current,none,0,0.0,0.0,0.0,0,0.0,0.0,0,370
11838,2008-01-01,2005-02-01,35,2005,75456.0,75456.0,1602.2627097743605,0.09974292247789168,60,25,Current,Current,none,0,0.0,0.0,0.0,0,0.0,0.0,0,240
11848,2008-01-01,2004-01-01,48,2004,35011.0,35011.0,653.545198384197,0.10279023638914933,72,24,Current,Current,none,0,0.0,0.0,0.0,0,0.0,0.0,0,888
11867,2008-01-01,2006-09-01,16,2006,34490.0,34490.0,682.368384586116,0.06964658066365549,60,44,Current,Current,none,0,0.0,0.0,0.0,0,0.0,0.0,0,910
11886,2008-01-01,2007-01-01,12,2007,57232.0,57232.0,1364.4236926875087,0.1509575739272726,60,48,Current,Current,none,0,0.0,0.0,0.0,0,0.0,0.0,0,303
11890,2008-01-01,2003-02-01,59,2003,52151.0,52151.0,1035.3729645471453,0.12580477787660654,72,13,Current,Current,none,0,0.0,0.0,0.0,0,0.0,0.0,0,900
11893,2008-01-01,2004-05-01,44,2004,46065.0,46065.0,1045.2760237372026,0.17793710572443697,72,28,Current,Current,none,0,0.0,0.0,0.0,0,0.0,0.0,0,700
11896,2008-01-01,2003-06-01,55,2003,38848.0,38848.0,892.9525501346756,0.1345332078692033,60,5,Current,Current,none,0,0.0,0.0,0.0,0,0.0,0.0,0,245
11909,2008-01-01,2006-07-01,18,2006,32056.0,32056.0,734.3640250339301,0.1817844756684406,72,54,Current,Current,none,0,0.0,0.0,0.0,0,0.0,0.0,0,518
11918,2008-01-01,2003-08-01,53,2003,49844.0,49844.0,1061.1816385307118,0.15266590925684467,72,19,Current,Current,none,0,0.0,0.0,0.0,0,0.0,0.0,0,555
11919,2008-01-01,2005-11-01,26,2005,42519.0,42519.0,1033.8462209417949,0.07790972386174468,48,22,Current,Current,none,0,0.0,0.0,0.0,0,0.0,0.0,0,865
11929,2008-01-01,2005-04-01,33,2005,23374.0,23374.0,479.6773568465634,0.13843129479098382,72,39,Current,Current,none,0,0.0,0.0,0.0,0,0.0,0.0,0,872
11936,2008-01-01,2007-01-01,12,2007,15109.0,15109.0,497.9602444936629,0.11461829761617877,36,24,Current,Current,none,0,0.0,0.0,0.0,0,0.0,0.0,0,703
11938,2008-01-01,2007-07-01,6,2007,98607.0,98607.0,3273.7035470590617,0.11968997950862748,36,30,Current,Current,none,0,0.0,0.0,0.0,0,0.0,0.0,0,605
11942,2008-01-01,2005-05-01,32,2005,65801.0,65801.0,1856.4597402980207,0.15751642175958108,48,16,Current,Current,none,0,0.0,0.0,0.0,0,0.0,0.0,0,857
11943,2008-01-01,2004-05-01,44,2004,47807.0,47807.0,1292.0863605332418,0.1340137655900394,48,4,Current,Current,none,0,0.0,0.0,0.0,0,0.0,0.0,0,834
11950,2008-01-01,2006-04-01,21,2006,26128.0,26128.0,554.3809825957293,0.09940719797671418,60,39,Current,Current,none,0,0.0,0.0,0.0,0,0.0,0.0,0,342
11953,2008-01-01,2007-03-01,10,2007,52351.0,52351.0,1087.902643448728,0.09046506100842414,60,50,Current,Current,none,0,0.0,0.0,0.0,0,0.0,0.0,0,810
11980,2008-01-01,2007-06-01,7,2007,28151.0,28151.0,484.242874837626,0.07316979149656225,72,65,Current,Current,none,0,0.0,0.0,0.0,0,0.0,0.0,0,908
11985,2008-01-01,2003-04-01,57,2003,23913.0,23913.0,464.83878680201605,0.06227468797381821,60,3,Current,Current,none,0,0.0,0.0,0.0,0,0.0,0.0,0,856
11986,2008-01-01,2007-01-01,12,2007,223571.0,223571.0,6972.629771061498,0.07676930717683439,36,24,Current,Current,none,0,0.0,0.0,0.0,0,0.0,0.0,0,831
11988,2008-01-01,2006-07-01,18,2006,83064.0,83064.0,1757.4478634969496,0.09818309917733319,60,42,Current,Current,none,0,0.0,0.0,0.0,0,0.0,0.0,0,399
11991,2008-01-01,2003-11-01,50,2003,17369.0,17369.0,280.7220823208497,0.05123426862398886,72,22,Current,Current,none,0,0.0,0.0,0.0,0,0.0,0.0,0,801
11996,2008-01-01,2007-12-01,1,2007,61438.0,61438.0,1717.7999414144692,0.15254435269653038,48,47,Current,Current,none,0,0.0,0.0,0.0,0,0.0,0.0,0,497
12003,2008-01-01,2004-01-01,48,2004,39761.0,39761.0,813.1396056297039,0.08363243565768583,60,12,Current,Current,none,0,0.0,0.0,0.0,0,0.0,0.0,0,456
12010,2008-01-01,2005-10-01,27,2005,31929.0,31929.0,558.9456545684162,0.079439652110666,72,45,Current,Current,none,0,0.0,0.0,0.0,0,0.0,0.0,0,570
12041,2008-01-01,2007-05-01,8,2007,36020.0,36020.0,719.0163943951227,0.07339122476275602,60,52,Current,Current,none,0,0.0,0.0,0.0,0,0.0,0.0,0,878
12057,2008-01-01,2004-12-01,37,2004,54121.0,54121.0,1134.3510648731067,0.09413339551424522,60,23,Current,Current,none,0,0.0,0.0,0.0,0,0.0,0.0,0,733
12062,2008-01-01,2007-04-01,9,2007,104429.0,104429.0,3275.2631796411442,0.0805889194459154,36,27,Current,Current,none,0,0.0,0.0,0.0,0,0.0,0.0,0,753
12070,2008-01-01,2005-03-01,34,2005,28943.0,28943.0,653.5735988554973,0.126639279229979,60,26,Current,Current,none,0,0.0,0.0,0.0,0,0.0,0.0,0,949
12075,2008-01-01,2003-11-01,50,2003,43996.0,43996.0,810.0016701192077,0.09771471689128602,72,22,Current,Current,none,0,0.0,0.0,0.0,0,0.0,0.0,0,507
12077,2008-01-01,2003-10-01,51,2003,50056.0,50056.0,1003.1249996522196,0.1293545468738304,72,21,Current,Current,none,0,0.0,0.0,0.0,0,0.0,0.0,0,402
12100,2008-01-01,2007-08-01,5,2007,56181.0,56181.0,1372.7613182245611,0.08046209059965642,48,43,Current,Current,none,0,0.0,0.0,0.0,0,0.0,0.0,0,797
12102,2008-01-01,2004-11-01,38,2004,64520.0,64520.0,1410.7964158511263,0.11247451068650871,60,22,Current,Current,none,0,0.0,0.0,0.0,0,0.0,0.0,0,716
12103,2008-01-01,2006-10-01,15,2006,84654.0,84654.0,1531.058732820415,0.09121859770515486,72,57,Current,Current,none,0,0.0,0.0,0.0,0,0.0,0.0,0,921
12117,2008-01-01,2004-07-01,42,2004,112144.0,112144.0,2778.8934440761655,0.08777844193183877,48,6,Current,Current,none,0,0.0,0.0,0.0,0,0.0,0.0,0,255
12121,2008-01-01,2004-03-01,46,2004,26978.0,26978.0,688.5977914351374,0.10336351760863027,48,2,Current,Current,none,0,0.0,0.0,0.0,0,0.0,0.0,0,516
12126,2008-01-01,2006-02-01,23,2006,31068.0,31068.0,953.4731555095068,0.06589769297532988,36,13,Current,Current,none,0,0.0,0.0,0.0,0,0.0,0.0,0,710
12132,2008-01-01,2006-03-01,22,2006,69503.0,69503.0,1459.102767480618,0.09482639166160106,60,38,Current,Current,none,0,0.0,0.0,0.0,0,0.0,0.0,0,978
12134,2008-01-01,2004-03-01,46,2004,36634.0,36634.0,759.9608646776445,0.08971831905975818,60,14,Current,Current,none,0,0.0,0.0,0.0,0,0.0,0.0,0,971
12135,2008-01-01,2002-10-01,63,2002,48359.0,48359.0,959.4243479150082,0.12554270669803722,72,9,Current,Current,none,0,0.0,0.0,0.0,0,0.0,0.0,0,546
12148,2008-01-01,2006-09-01,16,2006,99217.0,99217.0,2070.5467115887755,0.09227352438693168,60,44,Current,Current,none,0,0.0,0.0,0.0,0,0.0,0.0,0,308
12150,2008-01-01,2002-02-01,71,2002,58581.0,58581.0,1047.6836535437299,0.08714888325627546,72,1,Current,Current,none,0,0.0,0.0,0.0,0,0.0,0.0,0,796
12160,2008-01-01,2005-04-01,33,2005,64197.0,64197.0,1270.8957371633019,0.06990695256873339,60,27,Current,Current,none,0,0.0,0.0,0.0,0,0.0,0.0,0,829
12167,2008-01-01,2007-08-01,5,2007,90930.0,90930.0,2051.548420018039,0.12625540544472685,60,55,Current,Current,none,0,0.0,0.0,0.0,0,0.0,0.0,0,601
12182,2008-01-01,2004-06-01,43,2004,86972.0,86972.0,1529.0088336016343,0.08096654612747031,72,29,Current,Current,none,0,0.0,0.0,0.0,0,0.0,0.0,0,618
12186,2008-01-01,2006-07-01,18,2006,64259.0,64259.0,1140.1465889973024,0.08428054678913226,72,54,Current,Current,none,0,0.0,0.0,0.0,0,0.0,0.0,0,754
12203,2008-01-01,2007-04-01,9,2007,71481.0,71481.0,1514.7310714251687,0.0988535983429507,60,51,Current,Current,none,0,0.0,0.0,0.0,0,0.0,0.0,0,680
12208,2008-01-01,2003-12-01,49,2003,29061.0,29061.0,607.182572818241,0.14535140552024342,72,23,Current,Current,none,0,0.0,0.0,0.0,0,0.0,0.0,0,757
12209,2008-01-01,2003-10-01,51,2003,78398.0,78398.0,1342.593753926497,0.07158789800572829,72,21,Current,Current,none,0,0.0,0.0,0.0,0,0.0,0.0,0,951
12211,2008-01-01,2005-05-01,32,2005,61037.0,61037.0,1308.6607274855467,0.1554197775141498,72,40,Current,Current,none,0,0.0,0.0,0.0,0,0.0,0.0,0,387
12212,2008-01-01,2006-11-01,14,2006,111268.0,111268.0,3631.051536192051,0.10777363852331308,36,22,Current,Current,none,0,0.0,0.0,0.0,0,0.0,0.0,0,451
12223,2008-01-01,2006-07-01,18,2006,37757.0,37757.0,1194.1328962791347,0.08627812285588764,36,18,Current,Current,none,0,0.0,0.0,0.0,0,0.0,0.0,0,833
12233,2008-01-01,2005-11-01,26,2005,32495.0,32495.0,843.6120801690039,0.11238069991377526,48,22,Current,Current,none,0,0.0,0.0,0.0,0,0.0,0.0,0,593
12239,2008-01-01,2007-05-01,8,2007,61331.0,61331.0,1559.8093313757104,0.10145760590110582,48,40,Current,Current,none,0,0.0,0.0,0.0,0,0.0,0.0,0,235
12252,2008-01-01,2004-05-01,44,2004,62453.0,62453.0,1586.589086448708,0.10087300581098159,48,4,Current,Current,none,0,0.0,0.0,0.0,0,0.0,0.0,0,588
12269,2008-01-01,2007-07-01,6,2007,27817.0,27817.0,721.8708132967774,0.11216334492180453,48,42,Current,Current,none,0,0.0,0.0,0.0,0,0.0,0.0,0,385
12280,2008-01-01,2007-07-01,6,2007,77868.0,77868.0,2090.2052655438233,0.13031091378921822,48,42,Current,Current,none,0,0.0,0.0,0.0,0,0.0,0.0,0,498
12296,2008-01-01,2005-07-01,30,2005,115523.0,115523.0,3670.263165084244,0.08937911162157174,36,6,Current,Current,none,0,0.0,0.0,0.0,0,0.0,0.0,0,865
12301,2008-01-01,2003-08-01,53,2003,20949.0,20949.0,483.27084398201134,0.1361458714836913,60,7,Current,Current,none,0,0.0,0.0,0.0,0,0.0,0.0,0,654
12312,2008-01-01,2007-08-01,5,2007,16076.0,16076.0,409.52846129996436,0.10232788272440599,48,43,Current,Current,none,0,0.0,0.0,0.0,0,0.0,0.0,0,214
12314,2008-01-01,2006-02-01,23,2006,58149.0,58149.0,1418.206102982942,0.1613373955013944,60,37,Current,Current,none,0,0.0,0.0,0.0,0,0.0,0.0,0,651
12325,2008-01-01,2007-10-01,3,2007,176795.0,176795.0,3778.3708219345694,0.10252463445201737,60,57,Current,Current,none,0,0.0,0.0,0.0,0,0.0,0.0,0,553
12332,2008-01-01,2005-03-01,34,2005,76081.0,76081.0,1534.994713826616,0.07789486286070182,60,26,Current,Current,none,0,0.0,0.0,0.0,0,0.0,0.0,0,548
12335,2008-01-01,2007-04-01,9,2007,14761.0,14761.0,259.1693104728944,0.0805008677561282,72,63,Current,Current,none,0,0.0,0.0,0.0,0,0.0,0.0,0,423
12346,2008-01-01,2004-02-01,47,2004,45309.0,45309.0,789.2560705509658,0.07766422083544217,72,25,Current,Current,none,0,0.0,0.0,0.0,0,0.0,0.0,0,714
12348,2008-01-01,2005-11-01,26,2005,41746.0,41746.0,1095.0473093366818,0.11790706261336767,48,22,Current,Current,none,0,0.0,0.0,0.0,0,0.0,0.0,0,629
12356,2008-01-01,2006-04-01,21,2006,34691.0,34691.0,973.583106480074,0.15459896459206374,48,27,Current,Current,none,0,0.0,0.0,0.0,0,0.0,0.0,0,557
12365,2008-01-01,2003-08-01,53,2003,34014.0,34014.0,715.7556121010639,0.09584073306127494,60,7,Current,Current,none,0,0.0,0.0,0.0,0,0.0,0.0,0,670
12375,2008-01-01,2005-05-01,32,2005,18514.0,18514.0,468.1668409808501,0.1780447003028855,60,28,Current,Current,none,0,0.0,0.0,0.0,0,0.0,0.0,0,790
12376,2008-01-01,2007-08-01,5,2007,22225.0,22225.0,478.3002099414814,0.10554320163641898,60,55,Current,Current,none,0,0.0,0.0,0.0,0,0.0,0.0,0,230
12379,2008-01-01,2005-08-01,29,2005,72313.0,72313.0,1856.0141546117327,0.10630391523737805,48,19,Current,Current,none,0,0.0,0.0,0.0,0,0.0,0.0,0,104
12385,2008-01-01,2007-07-01,6,2007,24232.0,24232.0,435.57142442849766,0.08898192136587005,72,66,Current,Current,none,0,0.0,0.0,0.0,0,0.0,0.0,0,693
12389,2008-01-01,2006-05-01,20,2006,58831.0,58831.0,1817.3777283309544,0.07031493358322646,36,16,Current,Current,none,0,0.0,0.0,0.0,0,0.0,0.0,0,159
12394,2008-01-01,2006-09-01,16,2006,52252.0,52252.0,1164.8449707515226,0.12095684349930957,60,44,Current,Current,none,0,0.0,0.0,0.0,0,0.0,0.0,0,175
12404,2008-01-01,2004-04-01,45,2004,36301.0,36301.0,657.4010448185436,0.09169392086026187,72,27,Current,Current,none,0,0.0,0.0,0.0,0,0.0,0.0,0,351
12411,2008-01-01,2007-01-01,12,2007,29577.0,29577.0,1031.853170604237,0.1545185511141019,36,24,Current,Current,none,0,0.0,0.0,0.0,0,0.0,0.0,0,844
12420,2008-01-01,2005-06-01,31,2005,52812.0,52812.0,1084.9249776686488,0.08555213920558463,60,29,Current,Paid off,payoff,0,0.0,0.0,0.0,0,0.0,0.0,0,252
12423,2008-01-01,2004-04-01,45,2004,33125.0,33125.0,789.6660637530294,0.15093381919054466,60,15,Current,Current,none,0,0.0,0.0,0.0,0,0.0,0.0,0,584
12426,2008-01-01,2005-12-01,25,2005,68584.0,68584.0,1329.414903719172,0.11679155505446348,72,47,Current,Current,none,0,0.0,0.0,0.0,0,0.0,0.0,0,835
12439,2008-01-01,2005-12-01,25,2005,50304.0,50304.0,1097.6796926542877,0.11157240914674399,60,35,Current,Current,none,0,0.0,0.0,0.0,0,0.0,0.0,0,223
12442,2008-01-01,2005-12-01,25,2005,65130.0,65130.0,1401.3066661963398,0.15679076121667235,72,47,Current,Current,none,0,0.0,0.0,0.0,0,0.0,0.0,0,792
12446,2008-01-01,2004-10-01,39,2004,49212.0,49212.0,1240.8937628965452,0.09692717648086827,48,9,Current,Current,none,0,0.0,0.0,0.0,0,0.0,0.0,0,255
12451,2008-01-01,2005-07-01,30,2005,15146.0,15146.0,274.0369874628292,0.09135834896429726,72,42,Current,Current,none,0,0.0,0.0,0.0,0,0.0,0.0,1,895
12452,2008-01-01,2003-06-01,55,2003,237929.0,237929.0,4490.803742843382,0.1068779285820315,72,17,Current,Current,none,0,0.0,0.0,0.0,0,0.0,0.0,0,257
12458,2008-01-01,2005-10-01,27,2005,61289.0,61289.0,1060.895844028765,0.07540492301083572,72,45,Current,Current,none,0,0.0,0.0,0.0,0,0.0,0.0,0,362
12468,2008-01-01,2006-04-01,21,2006,22884.0,22884.0,605.9565879649846,0.12296171282653338,48,27,Current,Current,none,0,0.0,0.0,0.0,0,0.0,0.0,0,228
12473,2008-01-01,2006-04-01,21,2006,64942.0,64942.0,1508.2020899110992,0.05428341343619021,48,27,Current,Current,none,0,0.0,0.0,0.0,0,0.0,0.0,0,984
12474,2008-01-01,2002-11-01,62,2002,55300.0,55300.0,1079.3579307549473,0.11938501768651415,72,10,Current,Current,none,0,0.0,0.0,0.0,0,0.0,0.0,0,111
12477,2008-01-01,2003-02-01,59,2003,63314.0,63314.0,1230.4287994385666,0.11775716345582951,72,13,Current,Current,none,0,0.0,0.0,0.0,0,0.0,0.0,0,610
12482,2008-01-01,2005-04-01,33,2005,67065.0,67065.0,1405.0966618202121,0.09396394245097844,60,27,Current,Current,none,0,0.0,0.0,0.0,0,0.0,0.0,0,647
12541,2008-01-01,2006-10-01,15,2006,84875.0,84875.0,1813.7080664514776,0.10247778770972706,60,45,Current,Current,none,0,0.0,0.0,0.0,0,0.0,0.0,0,375
12556,2008-01-01,2005-10-01,27,2005,80157.0,80157.0,1909.8490722991135,0.15069361282989968,60,33,Current,Current,none,0,0.0,0.0,0.0,0,0.0,0.0,0,298
12560,2008-01-01,2007-03-01,10,2007,155336.0,155336.0,3412.2460794371073,0.11448720316406738,60,50,Current,Current,none,0,0.0,0.0,0.0,0,0.0,0.0,0,628
12561,2008-01-01,2004-12-01,37,2004,57976.0,57976.0,1056.5472469721285,0.09398343123035463,72,35,Current,Current,none,0,0.0,0.0,0.0,0,0.0,0.0,0,802
12567,2008-01-01,2005-10-01,27,2005,64660.0,64660.0,1245.0728899828207,0.11431245965466923,72,45,Current,Current,none,0,0.0,0.0,0.0,0,0.0,0.0,0,595
12571,2008-01-01,2005-09-01,28,2005,54140.0,54140.0,1106.1783949691442,0.1367443225716414,72,44,Current,Current,none,0,0.0,0.0,0.0,0,0.0,0.0,0,530
12573,2008-01-01,2006-08-01,17,2006,173085.0,173085.0,5404.0004823862555,0.07751071578384656,36,19,Current,Current,none,0,0.0,0.0,0.0,0,0.0,0.0,0,819
12582,2008-01-01,2003-10-01,51,2003,39350.0,39350.0,909.6938044365154,0.13709680890594136,60,9,Current,Current,none,0,0.0,0.0,0.0,0,0.0,0.0,0,422
12588,2008-01-01,2007-07-01,6,2007,119817.0,119817.0,3064.437434135231,0.10443250871326545,48,42,Current,Current,none,0,0.0,0.0,0.0,0,0.0,0.0,0,228
12599,2008-01-01,2005-11-01,26,2005,41124.0,41124.0,753.4672108901991,0.09594163905924674,72,46,Current,Paid off,payoff,0,0.0,0.0,0.0,0,0.0,0.0,0,495
12606,2008-01-01,2006-04-01,21,2006,27608.0,27608.0,989.2401841745741,0.17358995284993792,36,15,Current,Current,none,0,0.0,0.0,0.0,0,0.0,0.0,0,182
12610,2008-01-01,2006-07-01,18,2006,73493.0,73493.0,1304.2928544503322,0.0843656382734994,72,54,Current,Current,none,0,0.0,0.0,0.0,0,0.0,0.0,0,820
12613,2008-01-01,2005-05-01,32,2005,63463.0,63463.0,1342.5870845328343,0.098135713108421,60,28,Current,Current,none,0,0.0,0.0,0.0,0,0.0,0.0,0,815
12614,2008-01-01,2006-04-01,21,2006,42499.0,42499.0,1047.1026964652385,0.08478788588091615,48,27,Current,Current,none,0,0.0,0.0,0.0,0,0.0,0.0,0,385
12619,2008-01-01,2003-08-01,53,2003,19459.0,19459.0,369.80978076626843,0.10942346232271981,72,19,Current,Current,none,0,0.0,0.0,0.0,0,0.0,0.0,0,103
12622,2008-01-01,2003-05-01,56,2003,62161.0,62161.0,1232.9064521019302,0.07069665419937861,60,4,Current,Current,none,0,0.0,0.0,0.0,0,0.0,0.0,0,621
12628,2008-01-01,2008-01-01,0,2008,48317.0,48317.0,1619.087715033828,0.12616831363653225,36,36,Current,Current,none,0,0.0,0.0,0.0,0,0.0,0.0,0,781
12630,2008-01-01,2003-06-01,55,2003,57507.0,57507.0,1153.5210066989353,0.07543850942610182,60,5,Current,Current,none,0,0.0,0.0,0.0,0,0.0,0.0,0,382
12638,2008-01-01,2004-10-01,39,2004,98710.0,98710.0,2647.4703323316908,0.1298628688159313,48,9,Current,Current,none,0,0.0,0.0,0.0,0,0.0,0.0,0,540
12639,2008-01-01,2004-03-01,46,2004,42072.0,42072.0,922.4151814995829,0.11364574725086342,60,14,Current,Current,none,0,0.0,0.0,0.0,0,0.0,0.0,0,399
12647,2008-01-01,2006-08-01,17,2006,119808.0,119808.0,2494.930058099614,0.0913595954698458,60,43,Current,Current,none,0,0.0,0.0,0.0,0,0.0,0.0,0,420
12669,2008-01-01,2004-09-01,40,2004,49028.0,49028.0,1040.9156753776545,0.09967475812588528,60,20,Current,Current,none,0,0.0,0.0,0.0,0,0.0,0.0,0,119
12682,2008-01-01,2007-06-01,7,2007,123052.0,123052.0,2349.6106575115878,0.11117768294542722,72,65,Current,Current,none,0,0.0,0.0,0.0,0,0.0,0.0,0,391
12695,2008-01-01,2006-05-01,20,2006,40376.0,40376.0,983.7370375849291,0.1608717551551172,60,40,Current,Current,none,0,0.0,0.0,0.0,0,0.0,0.0,0,558
12720,2008-01-01,2005-02-01,35,2005,45697.0,45697.0,1088.9793800786981,0.1507712824097626,60,25,Current,Current,none,0,0.0,0.0,0.0,0,0.0,0.0,0,689
12721,2008-01-01,2007-05-01,8,2007,46744.0,46744.0,1581.394450547387,0.13284112675430926,36,28,Current,Current,none,0,0.0,0.0,0.0,0,0.0,0.0,0,559
12723,2008-01-01,2002-10-01,63,2002,24848.0,24848.0,481.42549090807154,0.11661900838905394,72,9,Current,Current,none,0,0.0,0.0,0.0,0,0.0,0.0,0,374
12728,2008-01-01,2005-11-01,26,2005,70756.0,70756.0,1570.274828409266,0.1189775638934756,60,34,Current,Current,none,0,0.0,0.0,0.0,0,0.0,0.0,0,645
12738,2008-01-01,2004-05-01,44,2004,84179.0,84179.0,1577.6753177733665,0.10427042696641922,72,28,Current,Current,none,0,0.0,0.0,0.0,0,0.0,0.0,0,500
12741,2008-01-01,2005-04-01,33,2005,50579.0,50579.0,1000.49274073983,0.06956736751814412,60,27,Current,Paid off,payoff,0,0.0,0.0,0.0,0,0.0,0.0,0,819
12743,2008-01-01,2005-03-01,34,2005,97699.0,97699.0,2367.7023661301178,0.07619402249288815,48,14,Current,Current,none,0,0.0,0.0,0.0,0,0.0,0.0,0,409
12744,2008-01-01,2006-08-01,17,2006,63654.0,63654.0,1537.7117492319483,0.07453798986223367,48,31,Current,Current,none,0,0.0,0.0,0.0,0,0.0,0.0,0,858
12749,2008-01-01,2005-03-01,34,2005,17280.0,17280.0,416.4390541458778,0.15587604653323386,60,26,Current,Current,none,0,0.0,0.0,0.0,0,0.0,0.0,0,368
12751,2008-01-01,2006-03-01,22,2006,90646.0,90646.0,1879.1607915308123,0.08943126359263581,60,38,Current,Current,none,0,0.0,0.0,0.0,0,0.0,0.0,0,269
12756,2008-01-01,2006-02-01,23,2006,67709.0,67709.0,2309.143382349509,0.13848174144669564,36,13,Current,Current,none,0,0.0,0.0,0.0,0,0.0,0.0,0,894
12762,2008-01-01,2004-05-01,44,2004,43970.0,43970.0,857.676377885912,0.06371348448973024,60,16,Current,Current,none,0,0.0,0.0,0.0,0,0.0,0.0,0,862
12765,2008-01-01,2006-05-01,20,2006,23833.0,23833.0,422.33624574016187,0.08382611525855727,72,52,Current,Current,none,0,0.0,0.0,0.0,0,0.0,0.0,0,345
12778,2008-01-01,2005-02-01,35,2005,68495.0,68495.0,2303.3888141879884,0.12864177638848678,36,1,Current,Current,none,0,0.0,0.0,0.0,0,0.0,0.0,0,823
12786,2008-01-01,2003-12-01,49,2003,104244.0,104244.0,2245.9147193279027,0.10602650369272498,60,11,Current,Current,none,0,0.0,0.0,0.0,0,0.0,0.0,0,175
12800,2008-01-01,2006-11-01,14,2006,14205.0,14205.0,485.6072420522463,0.1401652407999054,36,22,Current,Current,none,0,0.0,0.0,0.0,0,0.0,0.0,0,601
12813,2008-01-01,2007-12-01,1,2007,71399.0,71399.0,1817.889976398926,0.1020469597661327,48,47,Current,Current,none,0,0.0,0.0,0.0,0,0.0,0.0,0,637
12825,2008-01-01,2007-06-01,7,2007,59116.0,59116.0,1186.7930278218514,0.07579325670905644,60,53,Current,Current,none,0,0.0,0.0,0.0,0,0.0,0.0,0,957
12827,2008-01-01,2006-12-01,13,2006,50980.0,50980.0,982.8142354649522,0.11475333032702945,72,59,Current,Current,none,0,0.0,0.0,0.0,0,0.0,0.0,0,974
12834,2008-01-01,2007-05-01,8,2007,68328.0,68328.0,2302.3600506949588,0.1300363696939289,36,28,Current,Current,none,0,0.0,0.0,0.0,0,0.0,0.0,0,830
12839,2008-01-01,2004-10-01,39,2004,40738.0,40738.0,792.7633420429253,0.06273103382989716,60,21,Current,Current,none,0,0.0,0.0,0.0,0,0.0,0.0,0,644
12844,2008-01-01,2005-03-01,34,2005,49789.0,49789.0,1267.2318285329654,0.10186087298724415,48,14,Current,Current,none,0,0.0,0.0,0.0,0,0.0,0.0,0,220
12848,2008-01-01,2006-02-01,23,2006,38717.0,38717.0,1302.7334911126336,0.1290369352837621,36,13,Current,Current,none,0,0.0,0.0,0.0,0,0.0,0.0,0,523
12849,2008-01-01,2004-05-01,44,2004,89088.0,89088.0,1831.323873643154,0.08582564600137622,60,16,Current,Current,none,0,0.0,0.0,0.0,0,0.0,0.0,0,230
12852,2008-01-01,2005-12-01,25,2005,26972.0,26972.0,762.4755444549022,0.15861017578891365,48,23,Current,Current,none,0,0.0,0.0,0.0,0,0.0,0.0,0,918
12857,2008-01-01,2002-10-01,63,2002,14055.0,14055.0,275.82741583028695,0.12143431214093205,72,9,Current,Current,none,0,0.0,0.0,0.0,0,0.0,0.0,0,819
12866,2008-01-01,2005-06-01,31,2005,62098.0,62098.0,1513.0865364696745,0.07900209138782197,48,17,Current,Current,none,0,0.0,0.0,0.0,0,0.0,0.0,0,718
12867,2008-01-01,2002-03-01,70,2002,17726.0,17726.0,316.7314665426119,0.08682141867195775,72,2,Current,Current,none,0,0.0,0.0,0.0,0,0.0,0.0,0,699
12886,2008-01-01,2005-01-01,36,2005,31607.0,31607.0,572.579915408271,0.09181209980436669,72,36,Current,Current,none,0,0.0,0.0,0.0,0,0.0,0.0,0,946
12887,2008-01-01,2006-05-01,20,2006,165887.0,165887.0,3621.338231198932,0.11175704136709735,60,40,Current,Current,none,0,0.0,0.0,0.0,0,0.0,0.0,0,880
12892,2008-01-01,2003-11-01,50,2003,37134.0,37134.0,719.9413696172875,0.11686716323390145,72,22,Current,Current,none,0,0.0,0.0,0.0,0,0.0,0.0,0,977
12898,2008-01-01,2005-05-01,32,2005,20768.0,20768.0,421.6537038651841,0.0805567123484322,60,28,Current,Current,none,0,0.0,0.0,0.0,0,0.0,0.0,0,112
12919,2008-01-01,2006-11-01,14,2006,42612.0,42612.0,1112.6123099113047,0.1154360072546985,48,34,Current,Current,none,0,0.0,0.0,0.0,0,0.0,0.0,0,294
12930,2008-01-01,2003-04-01,57,2003,29855.0,29855.0,498.1079865660738,0.06235414356184733,72,15,Current,Current,none,0,0.0,0.0,0.0,0,0.0,0.0,0,669
12933,2008-01-01,2005-09-01,28,2005,116754.0,116754.0,3873.6220338404337,0.11923196188320523,36,8,Current,Current,none,0,0.0,0.0,0.0,0,0.0,0.0,0,352
12935,2008-01-01,2006-01-01,24,2006,28525.0,28525.0,509.3187633945766,0.08655777916212977,72,48,Current,Current,none,0,0.0,0.0,0.0,0,0.0,0.0,0,332
12951,2008-01-01,2006-05-01,20,2006,24055.0,24055.0,512.2383245579624,0.10096309055602987,60,40,Current,Paid off,payoff,0,0.0,0.0,0.0,0,0.0,0.0,0,291
12960,2008-01-01,2005-05-01,32,2005,27791.0,27791.0,601.7300450720329,0.10818416269651791,60,28,Current,Current,none,0,0.0,0.0,0.0,0,0.0,0.0,0,982
12962,2008-01-01,2007-11-01,2,2007,79939.0,79939.0,1698.850204896974,0.10009728980808025,60,58,Current,Current,none,0,0.0,0.0,0.0,0,0.0,0.0,0,393
12975,2008-01-01,2004-06-01,43,2004,25762.0,25762.0,530.7496857391003,0.08677192455129047,60,17,Current,Current,none,0,0.0,0.0,0.0,0,0.0,0.0,0,557
12981,2008-01-01,2007-03-01,10,2007,52546.0,52546.0,1427.7277464120539,0.13689563995986873,48,38,Current,Current,none,0,0.0,0.0,0.0,0,0.0,0.0,0,393
12983,2008-01-01,2006-02-01,23,2006,84544.0,84544.0,1706.1701600013316,0.07800087297869325,60,37,Current,Current,none,0,0.0,0.0,0.0,0,0.0,0.0,0,736
12984,2008-01-01,2005-12-01,25,2005,49450.0,49450.0,1040.1807234894084,0.09567778485353955,60,35,Current,Current,none,0,0.0,0.0,0.0,0,0.0,0.0,0,226
12990,2008-01-01,2005-09-01,28,2005,84253.0,84253.0,1832.1617330301817,0.11007076726242691,60,32,Current,Current,none,0,0.0,0.0,0.0,0,0.0,0.0,0,164
13002,2008-01-01,2003-11-01,50,2003,19843.0,19843.0,421.89412553052733,0.10029595664090042,60,10,Current,Current,none,0,0.0,0.0,0.0,0,0.0,0.0,0,964
13004,2008-01-01,2007-08-01,5,2007,85927.0,85927.0,2318.4364488205383,0.13309706841916355,48,43,Current,Current,none,0,0.0,0.0,0.0,0,0.0,0.0,0,391
13030,2008-01-01,2003-11-01,50,2003,98496.0,98496.0,2033.543523255962,0.08768022447792859,60,10,Current,Current,none,0,0.0,0.0,0.0,0,0.0,0.0,0,936
13031,2008-01-01,2002-07-01,66,2002,118095.0,118095.0,2072.932119374372,0.0804063769683277,72,6,Current,Current,none,0,0.0,0.0,0.0,0,0.0,0.0,0,567
13039,2008-01-01,2002-10-01,63,2002,67666.0,67666.0,1316.6234709388618,0.11821864749203466,72,9,Current,Current,none,0,0.0,0.0,0.0,0,0.0,0.0,0,992
13042,2008-01-01,2005-12-01,25,2005,81638.0,81638.0,2700.355123099142,0.11712546473379341,36,11,Current,Current,none,0,0.0,0.0,0.0,0,0.0,0.0,0,259
13049,2008-01-01,2004-03-01,46,2004,45519.0,45519.0,1065.9997891481225,0.05855393772039286,48,2,Current,Current,none,0,0.0,0.0,0.0,0,0.0,0.0,0,769
13062,2008-01-01,2006-04-01,21,2006,62622.0,62622.0,1369.3570945596023,0.11249442816430887,60,39,Current,Current,none,0,0.0,0.0,0.0,0,0.0,0.0,0,248
13065,2008-01-01,2006-11-01,14,2006,33327.0,33327.0,743.8066616851053,0.12146283925926238,60,46,Current,Current,none,0,0.0,0.0,0.0,0,0.0,0.0,0,410
13082,2008-01-01,2007-02-01,11,2007,65663.0,65663.0,1233.415252686583,0.10509939880354537,72,61,Current,Current,none,0,0.0,0.0,0.0,0,0.0,0.0,0,577
13084,2008-01-01,2007-11-01,2,2007,21372.0,21372.0,552.1750105331753,0.10981161846669177,48,46,Current,Current,none,0,0.0,0.0,0.0,0,0.0,0.0,0,119
13099,2008-01-01,2007-01-01,12,2007,41777.0,41777.0,1386.1907755814916,0.11929643275037005,36,24,Current,Current,none,0,0.0,0.0,0.0,0,0.0,0.0,0,326
13105,2008-01-01,2004-07-01,42,2004,64721.0,64721.0,1157.874971257539,0.08726814193955619,72,30,Current,Current,none,0,0.0,0.0,0.0,0,0.0,0.0,0,320
13109,2008-01-01,2007-03-01,10,2007,19393.0,19393.0,486.17759035183946,0.0938812667712556,48,38,Current,Current,none,0,0.0,0.0,0.0,0,0.0,0.0,0,517
13126,2008-01-01,2006-10-01,15,2006,19047.0,19047.0,632.5436882809454,0.11990186627054376,36,21,Current,Current,none,0,0.0,0.0,0.0,0,0.0,0.0,0,420
13130,2008-01-01,2008-01-01,0,2008,99365.0,99365.0,2538.041674439974,0.18273806142887186,60,60,Current,Current,none,0,0.0,0.0,0.0,0,0.0,0.0,0,234
13131,2008-01-01,2004-08-01,41,2004,37426.0,37426.0,982.1990034864482,0.11816362220568674,48,7,Current,Current,none,0,0.0,0.0,0.0,0,0.0,0.0,0,288
13136,2008-01-01,2003-01-01,60,2003,182497.0,182497.0,4270.983667468292,0.14259559345981296,60,0,Current,Matured,matured,0,0.0,0.0,0.0,0,0.0,0.0,0,622
13140,2008-01-01,2005-12-01,25,2005,175700.0,175700.0,4111.259720291431,0.14252407806650183,60,35,Current,Current,none,0,0.0,0.0,0.0,0,0.0,0.0,0,301
13143,2008-01-01,2003-10-01,51,2003,103417.0,103417.0,1802.2667582418017,0.07782395442235344,72,21,Current,Current,none,0,0.0,0.0,0.0,0,0.0,0.0,0,750
13146,2008-01-01,2007-09-01,4,2007,24750.0,24750.0,518.6703141312431,0.09406865335662155,60,56,Current,Current,none,0,0.0,0.0,0.0,0,0.0,0.0,0,282
13151,2008-01-01,2004-01-01,48,2004,89114.0,89114.0,2063.1816769229476,0.13775761885649676,60,12,Current,Current,none,0,0.0,0.0,0.0,0,0.0,0.0,0,392
13160,2008-01-01,2004-03-01,46,2004,63894.0,63894.0,1316.5628241867566,0.08684197129268473,60,14,Current,Current,none,0,0.0,0.0,0.0,0,0.0,0.0,0,565
13162,2008-01-01,2003-08-01,53,2003,34068.0,34068.0,703.7364315685426,0.14095323191016848,72,19,Current,Current,none,0,0.0,0.0,0.0,0,0.0,0.0,0,632
13163,2008-01-01,2004-07-01,42,2004,86837.0,86837.0,1595.192786082607,0.09690148024607279,72,30,Current,Current,none,0,0.0,0.0,0.0,0,0.0,0.0,0,229
13175,2008-01-01,2007-07-01,6,2007,44051.0,44051.0,928.1424558328874,0.09638736166365866,60,54,Current,Current,none,0,0.0,0.0,0.0,0,0.0,0.0,0,492
13183,2008-01-01,2007-09-01,4,2007,68751.0,68751.0,1296.3196446809898,0.10649977835669791,72,68,Current,Current,none,0,0.0,0.0,0.0,0,0.0,0.0,0,543
13198,2008-01-01,2007-03-01,10,2007,68596.0,68596.0,1539.4303112017483,0.12389910699204928,60,50,Current,Current,none,0,0.0,0.0,0.0,0,0.0,0.0,0,727
13202,2008-01-01,2006-12-01,13,2006,53597.0,53597.0,1143.098927101822,0.10163669276850769,60,47,Current,Current,none,0,0.0,0.0,0.0,0,0.0,0.0,0,935
13215,2008-01-01,2004-01-01,48,2004,12092.0,12092.0,243.43987011837186,0.0769828876380294,60,12,Current,Current,none,0,0.0,0.0,0.0,0,0.0,0.0,0,832
13216,2008-01-01,2004-01-01,48,2004,28653.0,28653.0,688.8693322655743,0.15478404438294413,60,12,Current,Current,none,0,0.0,0.0,0.0,0,0.0,0.0,0,113
13228,2008-01-01,2004-09-01,40,2004,90683.0,90683.0,2203.917585098359,0.15972666501977512,60,20,Current,Current,none,0,0.0,0.0,0.0,0,0.0,0.0,0,449
13250,2008-01-01,2005-06-01,31,2005,49671.0,49671.0,1815.8962805311446,0.18806935044695283,36,5,Current,Current,none,0,0.0,0.0,0.0,0,0.0,0.0,0,706
13261,2008-01-01,2005-08-01,29,2005,71148.0,71148.0,1398.2182188872282,0.12195965192094341,72,43,Current,Current,none,0,0.0,0.0,0.0,0,0.0,0.0,0,255
13275,2008-01-01,2006-04-01,21,2006,68015.0,68015.0,1396.4591169600815,0.0853132984493615,60,39,Current,Current,none,0,0.0,0.0,0.0,0,0.0,0.0,0,627
13278,2008-01-01,2004-03-01,46,2004,78163.0,78163.0,1727.793344703884,0.11723554180295973,60,14,Current,Current,none,0,0.0,0.0,0.0,0,0.0,0.0,1,264
13294,2008-01-01,2007-03-01,10,2007,68378.0,68378.0,2155.650264519374,0.08409230258478156,36,26,Current,Current,none,0,0.0,0.0,0.0,0,0.0,0.0,0,819
13295,2008-01-01,2004-09-01,40,2004,28915.0,28915.0,485.6314753578582,0.06468929140398245,72,32,Current,Current,none,0,0.0,0.0,0.0,0,0.0,0.0,0,572
13310,2008-01-01,2002-10-01,63,2002,89271.0,89271.0,1572.146793225097,0.08158935056478843,72,9,Current,Current,none,0,0.0,0.0,0.0,0,0.0,0.0,0,967
13312,2008-01-01,2002-02-01,71,2002,44684.0,44684.0,838.3855681170024,0.10467675104157842,72,1,Current,Current,none,0,0.0,0.0,0.0,0,0.0,0.0,0,916
13320,2008-01-01,2006-07-01,18,2006,58604.0,58604.0,1287.401590435675,0.1145059114783051,60,42,Current,Current,none,0,0.0,0.0,0.0,0,0.0,0.0,0,279
13336,2008-01-01,2004-12-01,37,2004,59305.0,59305.0,1450.3048788037624,0.1625737176826006,60,23,Current,Current,none,0,0.0,0.0,0.0,0,0.0,0.0,0,517
13337,2008-01-01,2006-03-01,22,2006,50963.0,50963.0,1715.2794990856855,0.12923983610708228,36,14,Current,Current,none,0,0.0,0.0,0.0,0,0.0,0.0,0,279
13340,2008-01-01,2006-01-01,24,2006,107929.0,107929.0,2712.731436926067,0.09523598014791111,48,24,Current,Current,none,0,0.0,0.0,0.0,0,0.0,0.0,0,457
13346,2008-01-01,2007-05-01,8,2007,20673.0,20673.0,653.9108189929457,0.08637205767624381,36,28,Current,Current,none,0,0.0,0.0,0.0,0,0.0,0.0,0,725
13348,2008-01-01,2006-07-01,18,2006,45866.0,45866.0,1123.1830084145538,0.0816055545639507,48,30,Current,Current,none,0,0.0,0.0,0.0,0,0.0,0.0,0,995
13350,2008-01-01,2007-03-01,10,2007,34514.0,34514.0,909.7397082973972,0.12050364378694083,48,38,Current,Current,none,0,0.0,0.0,0.0,0,0.0,0.0,0,998
13357,2008-01-01,2005-09-01,28,2005,54730.0,54730.0,1032.723778422168,0.10677735283928573,72,44,Current,Current,none,0,0.0,0.0,0.0,0,0.0,0.0,0,579
13366,2008-01-01,2003-02-01,59,2003,39334.0,39334.0,856.5561472433866,0.11068263382629713,60,1,Current,Current,none,0,0.0,0.0,0.0,0,0.0,0.0,0,774
13389,2008-01-01,2007-03-01,10,2007,55395.0,55395.0,1439.5705388914507,0.11291625588348995,48,38,Current,Current,none,0,0.0,0.0,0.0,0,0.0,0.0,0,855
13399,2008-01-01,2007-08-01,5,2007,12558.0,12558.0,405.13649979009745,0.09987306264053845,36,31,Current,Current,none,0,0.0,0.0,0.0,0,0.0,0.0,0,241
13406,2008-01-01,2006-05-01,20,2006,41955.0,41955.0,1201.8840813823567,0.1659702785165669,48,28,Current,Current,none,0,0.0,0.0,0.0,0,0.0,0.0,0,245
13431,2008-01-01,2007-12-01,1,2007,38703.0,38703.0,962.7498127151307,0.08979538783090492,48,47,Current,Current,none,0,0.0,0.0,0.0,0,0.0,0.0,0,187
13465,2008-01-01,2007-03-01,10,2007,183425.0,183425.0,3871.215207420501,0.09711086306151469,60,50,Current,Current,none,0,0.0,0.0,0.0,0,0.0,0.0,0,493
13471,2008-01-01,2003-08-01,53,2003,34459.0,34459.0,723.414253571404,0.09482843074576602,60,7,Current,Current,none,0,0.0,0.0,0.0,0,0.0,0.0,0,708
13474,2008-01-01,2007-09-01,4,2007,66617.0,66617.0,1346.458035284605,0.0786517026205685,60,56,Current,Current,none,0,0.0,0.0,0.0,0,0.0,0.0,0,811
13476,2008-01-01,2007-03-01,10,2007,68656.0,68656.0,1290.7157099376834,0.10540875051448818,72,62,Current,Current,none,0,0.0,0.0,0.0,0,0.0,0.0,0,925
13478,2008-01-01,2002-08-01,65,2002,59541.0,59541.0,1045.2214400427422,0.08043831997736224,72,7,Current,Current,none,0,0.0,0.0,0.0,0,0.0,0.0,0,795
13491,2008-01-01,2002-06-01,67,2002,131386.0,131386.0,2285.4149129366774,0.07715516207335657,72,5,Current,Current,none,0,0.0,0.0,0.0,0,0.0,0.0,0,954
13494,2008-01-01,2007-01-01,12,2007,32810.0,32810.0,730.0127951371384,0.12010401399208331,60,48,Current,Current,none,0,0.0,0.0,0.0,0,0.0,0.0,0,520
13502,2008-01-01,2004-09-01,40,2004,152348.0,152348.0,3149.0282062230185,0.14119844976845536,72,32,Current,Current,none,0,0.0,0.0,0.0,0,0.0,0.0,0,888
13504,2008-01-01,2006-02-01,23,2006,270865.0,270865.0,6987.635643242944,0.1090102670800106,48,25,Current,Current,none,0,0.0,0.0,0.0,0,0.0,0.0,0,787
13518,2008-01-01,2005-05-01,32,2005,99067.0,99067.0,2451.475271038261,0.08705902668483918,48,16,Current,Current,none,0,0.0,0.0,0.0,0,0.0,0.0,0,798
13523,2008-01-01,2006-09-01,16,2006,48806.0,48806.0,940.4482068302685,0.11457271598831346,72,56,Current,Current,none,0,0.0,0.0,0.0,0,0.0,0.0,0,101
13534,2008-01-01,2004-01-01,48,2004,87491.0,87491.0,2451.7214838138498,0.15377649460709125,48,0,Current,Matured,matured,0,0.0,0.0,0.0,0,0.0,0.0,0,105
13536,2008-01-01,2007-05-01,8,2007,149808.0,149808.0,3815.2916074382315,0.18136747219748983,60,52,Current,Current,none,0,0.0,0.0,0.0,0,0.0,0.0,0,143
13538,2008-01-01,2005-08-01,29,2005,86529.0,86529.0,2099.747895794545,0.15902733636483837,60,31,Current,Current,none,0,0.0,0.0,0.0,0,0.0,0.0,0,745
13540,2008-01-01,2006-07-01,18,2006,88234.0,88234.0,1603.615913660243,0.09299579980466091,72,54,Current,Current,none,0,0.0,0.0,0.0,0,0.0,0.0,0,996
13552,2008-01-01,2005-12-01,25,2005,27837.0,27837.0,744.6969795428287,0.12847878806602409,48,23,Current,Current,none,0,0.0,0.0,0.0,0,0.0,0.0,0,901
13555,2008-01-01,2005-02-01,35,2005,23440.0,23440.0,492.3471723067726,0.09505547030097325,60,25,Current,Current,none,0,0.0,0.0,0.0,0,0.0,0.0,0,222
13565,2008-01-01,2007-06-01,7,2007,90471.0,90471.0,2990.829271471698,0.11673180160492708,36,29,Current,Current,none,0,0.0,0.0,0.0,0,0.0,0.0,0,652
13569,2008-01-01,2005-07-01,30,2005,37664.0,37664.0,700.0297594285757,0.10119540696275503,72,42,Current,Paid off,payoff,0,0.0,0.0,0.0,0,0.0,0.0,0,348
13578,2008-01-01,2006-12-01,13,2006,55228.0,55228.0,1011.530898695284,0.09581605048783053,72,59,Current,Current,none,0,0.0,0.0,0.0,0,0.0,0.0,0,586
13593,2008-01-01,2006-06-01,19,2006,33575.0,33575.0,744.1031019620733,0.11837494556618054,60,41,Current,Current,none,0,0.0,0.0,0.0,0,0.0,0.0,0,820
13595,2008-01-01,2006-09-01,16,2006,49870.0,49870.0,1252.8533006451444,0.17500315213773374,60,44,Current,Current,none,0,0.0,0.0,0.0,0,0.0,0.0,0,495
13603,2008-01-01,2007-06-01,7,2007,24527.0,24527.0,649.4901106210867,0.12298466110533998,48,41,Current,Current,none,0,0.0,0.0,0.0,0,0.0,0.0,0,495
13627,2008-01-01,2007-07-01,6,2007,158431.0,158431.0,5255.867729055263,0.11916600506752624,36,30,Current,Current,none,0,0.0,0.0,0.0,0,0.0,0.0,0,273
13635,2008-01-01,2007-08-01,5,2007,166958.0,166958.0,3554.0137182928033,0.10080900323720351,60,55,Current,Current,none,0,0.0,0.0,0.0,0,0.0,0.0,0,322
13636,2008-01-01,2006-04-01,21,2006,46115.0,46115.0,971.2972854668883,0.09623982727712997,60,39,Current,Current,none,0,0.0,0.0,0.0,0,0.0,0.0,0,607
13646,2008-01-01,2005-06-01,31,2005,27852.0,27852.0,888.6298878373035,0.09226867081501579,36,5,Current,Current,none,0,0.0,0.0,0.0,0,0.0,0.0,0,612
13651,2008-01-01,2004-10-01,39,2004,24488.0,24488.0,483.3034690633809,0.06862391463941442,60,21,Current,Current,none,0,0.0,0.0,0.0,0,0.0,0.0,0,908
13655,2008-01-01,2005-11-01,26,2005,26527.0,26527.0,518.7758089276942,0.06479441534106531,60,34,Current,Current,none,0,0.0,0.0,0.0,0,0.0,0.0,0,895
13661,2008-01-01,2006-08-01,17,2006,57114.0,57114.0,1922.811830915755,0.12942386559225721,36,19,Current,Current,none,0,0.0,0.0,0.0,0,0.0,0.0,0,370
13668,2008-01-01,2005-09-01,28,2005,36031.0,36031.0,892.1255707973663,0.08736147171984873,48,20,Current,Current,none,0,0.0,0.0,0.0,0,0.0,0.0,0,513
13681,2008-01-01,2003-12-01,49,2003,16912.0,16912.0,386.83022172127403,0.13234159157676992,60,11,Current,Current,none,0,0.0,0.0,0.0,0,0.0,0.0,0,725
13683,2008-01-01,2005-05-01,32,2005,14566.0,14566.0,307.3993470894462,0.09708493210828235,60,28,Current,Current,none,0,0.0,0.0,0.0,0,0.0,0.0,0,880
13687,2008-01-01,2003-10-01,51,2003,67991.0,67991.0,1311.3284118149127,0.11491547565732921,72,21,Current,Current,none,0,0.0,0.0,0.0,0,0.0,0.0,0,346
13695,2008-01-01,2005-08-01,29,2005,68152.0,68152.0,2124.1619488271576,0.07634454534692095,36,7,Current,Current,none,0,0.0,0.0,0.0,0,0.0,0.0,0,798
13697,2008-01-01,2005-06-01,31,2005,38564.0,38564.0,995.6599836382418,0.10944089970018263,48,17,Current,Current,none,0,0.0,0.0,0.0,0,0.0,0.0,0,437
13707,2008-01-01,2003-10-01,51,2003,36260.0,36260.0,703.8757662339783,0.117335475664662,72,21,Current,Current,none,0,0.0,0.0,0.0,0,0.0,0.0,0,544
13716,2008-01-01,2002-08-01,65,2002,29759.0,29759.0,630.317748154119,0.15065763575209223,72,7,Current,Current,none,0,0.0,0.0,0.0,0,0.0,0.0,0,472
13718,2008-01-01,2004-01-01,48,2004,93658.0,93658.0,2283.8033011164302,0.0793942410737433,48,0,Current,Matured,matured,0,0.0,0.0,0.0,0,0.0,0.0,0,899
13727,2008-01-01,2005-09-01,28,2005,36829.0,36829.0,918.2844819148513,0.09102484091896541,48,20,Current,Current,none,0,0.0,0.0,0.0,0,0.0,0.0,0,293
13754,2008-01-01,2006-01-01,24,2006,46532.0,46532.0,1491.5711073657203,0.09546602685973926,36,12,Current,Current,none,0,0.0,0.0,0.0,0,0.0,0.0,0,510
13764,2008-01-01,2003-06-01,55,2003,63794.0,63794.0,1279.262762985796,0.07531722290861013,60,5,Current,Current,none,0,0.0,0.0,0.0,0,0.0,0.0,0,107
13772,2008-01-01,2005-08-01,29,2005,147768.0,147768.0,3903.749941920534,0.12171463259194937,48,19,Current,Current,none,0,0.0,0.0,0.0,0,0.0,0.0,0,126
13775,2008-01-01,2007-06-01,7,2007,85211.0,85211.0,2255.6182425444563,0.12278888146964118,48,41,Current,Current,none,0,0.0,0.0,0.0,0,0.0,0.0,0,767
13776,2008-01-01,2006-12-01,13,2006,25733.0,25733.0,513.3470409971333,0.07312519461098757,60,47,Current,Current,none,0,0.0,0.0,0.0,0,0.0,0.0,0,743
13778,2008-01-01,2005-08-01,29,2005,73266.0,73266.0,1909.4128279672038,0.1144339551162361,48,19,Current,Current,none,0,0.0,0.0,0.0,0,0.0,0.0,0,471
13789,2008-01-01,2002-11-01,62,2002,45619.0,45619.0,933.9871924785241,0.13752873420867764,72,10,Current,Current,none,0,0.0,0.0,0.0,0,0.0,0.0,0,278
13800,2008-01-01,2004-01-01,48,2004,50461.0,50461.0,1334.6503840467042,0.1991956181092639,60,12,Current,Current,none,0,0.0,0.0,0.0,0,0.0,0.0,0,375
13811,2008-01-01,2003-09-01,52,2003,77384.0,77384.0,1434.9228908733598,0.10033803078317652,72,20,Current,Current,none,0,0.0,0.0,0.0,0,0.0,0.0,0,981
13819,2008-01-01,2006-02-01,23,2006,40896.0,40896.0,1072.3063403217184,0.1176851821374612,48,25,Current,Current,none,0,0.0,0.0,0.0,0,0.0,0.0,0,881
13832,2008-01-01,2006-02-01,23,2006,36581.0,36581.0,748.9410334014875,0.08410656574087616,60,37,Current,Current,none,0,0.0,0.0,0.0,0,0.0,0.0,0,365
13840,2008-01-01,2004-07-01,42,2004,118170.0,118170.0,2221.874346918887,0.10545995904631612,72,30,Current,Current,none,0,0.0,0.0,0.0,0,0.0,0.0,0,940
13842,2008-01-01,2006-09-01,16,2006,21062.0,21062.0,678.4434738481353,0.09881819923245672,36,20,Current,Current,none,0,0.0,0.0,0.0,0,0.0,0.0,0,772
13858,2008-01-01,2007-05-01,8,2007,72034.0,72034.0,1550.4073554714241,0.10559266884942886,60,52,Current,Current,none,0,0.0,0.0,0.0,0,0.0,0.0,0,743
13875,2008-01-01,2005-06-01,31,2005,83490.0,83490.0,2919.553429108899,0.15618344497375317,36,5,Current,Current,none,0,0.0,0.0,0.0,0,0.0,0.0,0,451
13883,2008-01-01,2007-11-01,2,2007,53528.0,53528.0,1785.428970574226,0.12294297220641835,36,34,Current,Current,none,0,0.0,0.0,0.0,0,0.0,0.0,0,424
13896,2008-01-01,2003-07-01,54,2003,36868.0,36868.0,780.7815624798336,0.09859048867852876,60,6,Current,Current,none,0,0.0,0.0,0.0,0,0.0,0.0,0,375
13898,2008-01-01,2006-03-01,22,2006,95022.0,95022.0,2434.56353688682,0.10536584129253108,48,26,Current,Current,none,0,0.0,0.0,0.0,0,0.0,0.0,0,149
13907,2008-01-01,2005-05-01,32,2005,94013.0,94013.0,2156.8654254367793,0.13368592734939072,60,28,Current,Current,none,0,0.0,0.0,0.0,0,0.0,0.0,0,830
13918,2008-01-01,2007-11-01,2,2007,41308.0,41308.0,984.3274226241601,0.15074355428859246,60,58,Current,Current,none,0,0.0,0.0,0.0,0,0.0,0.0,0,664
13920,2008-01-01,2004-03-01,46,2004,33698.0,33698.0,740.3933240440141,0.11457808963641455,60,14,Current,Current,none,0,0.0,0.0,0.0,0,0.0,0.0,0,335
13927,2008-01-01,2005-10-01,27,2005,45884.0,45884.0,1251.26235740047,0.13887594305527967,48,21,Current,Current,none,0,0.0,0.0,0.0,0,0.0,0.0,0,391
13963,2008-01-01,2007-10-01,3,2007,59139.0,59139.0,1957.1571509009402,0.11748229070653243,36,33,Current,Current,none,0,0.0,0.0,0.0,0,0.0,0.0,0,996
13965,2008-01-01,2006-08-01,17,2006,82093.0,82093.0,1635.2139282190221,0.1270556653830314,72,55,Current,Current,none,0,0.0,0.0,0.0,0,0.0,0.0,0,676
13966,2008-01-01,2005-04-01,33,2005,94196.0,94196.0,2222.4223767702756,0.14625103829438552,60,27,Current,Current,none,0,0.0,0.0,0.0,0,0.0,0.0,0,379
13970,2008-01-01,2006-08-01,17,2006,88081.0,88081.0,2216.3362639687543,0.09582345498113244,48,31,Current,Current,none,0,0.0,0.0,0.0,0,0.0,0.0,0,674
13973,2008-01-01,2007-02-01,11,2007,92856.0,92856.0,2388.561939148515,0.18604268847464528,60,49,Current,Current,none,0,0.0,0.0,0.0,0,0.0,0.0,0,577
13978,2008-01-01,2006-08-01,17,2006,30438.0,30438.0,695.1366763627946,0.13165318655286837,60,43,Current,Current,none,0,0.0,0.0,0.0,0,0.0,0.0,0,708
13986,2008-01-01,2004-06-01,43,2004,73666.0,73666.0,1417.6743142378662,0.11409775771624421,72,29,Current,Current,none,0,0.0,0.0,0.0,0,0.0,0.0,0,808
13991,2008-01-01,2006-02-01,23,2006,57317.0,57317.0,1139.2774840647182,0.07160016199185808,60,37,Current,Current,none,0,0.0,0.0,0.0,0,0.0,0.0,0,783
13992,2008-01-01,2004-10-01,39,2004,25863.0,25863.0,514.0646653323122,0.07159318416424243,60,21,Current,Current,none,0,0.0,0.0,0.0,0,0.0,0.0,0,455
13995,2008-01-01,2007-06-01,7,2007,51788.0,51788.0,872.4932078112756,0.06578648767285658,72,65,Current,Current,none,0,0.0,0.0,0.0,0,0.0,0.0,0,855
14003,2008-01-01,2005-02-01,35,2005,117752.0,117752.0,2988.438499872067,0.10034362693518215,48,13,Current,Current,none,0,0.0,0.0,0.0,0,0.0,0.0,0,293
14010,2008-01-01,2005-03-01,34,2005,75113.0,75113.0,1488.1444745343622,0.0702305160303962,60,26,Current,Current,none,0,0.0,0.0,0.0,0,0.0,0.0,0,799
14035,2008-01-01,2006-08-01,17,2006,31566.0,31566.0,668.2292203385704,0.09841766978681067,60,43,Current,Current,none,0,0.0,0.0,0.0,0,0.0,0.0,0,378
14037,2008-01-01,2007-07-01,6,2007,54017.0,54017.0,1030.96152228263,0.11101041481812306,72,66,Current,Current,none,0,0.0,0.0,0.0,0,0.0,0.0,0,548
14045,2008-01-01,2004-03-01,46,2004,53380.0,53380.0,1417.860686752525,0.12462816343560877,48,2,Current,Current,none,0,0.0,0.0,0.0,0,0.0,0.0,0,706
14055,2008-01-01,2003-02-01,59,2003,52244.0,52244.0,1177.5477854887395,0.12581450471377906,60,1,Current,Current,none,0,0.0,0.0,0.0,0,0.0,0.0,0,568
14078,2008-01-01,2005-03-01,34,2005,70397.0,70397.0,1459.6090418278382,0.14239059869858128,72,38,Current,Current,none,0,0.0,0.0,0.0,0,0.0,0.0,0,317
14081,2008-01-01,2003-12-01,49,2003,45349.0,45349.0,912.0570304274966,0.07655564870403292,60,11,Current,Current,none,0,0.0,0.0,0.0,0,0.0,0.0,0,673
14086,2008-01-01,2007-08-01,5,2007,60927.0,60927.0,1177.4279839977273,0.05983704006142135,60,55,Current,Current,none,0,0.0,0.0,0.0,0,0.0,0.0,0,899
14093,2008-01-01,2007-04-01,9,2007,27993.0,27993.0,509.29167545159123,0.09337580038050075,72,63,Current,Current,none,0,0.0,0.0,0.0,0,0.0,0.0,0,423
14101,2008-01-01,2007-03-01,10,2007,64014.0,64014.0,1984.1736067578659,0.07259608174582678,36,26,Current,Current,none,0,0.0,0.0,0.0,0,0.0,0.0,0,973
14102,2008-01-01,2007-04-01,9,2007,105484.0,105484.0,1902.3803632106699,0.09018613282294836,72,63,Current,Current,none,0,0.0,0.0,0.0,0,0.0,0.0,0,794
14106,2008-01-01,2007-10-01,3,2007,19358.0,19358.0,541.3597926872648,0.1526583589760236,48,45,Current,Current,none,0,0.0,0.0,0.0,0,0.0,0.0,0,553
14112,2008-01-01,2003-04-01,57,2003,37774.0,37774.0,776.1804832177279,0.08565281152896016,60,3,Current,Current,none,0,0.0,0.0,0.0,0,0.0,0.0,0,554
14128,2008-01-01,2007-12-01,1,2007,115158.0,115158.0,3071.757471601024,0.12690799588075727,48,47,Current,Current,none,0,0.0,0.0,0.0,0,0.0,0.0,0,729
14134,2008-01-01,2006-11-01,14,2006,91119.0,91119.0,1990.8435038663813,0.11213061664204103,60,46,Current,Current,none,0,0.0,0.0,0.0,0,0.0,0.0,0,237
14152,2008-01-01,2004-04-01,45,2004,15124.0,15124.0,309.92194856697097,0.08449212145035565,60,15,Current,Current,none,0,0.0,0.0,0.0,0,0.0,0.0,0,374
14156,2008-01-01,2007-02-01,11,2007,37129.0,37129.0,1179.9899539973069,0.08959349962558272,36,25,Current,Current,none,0,0.0,0.0,0.0,0,0.0,0.0,0,148
14166,2008-01-01,2003-04-01,57,2003,78447.0,78447.0,1555.8653676859299,0.07068073840995871,60,3,Current,Current,none,0,0.0,0.0,0.0,0,0.0,0.0,0,799
14179,2008-01-01,2003-08-01,53,2003,90942.0,90942.0,2024.8200282459743,0.12040581721464973,60,7,Current,Current,none,0,0.0,0.0,0.0,0,0.0,0.0,0,676
14195,2008-01-01,2006-12-01,13,2006,88920.0,88920.0,1912.2873497506826,0.10523826988482861,60,47,Current,Current,none,0,0.0,0.0,0.0,0,0.0,0.0,0,401
14204,2008-01-01,2004-03-01,46,2004,26328.0,26328.0,503.75687555835714,0.1119456722106317,72,26,Current,Current,none,0,0.0,0.0,0.0,0,0.0,0.0,0,829
14207,2008-01-01,2005-07-01,30,2005,158740.0,158740.0,4049.197360094321,0.10303034799888246,48,18,Current,Current,none,0,0.0,0.0,0.0,0,0.0,0.0,0,840
14212,2008-01-01,2005-09-01,28,2005,14528.0,14528.0,266.09256544711576,0.09582200426950929,72,44,Current,Current,none,0,0.0,0.0,0.0,0,0.0,0.0,0,754
14219,2008-01-01,2008-01-01,0,2008,141573.0,141573.0,3484.987163213491,0.08431943473544085,48,48,Current,Current,none,0,0.0,0.0,0.0,0,0.0,0.0,0,546
14232,2008-01-01,2004-03-01,46,2004,25132.0,25132.0,593.0895518926427,0.14635406466604126,60,14,Current,Current,none,0,0.0,0.0,0.0,0,0.0,0.0,0,748
14235,2008-01-01,2004-04-01,45,2004,106138.0,106138.0,2786.6448352076027,0.11839134843178606,48,3,Current,Current,none,0,0.0,0.0,0.0,0,0.0,0.0,0,791
14241,2008-01-01,2006-08-01,17,2006,82341.0,82341.0,1353.6993090390004,0.05718138380724443,72,55,Current,Current,none,0,0.0,0.0,0.0,0,0.0,0.0,0,520
14244,2008-01-01,2005-09-01,28,2005,20491.0,20491.0,491.2636751798483,0.07061110690304023,48,20,Current,Current,none,0,0.0,0.0,0.0,0,0.0,0.0,0,988
14250,2008-01-01,2007-07-01,6,2007,77024.0,77024.0,1531.7894615529028,0.07181983104023455,60,54,Current,Current,none,0,0.0,0.0,0.0,0,0.0,0.0,0,893
14258,2008-01-01,2007-02-01,11,2007,79303.0,79303.0,1472.4134705319796,0.10081439923154854,72,61,Current,Current,none,0,0.0,0.0,0.0,0,0.0,0.0,0,505
14263,2008-01-01,2005-03-01,34,2005,54878.0,54878.0,1108.9112638027657,0.07854528300211036,60,26,Current,Current,none,0,0.0,0.0,0.0,0,0.0,0.0,0,950
14282,2008-01-01,2006-10-01,15,2006,27032.0,27032.0,599.545190646826,0.1187055678664925,60,45,Current,Current,none,0,0.0,0.0,0.0,0,0.0,0.0,0,961
14286,2008-01-01,2003-12-01,49,2003,45746.0,45746.0,914.7409883584895,0.07411851079215358,60,11,Current,Current,none,0,0.0,0.0,0.0,0,0.0,0.0,0,753
14293,2008-01-01,2006-11-01,14,2006,32893.0,32893.0,673.6285020425664,0.13763636134287183,72,58,Current,Current,none,0,0.0,0.0,0.0,0,0.0,0.0,0,323
14299,2008-01-01,2006-08-01,17,2006,221156.0,221156.0,4977.130405936929,0.12514012739553096,60,43,Current,Current,none,0,0.0,0.0,0.0,0,0.0,0.0,0,145
14308,2008-01-01,2003-07-01,54,2003,102903.0,102903.0,1907.0269908866603,0.10012769561488197,72,18,Current,Current,none,0,0.0,0.0,0.0,0,0.0,0.0,0,370
14309,2008-01-01,2007-02-01,11,2007,16780.0,16780.0,382.4141586194961,0.13071864961351737,60,49,Current,Current,none,0,0.0,0.0,0.0,0,0.0,0.0,0,805
14311,2008-01-01,2004-11-01,38,2004,55513.0,55513.0,1186.2944829673986,0.15412500887222555,72,34,Current,Current,none,0,0.0,0.0,0.0,0,0.0,0.0,0,457
14319,2008-01-01,2007-08-01,5,2007,44043.0,44043.0,975.388046538819,0.1180546396316895,60,55,Current,Current,none,0,0.0,0.0,0.0,0,0.0,0.0,0,139
14322,2008-01-01,2004-01-01,48,2004,168165.0,168165.0,3081.2700839720956,0.09596281391246564,72,24,Current,Current,none,0,0.0,0.0,0.0,0,0.0,0.0,0,783
14326,2008-01-01,2004-10-01,39,2004,203559.0,203559.0,4203.60702784671,0.08777547271811023,60,21,Current,Current,none,0,0.0,0.0,0.0,0,0.0,0.0,0,717
14327,2008-01-01,2005-09-01,28,2005,39135.0,39135.0,809.1084979512183,0.08827643409796261,60,32,Current,Current,none,0,0.0,0.0,0.0,0,0.0,0.0,0,718
14347,2008-01-01,2007-11-01,2,2007,148123.0,148123.0,3645.066763757949,0.08415392701384507,48,46,Current,Current,none,0,0.0,0.0,0.0,0,0.0,0.0,0,145
14357,2008-01-01,2004-01-01,48,2004,44297.0,44297.0,1047.66413713331,0.06361017903918503,48,0,Current,Matured,matured,0,0.0,0.0,0.0,0,0.0,0.0,0,904
14360,2008-01-01,2006-09-01,16,2006,62416.0,62416.0,2001.122388964746,0.09560093827982208,36,20,Current,Current,none,0,0.0,0.0,0.0,0,0.0,0.0,0,710
14363,2008-01-01,2005-12-01,25,2005,143399.0,143399.0,3281.7995253470363,0.13258831658094686,60,35,Current,Current,none,0,0.0,0.0,0.0,0,0.0,0.0,0,590
14364,2008-01-01,2007-10-01,3,2007,11708.0,11708.0,310.0365378849324,0.12298720256751355,48,45,Current,Current,none,0,0.0,0.0,0.0,0,0.0,0.0,0,312
14367,2008-01-01,2006-11-01,14,2006,17258.0,17258.0,362.7711807094542,0.0953805795398161,60,46,Current,Current,none,0,0.0,0.0,0.0,0,0.0,0.0,0,386
14375,2008-01-01,2006-05-01,20,2006,53964.0,53964.0,1474.2727375371187,0.1398621105000174,48,28,Current,Current,none,0,0.0,0.0,0.0,0,0.0,0.0,0,978
14379,2008-01-01,2007-01-01,12,2007,37557.0,37557.0,814.6102294965315,0.10894749814981546,60,48,Current,Current,none,0,0.0,0.0,0.0,0,0.0,0.0,0,180
14381,2008-01-01,2007-04-01,9,2007,38866.0,38866.0,1040.6490802626504,0.12894789985053395,48,39,Current,Current,none,0,0.0,0.0,0.0,0,0.0,0.0,0,245
14382,2008-01-01,2006-06-01,19,2006,37396.0,37396.0,1053.3154603919068,0.1566014894424103,48,29,Current,Current,none,0,0.0,0.0,0.0,0,0.0,0.0,0,285
14384,2008-01-01,2002-11-01,62,2002,48158.0,48158.0,819.9345525203444,0.06951914999428738,72,10,Current,Current,none,0,0.0,0.0,0.0,0,0.0,0.0,0,495
14389,2008-01-01,2006-07-01,18,2006,58678.0,58678.0,1419.7193772945561,0.15768241443261663,60,42,Current,Current,none,0,0.0,0.0,0.0,0,0.0,0.0,0,610
14392,2008-01-01,2005-04-01,33,2005,55020.0,55020.0,1821.7415626234651,0.11782521685493,36,3,Current,Current,none,0,0.0,0.0,0.0,0,0.0,0.0,0,791
14403,2008-01-01,2004-02-01,47,2004,47405.0,47405.0,1020.2285407528699,0.10555771159833235,60,13,Current,Current,none,0,0.0,0.0,0.0,0,0.0,0.0,0,391
14410,2008-01-01,2004-05-01,44,2004,39835.0,39835.0,1128.0590525784764,0.1595705112612993,48,4,Current,Current,none,0,0.0,0.0,0.0,0,0.0,0.0,0,415
14415,2008-01-01,2003-12-01,49,2003,32535.0,32535.0,688.5217383150912,0.09827961704288303,60,11,Current,Current,none,0,0.0,0.0,0.0,0,0.0,0.0,0,208
14419,2008-01-01,2005-12-01,25,2005,45048.0,45048.0,1135.0140829642899,0.17635689213351935,60,35,Current,Current,none,0,0.0,0.0,0.0,0,0.0,0.0,0,172
14426,2008-01-01,2004-01-01,48,2004,29883.0,29883.0,645.3408237866116,0.10704980289565344,60,12,Current,Current,none,0,0.0,0.0,0.0,0,0.0,0.0,0,385
14428,2008-01-01,2003-12-01,49,2003,38852.0,38852.0,808.7309138051468,0.09118024187694067,60,11,Current,Current,none,0,0.0,0.0,0.0,0,0.0,0.0,0,276
14440,2008-01-01,2005-03-01,34,2005,44230.0,44230.0,920.6975383817004,0.09118948854592357,60,26,Current,Current,none,0,0.0,0.0,0.0,0,0.0,0.0,0,911
14444,2008-01-01,2007-08-01,5,2007,54571.0,54571.0,1251.0108032099818,0.133340887894525,60,55,Current,Current,none,0,0.0,0.0,0.0,0,0.0,0.0,0,279
14449,2008-01-01,2007-03-01,10,2007,119979.0,119979.0,2486.293441881069,0.08926576234542717,60,50,Current,Current,none,0,0.0,0.0,0.0,0,0.0,0.0,0,183
14453,2008-01-01,2004-12-01,37,2004,29931.0,29931.0,589.9359061235322,0.06806140064121266,60,23,Current,Current,none,0,0.0,0.0,0.0,0,0.0,0.0,0,957
14463,2008-01-01,2007-09-01,4,2007,105922.0,105922.0,3445.4928633065,0.1055542808073815,36,32,Current,Current,none,0,0.0,0.0,0.0,0,0.0,0.0,0,165
14464,2008-01-01,2007-02-01,11,2007,41124.0,41124.0,849.3031530245802,0.08781044529401119,60,49,Current,Current,none,0,0.0,0.0,0.0,0,0.0,0.0,0,501
14465,2008-01-01,2007-05-01,8,2007,76901.0,76901.0,1726.627219167359,0.12410805726162037,60,52,Current,Current,none,0,0.0,0.0,0.0,0,0.0,0.0,0,854
14466,2008-01-01,2006-03-01,22,2006,46959.0,46959.0,995.7780943265878,0.09915042244490167,60,38,Current,Current,none,0,0.0,0.0,0.0,0,0.0,0.0,0,950
14470,2008-01-01,2005-11-01,26,2005,29332.0,29332.0,728.6867302577443,0.16981672626734465,60,34,Current,Current,none,0,0.0,0.0,0.0,0,0.0,0.0,0,612
14483,2008-01-01,2007-04-01,9,2007,66880.0,66880.0,1718.0528132620047,0.10676264708418082,48,39,Current,Current,none,0,0.0,0.0,0.0,0,0.0,0.0,0,118
14499,2008-01-01,2003-11-01,50,2003,19863.0,19863.0,349.51507826730136,0.08128986473633697,72,22,Current,Current,none,0,0.0,0.0,0.0,0,0.0,0.0,0,642
14507,2008-01-01,2005-12-01,25,2005,108067.0,108067.0,2179.842631175156,0.07779884490743903,60,35,Current,Current,none,0,0.0,0.0,0.0,0,0.0,0.0,0,216
14514,2008-01-01,2006-12-01,13,2006,38431.0,38431.0,851.559448373324,0.11829013677959099,60,47,Current,Current,none,0,0.0,0.0,0.0,0,0.0,0.0,0,154
14523,2008-01-01,2006-09-01,16,2006,88452.0,88452.0,2083.813803783215,0.14558281173993118,60,44,Current,Current,none,0,0.0,0.0,0.0,0,0.0,0.0,0,291
14542,2008-01-01,2007-08-01,5,2007,38536.0,38536.0,1335.1388532422166,0.14961615683812723,36,31,Current,Current,none,0,0.0,0.0,0.0,0,0.0,0.0,0,257
14544,2008-01-01,2004-12-01,37,2004,43881.0,43881.0,930.4685289353507,0.099131987847145,60,23,Current,Current,none,0,0.0,0.0,0.0,0,0.0,0.0,0,834
14551,2008-01-01,2008-01-01,0,2008,39684.0,39684.0,950.887791350334,0.15326183584839842,60,60,Current,Current,none,0,0.0,0.0,0.0,0,0.0,0.0,0,601
14553,2008-01-01,2004-01-01,48,2004,94399.0,94399.0,2125.5655673447045,0.12537119844987824,60,12,Current,Current,none,0,0.0,0.0,0.0,0,0.0,0.0,0,932
14560,2008-01-01,2005-03-01,34,2005,65581.0,65581.0,1327.8228778276284,0.07938693428898905,60,26,Current,Current,none,0,0.0,0.0,0.0,0,0.0,0.0,0,291
14565,2008-01-01,2005-11-01,26,2005,104664.0,104664.0,2787.510567575698,0.12607189995008936,48,22,Current,Current,none,0,0.0,0.0,0.0,0,0.0,0.0,0,711
14582,2008-01-01,2007-08-01,5,2007,54553.0,54553.0,1736.3751683919158,0.09063171677642803,36,31,Current,Current,none,0,0.0,0.0,0.0,0,0.0,0.0,0,928
14587,2008-01-01,2004-11-01,38,2004,42538.0,42538.0,1128.6057313587771,0.12402123358353737,48,10,Current,Current,none,0,0.0,0.0,0.0,0,0.0,0.0,0,362
14589,2008-01-01,2007-03-01,10,2007,67528.0,67528.0,2126.0327168868807,0.08318970047172596,36,26,Current,Current,none,0,0.0,0.0,0.0,0,0.0,0.0,0,847
14592,2008-01-01,2005-10-01,27,2005,92028.0,92028.0,1658.99667956227,0.09003120824006283,72,45,Current,Current,none,0,0.0,0.0,0.0,0,0.0,0.0,0,849
14614,2008-01-01,2004-11-01,38,2004,57609.0,57609.0,1032.216368249093,0.08782184527679653,72,34,Current,Current,none,0,0.0,0.0,0.0,0,0.0,0.0,0,954
14615,2008-01-01,2006-02-01,23,2006,122251.0,122251.0,2071.5045522439145,0.06782344420193494,72,49,Current,Current,none,0,0.0,0.0,0.0,0,0.0,0.0,0,154
14617,2008-01-01,2006-12-01,13,2006,55631.0,55631.0,1029.5500528354305,0.09962174533599384,72,59,Current,Current,none,0,0.0,0.0,0.0,0,0.0,0.0,0,499
14644,2008-01-01,2006-09-01,16,2006,33762.0,33762.0,847.9489948823068,0.09483974912610997,48,32,Current,Current,none,0,0.0,0.0,0.0,0,0.0,0.0,0,576
14665,2008-01-01,2005-05-01,32,2005,36042.0,36042.0,791.9262717493117,0.16507683022097858,72,40,Current,Current,none,0,0.0,0.0,0.0,0,0.0,0.0,0,608
14666,2008-01-01,2005-05-01,32,2005,154403.0,154403.0,3703.4561772414827,0.07084890119057434,48,16,Current,Current,none,0,0.0,0.0,0.0,0,0.0,0.0,0,942
14678,2008-01-01,2005-02-01,35,2005,136413.0,136413.0,2782.90359237226,0.08259000542029686,60,25,Current,Current,none,0,0.0,0.0,0.0,0,0.0,0.0,0,980
14684,2008-01-01,2007-03-01,10,2007,46305.0,46305.0,1149.8868668316334,0.0889009347532013,48,38,Current,Current,none,0,0.0,0.0,0.0,0,0.0,0.0,0,874
14703,2008-01-01,2004-10-01,39,2004,44319.0,44319.0,1144.7296137815508,0.10966628848316994,48,9,Current,Current,none,0,0.0,0.0,0.0,0,0.0,0.0,0,763
14704,2008-01-01,2008-01-01,0,2008,97663.0,97663.0,2323.820736831053,0.0667181958972868,48,48,Current,Current,none,0,0.0,0.0,0.0,0,0.0,0.0,0,471
14705,2008-01-01,2004-05-01,44,2004,56059.0,56059.0,1441.26541153277,0.10720079205745124,48,4,Current,Current,none,0,0.0,0.0,0.0,0,0.0,0.0,0,242
14706,2008-01-01,2005-05-01,32,2005,54893.0,54893.0,1312.1023141080295,0.15214947871831158,60,28,Current,Current,none,0,0.0,0.0,0.0,0,0.0,0.0,0,880
14739,2008-01-01,2006-06-01,19,2006,30389.0,30389.0,757.7842389721103,0.0910753721872278,48,29,Current,Current,none,0,0.0,0.0,0.0,0,0.0,0.0,0,484
14752,2008-01-01,2006-03-01,22,2006,46466.0,46466.0,1135.5108461731927,0.08052250635050683,48,26,Current,Paid off,payoff,0,0.0,0.0,0.0,0,0.0,0.0,0,339
14762,2008-01-01,2005-01-01,36,2005,75531.0,75531.0,1990.0275367607476,0.12027139346899199,48,12,Current,Current,none,0,0.0,0.0,0.0,0,0.0,0.0,0,773
14766,2008-01-01,2008-01-01,0,2008,41930.0,41930.0,810.4615550223104,0.11573125792803979,72,72,Current,Current,none,0,0.0,0.0,0.0,0,0.0,0.0,0,297
14768,2008-01-01,2008-01-01,0,2008,81283.0,81283.0,2166.937458530442,0.12660240147212123,48,48,Current,Current,none,0,0.0,0.0,0.0,0,0.0,0.0,0,418
14799,2008-01-01,2007-04-01,9,2007,20484.0,20484.0,433.72128376139625,0.09850708107113201,60,51,Current,Current,none,0,0.0,0.0,0.0,0,0.0,0.0,0,342
14814,2008-01-01,2006-09-01,16,2006,83840.0,83840.0,2824.1478479856937,0.12981349706273435,36,20,Current,Current,none,0,0.0,0.0,0.0,0,0.0,0.0,0,911
14817,2008-01-01,2004-10-01,39,2004,41395.0,41395.0,760.0498483523128,0.09672096934774327,72,33,Current,Current,none,0,0.0,0.0,0.0,0,0.0,0.0,0,466
14820,2008-01-01,2004-12-01,37,2004,33019.0,33019.0,921.5630594763091,0.1515638222980248,48,11,Current,Current,none,0,0.0,0.0,0.0,0,0.0,0.0,0,700
14822,2008-01-01,2004-04-01,45,2004,22213.0,22213.0,441.00217893963804,0.1258042014262541,72,27,Current,Current,none,0,0.0,0.0,0.0,0,0.0,0.0,0,434
14823,2008-01-01,2007-07-01,6,2007,155151.0,155151.0,3400.2709300098677,0.11347013209919574,60,54,Current,Current,none,0,0.0,0.0,0.0,0,0.0,0.0,0,335
14838,2008-01-01,2007-12-01,1,2007,100193.0,100193.0,2078.198838707217,0.14253928949729922,72,71,Current,Current,none,0,0.0,0.0,0.0,0,0.0,0.0,0,468
14843,2008-01-01,2006-05-01,20,2006,66594.0,66594.0,2312.2518491424994,0.15114904792858574,36,16,Current,Current,none,0,0.0,0.0,0.0,0,0.0,0.0,0,137
14848,2008-01-01,2007-01-01,12,2007,32099.0,32099.0,848.3043153937786,0.12191074714792964,48,36,Current,Current,none,0,0.0,0.0,0.0,0,0.0,0.0,0,159
14869,2008-01-01,2005-10-01,27,2005,117334.0,117334.0,2371.561472779087,0.07865439035756268,60,33,Current,Current,none,0,0.0,0.0,0.0,0,0.0,0.0,0,250
14873,2008-01-01,2007-08-01,5,2007,49689.0,49689.0,1054.9650958821528,0.09968118236081076,60,55,Current,Current,none,0,0.0,0.0,0.0,0,0.0,0.0,0,291
14876,2008-01-01,2007-06-01,7,2007,46310.0,46310.0,1173.1059117770692,0.09935438781404504,48,41,Current,Current,none,0,0.0,0.0,0.0,0,0.0,0.0,0,597
14904,2008-01-01,2004-07-01,42,2004,22840.0,22840.0,400.7859932310629,0.08029294565086222,72,30,Current,Current,none,0,0.0,0.0,0.0,0,0.0,0.0,0,178
14914,2008-01-01,2005-01-01,36,2005,33460.0,33460.0,645.7854129049229,0.11517562237558882,72,36,Current,Current,none,0,0.0,0.0,0.0,0,0.0,0.0,0,812
14917,2008-01-01,2005-01-01,36,2005,53797.0,53797.0,1182.9112638019606,0.11491667227672421,60,24,Current,Current,none,0,0.0,0.0,0.0,0,0.0,0.0,0,653
14932,2008-01-01,2004-11-01,38,2004,20984.0,20984.0,434.9432136204445,0.08936136312117307,60,22,Current,Current,none,0,0.0,0.0,0.0,0,0.0,0.0,0,160
14935,2008-01-01,2007-05-01,8,2007,126717.0,126717.0,3119.132807834245,0.0842932862208242,48,40,Current,Current,none,0,0.0,0.0,0.0,0,0.0,0.0,0,607
14942,2008-01-01,2006-04-01,21,2006,15574.0,15574.0,372.48301615323095,0.06936895135718266,48,27,Current,Current,none,0,0.0,0.0,0.0,0,0.0,0.0,0,229
14943,2008-01-01,2006-04-01,21,2006,57875.0,57875.0,2054.2626083223754,0.16682308777310265,36,15,Current,Current,none,0,0.0,0.0,0.0,0,0.0,0.0,0,532
14945,2008-01-01,2005-03-01,34,2005,26376.0,26376.0,601.403100952096,0.13093858140992426,60,26,Current,Current,none,0,0.0,0.0,0.0,0,0.0,0.0,0,453
14946,2008-01-01,2004-01-01,48,2004,41208.0,41208.0,919.8048986687284,0.12151393561358043,60,12,Current,Current,none,0,0.0,0.0,0.0,0,0.0,0.0,0,680
14951,2008-01-01,2007-10-01,3,2007,93030.0,93030.0,1841.5508656619,0.1246956449626841,72,69,Current,Current,none,0,0.0,0.0,0.0,0,0.0,0.0,0,266
14952,2008-01-01,2004-04-01,45,2004,65524.0,65524.0,1863.1611322172132,0.16184358466197665,48,3,Current,Current,none,0,0.0,0.0,0.0,0,0.0,0.0,0,451
14954,2008-01-01,2003-04-01,57,2003,32662.0,32662.0,684.5052379041979,0.09408626426140163,60,3,Current,Current,none,0,0.0,0.0,0.0,0,0.0,0.0,0,667
14958,2008-01-01,2003-04-01,57,2003,58454.0,58454.0,1007.7880260511655,0.07397876411582675,72,15,Current,Current,none,0,0.0,0.0,0.0,0,0.0,0.0,0,306
14982,2008-01-01,2004-03-01,46,2004,7453.0,7453.0,195.61050931840734,0.11820676900359545,48,2,Current,Current,none,0,0.0,0.0,0.0,0,0.0,0.0,0,333
14987,2008-01-01,2006-04-01,21,2006,55814.0,55814.0,1189.317041691938,0.1012495371104936,60,39,Current,Current,none,0,0.0,0.0,0.0,0,0.0,0.0,0,972
14989,2008-01-01,2007-03-01,10,2007,47945.0,47945.0,1499.922409078828,0.07886929549110479,36,26,Current,Current,none,0,0.0,0.0,0.0,0,0.0,0.0,0,943
14990,2008-01-01,2003-06-01,55,2003,65768.0,65768.0,1465.4669439141799,0.12075008512685505,60,5,Current,Current,none,0,0.0,0.0,0.0,0,0.0,0.0,0,513
14992,2008-01-01,2003-07-01,54,2003,137607.0,137607.0,2516.189499058922,0.0952126323502014,72,18,Current,Current,none,0,0.0,0.0,0.0,0,0.0,0.0,0,469
15029,2008-01-01,2007-12-01,1,2007,118046.0,118046.0,2348.4229984942003,0.07196702222728622,60,59,Current,Current,none,0,0.0,0.0,0.0,0,0.0,0.0,0,783
15044,2008-01-01,2006-06-01,19,2006,33342.0,33342.0,1050.221250219614,0.08350798657567782,36,17,Current,Current,none,0,0.0,0.0,0.0,0,0.0,0.0,0,647
15046,2008-01-01,2004-05-01,44,2004,17099.0,17099.0,379.9868296991942,0.1695808891466141,72,28,Current,Current,none,0,0.0,0.0,0.0,0,0.0,0.0,0,117
15047,2008-01-01,2006-12-01,13,2006,81768.0,81768.0,2180.348605951212,0.12672145953208375,48,35,Current,Current,none,0,0.0,0.0,0.0,0,0.0,0.0,0,493
15064,2008-01-01,2007-12-01,1,2007,53583.0,53583.0,1494.3223385454648,0.15112863651875386,48,47,Current,Current,none,0,0.0,0.0,0.0,0,0.0,0.0,0,753
15077,2008-01-01,2003-05-01,56,2003,33118.0,33118.0,696.0722353136837,0.09532900188072972,60,4,Current,Current,none,0,0.0,0.0,0.0,0,0.0,0.0,0,203
15078,2008-01-01,2003-10-01,51,2003,27461.0,27461.0,538.5935245534117,0.12120733649091392,72,21,Current,Current,none,0,0.0,0.0,0.0,0,0.0,0.0,0,249
15089,2008-01-01,2004-01-01,48,2004,37048.0,37048.0,631.0556314993855,0.06967615420823227,72,24,Current,Current,none,0,0.0,0.0,0.0,0,0.0,0.0,0,719
15105,2008-01-01,2004-02-01,47,2004,49033.0,49033.0,1054.513871689174,0.10524839614013486,60,13,Current,Current,none,0,0.0,0.0,0.0,0,0.0,0.0,0,904
15109,2008-01-01,2006-09-01,16,2006,44488.0,44488.0,1212.8623025583051,0.13872745196856348,48,32,Current,Current,none,0,0.0,0.0,0.0,0,0.0,0.0,0,222
15111,2008-01-01,2005-06-01,31,2005,20002.0,20002.0,664.4399341077765,0.12009138768466963,36,5,Current,Current,none,0,0.0,0.0,0.0,0,0.0,0.0,0,201
15113,2008-01-01,2006-01-01,24,2006,207477.0,207477.0,6411.168323721761,0.0705144085703672,36,12,Current,Current,none,0,0.0,0.0,0.0,0,0.0,0.0,0,832
15115,2008-01-01,2006-07-01,18,2006,45975.0,45975.0,1482.5732949062387,0.0995780388362398,36,18,Current,Current,none,0,0.0,0.0,0.0,0,0.0,0.0,0,661
15134,2008-01-01,2006-02-01,23,2006,35532.0,35532.0,763.7980029564167,0.15643544014965502,72,49,Current,Current,none,0,0.0,0.0,0.0,0,0.0,0.0,0,690
15153,2008-01-01,2006-03-01,22,2006,73349.0,73349.0,1374.5245123327634,0.1042231843075189,72,50,Current,Current,none,0,0.0,0.0,0.0,0,0.0,0.0,0,795
15158,2008-01-01,2006-11-01,14,2006,30298.0,30298.0,634.4897310436237,0.09376660503021242,60,46,Current,Current,none,0,0.0,0.0,0.0,0,0.0,0.0,0,954
15173,2008-01-01,2006-02-01,23,2006,78541.0,78541.0,2119.047486253769,0.13307051477469353,48,25,Current,Current,none,0,0.0,0.0,0.0,0,0.0,0.0,0,965
15188,2008-01-01,2003-05-01,56,2003,46934.0,46934.0,1001.8241211040472,0.10199583688469803,60,4,Current,Current,none,0,0.0,0.0,0.0,0,0.0,0.0,0,545
15189,2008-01-01,2003-01-01,60,2003,43461.0,43461.0,906.6685811378052,0.09212539849029223,60,0,Current,Matured,matured,0,0.0,0.0,0.0,0,0.0,0.0,0,615
15191,2008-01-01,2006-11-01,14,2006,18378.0,18378.0,651.2995327614616,0.16569991110396978,36,22,Current,Current,none,0,0.0,0.0,0.0,0,0.0,0.0,0,287
15193,2008-01-01,2004-10-01,39,2004,39339.0,39339.0,1058.2361498081775,0.1314683954273178,48,9,Current,Current,none,0,0.0,0.0,0.0,0,0.0,0.0,0,315
15194,2008-01-01,2008-01-01,0,2008,67243.0,67243.0,1318.618084415056,0.06593013424168964,60,60,Current,Current,none,0,0.0,0.0,0.0,0,0.0,0.0,0,874
15195,2008-01-01,2007-03-01,10,2007,39136.0,39136.0,841.9156527599893,0.10537663128033382,60,50,Current,Current,none,0,0.0,0.0,0.0,0,0.0,0.0,0,341
15206,2008-01-01,2006-10-01,15,2006,14269.0,14269.0,484.7371359723121,0.13574527781372173,36,21,Current,Current,none,0,0.0,0.0,0.0,0,0.0,0.0,0,949
15207,2008-01-01,2007-02-01,11,2007,74478.0,74478.0,1797.2954707051028,0.15648894202548277,60,49,Current,Current,none,0,0.0,0.0,0.0,0,0.0,0.0,0,823
15221,2008-01-01,2003-03-01,58,2003,81828.0,81828.0,1852.7835561375816,0.12783533400675265,60,2,Current,Current,none,0,0.0,0.0,0.0,0,0.0,0.0,0,235
15228,2008-01-01,2006-06-01,19,2006,92489.0,92489.0,1994.8584409526893,0.10650644106038572,60,41,Current,Current,none,0,0.0,0.0,0.0,0,0.0,0.0,0,270
15235,2008-01-01,2005-04-01,33,2005,103232.0,103232.0,2243.2738189267066,0.10975910382422935,60,27,Current,Current,none,0,0.0,0.0,0.0,0,0.0,0.0,0,104
15237,2008-01-01,2006-04-01,21,2006,23134.0,23134.0,635.7800193114149,0.1431051242580909,48,27,Current,Current,none,0,0.0,0.0,0.0,0,0.0,0.0,0,323
15238,2008-01-01,2005-10-01,27,2005,62262.0,62262.0,1974.4247255951343,0.08810377037964712,36,9,Current,Current,none,0,0.0,0.0,0.0,0,0.0,0.0,0,521
15244,2008-01-01,2005-01-01,36,2005,104546.0,104546.0,2693.039649487353,0.10822432670305603,48,12,Current,Current,none,0,0.0,0.0,0.0,0,0.0,0.0,0,541
15247,2008-01-01,2007-06-01,7,2007,112303.0,112303.0,2656.4676947193466,0.14741522788340986,60,53,Current,Current,none,0,0.0,0.0,0.0,0,0.0,0.0,0,874
15263,2008-01-01,2004-05-01,44,2004,62514.0,62514.0,1358.3313184420786,0.10971944024565036,60,16,Current,Current,none,0,0.0,0.0,0.0,0,0.0,0.0,0,969
15264,2008-01-01,2003-11-01,50,2003,90505.0,90505.0,1769.5598183207417,0.06469930802043355,60,10,Current,Current,none,0,0.0,0.0,0.0,0,0.0,0.0,0,584
15282,2008-01-01,2004-11-01,38,2004,77324.0,77324.0,1580.7427647444297,0.08347491552204721,60,22,Current,Current,none,0,0.0,0.0,0.0,0,0.0,0.0,0,138
15296,2008-01-01,2007-02-01,11,2007,36542.0,36542.0,796.5784440505756,0.11113327561443336,60,49,Current,Current,none,0,0.0,0.0,0.0,0,0.0,0.0,0,609
15300,2008-01-01,2005-09-01,28,2005,11029.0,11029.0,281.4704433465119,0.10329132562280938,48,20,Current,Current,none,0,0.0,0.0,0.0,0,0.0,0.0,0,522
15307,2008-01-01,2005-12-01,25,2005,119189.0,119189.0,2445.700947604803,0.08506198662087433,60,35,Current,Current,none,0,0.0,0.0,0.0,0,0.0,0.0,0,651
15314,2008-01-01,2006-02-01,23,2006,38964.0,38964.0,1245.7670795158458,0.09370092954781825,36,13,Current,Current,none,0,0.0,0.0,0.0,0,0.0,0.0,0,530
15315,2008-01-01,2005-12-01,25,2005,106680.0,106680.0,1899.6402532980414,0.08557898620028914,72,47,Current,Current,none,0,0.0,0.0,0.0,0,0.0,0.0,0,375
15317,2008-01-01,2006-12-01,13,2006,75604.0,75604.0,1908.3716845509052,0.09747880481016188,48,35,Current,Current,none,0,0.0,0.0,0.0,0,0.0,0.0,0,664
15325,2008-01-01,2004-01-01,48,2004,53754.0,53754.0,1034.3296247868416,0.11404513792819644,72,24,Current,Current,none,0,0.0,0.0,0.0,0,0.0,0.0,0,808
15326,2008-01-01,2005-12-01,25,2005,73858.0,73858.0,2278.8087583649144,0.06949295206970271,36,11,Current,Current,none,0,0.0,0.0,0.0,0,0.0,0.0,0,210
15330,2008-01-01,2005-05-01,32,2005,69347.0,69347.0,1395.1499254326513,0.13083853372865528,72,40,Current,Current,none,0,0.0,0.0,0.0,0,0.0,0.0,0,606
15334,2008-01-01,2006-10-01,15,2006,55909.0,55909.0,936.2060802215447,0.06363840214544382,72,57,Current,Current,none,0,0.0,0.0,0.0,0,0.0,0.0,0,245
15353,2008-01-01,2007-12-01,1,2007,44358.0,44358.0,1063.7389775104848,0.07074382658204593,48,47,Current,Current,none,0,0.0,0.0,0.0,0,0.0,0.0,0,950
15354,2008-01-01,2005-08-01,29,2005,20966.0,20966.0,530.0513957042153,0.09830948402982913,48,19,Current,Current,none,0,0.0,0.0,0.0,0,0.0,0.0,0,598
15358,2008-01-01,2006-06-01,19,2006,53995.0,53995.0,981.8095354231324,0.09317145963794252,72,53,Current,Current,none,0,0.0,0.0,0.0,0,0.0,0.0,0,513
15360,2008-01-01,2004-06-01,43,2004,56600.0,56600.0,1146.1817009371007,0.07945998913398478,60,17,Current,Current,none,0,0.0,0.0,0.0,0,0.0,0.0,0,885
15362,2008-01-01,2004-06-01,43,2004,81740.0,81740.0,1724.017243260415,0.09683146651418632,60,17,Current,Current,none,0,0.0,0.0,0.0,0,0.0,0.0,0,350
15375,2008-01-01,2006-04-01,21,2006,103187.0,103187.0,3615.989740493337,0.15768960023449172,36,15,Current,Current,none,0,0.0,0.0,0.0,0,0.0,0.0,0,967
15381,2008-01-01,2004-08-01,41,2004,30382.0,30382.0,782.1149795113686,0.10788039252588857,48,7,Current,Current,none,0,0.0,0.0,0.0,0,0.0,0.0,0,274
15397,2008-01-01,2006-03-01,22,2006,38127.0,38127.0,855.4110638898205,0.1237780288868529,60,38,Current,Current,none,0,0.0,0.0,0.0,0,0.0,0.0,0,672
15401,2008-01-01,2007-04-01,9,2007,56575.0,56575.0,1832.4417038316385,0.10260442164245698,36,27,Current,Current,none,0,0.0,0.0,0.0,0,0.0,0.0,0,451
15407,2008-01-01,2007-04-01,9,2007,35942.0,35942.0,650.1637393580937,0.09128236101102549,72,63,Current,Current,none,0,0.0,0.0,0.0,0,0.0,0.0,0,304
15410,2008-01-01,2003-10-01,51,2003,37192.0,37192.0,838.4232760458831,0.12588756455434683,60,9,Current,Current,none,0,0.0,0.0,0.0,0,0.0,0.0,0,557
15424,2008-01-01,2006-04-01,21,2006,20886.0,20886.0,452.35727511421624,0.10831322653913004,60,39,Current,Current,none,0,0.0,0.0,0.0,0,0.0,0.0,1,681
15425,2008-01-01,2003-03-01,58,2003,42203.0,42203.0,832.6780156031399,0.06849573287005964,60,2,Current,Current,none,0,0.0,0.0,0.0,0,0.0,0.0,0,744
15427,2008-01-01,2007-07-01,6,2007,25205.0,25205.0,594.8489820956293,0.14638193185827925,60,54,Current,Current,none,0,0.0,0.0,0.0,0,0.0,0.0,0,132
15439,2008-01-01,2007-03-01,10,2007,36455.0,36455.0,727.6254702365572,0.07334828376141367,60,50,Current,Current,none,0,0.0,0.0,0.0,0,0.0,0.0,0,308
15457,2008-01-01,2003-10-01,51,2003,30425.0,30425.0,758.6931123727514,0.17155944404742235,60,9,Current,Current,none,0,0.0,0.0,0.0,0,0.0,0.0,0,741
15500,2008-01-01,2004-11-01,38,2004,71895.0,71895.0,1532.4055203940234,0.10136952504991134,60,22,Current,Current,none,0,0.0,0.0,0.0,0,0.0,0.0,0,644
15511,2008-01-01,2004-05-01,44,2004,38673.0,38673.0,922.1444453899267,0.06780755757231573,48,4,Current,Current,none,0,0.0,0.0,0.0,0,0.0,0.0,0,485
15529,2008-01-01,2006-12-01,13,2006,107544.0,107544.0,2347.6006684792515,0.11173823994190908,60,47,Current,Current,none,0,0.0,0.0,0.0,0,0.0,0.0,0,584
15536,2008-01-01,2006-08-01,17,2006,31603.0,31603.0,1050.5952866467296,0.12061163447249643,36,19,Current,Current,none,0,0.0,0.0,0.0,0,0.0,0.0,0,550
15571,2008-01-01,2005-01-01,36,2005,42344.0,42344.0,875.8296432358392,0.08845966131483725,60,24,Current,Current,none,0,0.0,0.0,0.0,0,0.0,0.0,0,771
15575,2008-01-01,2007-05-01,8,2007,55597.0,55597.0,1334.5948247943804,0.07126115308305395,48,40,Current,Current,none,0,0.0,0.0,0.0,0,0.0,0.0,0,876
15580,2008-01-01,2006-11-01,14,2006,25306.0,25306.0,622.853579186437,0.0842494049161493,48,34,Current,Current,none,0,0.0,0.0,0.0,0,0.0,0.0,0,691
15582,2008-01-01,2005-07-01,30,2005,63082.0,63082.0,1328.9285862257364,0.09632525836151525,60,30,Current,Current,none,0,0.0,0.0,0.0,0,0.0,0.0,0,233
15589,2008-01-01,2006-07-01,18,2006,93801.0,93801.0,2646.8793722629666,0.15761006990291923,48,30,Current,Current,none,0,0.0,0.0,0.0,0,0.0,0.0,0,489
15593,2008-01-01,2004-06-01,43,2004,36166.0,36166.0,702.7633149352696,0.1177156080805981,72,29,Current,Current,none,0,0.0,0.0,0.0,0,0.0,0.0,0,556
15599,2008-01-01,2007-01-01,12,2007,116349.0,116349.0,2415.358792393934,0.14286753846911937,72,60,Current,Current,none,0,0.0,0.0,0.0,0,0.0,0.0,0,519
15600,2008-01-01,2004-03-01,46,2004,52537.0,52537.0,1297.704697044958,0.0861107255630593,48,2,Current,Current,none,0,0.0,0.0,0.0,0,0.0,0.0,0,330
15607,2008-01-01,2008-01-01,0,2008,104159.0,104159.0,2113.321791368953,0.08027133610088535,60,60,Current,Current,none,0,0.0,0.0,0.0,0,0.0,0.0,0,600
15612,2008-01-01,2006-05-01,20,2006,49893.0,49893.0,880.3443481116071,0.08227734377790626,72,52,Current,Current,none,0,0.0,0.0,0.0,0,0.0,0.0,0,305
15620,2008-01-01,2004-11-01,38,2004,30744.0,30744.0,635.2105030671883,0.08799710866201393,60,22,Current,Current,none,0,0.0,0.0,0.0,0,0.0,0.0,0,316
15628,2008-01-01,2005-11-01,26,2005,105286.0,105286.0,2778.2334820650267,0.12109217198661594,48,22,Current,Current,none,0,0.0,0.0,0.0,0,0.0,0.0,0,925
15632,2008-01-01,2006-01-01,24,2006,70694.0,70694.0,1292.2702615432422,0.09510157081667654,72,48,Current,Current,none,0,0.0,0.0,0.0,0,0.0,0.0,0,975
15641,2008-01-01,2007-01-01,12,2007,76991.0,76991.0,1868.6527903501253,0.076972384848386,48,36,Current,Current,none,0,0.0,0.0,0.0,0,0.0,0.0,0,954
15642,2008-01-01,2003-02-01,59,2003,64432.0,64432.0,1350.4758575953595,0.14657962791862103,72,13,Current,Current,none,0,0.0,0.0,0.0,0,0.0,0.0,0,197
15649,2008-01-01,2007-09-01,4,2007,103691.0,103691.0,2654.0263337424267,0.1048374908353808,48,44,Current,Current,none,0,0.0,0.0,0.0,0,0.0,0.0,0,162
15652,2008-01-01,2006-06-01,19,2006,56179.0,56179.0,1151.7630163747526,0.1380536715128795,72,53,Current,Current,none,0,0.0,0.0,0.0,0,0.0,0.0,0,496
15668,2008-01-01,2006-01-01,24,2006,23973.0,23973.0,516.4881833261567,0.10602231403927193,60,36,Current,Current,none,0,0.0,0.0,0.0,0,0.0,0.0,0,791
15677,2008-01-01,2003-08-01,53,2003,23115.0,23115.0,460.98365102790257,0.07300015431142191,60,7,Current,Current,none,0,0.0,0.0,0.0,0,0.0,0.0,0,512
15687,2008-01-01,2007-04-01,9,2007,37078.0,37078.0,747.3750601014314,0.13156565808259552,72,63,Current,Current,none,0,0.0,0.0,0.0,0,0.0,0.0,0,458
15691,2008-01-01,2003-10-01,51,2003,21233.0,21233.0,384.2527800842933,0.09143744203153274,72,21,Current,Current,none,0,0.0,0.0,0.0,0,0.0,0.0,0,899
15719,2008-01-01,2007-09-01,4,2007,236156.0,236156.0,4810.5831483694155,0.0819607303146466,60,56,Current,Current,none,0,0.0,0.0,0.0,0,0.0,0.0,0,439
15721,2008-01-01,2002-09-01,64,2002,68170.0,68170.0,1389.7481790379359,0.13589373107958827,72,8,Current,Current,none,0,0.0,0.0,0.0,0,0.0,0.0,0,268
15727,2008-01-01,2007-06-01,7,2007,34741.0,34741.0,959.3885917392331,0.1457434379736528,48,41,Current,Current,none,0,0.0,0.0,0.0,0,0.0,0.0,0,679
15728,2008-01-01,2006-05-01,20,2006,210271.0,210271.0,5018.163922838299,0.06825181591066734,48,28,Current,Current,none,0,0.0,0.0,0.0,0,0.0,0.0,0,421
15732,2008-01-01,2006-03-01,22,2006,40614.0,40614.0,1135.011136757672,0.15227690720891476,48,26,Current,Current,none,0,0.0,0.0,0.0,0,0.0,0.0,0,571
15737,2008-01-01,2003-04-01,57,2003,34677.0,34677.0,673.8950808099682,0.06216193929050818,60,3,Current,Current,none,0,0.0,0.0,0.0,0,0.0,0.0,0,705
15745,2008-01-01,2005-02-01,35,2005,47361.0,47361.0,1165.1739918993817,0.16532641237738183,60,25,Current,Current,none,0,0.0,0.0,0.0,0,0.0,0.0,0,823
15747,2008-01-01,2006-01-01,24,2006,97651.0,97651.0,2510.738430861109,0.10723277766577333,48,24,Current,Current,none,0,0.0,0.0,0.0,0,0.0,0.0,0,775
15751,2008-01-01,2007-08-01,5,2007,47777.0,47777.0,881.839070918959,0.09864135928146418,72,67,Current,Current,none,0,0.0,0.0,0.0,0,0.0,0.0,0,857
15755,2008-01-01,2006-08-01,17,2006,95491.0,95491.0,2125.706400076662,0.12032359854311363,60,43,Current,Current,none,0,0.0,0.0,0.0,0,0.0,0.0,0,976
15756,2008-01-01,2008-01-01,0,2008,117039.0,117039.0,2989.0314253096058,0.10366103864340892,48,48,Current,Current,none,0,0.0,0.0,0.0,0,0.0,0.0,0,538
15764,2008-01-01,2007-11-01,2,2007,41347.0,41347.0,1357.7990525789764,0.1121182111223959,36,34,Current,Current,none,0,0.0,0.0,0.0,0,0.0,0.0,0,153
15773,2008-01-01,2005-07-01,30,2005,26330.0,26330.0,556.0599282403267,0.09739047030279992,60,30,Current,Current,none,0,0.0,0.0,0.0,0,0.0,0.0,0,125
15775,2008-01-01,2007-06-01,7,2007,196464.0,196464.0,6403.783590734377,0.10696549386076828,36,29,Current,Current,none,0,0.0,0.0,0.0,0,0.0,0.0,0,302
15778,2008-01-01,2004-06-01,43,2004,78280.0,78280.0,1346.107635350802,0.07305457184795093,72,29,Current,Current,none,0,0.0,0.0,0.0,0,0.0,0.0,1,680
15783,2008-01-01,2007-07-01,6,2007,57896.0,57896.0,1237.3761265276476,0.10254314589809077,60,54,Current,Current,none,0,0.0,0.0,0.0,0,0.0,0.0,0,845
15786,2008-01-01,2006-07-01,18,2006,49085.0,49085.0,1100.6447591693839,0.12352998806275958,60,42,Current,Current,none,0,0.0,0.0,0.0,0,0.0,0.0,0,404
15812,2008-01-01,2005-12-01,25,2005,39533.0,39533.0,842.5196380565044,0.10131500803732638,60,35,Current,Current,none,0,0.0,0.0,0.0,0,0.0,0.0,0,964
15819,2008-01-01,2003-01-01,60,2003,67217.0,67217.0,1578.1207060768227,0.14403558971888267,60,0,Current,Matured,matured,0,0.0,0.0,0.0,0,0.0,0.0,0,911
15840,2008-01-01,2003-06-01,55,2003,12495.0,12495.0,261.1741496445119,0.09295969029520508,60,5,Current,Current,none,0,0.0,0.0,0.0,0,0.0,0.0,0,793
15852,2008-01-01,2008-01-01,0,2008,42639.0,42639.0,790.1835482161613,0.10012107039306822,72,72,Current,Current,none,0,0.0,0.0,0.0,0,0.0,0.0,0,948
15864,2008-01-01,2008-01-01,0,2008,54051.0,54051.0,1030.9748185992185,0.11078113364336523,72,72,Current,Current,none,0,0.0,0.0,0.0,0,0.0,0.0,0,254
15910,2008-01-01,2004-09-01,40,2004,50576.0,50576.0,990.5845515323956,0.06542496424533509,60,20,Current,Current,none,0,0.0,0.0,0.0,0,0.0,0.0,0,752
15915,2008-01-01,2006-12-01,13,2006,40544.0,40544.0,873.3836644369602,0.10596278036780436,60,47,Current,Current,none,0,0.0,0.0,0.0,0,0.0,0.0,0,241
15922,2008-01-01,2007-11-01,2,2007,60680.0,60680.0,1435.3634806948098,0.14741849586640415,60,58,Current,Current,none,0,0.0,0.0,0.0,0,0.0,0.0,0,875
15927,2008-01-01,2003-09-01,52,2003,71006.0,71006.0,1334.0918774178042,0.10518627558111403,72,20,Current,Current,none,0,0.0,0.0,0.0,0,0.0,0.0,0,188
15928,2008-01-01,2006-09-01,16,2006,135407.0,135407.0,2813.9468159439716,0.14327284224368875,72,56,Current,Current,none,0,0.0,0.0,0.0,0,0.0,0.0,0,573
15929,2008-01-01,2006-06-01,19,2006,34883.0,34883.0,721.196101930246,0.08827458399648516,60,41,Current,Current,none,0,0.0,0.0,0.0,0,0.0,0.0,0,718
15937,2008-01-01,2007-04-01,9,2007,30700.0,30700.0,663.1242360524594,0.10714148219962655,60,51,Current,Current,none,0,0.0,0.0,0.0,0,0.0,0.0,0,387
15947,2008-01-01,2003-09-01,52,2003,20241.0,20241.0,361.7844710089812,0.0869359906469674,72,20,Current,Current,none,0,0.0,0.0,0.0,0,0.0,0.0,0,991
15952,2008-01-01,2003-10-01,51,2003,26657.0,26657.0,628.9267311176789,0.14624546699439026,60,9,Current,Current,none,0,0.0,0.0,0.0,0,0.0,0.0,0,937
15960,2008-01-01,2004-04-01,45,2004,23587.0,23587.0,629.5681504993092,0.1272522565680462,48,3,Current,Current,none,0,0.0,0.0,0.0,0,0.0,0.0,0,342
15961,2008-01-01,2006-10-01,15,2006,32716.0,32716.0,698.6640859975258,0.10219938329242054,60,45,Current,Current,none,0,0.0,0.0,0.0,0,0.0,0.0,0,782
15964,2008-01-01,2007-05-01,8,2007,98461.0,98461.0,2478.6605053655176,0.09606516433003154,48,40,Current,Current,none,0,0.0,0.0,0.0,0,0.0,0.0,0,427
15970,2008-01-01,2007-06-01,7,2007,40556.0,40556.0,878.5807850143011,0.15948322716699542,72,65,Current,Current,none,0,0.0,0.0,0.0,0,0.0,0.0,0,714
15972,2008-01-01,2007-08-01,5,2007,47666.0,47666.0,1532.9729487876577,0.09773009463408248,36,31,Current,Current,none,0,0.0,0.0,0.0,0,0.0,0.0,0,329
15978,2008-01-01,2006-08-01,17,2006,15006.0,15006.0,281.1881528724725,0.10420090132791869,72,55,Current,Current,none,0,0.0,0.0,0.0,0,0.0,0.0,0,239
15995,2008-01-01,2005-01-01,36,2005,46273.0,46273.0,983.0113446852123,0.09993272976279625,60,24,Current,Current,none,0,0.0,0.0,0.0,0,0.0,0.0,0,911
15996,2008-01-01,2007-11-01,2,2007,65369.0,65369.0,1128.7421836735798,0.07452746724464847,72,70,Current,Current,none,0,0.0,0.0,0.0,0,0.0,0.0,0,790
16001,2008-01-01,2006-08-01,17,2006,108522.0,108522.0,3659.0849202735976,0.13048771632716236,36,19,Current,Current,none,0,0.0,0.0,0.0,0,0.0,0.0,0,328
16009,2008-01-01,2003-07-01,54,2003,96488.0,96488.0,1666.4492860013718,0.07460625938163672,72,18,Current,Current,none,0,0.0,0.0,0.0,0,0.0,0.0,0,710
16010,2008-01-01,2006-05-01,20,2006,81308.0,81308.0,1907.930404709151,0.14379507949588158,60,40,Current,Current,none,0,0.0,0.0,0.0,0,0.0,0.0,0,892
16013,2008-01-01,2007-07-01,6,2007,49120.0,49120.0,1571.6713943254795,0.09422143017738646,36,30,Current,Paid off,payoff,0,0.0,0.0,0.0,0,0.0,0.0,0,287
16014,2008-01-01,2004-11-01,38,2004,66767.0,66767.0,1699.5808038440673,0.1811384897189028,60,22,Current,Paid off,payoff,0,0.0,0.0,0.0,0,0.0,0.0,0,434
16018,2008-01-01,2008-01-01,0,2008,30000.0,30000.0,600.3517750422895,0.128817071188253,72,72,Current,Current,none,0,0.0,0.0,0.0,0,0.0,0.0,0,586
16031,2008-01-01,2006-09-01,16,2006,135912.0,135912.0,2935.3854143592307,0.10709223161492058,60,44,Current,Current,none,0,0.0,0.0,0.0,0,0.0,0.0,0,315
16035,2008-01-01,2004-06-01,43,2004,22688.0,22688.0,500.3574632382763,0.11621867793176946,60,17,Current,Current,none,0,0.0,0.0,0.0,0,0.0,0.0,0,121
16038,2008-01-01,2002-04-01,69,2002,27763.0,27763.0,453.4233294747703,0.05487265277874778,72,3,Current,Current,none,0,0.0,0.0,0.0,0,0.0,0.0,0,840
16040,2008-01-01,2002-03-01,70,2002,74621.0,74621.0,1272.6229737294818,0.07011415043374919,72,2,Current,Current,none,0,0.0,0.0,0.0,0,0.0,0.0,0,274
16044,2008-01-01,2005-11-01,26,2005,85867.0,85867.0,1855.9545739231285,0.15859018249632864,72,46,Current,Current,none,0,0.0,0.0,0.0,0,0.0,0.0,0,828
16047,2008-01-01,2006-09-01,16,2006,73749.0,73749.0,1465.1190162102857,0.07137826606087276,60,44,Current,Current,none,0,0.0,0.0,0.0,0,0.0,0.0,0,589
16048,2008-01-01,2003-11-01,50,2003,39844.0,39844.0,821.236288116528,0.08696342879413022,60,10,Current,Current,none,0,0.0,0.0,0.0,0,0.0,0.0,0,152
16067,2008-01-01,2006-12-01,13,2006,184121.0,184121.0,5070.93373626018,0.1442730977831247,48,35,Current,Current,none,0,0.0,0.0,0.0,0,0.0,0.0,0,526
16081,2008-01-01,2007-06-01,7,2007,36523.0,36523.0,721.7646559675954,0.12405916884026771,72,65,Current,Current,none,0,0.0,0.0,0.0,0,0.0,0.0,0,984
16089,2008-01-01,2005-09-01,28,2005,37298.0,37298.0,1181.221710836843,0.08720566810807298,36,8,Current,Current,none,0,0.0,0.0,0.0,0,0.0,0.0,0,371
16092,2008-01-01,2006-02-01,23,2006,50344.0,50344.0,1227.7232701817009,0.07944086681959349,48,25,Current,Current,none,0,0.0,0.0,0.0,0,0.0,0.0,0,106
16103,2008-01-01,2004-04-01,45,2004,44189.0,44189.0,816.4820589683983,0.09903165502397483,72,27,Current,Current,none,0,0.0,0.0,0.0,0,0.0,0.0,0,662
16104,2008-01-01,2006-06-01,19,2006,111904.0,111904.0,2933.5296036127515,0.11757032258735667,48,29,Current,Current,none,0,0.0,0.0,0.0,0,0.0,0.0,0,239
16112,2008-01-01,2006-05-01,20,2006,217839.0,217839.0,4327.993861743201,0.1260809343584135,72,52,30 DPD,Delinquent,none,0,0.0,0.0,0.0,1,0.0,0.0,1,384
16117,2008-01-01,2007-07-01,6,2007,54376.0,54376.0,1783.6583483769612,0.11134206283435018,36,30,Current,Current,none,0,0.0,0.0,0.0,0,0.0,0.0,0,194
16125,2008-01-01,2007-09-01,4,2007,73511.0,73511.0,2391.171797280392,0.10554359073181029,36,32,Current,Current,none,0,0.0,0.0,0.0,0,0.0,0.0,0,909
16134,2008-01-01,2007-01-01,12,2007,40091.0,40091.0,1145.4754547110133,0.16451179734152846,48,36,Current,Current,none,0,0.0,0.0,0.0,0,0.0,0.0,0,489
16137,2008-01-01,2007-03-01,10,2007,32406.0,32406.0,1098.7193148148601,0.13436974567898927,36,26,Current,Current,none,0,0.0,0.0,0.0,0,0.0,0.0,0,121
16141,2008-01-01,2004-02-01,47,2004,35816.0,35816.0,660.8528023873821,0.09852075574191986,72,25,Current,Current,none,0,0.0,0.0,0.0,0,0.0,0.0,0,450
16159,2008-01-01,2007-04-01,9,2007,244099.0,244099.0,5898.215679622075,0.07466371139011571,48,39,Current,Current,none,0,0.0,0.0,0.0,0,0.0,0.0,0,694
16169,2008-01-01,2006-02-01,23,2006,88176.0,88176.0,2383.5020481211354,0.1340950268499871,48,25,Current,Current,none,0,0.0,0.0,0.0,0,0.0,0.0,0,879
16172,2008-01-01,2006-02-01,23,2006,43268.0,43268.0,967.1649914345047,0.12214302751261058,60,37,Current,Current,none,0,0.0,0.0,0.0,0,0.0,0.0,0,741
16181,2008-01-01,2005-01-01,36,2005,48024.0,48024.0,1078.0979446212543,0.12404017636457304,60,24,Current,Current,none,0,0.0,0.0,0.0,0,0.0,0.0,0,768
16212,2008-01-01,2007-02-01,11,2007,85349.0,85349.0,2060.1971658590837,0.07413391058448299,48,37,Current,Current,none,0,0.0,0.0,0.0,0,0.0,0.0,0,411
16213,2008-01-01,2002-03-01,70,2002,74587.0,74587.0,1465.3325168062077,0.12183887649144051,72,2,Current,Current,none,0,0.0,0.0,0.0,0,0.0,0.0,0,786
16226,2008-01-01,2005-06-01,31,2005,30722.0,30722.0,661.0401938941517,0.10546281879150703,60,29,Current,Current,none,0,0.0,0.0,0.0,0,0.0,0.0,0,249
16229,2008-01-01,2003-01-01,60,2003,55054.0,55054.0,1183.405162633409,0.10502932227508682,60,0,Current,Matured,matured,0,0.0,0.0,0.0,0,0.0,0.0,0,170
16231,2008-01-01,2006-09-01,16,2006,38502.0,38502.0,761.685163806261,0.06961422226145213,60,44,Current,Current,none,0,0.0,0.0,0.0,0,0.0,0.0,0,393
16269,2008-01-01,2005-05-01,32,2005,39586.0,39586.0,679.9330364236681,0.07264084190395904,72,40,Current,Current,none,0,0.0,0.0,0.0,0,0.0,0.0,0,542
16271,2008-01-01,2006-02-01,23,2006,29800.0,29800.0,519.3200511204584,0.07781710036345997,72,49,Current,Current,none,0,0.0,0.0,0.0,0,0.0,0.0,0,587
16275,2008-01-01,2006-07-01,18,2006,30445.0,30445.0,804.5884736842045,0.12190784657678695,48,30,Current,Current,none,0,0.0,0.0,0.0,0,0.0,0.0,0,516
16290,2008-01-01,2005-07-01,30,2005,184079.0,184079.0,3656.0075699843396,0.07126802968931487,60,30,Current,Current,none,0,0.0,0.0,0.0,0,0.0,0.0,0,684
16308,2008-01-01,2008-01-01,0,2008,54852.0,54852.0,1906.8292668435465,0.1519962918123807,36,36,Current,Current,none,0,0.0,0.0,0.0,0,0.0,0.0,0,714
16311,2008-01-01,2004-06-01,43,2004,22657.0,22657.0,548.0961969349208,0.07525986959378904,48,5,Current,Current,none,0,0.0,0.0,0.0,0,0.0,0.0,0,312
16315,2008-01-01,2002-03-01,70,2002,66882.0,66882.0,1182.1804913931444,0.08290888805045106,72,2,Current,Current,none,0,0.0,0.0,0.0,0,0.0,0.0,0,332
16325,2008-01-01,2003-03-01,58,2003,233715.0,233715.0,5047.11122525289,0.10704113866612053,60,2,Current,Current,none,0,0.0,0.0,0.0,0,0.0,0.0,0,569
16334,2008-01-01,2006-11-01,14,2006,102526.0,102526.0,2095.1786714625223,0.08331848144339642,60,46,Current,Current,none,0,0.0,0.0,0.0,0,0.0,0.0,0,384
16341,2008-01-01,2004-12-01,37,2004,111752.0,111752.0,2121.3484863976864,0.10899501414824503,72,35,Current,Current,none,0,0.0,0.0,0.0,0,0.0,0.0,0,828
16342,2008-01-01,2006-12-01,13,2006,51988.0,51988.0,1065.417563062129,0.13790128855284572,72,59,Current,Current,none,0,0.0,0.0,0.0,0,0.0,0.0,0,996
16350,2008-01-01,2007-07-01,6,2007,107413.0,107413.0,3429.1790491957627,0.09269215563728171,36,30,Current,Current,none,0,0.0,0.0,0.0,0,0.0,0.0,0,896
16355,2008-01-01,2005-02-01,35,2005,52536.0,52536.0,1175.1781301171386,0.12246093533829958,60,25,Current,Current,none,0,0.0,0.0,0.0,0,0.0,0.0,0,215
16356,2008-01-01,2005-06-01,31,2005,32584.0,32584.0,750.3322265572733,0.13534508270049733,60,29,Current,Current,none,0,0.0,0.0,0.0,0,0.0,0.0,0,783
16359,2008-01-01,2007-10-01,3,2007,39703.0,39703.0,803.413729736556,0.07914693398833131,60,57,Current,Current,none,0,0.0,0.0,0.0,0,0.0,0.0,0,332
16365,2008-01-01,2007-03-01,10,2007,77642.0,77642.0,2555.4593040095847,0.11368208811103288,36,26,Current,Current,none,0,0.0,0.0,0.0,0,0.0,0.0,0,247
16380,2008-01-01,2008-01-01,0,2008,26701.0,26701.0,532.1707027084149,0.0727402787613401,60,60,Current,Current,none,0,0.0,0.0,0.0,0,0.0,0.0,0,825
16385,2008-01-01,2002-08-01,65,2002,40617.0,40617.0,708.2449085489149,0.0780289227279353,72,7,Current,Current,none,0,0.0,0.0,0.0,0,0.0,0.0,0,120
16387,2008-01-01,2005-10-01,27,2005,103008.0,103008.0,1853.9851341296192,0.08945414295045517,72,45,Current,Current,none,0,0.0,0.0,0.0,0,0.0,0.0,0,970
16390,2008-01-01,2004-01-01,48,2004,29275.0,29275.0,624.1847441455103,0.10151013844979379,60,12,Current,Current,none,0,0.0,0.0,0.0,0,0.0,0.0,0,170
16394,2008-01-01,2006-12-01,13,2006,92936.0,92936.0,3374.2957021355446,0.18309281449936723,36,23,Current,Current,none,0,0.0,0.0,0.0,0,0.0,0.0,0,726
16403,2008-01-01,2007-03-01,10,2007,43508.0,43508.0,904.1908794215515,0.14328728169121585,72,62,Current,Current,none,0,0.0,0.0,0.0,0,0.0,0.0,0,685
16406,2008-01-01,2005-09-01,28,2005,152125.0,152125.0,4770.571029052359,0.08050238440278504,36,8,Current,Current,none,0,0.0,0.0,0.0,0,0.0,0.0,0,960
16423,2008-01-01,2005-04-01,33,2005,98931.0,98931.0,1781.0737491999234,0.08954960136479975,72,39,Current,Current,none,0,0.0,0.0,0.0,0,0.0,0.0,0,513
16435,2008-01-01,2005-02-01,35,2005,69194.0,69194.0,1814.520706650894,0.11775353976468288,48,13,Current,Current,none,0,0.0,0.0,0.0,0,0.0,0.0,0,514
16438,2008-01-01,2005-02-01,35,2005,40521.0,40521.0,1050.2382131532158,0.11149878699440914,48,13,Current,Current,none,0,0.0,0.0,0.0,0,0.0,0.0,0,567
16440,2008-01-01,2002-03-01,70,2002,89563.0,89563.0,1619.1824843334177,0.09107021332618935,72,2,Current,Paid off,payoff,0,0.0,0.0,0.0,0,0.0,0.0,0,272
16441,2008-01-01,2007-03-01,10,2007,98567.0,98567.0,1639.6890709833617,0.06132011258934638,72,62,Current,Current,none,0,0.0,0.0,0.0,0,0.0,0.0,0,922
16457,2008-01-01,2006-09-01,16,2006,54186.0,54186.0,979.8731196588571,0.09116699951619912,72,56,Current,Current,none,0,0.0,0.0,0.0,0,0.0,0.0,0,910
16470,2008-01-01,2004-08-01,41,2004,110438.0,110438.0,2336.3033837604607,0.09812463458956494,60,19,Current,Current,none,0,0.0,0.0,0.0,0,0.0,0.0,0,146
16472,2008-01-01,2004-02-01,47,2004,90128.0,90128.0,1557.312551383886,0.07476837541147568,72,25,Current,Current,none,0,0.0,0.0,0.0,0,0.0,0.0,0,992
16476,2008-01-01,2004-04-01,45,2004,57433.0,57433.0,1128.9938031426532,0.066949250287021,60,15,Current,Current,none,0,0.0,0.0,0.0,0,0.0,0.0,0,615
16481,2008-01-01,2004-12-01,37,2004,40866.0,40866.0,1139.5494239793227,0.15107014485359113,48,11,Current,Current,none,0,0.0,0.0,0.0,0,0.0,0.0,0,253
16485,2008-01-01,2005-11-01,26,2005,26075.0,26075.0,522.0520003927986,0.07464681799134455,60,34,Current,Current,none,0,0.0,0.0,0.0,0,0.0,0.0,0,499
16486,2008-01-01,2006-08-01,17,2006,89608.0,89608.0,2214.761889046926,0.08643519515788727,48,31,Current,Current,none,0,0.0,0.0,0.0,0,0.0,0.0,0,238
16492,2008-01-01,2005-12-01,25,2005,124055.0,124055.0,2586.849764196262,0.0919360227266737,60,35,Current,Current,none,0,0.0,0.0,0.0,0,0.0,0.0,0,753
16519,2008-01-01,2005-04-01,33,2005,48770.0,48770.0,824.0726154501813,0.0668284411677721,72,39,Current,Current,none,0,0.0,0.0,0.0,0,0.0,0.0,0,141
16531,2008-01-01,2006-06-01,19,2006,15791.0,15791.0,350.7695711440804,0.11938255782634076,60,41,Current,Current,none,0,0.0,0.0,0.0,0,0.0,0.0,0,411
16537,2008-01-01,2002-09-01,64,2002,46105.0,46105.0,815.0218040841231,0.08294759973612605,72,8,Current,Current,none,0,0.0,0.0,0.0,0,0.0,0.0,0,324
16539,2008-01-01,2003-01-01,60,2003,73981.0,73981.0,1544.1464274496113,0.1449587573512081,72,12,Current,Current,none,0,0.0,0.0,0.0,0,0.0,0.0,0,229
16546,2008-01-01,2007-05-01,8,2007,12201.0,12201.0,292.079832539779,0.15283511458591933,60,52,Current,Current,none,0,0.0,0.0,0.0,0,0.0,0.0,0,392
16549,2008-01-01,2007-09-01,4,2007,23843.0,23843.0,658.1968935763335,0.14554525153637662,48,44,Current,Current,none,0,0.0,0.0,0.0,0,0.0,0.0,0,376
16564,2008-01-01,2006-01-01,24,2006,52355.0,52355.0,1167.2137823806004,0.12098426874487486,60,36,Current,Current,none,0,0.0,0.0,0.0,0,0.0,0.0,0,838
16567,2008-01-01,2005-03-01,34,2005,34269.0,34269.0,595.3223902070152,0.07668948223657507,72,38,Current,Current,none,0,0.0,0.0,0.0,0,0.0,0.0,0,286
16570,2008-01-01,2003-07-01,54,2003,22210.0,22210.0,458.0949322848024,0.08725977146226382,60,6,Current,Current,none,0,0.0,0.0,0.0,0,0.0,0.0,0,592
16573,2008-01-01,2006-09-01,16,2006,40678.0,40678.0,850.9387471275388,0.09330025917281257,60,44,Current,Current,none,0,0.0,0.0,0.0,0,0.0,0.0,0,240
16582,2008-01-01,2003-04-01,57,2003,40118.0,40118.0,857.4490592396198,0.10255897494013418,60,3,Current,Current,none,0,0.0,0.0,0.0,0,0.0,0.0,0,404
16584,2008-01-01,2007-12-01,1,2007,43989.0,43989.0,1441.3686479877529,0.11058800704732193,36,35,Current,Current,none,0,0.0,0.0,0.0,0,0.0,0.0,0,548
16586,2008-01-01,2004-09-01,40,2004,37516.0,37516.0,780.1826279552924,0.0907751747915199,60,20,Current,Current,none,0,0.0,0.0,0.0,0,0.0,0.0,0,314
16587,2008-01-01,2006-01-01,24,2006,73063.0,73063.0,1400.5637946453178,0.11263399147643885,72,48,Current,Current,none,0,0.0,0.0,0.0,0,0.0,0.0,0,591
16595,2008-01-01,2008-01-01,0,2008,88064.0,88064.0,1773.2597644789453,0.07706108437691221,60,60,Current,Current,none,0,0.0,0.0,0.0,0,0.0,0.0,0,547
16599,2008-01-01,2006-06-01,19,2006,75812.0,75812.0,1665.0197750374148,0.11439971040789049,60,41,Current,Current,none,0,0.0,0.0,0.0,0,0.0,0.0,0,377
16618,2008-01-01,2007-06-01,7,2007,23299.0,23299.0,468.796751886107,0.07674336461512987,60,53,Current,Current,none,0,0.0,0.0,0.0,0,0.0,0.0,0,329
16628,2008-01-01,2007-12-01,1,2007,53894.0,53894.0,1016.6187943533148,0.10665714555625794,72,71,Current,Paid off,payoff,0,0.0,0.0,0.0,0,0.0,0.0,0,638
16641,2008-01-01,2007-10-01,3,2007,30468.0,30468.0,511.6371253294336,0.06463604117901503,72,69,Current,Current,none,0,0.0,0.0,0.0,0,0.0,0.0,0,753
16645,2008-01-01,2006-05-01,20,2006,27927.0,27927.0,695.6471593686995,0.17105771476975223,60,40,Current,Current,none,0,0.0,0.0,0.0,0,0.0,0.0,0,262
16648,2008-01-01,2006-01-01,24,2006,315295.0,315295.0,5889.873579799615,0.10305994883990573,72,48,Current,Current,none,0,0.0,0.0,0.0,0,0.0,0.0,0,272
16650,2008-01-01,2006-11-01,14,2006,85669.0,85669.0,2700.1632287395705,0.08394244508392257,36,22,Current,Current,none,0,0.0,0.0,0.0,0,0.0,0.0,0,906
16654,2008-01-01,2004-08-01,41,2004,43299.0,43299.0,1013.1976185887754,0.14253769322994414,60,19,Current,Current,none,0,0.0,0.0,0.0,0,0.0,0.0,0,530
16658,2008-01-01,2002-01-01,72,2002,46665.0,46665.0,791.1671506994957,0.06802205328858835,72,0,Current,Matured,matured,0,0.0,0.0,0.0,0,0.0,0.0,0,594
16660,2008-01-01,2007-09-01,4,2007,44607.0,44607.0,1123.199897095069,0.09618790297144937,48,44,Current,Current,none,0,0.0,0.0,0.0,0,0.0,0.0,0,785
16684,2008-01-01,2003-10-01,51,2003,120860.0,120860.0,2702.198692988273,0.12224555859863119,60,9,Current,Current,none,0,0.0,0.0,0.0,0,0.0,0.0,0,784
16685,2008-01-01,2002-08-01,65,2002,119121.0,119121.0,2375.4838256899384,0.1274880574677998,72,7,Current,Current,none,0,0.0,0.0,0.0,0,0.0,0.0,0,304
16691,2008-01-01,2008-01-01,0,2008,54106.0,54106.0,1262.815353458961,0.14137610184243243,60,60,Current,Current,none,0,0.0,0.0,0.0,0,0.0,0.0,0,596
16705,2008-01-01,2004-02-01,47,2004,119286.0,119286.0,2922.1137705382343,0.0817830045668948,48,1,Current,Current,none,0,0.0,0.0,0.0,0,0.0,0.0,0,166
16712,2008-01-01,2005-09-01,28,2005,54218.0,54218.0,1381.9835860517933,0.10263649378825403,48,20,Current,Current,none,0,0.0,0.0,0.0,0,0.0,0.0,0,582
16723,2008-01-01,2007-08-01,5,2007,43133.0,43133.0,845.9434308168159,0.12119596105125091,72,67,Current,Current,none,0,0.0,0.0,0.0,0,0.0,0.0,0,351
16724,2008-01-01,2007-05-01,8,2007,44264.0,44264.0,1052.2208083212845,0.06622472755919107,48,40,Current,Current,none,0,0.0,0.0,0.0,0,0.0,0.0,0,686
16733,2008-01-01,2006-05-01,20,2006,164520.0,164520.0,4158.777239878291,0.09824215224437699,48,28,Current,Current,none,0,0.0,0.0,0.0,0,0.0,0.0,0,352
16734,2008-01-01,2006-05-01,20,2006,119998.0,119998.0,2556.324110155181,0.10113746658116637,60,40,Current,Current,none,0,0.0,0.0,0.0,0,0.0,0.0,0,852
16737,2008-01-01,2004-01-01,48,2004,185776.0,185776.0,4645.924010660314,0.09258994289733061,48,0,Current,Matured,matured,0,0.0,0.0,0.0,0,0.0,0.0,0,428
16752,2008-01-01,2007-03-01,10,2007,22894.0,22894.0,736.5153882186087,0.09794245725825063,36,26,Current,Current,none,0,0.0,0.0,0.0,0,0.0,0.0,0,244
16756,2008-01-01,2003-10-01,51,2003,60778.0,60778.0,1173.1345402197005,0.11520930079972201,72,21,Current,Current,none,0,0.0,0.0,0.0,0,0.0,0.0,0,946
16759,2008-01-01,2007-05-01,8,2007,102998.0,102998.0,2785.4133123773563,0.13433942031464388,48,40,Current,Current,none,0,0.0,0.0,0.0,0,0.0,0.0,0,849
16767,2008-01-01,2006-11-01,14,2006,176778.0,176778.0,5549.717945251468,0.08124245170630977,36,22,Current,Current,none,0,0.0,0.0,0.0,0,0.0,0.0,0,520
16768,2008-01-01,2005-11-01,26,2005,75472.0,75472.0,2399.0661296404114,0.0897371149959678,36,10,Current,Current,none,0,0.0,0.0,0.0,0,0.0,0.0,0,777
16780,2008-01-01,2004-12-01,37,2004,109408.0,109408.0,2060.196202785442,0.10601108492435096,72,35,Current,Current,none,0,0.0,0.0,0.0,0,0.0,0.0,0,883
16782,2008-01-01,2005-03-01,34,2005,59449.0,59449.0,1275.483657859784,0.10421614423407284,60,26,Current,Current,none,0,0.0,0.0,0.0,0,0.0,0.0,0,299
16785,2008-01-01,2007-02-01,11,2007,20177.0,20177.0,483.3382244376775,0.07018675837570253,48,37,Current,Current,none,0,0.0,0.0,0.0,0,0.0,0.0,0,543
16797,2008-01-01,2005-02-01,35,2005,28698.0,28698.0,567.6436389175851,0.06954847393170634,60,25,Current,Current,none,0,0.0,0.0,0.0,0,0.0,0.0,0,936
16800,2008-01-01,2004-07-01,42,2004,93661.0,93661.0,1852.0147264685477,0.06941469679837077,60,18,Current,Current,none,0,0.0,0.0,0.0,0,0.0,0.0,0,834
16813,2008-01-01,2007-05-01,8,2007,40260.0,40260.0,833.790628943219,0.14194718489581126,72,64,Current,Current,none,0,0.0,0.0,0.0,0,0.0,0.0,0,412
16815,2008-01-01,2008-01-01,0,2008,90039.0,90039.0,1599.5521624923736,0.08473016506692789,72,72,Current,Current,none,0,0.0,0.0,0.0,0,0.0,0.0,0,705
16835,2008-01-01,2005-12-01,25,2005,53237.0,53237.0,996.6637898745347,0.1038635438316076,72,47,Current,Current,none,0,0.0,0.0,0.0,0,0.0,0.0,0,738
16839,2008-01-01,2005-07-01,30,2005,36900.0,36900.0,804.9275591967391,0.11142897170623421,60,30,Current,Current,none,0,0.0,0.0,0.0,0,0.0,0.0,0,335
16863,2008-01-01,2004-04-01,45,2004,43214.0,43214.0,1127.6742709993391,0.11512502230751136,48,3,Current,Current,none,0,0.0,0.0,0.0,0,0.0,0.0,0,859
16879,2008-01-01,2005-12-01,25,2005,22196.0,22196.0,471.5955517621794,0.1518731704076146,72,47,Current,Current,none,0,0.0,0.0,0.0,0,0.0,0.0,0,645
16886,2008-01-01,2004-02-01,47,2004,49773.0,49773.0,1037.4881000665703,0.09177064281701403,60,13,Current,Current,none,0,0.0,0.0,0.0,0,0.0,0.0,0,273
16888,2008-01-01,2004-12-01,37,2004,78912.0,78912.0,2138.123030088933,0.13537483545366147,48,11,Current,Current,none,0,0.0,0.0,0.0,0,0.0,0.0,0,979
16893,2008-01-01,2006-03-01,22,2006,80803.0,80803.0,2015.0949538117911,0.1715940606256644,60,38,Current,Current,none,0,0.0,0.0,0.0,0,0.0,0.0,0,401
16894,2008-01-01,2004-11-01,38,2004,40773.0,40773.0,1038.2504833300025,0.10211274191703844,48,10,Current,Current,none,0,0.0,0.0,0.0,0,0.0,0.0,0,706
16896,2008-01-01,2007-01-01,12,2007,80922.0,80922.0,1940.8622942220363,0.1536956458362726,60,48,Current,Current,none,0,0.0,0.0,0.0,0,0.0,0.0,0,565
16910,2008-01-01,2006-03-01,22,2006,43391.0,43391.0,976.4797791469481,0.12512311817929694,60,38,Current,Current,none,0,0.0,0.0,0.0,0,0.0,0.0,0,722
16916,2008-01-01,2003-11-01,50,2003,160745.0,160745.0,3436.7360289654375,0.10269817595870925,60,10,Current,Current,none,0,0.0,0.0,0.0,0,0.0,0.0,0,568
16930,2008-01-01,2004-05-01,44,2004,157567.0,157567.0,3477.4565151413567,0.11653408852168257,60,16,Current,Current,none,0,0.0,0.0,0.0,0,0.0,0.0,0,103
16935,2008-01-01,2006-07-01,18,2006,23564.0,23564.0,514.0234279013429,0.11143245844380534,60,42,Current,Current,none,0,0.0,0.0,0.0,0,0.0,0.0,0,458
16939,2008-01-01,2006-05-01,20,2006,42660.0,42660.0,881.321911218299,0.08795426897943251,60,40,Current,Current,none,0,0.0,0.0,0.0,0,0.0,0.0,0,229
16942,2008-01-01,2007-05-01,8,2007,96422.0,96422.0,2718.5967298786622,0.15715482798299976,48,40,30 DPD,Delinquent,none,0,0.0,0.0,0.0,1,0.0,0.0,0,222
16949,2008-01-01,2004-11-01,38,2004,43909.0,43909.0,933.0882086600233,0.10007022219834694,60,22,Current,Current,none,0,0.0,0.0,0.0,0,0.0,0.0,0,860
16952,2008-01-01,2005-02-01,35,2005,40388.0,40388.0,989.8631639791292,0.08204105619506248,48,13,Current,Current,none,0,0.0,0.0,0.0,0,0.0,0.0,0,583
16959,2008-01-01,2006-06-01,19,2006,30384.0,30384.0,816.786715969105,0.13110017543281804,48,29,Current,Current,none,0,0.0,0.0,0.0,0,0.0,0.0,0,234
16980,2008-01-01,2003-11-01,50,2003,30442.0,30442.0,665.9829266616783,0.11269583586270596,60,10,Current,Current,none,0,0.0,0.0,0.0,0,0.0,0.0,0,750
16981,2008-01-01,2006-11-01,14,2006,83969.0,83969.0,2724.2239729372473,0.10374313977194179,36,22,Current,Current,none,0,0.0,0.0,0.0,0,0.0,0.0,0,519
16989,2008-01-01,2004-01-01,48,2004,29085.0,29085.0,548.9986800796355,0.10689970088228368,72,24,Current,Current,none,0,0.0,0.0,0.0,0,0.0,0.0,0,555
16992,2008-01-01,2006-05-01,20,2006,128734.0,128734.0,3483.1082267999977,0.1346052575642227,48,28,Current,Current,none,0,0.0,0.0,0.0,0,0.0,0.0,0,873
16994,2008-01-01,2007-02-01,11,2007,57706.0,57706.0,1468.8757636892174,0.10191132048541884,48,37,Current,Current,none,0,0.0,0.0,0.0,0,0.0,0.0,0,903
16995,2008-01-01,2007-03-01,10,2007,18140.0,18140.0,414.149463754339,0.18040568926883774,72,62,Current,Current,none,0,0.0,0.0,0.0,0,0.0,0.0,0,780
17002,2008-01-01,2005-07-01,30,2005,56783.0,56783.0,1151.5788352050404,0.13389654425131267,72,42,Current,Current,none,0,0.0,0.0,0.0,0,0.0,0.0,0,363
17015,2008-01-01,2006-05-01,20,2006,36850.0,36850.0,899.5306480344005,0.0799505461300002,48,28,Current,Current,none,0,0.0,0.0,0.0,0,0.0,0.0,0,401
17027,2008-01-01,2005-07-01,30,2005,108431.0,108431.0,2197.593257987415,0.07980795494290961,60,30,Current,Current,none,0,0.0,0.0,0.0,0,0.0,0.0,0,748
17035,2008-01-01,2007-07-01,6,2007,16682.0,16682.0,310.03456537727453,0.10117163598542513,72,66,Current,Current,none,0,0.0,0.0,0.0,0,0.0,0.0,0,595
17066,2008-01-01,2007-06-01,7,2007,160996.0,160996.0,3893.024429021993,0.0750423147248905,48,41,Current,Current,none,0,0.0,0.0,0.0,0,0.0,0.0,0,791
17068,2008-01-01,2007-06-01,7,2007,119802.0,119802.0,3303.554315432518,0.14494378651504627,48,41,Current,Current,none,0,0.0,0.0,0.0,0,0.0,0.0,0,148
17077,2008-01-01,2003-08-01,53,2003,39626.0,39626.0,800.3584498372597,0.07835608959338844,60,7,Current,Paid off,payoff,0,0.0,0.0,0.0,0,0.0,0.0,0,746
17081,2008-01-01,2007-11-01,2,2007,46233.0,46233.0,1538.0370435796833,0.12110440146925876,36,34,Current,Current,none,0,0.0,0.0,0.0,0,0.0,0.0,0,915
17086,2008-01-01,2002-09-01,64,2002,46700.0,46700.0,823.6079037832552,0.08210382806739007,72,8,Current,Current,none,0,0.0,0.0,0.0,0,0.0,0.0,0,814
17088,2008-01-01,2006-07-01,18,2006,52437.0,52437.0,1264.8720010788045,0.15629705059772234,60,42,Current,Current,none,0,0.0,0.0,0.0,0,0.0,0.0,0,690
17096,2008-01-01,2003-01-01,60,2003,29675.0,29675.0,615.9968869600941,0.08999492827462488,60,0,Current,Matured,matured,0,0.0,0.0,0.0,0,0.0,0.0,0,865
17129,2008-01-01,2004-12-01,37,2004,42573.0,42573.0,831.4181881825467,0.06421150772375563,60,23,Current,Current,none,0,0.0,0.0,0.0,0,0.0,0.0,0,135
17136,2008-01-01,2006-10-01,15,2006,171895.0,171895.0,5401.531822488132,0.08188587993433429,36,21,Current,Current,none,0,0.0,0.0,0.0,0,0.0,0.0,0,537
17165,2008-01-01,2003-06-01,55,2003,89873.0,89873.0,1929.922414384467,0.10459583753474065,60,5,Current,Current,none,0,0.0,0.0,0.0,0,0.0,0.0,0,230
17167,2008-01-01,2003-06-01,55,2003,48153.0,48153.0,1032.888630071947,0.10411612064579696,60,5,Current,Current,none,0,0.0,0.0,0.0,0,0.0,0.0,0,145
17171,2008-01-01,2004-09-01,40,2004,125829.0,125829.0,2584.8023372030825,0.08553203446999567,60,20,Current,Current,none,0,0.0,0.0,0.0,0,0.0,0.0,0,266
17187,2008-01-01,2006-01-01,24,2006,60856.0,60856.0,2101.049907510663,0.1471298808679505,36,12,Current,Current,none,0,0.0,0.0,0.0,0,0.0,0.0,0,986
17193,2008-01-01,2005-12-01,25,2005,120292.0,120292.0,3838.816381412526,0.09242001257198097,36,11,Current,Current,none,0,0.0,0.0,0.0,0,0.0,0.0,1,912
17195,2008-01-01,2004-10-01,39,2004,25505.0,25505.0,686.6331364376533,0.13189230394006055,48,9,Current,Current,none,0,0.0,0.0,0.0,0,0.0,0.0,0,104
17199,2008-01-01,2003-02-01,59,2003,84103.0,84103.0,1739.9182021411787,0.08854776332465708,60,1,Current,Current,none,0,0.0,0.0,0.0,0,0.0,0.0,0,239
17203,2008-01-01,2004-12-01,37,2004,116496.0,116496.0,2462.3429163703727,0.09775431143407758,60,23,Current,Current,none,0,0.0,0.0,0.0,0,0.0,0.0,0,492
17204,2008-01-01,2005-08-01,29,2005,73980.0,73980.0,1837.5885981775157,0.08902963387251431,48,19,Current,Current,none,0,0.0,0.0,0.0,0,0.0,0.0,0,670
17207,2008-01-01,2005-02-01,35,2005,42862.0,42862.0,887.5399818056256,0.08893941331878247,60,25,Current,Current,none,0,0.0,0.0,0.0,0,0.0,0.0,0,401
17210,2008-01-01,2004-08-01,41,2004,60975.0,60975.0,1737.5560162393663,0.163039747158445,48,7,Current,Current,none,0,0.0,0.0,0.0,0,0.0,0.0,0,878
17214,2008-01-01,2007-12-01,1,2007,44731.0,44731.0,934.4203148179264,0.1452844633024179,72,71,Current,Current,none,0,0.0,0.0,0.0,0,0.0,0.0,0,404
17215,2008-01-01,2003-10-01,51,2003,48725.0,48725.0,1063.4833938344473,0.16243699936525968,72,21,Current,Current,none,0,0.0,0.0,0.0,0,0.0,0.0,0,273
17217,2008-01-01,2005-07-01,30,2005,78954.0,78954.0,1801.6924202402856,0.1312969538449071,60,30,Current,Current,none,0,0.0,0.0,0.0,0,0.0,0.0,0,177
17219,2008-01-01,2002-10-01,63,2002,132844.0,132844.0,2342.6469758688186,0.08207173636547109,72,9,Current,Current,none,0,0.0,0.0,0.0,0,0.0,0.0,0,774
17226,2008-01-01,2006-09-01,16,2006,47653.0,47653.0,868.089992187711,0.09384384252770278,72,56,Current,Current,none,0,0.0,0.0,0.0,0,0.0,0.0,0,106
17249,2008-01-01,2005-04-01,33,2005,64839.0,64839.0,2365.200197709184,0.1864751330099072,36,3,Current,Current,none,0,0.0,0.0,0.0,0,0.0,0.0,0,355
17250,2008-01-01,2007-01-01,12,2007,97389.0,97389.0,2037.0957204369367,0.0932635301841241,60,48,Current,Current,none,0,0.0,0.0,0.0,0,0.0,0.0,0,682
17253,2008-01-01,2004-11-01,38,2004,76074.0,76074.0,1569.7110771184646,0.0874332006312988,60,22,Current,Current,none,0,0.0,0.0,0.0,0,0.0,0.0,0,121
17255,2008-01-01,2005-09-01,28,2005,51204.0,51204.0,1282.8634505129432,0.09355040827074002,48,20,Current,Current,none,0,0.0,0.0,0.0,0,0.0,0.0,0,739
17265,2008-01-01,2006-06-01,19,2006,25066.0,25066.0,507.3876822754287,0.07928239420149089,60,41,Current,Current,none,0,0.0,0.0,0.0,0,0.0,0.0,0,310
17273,2008-01-01,2002-05-01,68,2002,58252.0,58252.0,1182.022383691895,0.13410729181268358,72,4,Current,Current,none,0,0.0,0.0,0.0,0,0.0,0.0,0,666
17284,2008-01-01,2004-11-01,38,2004,41138.0,41138.0,870.1678517658609,0.09807417223380721,60,22,Current,Current,none,0,0.0,0.0,0.0,0,0.0,0.0,0,604
17287,2008-01-01,2004-01-01,48,2004,29677.0,29677.0,763.8182401025791,0.10777736302798191,48,0,Current,Matured,matured,0,0.0,0.0,0.0,0,0.0,0.0,0,967
17303,2008-01-01,2005-11-01,26,2005,16954.0,16954.0,297.6541208573785,0.08047764394151284,72,46,Current,Current,none,0,0.0,0.0,0.0,0,0.0,0.0,0,972
17318,2008-01-01,2004-01-01,48,2004,53068.0,53068.0,1252.0789642903942,0.14625609003280354,60,12,Current,Current,none,0,0.0,0.0,0.0,0,0.0,0.0,0,215
17320,2008-01-01,2006-11-01,14,2006,115911.0,115911.0,2954.365283220701,0.10261230290605533,48,34,Current,Current,none,0,0.0,0.0,0.0,0,0.0,0.0,0,387
17327,2008-01-01,2007-04-01,9,2007,36591.0,36591.0,1201.1219340141886,0.1118334535391009,36,27,Current,Current,none,0,0.0,0.0,0.0,0,0.0,0.0,0,638
17330,2008-01-01,2004-01-01,48,2004,22855.0,22855.0,414.24222534269944,0.09199673904743036,72,24,Current,Current,none,0,0.0,0.0,0.0,0,0.0,0.0,0,696
17338,2008-01-01,2007-10-01,3,2007,46945.0,46945.0,953.8054720570641,0.1345963571700121,72,69,Current,Current,none,0,0.0,0.0,0.0,0,0.0,0.0,0,584
17348,2008-01-01,2004-07-01,42,2004,34204.0,34204.0,820.5892960166469,0.0709648244992298,48,6,Current,Current,none,0,0.0,0.0,0.0,0,0.0,0.0,0,367
17353,2008-01-01,2003-12-01,49,2003,36730.0,36730.0,716.7488323697111,0.06388554033864013,60,11,Current,Current,none,0,0.0,0.0,0.0,0,0.0,0.0,0,466
17359,2008-01-01,2006-03-01,22,2006,97801.0,97801.0,1839.6422728079244,0.10561134235827475,72,50,Current,Current,none,0,0.0,0.0,0.0,0,0.0,0.0,0,388
17366,2008-01-01,2006-12-01,13,2006,121030.0,121030.0,2067.823010070486,0.07075347776000017,72,59,Current,Current,none,0,0.0,0.0,0.0,0,0.0,0.0,0,265
17383,2008-01-01,2007-10-01,3,2007,74062.0,74062.0,1283.267018027784,0.07575982294011344,72,69,Current,Current,none,0,0.0,0.0,0.0,0,0.0,0.0,0,221
17384,2008-01-01,2006-03-01,22,2006,56122.0,56122.0,1513.2637272845593,0.1327427184206282,48,26,Current,Current,none,0,0.0,0.0,0.0,0,0.0,0.0,0,864
17391,2008-01-01,2006-09-01,16,2006,115599.0,115599.0,2830.2088820621766,0.08149135902734911,48,32,Current,Current,none,0,0.0,0.0,0.0,0,0.0,0.0,0,986
17406,2008-01-01,2004-02-01,47,2004,32843.0,32843.0,751.0340207046439,0.13223016160147902,60,13,Current,Current,none,0,0.0,0.0,0.0,0,0.0,0.0,0,691
17410,2008-01-01,2004-08-01,41,2004,63082.0,63082.0,1243.897444743478,0.12323327239409222,72,31,Current,Current,none,0,0.0,0.0,0.0,0,0.0,0.0,0,101
17413,2008-01-01,2006-08-01,17,2006,108972.0,108972.0,2753.6250629610286,0.09805141693658945,48,31,Current,Current,none,0,0.0,0.0,0.0,0,0.0,0.0,0,388
17431,2008-01-01,2002-08-01,65,2002,36606.0,36606.0,660.5346930097079,0.0903807088082544,72,7,Current,Current,none,0,0.0,0.0,0.0,0,0.0,0.0,0,949
17434,2008-01-01,2007-08-01,5,2007,161025.0,161025.0,3430.4391918507367,0.10115190873742946,60,55,Current,Current,none,0,0.0,0.0,0.0,0,0.0,0.0,0,415
17436,2008-01-01,2005-09-01,28,2005,68197.0,68197.0,1457.0627692799137,0.10240343393182201,60,32,Current,Current,none,0,0.0,0.0,0.0,0,0.0,0.0,0,177
17443,2008-01-01,2007-06-01,7,2007,54788.0,54788.0,939.7675610597063,0.07215758358263528,72,65,Current,Current,none,0,0.0,0.0,0.0,0,0.0,0.0,0,823
17445,2008-01-01,2007-11-01,2,2007,70412.0,70412.0,1840.089083403302,0.11590400250310537,48,46,Current,Current,none,0,0.0,0.0,0.0,0,0.0,0.0,0,317
17453,2008-01-01,2005-01-01,36,2005,127436.0,127436.0,4124.253547789365,0.10204601629144082,36,0,Current,Matured,matured,0,0.0,0.0,0.0,0,0.0,0.0,0,496
17458,2008-01-01,2005-09-01,28,2005,41777.0,41777.0,1009.9152417949898,0.07489395120485887,48,20,Current,Current,none,0,0.0,0.0,0.0,0,0.0,0.0,0,523
17466,2008-01-01,2005-10-01,27,2005,17275.0,17275.0,351.0151383918207,0.13462922164786467,72,45,Current,Current,none,0,0.0,0.0,0.0,0,0.0,0.0,0,608
17498,2008-01-01,2004-09-01,40,2004,49371.0,49371.0,1096.5315459144015,0.119318669338016,60,20,Current,Current,none,0,0.0,0.0,0.0,0,0.0,0.0,0,486
17502,2008-01-01,2006-08-01,17,2006,110557.0,110557.0,3572.635249882598,0.1010152055588538,36,19,Current,Current,none,0,0.0,0.0,0.0,0,0.0,0.0,0,497
17512,2008-01-01,2006-11-01,14,2006,24097.0,24097.0,647.7771132989775,0.13109880980331706,48,34,Current,Current,none,0,0.0,0.0,0.0,0,0.0,0.0,0,584
17522,2008-01-01,2008-01-01,0,2008,64501.0,64501.0,1550.0379186004352,0.0718296589413498,48,48,Current,Current,none,0,0.0,0.0,0.0,0,0.0,0.0,0,964
17542,2008-01-01,2007-08-01,5,2007,42001.0,42001.0,1007.7788002395108,0.07103218696212923,48,43,Current,Current,none,0,0.0,0.0,0.0,0,0.0,0.0,0,475
17549,2008-01-01,2004-09-01,40,2004,34321.0,34321.0,911.5522778610332,0.12458683702812916,48,8,Current,Current,none,0,0.0,0.0,0.0,0,0.0,0.0,0,356
17553,2008-01-01,2006-11-01,14,2006,77224.0,77224.0,2755.9101806851477,0.17069294693519468,36,22,Current,Current,none,0,0.0,0.0,0.0,0,0.0,0.0,0,495
17563,2008-01-01,2006-02-01,23,2006,164944.0,164944.0,3557.4597019935536,0.10648789987612861,60,37,Current,Current,none,0,0.0,0.0,0.0,0,0.0,0.0,0,968
17564,2008-01-01,2007-03-01,10,2007,38023.0,38023.0,954.6867346301946,0.09468586534951602,48,38,Current,Current,none,0,0.0,0.0,0.0,0,0.0,0.0,0,238
17573,2008-01-01,2007-06-01,7,2007,51993.0,51993.0,1090.1126241377647,0.09427659543006738,60,53,Current,Current,none,0,0.0,0.0,0.0,0,0.0,0.0,0,200
17580,2008-01-01,2007-06-01,7,2007,73393.0,73393.0,1389.2655357455408,0.10794770562886315,72,65,Current,Current,none,0,0.0,0.0,0.0,0,0.0,0.0,0,404
17582,2008-01-01,2007-07-01,6,2007,19021.0,19021.0,474.6328620927001,0.09143206316151276,48,42,Current,Current,none,0,0.0,0.0,0.0,0,0.0,0.0,0,469
17587,2008-01-01,2005-06-01,31,2005,32355.0,32355.0,874.7728991849228,0.1342058800910562,48,17,Current,Current,none,0,0.0,0.0,0.0,0,0.0,0.0,0,623
17588,2008-01-01,2006-11-01,14,2006,155797.0,155797.0,3200.020628590869,0.08548015275864712,60,46,Current,Current,none,0,0.0,0.0,0.0,0,0.0,0.0,0,403
17594,2008-01-01,2005-06-01,31,2005,19732.0,19732.0,636.8654950302368,0.10018279660004807,36,5,Current,Current,none,0,0.0,0.0,0.0,0,0.0,0.0,0,959
17626,2008-01-01,2007-12-01,1,2007,92164.0,92164.0,2495.475301488875,0.1350028426399972,48,47,Current,Current,none,0,0.0,0.0,0.0,0,0.0,0.0,0,974
17639,2008-01-01,2004-03-01,46,2004,36449.0,36449.0,780.412411309135,0.10332623463073363,60,14,Current,Current,none,0,0.0,0.0,0.0,0,0.0,0.0,0,349
17658,2008-01-01,2006-11-01,14,2006,62437.0,62437.0,1216.95491518615,0.11885933002188703,72,58,Current,Current,none,0,0.0,0.0,0.0,0,0.0,0.0,0,800
17661,2008-01-01,2005-08-01,29,2005,44475.0,44475.0,1034.1376452913757,0.1396886255955253,60,31,Current,Current,none,0,0.0,0.0,0.0,0,0.0,0.0,0,960
17664,2008-01-01,2005-11-01,26,2005,47105.0,47105.0,1557.1238511132099,0.1166901174209179,36,10,Current,Current,none,0,0.0,0.0,0.0,0,0.0,0.0,0,986
17680,2008-01-01,2007-02-01,11,2007,153643.0,153643.0,3218.6186201224323,0.09391102317226516,60,49,Current,Current,none,0,0.0,0.0,0.0,0,0.0,0.0,0,707
17682,2008-01-01,2007-01-01,12,2007,68693.0,68693.0,1172.7229029180244,0.07047744431789427,72,60,Current,Current,none,0,0.0,0.0,0.0,0,0.0,0.0,0,316
17693,2008-01-01,2003-01-01,60,2003,29451.0,29451.0,682.0080118488338,0.1861596673367776,72,12,Current,Current,none,0,0.0,0.0,0.0,0,0.0,0.0,0,723
17695,2008-01-01,2002-11-01,62,2002,27361.0,27361.0,476.5740305942835,0.07763532030978938,72,10,Current,Current,none,0,0.0,0.0,0.0,0,0.0,0.0,0,850
17697,2008-01-01,2002-03-01,70,2002,44581.0,44581.0,806.0789882197181,0.09112098031320959,72,2,Current,Current,none,0,0.0,0.0,0.0,0,0.0,0.0,0,419
17703,2008-01-01,2004-04-01,45,2004,31429.0,31429.0,542.6778940580058,0.07451814353819787,72,27,Current,Current,none,0,0.0,0.0,0.0,0,0.0,0.0,0,382
17709,2008-01-01,2007-02-01,11,2007,67535.0,67535.0,2363.2117189357286,0.1566608250108024,36,25,Current,Current,none,0,0.0,0.0,0.0,0,0.0,0.0,0,404
17714,2008-01-01,2004-10-01,39,2004,63682.0,63682.0,1315.423483011311,0.08789055677555319,60,21,Current,Current,none,0,0.0,0.0,0.0,0,0.0,0.0,0,252
17721,2008-01-01,2005-02-01,35,2005,83003.0,83003.0,1747.2989748221107,0.0960055180437569,60,25,Current,Current,none,0,0.0,0.0,0.0,0,0.0,0.0,0,240
17724,2008-01-01,2007-09-01,4,2007,87894.0,87894.0,2195.897103099095,0.09207043540756657,48,44,Current,Current,none,0,0.0,0.0,0.0,0,0.0,0.0,0,628
17725,2008-01-01,2003-11-01,50,2003,76473.0,76473.0,1515.1177779143952,0.07023851769612413,60,10,Current,Current,none,0,0.0,0.0,0.0,0,0.0,0.0,0,200
17733,2008-01-01,2007-09-01,4,2007,20044.0,20044.0,480.71415323661677,0.1536688336889638,60,56,Current,Current,none,0,0.0,0.0,0.0,0,0.0,0.0,0,430
17757,2008-01-01,2007-09-01,4,2007,54486.0,54486.0,1741.089032075846,0.09332688588809535,36,32,Current,Current,none,0,0.0,0.0,0.0,0,0.0,0.0,0,863
17766,2008-01-01,2006-11-01,14,2006,42178.0,42178.0,1146.4994556163688,0.13712356285553992,48,34,Current,Current,none,0,0.0,0.0,0.0,0,0.0,0.0,0,510
17769,2008-01-01,2004-02-01,47,2004,66008.0,66008.0,1384.335158291555,0.09439346934641514,60,13,Current,Current,none,0,0.0,0.0,0.0,0,0.0,0.0,0,342
17771,2008-01-01,2007-08-01,5,2007,37892.0,37892.0,798.8707432919705,0.09665504863680949,60,55,Current,Current,none,0,0.0,0.0,0.0,0,0.0,0.0,0,404
17781,2008-01-01,2006-06-01,19,2006,80964.0,80964.0,1551.4552303942758,0.11249830250110439,72,53,Current,Current,none,0,0.0,0.0,0.0,0,0.0,0.0,0,230
17804,2008-01-01,2006-04-01,21,2006,53747.0,53747.0,1838.8979961813857,0.14074789067433258,36,15,Current,Current,none,0,0.0,0.0,0.0,0,0.0,0.0,0,555
17813,2008-01-01,2007-09-01,4,2007,70541.0,70541.0,1408.129642786409,0.07339698788171077,60,56,Current,Current,none,0,0.0,0.0,0.0,0,0.0,0.0,0,572
17836,2008-01-01,2006-08-01,17,2006,79096.0,79096.0,2046.413094356138,0.11055581962820901,48,31,Current,Current,none,0,0.0,0.0,0.0,0,0.0,0.0,0,325
17839,2008-01-01,2006-11-01,14,2006,33120.0,33120.0,686.7871962227475,0.1424345558806288,72,58,Current,Current,none,0,0.0,0.0,0.0,0,0.0,0.0,0,979
17865,2008-01-01,2006-07-01,18,2006,37239.0,37239.0,825.6056110308883,0.11853437965375951,60,42,Current,Current,none,0,0.0,0.0,0.0,0,0.0,0.0,0,726
17869,2008-01-01,2004-01-01,48,2004,288392.0,288392.0,6858.721164461755,0.06646615590523736,48,0,Current,Matured,matured,0,0.0,0.0,0.0,0,0.0,0.0,0,473
17874,2008-01-01,2002-01-01,72,2002,56048.0,56048.0,1140.6115927911248,0.13521926114480234,72,0,Current,Matured,matured,0,0.0,0.0,0.0,0,0.0,0.0,0,554
17879,2008-01-01,2005-06-01,31,2005,38106.0,38106.0,1230.8582810368769,0.10071794645587318,36,5,Current,Current,none,0,0.0,0.0,0.0,0,0.0,0.0,0,227
17883,2008-01-01,2006-03-01,22,2006,44926.0,44926.0,812.2875062178503,0.09110777194547198,72,50,Current,Current,none,0,0.0,0.0,0.0,0,0.0,0.0,0,827
17890,2008-01-01,2007-01-01,12,2007,52043.0,52043.0,1716.2744462437197,0.11504207520166272,36,24,Current,Current,none,0,0.0,0.0,0.0,0,0.0,0.0,0,715
17893,2008-01-01,2007-09-01,4,2007,149538.0,149538.0,5209.05409898943,0.15344597360850049,36,32,Current,Current,none,0,0.0,0.0,0.0,0,0.0,0.0,0,240
17894,2008-01-01,2004-07-01,42,2004,51290.0,51290.0,1087.9523588801892,0.09928301196479881,60,18,Current,Current,none,0,0.0,0.0,0.0,0,0.0,0.0,0,384
17902,2008-01-01,2006-09-01,16,2006,88320.0,88320.0,3007.2460495395826,0.13735766547095854,36,20,Current,Current,none,0,0.0,0.0,0.0,0,0.0,0.0,0,496
17903,2008-01-01,2007-11-01,2,2007,70808.0,70808.0,1712.8764436912318,0.15759462379308534,60,58,Current,Current,none,0,0.0,0.0,0.0,0,0.0,0.0,0,384
17904,2008-01-01,2005-11-01,26,2005,21241.0,21241.0,430.75718577846527,0.1338809121076108,72,46,Current,Current,none,0,0.0,0.0,0.0,0,0.0,0.0,0,948
17936,2008-01-01,2005-07-01,30,2005,100114.0,100114.0,2205.3539907904224,0.11571317514391204,60,30,Current,Current,none,0,0.0,0.0,0.0,0,0.0,0.0,0,849
17955,2008-01-01,2005-02-01,35,2005,36955.0,36955.0,1294.915161558137,0.15763377409387674,36,1,Current,Current,none,0,0.0,0.0,0.0,0,0.0,0.0,0,649
17963,2008-01-01,2007-03-01,10,2007,301153.0,301153.0,10207.666057005812,0.13417262234300795,36,26,Current,Current,none,0,0.0,0.0,0.0,0,0.0,0.0,0,939
17966,2008-01-01,2006-01-01,24,2006,69006.0,69006.0,1210.99355059419,0.08032482320834283,72,48,Current,Current,none,0,0.0,0.0,0.0,0,0.0,0.0,0,151
17969,2008-01-01,2003-03-01,58,2003,86681.0,86681.0,1867.9472654608749,0.15741330316346852,72,14,Current,Current,none,0,0.0,0.0,0.0,0,0.0,0.0,0,573
17970,2008-01-01,2006-02-01,23,2006,39858.0,39858.0,876.073400373496,0.1147461093212208,60,37,Current,Current,none,0,0.0,0.0,0.0,0,0.0,0.0,0,936
17988,2008-01-01,2007-08-01,5,2007,244068.0,244068.0,4404.865585008823,0.09044635482450143,72,67,Current,Current,none,0,0.0,0.0,0.0,0,0.0,0.0,0,631
17993,2008-01-01,2004-09-01,40,2004,117259.0,117259.0,3249.706864156852,0.14769256325439084,48,8,30 DPD,Delinquent,none,0,0.0,0.0,0.0,1,0.0,0.0,0,252
17994,2008-01-01,2007-05-01,8,2007,141118.0,141118.0,2836.3946135944825,0.13048009787737583,72,64,Current,Current,none,0,0.0,0.0,0.0,0,0.0,0.0,0,787
18008,2008-01-01,2004-12-01,37,2004,67390.0,67390.0,1427.108402953027,0.09857215547662919,60,23,Current,Current,none,0,0.0,0.0,0.0,0,0.0,0.0,0,522
18031,2008-01-01,2007-01-01,12,2007,19236.0,19236.0,478.3440781112607,0.17027060162202828,60,48,Current,Current,none,0,0.0,0.0,0.0,0,0.0,0.0,0,475
18032,2008-01-01,2007-06-01,7,2007,86242.0,86242.0,2092.26104470716,0.15891319310121238,60,53,Current,Current,none,0,0.0,0.0,0.0,0,0.0,0.0,0,937
18042,2008-01-01,2005-06-01,31,2005,38140.0,38140.0,719.8856949725794,0.10688317928791889,72,41,Current,Current,none,0,0.0,0.0,0.0,0,0.0,0.0,0,410
18043,2008-01-01,2003-08-01,53,2003,56301.0,56301.0,942.7354013013567,0.06362539398544027,72,19,Current,Current,none,0,0.0,0.0,0.0,0,0.0,0.0,0,608
18046,2008-01-01,2006-11-01,14,2006,96969.0,96969.0,2316.9000486235987,0.1519650706342624,60,46,Current,Current,none,0,0.0,0.0,0.0,0,0.0,0.0,0,618
18053,2008-01-01,2007-03-01,10,2007,51128.0,51128.0,958.7577019630513,0.10447122827905796,72,62,Current,Current,none,0,0.0,0.0,0.0,0,0.0,0.0,0,361
18095,2008-01-01,2006-01-01,24,2006,76879.0,76879.0,2066.6526271773114,0.13109524306310577,48,24,Current,Current,none,0,0.0,0.0,0.0,0,0.0,0.0,0,551
18100,2008-01-01,2004-04-01,45,2004,21105.0,21105.0,532.2832060573908,0.09704100238070043,48,3,Current,Current,none,0,0.0,0.0,0.0,0,0.0,0.0,0,276
18102,2008-01-01,2004-07-01,42,2004,49906.0,49906.0,942.0971548734792,0.1069344020834157,72,30,Current,Current,none,0,0.0,0.0,0.0,0,0.0,0.0,0,604
18104,2008-01-01,2006-06-01,19,2006,111172.0,111172.0,2309.211636022412,0.09027124195952596,60,41,Current,Current,none,0,0.0,0.0,0.0,0,0.0,0.0,0,419
18113,2008-01-01,2007-10-01,3,2007,159759.0,159759.0,4883.552069042843,0.06322427424502768,36,33,Current,Current,none,0,0.0,0.0,0.0,0,0.0,0.0,0,719
18120,2008-01-01,2006-05-01,20,2006,36538.0,36538.0,711.3509596986307,0.118432965596981,72,52,Current,Current,none,0,0.0,0.0,0.0,0,0.0,0.0,0,665
18125,2008-01-01,2007-10-01,3,2007,66241.0,66241.0,1581.7862639811601,0.15170009031219361,60,57,Current,Current,none,0,0.0,0.0,0.0,0,0.0,0.0,0,890
18129,2008-01-01,2005-02-01,35,2005,63800.0,63800.0,2267.6316781120845,0.1677895944262141,36,1,Current,Current,none,0,0.0,0.0,0.0,0,0.0,0.0,0,325
18136,2008-01-01,2005-11-01,26,2005,90329.0,90329.0,2408.094025247049,0.12660188633672576,48,22,Current,Current,none,0,0.0,0.0,0.0,0,0.0,0.0,0,600
18155,2008-01-01,2006-06-01,19,2006,95465.0,95465.0,2337.617400586868,0.08156910085213044,48,29,Current,Current,none,0,0.0,0.0,0.0,0,0.0,0.0,0,589
18160,2008-01-01,2005-12-01,25,2005,34988.0,34988.0,624.1703340181909,0.08624127904048946,72,47,Current,Paid off,payoff,0,0.0,0.0,0.0,0,0.0,0.0,0,339
18164,2008-01-01,2004-08-01,41,2004,68810.0,68810.0,1443.6962665123554,0.09457110600197613,60,19,Current,Current,none,0,0.0,0.0,0.0,0,0.0,0.0,0,663
18192,2008-01-01,2006-12-01,13,2006,35232.0,35232.0,1111.6065990546576,0.08464413009825666,36,23,Current,Current,none,0,0.0,0.0,0.0,0,0.0,0.0,0,366
18196,2008-01-01,2006-07-01,18,2006,68712.0,68712.0,1655.9333422015172,0.07329953366753322,48,30,Current,Current,none,0,0.0,0.0,0.0,0,0.0,0.0,0,485
18216,2008-01-01,2003-08-01,53,2003,20267.0,20267.0,341.7794219107186,0.0661311662883299,72,19,Current,Current,none,0,0.0,0.0,0.0,0,0.0,0.0,0,785
18217,2008-01-01,2007-02-01,11,2007,74893.0,74893.0,1670.699755542303,0.1212530964004432,60,49,Current,Current,none,0,0.0,0.0,0.0,0,0.0,0.0,0,384
18221,2008-01-01,2006-07-01,18,2006,16748.0,16748.0,571.4961362213685,0.1388797755702419,36,18,Current,Current,none,0,0.0,0.0,0.0,0,0.0,0.0,0,556
18227,2008-01-01,2007-10-01,3,2007,62773.0,62773.0,2016.858386355017,0.09706130114130204,36,33,Current,Current,none,0,0.0,0.0,0.0,0,0.0,0.0,0,961
18243,2008-01-01,2003-09-01,52,2003,72963.0,72963.0,1476.88368858526,0.07927140446901422,60,8,Current,Current,none,0,0.0,0.0,0.0,0,0.0,0.0,0,691
18245,2008-01-01,2005-12-01,25,2005,52301.0,52301.0,1329.6685955823673,0.1012652104319173,48,23,Current,Current,none,0,0.0,0.0,0.0,0,0.0,0.0,0,244
18247,2008-01-01,2004-03-01,46,2004,59992.0,59992.0,1207.634662010414,0.07693294707427442,60,14,Current,Current,none,0,0.0,0.0,0.0,0,0.0,0.0,0,194
18249,2008-01-01,2005-05-01,32,2005,40814.0,40814.0,1388.0526390387042,0.13652774765514933,36,4,Current,Current,none,0,0.0,0.0,0.0,0,0.0,0.0,0,314
18260,2008-01-01,2003-03-01,58,2003,50877.0,50877.0,931.6152948150029,0.09572789387195776,72,14,Current,Current,none,0,0.0,0.0,0.0,0,0.0,0.0,0,678
18264,2008-01-01,2005-03-01,34,2005,77288.0,77288.0,2025.9914562312968,0.11754650297751497,48,14,Current,Current,none,0,0.0,0.0,0.0,0,0.0,0.0,0,703
18280,2008-01-01,2004-05-01,44,2004,65514.0,65514.0,1681.9883589375834,0.10645540357269194,48,4,Current,Current,none,0,0.0,0.0,0.0,0,0.0,0.0,0,835
18289,2008-01-01,2003-11-01,50,2003,109292.0,109292.0,2199.646586198291,0.07685737553424538,60,10,Current,Current,none,0,0.0,0.0,0.0,0,0.0,0.0,0,619
18296,2008-01-01,2004-12-01,37,2004,28526.0,28526.0,613.9413904069737,0.10557042431224029,60,23,Current,Current,none,0,0.0,0.0,0.0,0,0.0,0.0,0,653
18322,2008-01-01,2007-09-01,4,2007,124695.0,124695.0,2591.5554322223834,0.09051079204941974,60,56,Current,Current,none,0,0.0,0.0,0.0,0,0.0,0.0,0,456
18344,2008-01-01,2007-03-01,10,2007,57101.0,57101.0,1452.9877982450753,0.10173372397414193,48,38,Current,Current,none,0,0.0,0.0,0.0,0,0.0,0.0,0,992
18349,2008-01-01,2003-04-01,57,2003,57835.0,57835.0,1375.54162104466,0.14988503634268538,60,3,Current,Current,none,0,0.0,0.0,0.0,0,0.0,0.0,0,831
18362,2008-01-01,2004-03-01,46,2004,51255.0,51255.0,1050.4356895669116,0.08453872314805357,60,14,Current,Current,none,0,0.0,0.0,0.0,0,0.0,0.0,0,413
18371,2008-01-01,2005-09-01,28,2005,30536.0,30536.0,774.991068458421,0.10035399036890313,48,20,Current,Current,none,0,0.0,0.0,0.0,0,0.0,0.0,0,868
18378,2008-01-01,2005-01-01,36,2005,78515.0,78515.0,1828.6970563405937,0.14043971086014803,60,24,Current,Current,none,0,0.0,0.0,0.0,0,0.0,0.0,0,960
18385,2008-01-01,2007-03-01,10,2007,140898.0,140898.0,3078.442624315845,0.11212866280796525,60,50,Current,Current,none,0,0.0,0.0,0.0,0,0.0,0.0,0,316
18388,2008-01-01,2006-01-01,24,2006,38809.0,38809.0,781.3068380225124,0.07697861119523051,60,36,Current,Current,none,0,0.0,0.0,0.0,0,0.0,0.0,0,687
18389,2008-01-01,2003-11-01,50,2003,62179.0,62179.0,1174.0436819569634,0.10701762061032613,72,22,Current,Current,none,0,0.0,0.0,0.0,0,0.0,0.0,0,300
18394,2008-01-01,2003-10-01,51,2003,48073.0,48073.0,827.3445434838246,0.07334683977032222,72,21,Current,Current,none,0,0.0,0.0,0.0,0,0.0,0.0,0,591
18395,2008-01-01,2002-05-01,68,2002,93485.0,93485.0,1796.4221584631139,0.11354519051978319,72,4,Current,Current,none,0,0.0,0.0,0.0,0,0.0,0.0,0,523
18417,2008-01-01,2005-04-01,33,2005,28800.0,28800.0,582.1274680156807,0.07866909699270759,60,27,Current,Current,none,0,0.0,0.0,0.0,0,0.0,0.0,0,419
18444,2008-01-01,2006-02-01,23,2006,320283.0,320283.0,6599.528190375447,0.08683950695830707,60,37,Current,Current,none,0,0.0,0.0,0.0,0,0.0,0.0,0,714
18467,2008-01-01,2004-04-01,45,2004,45849.0,45849.0,919.4553442223147,0.0753374725269784,60,15,Current,Current,none,0,0.0,0.0,0.0,0,0.0,0.0,0,929
18477,2008-01-01,2007-01-01,12,2007,52429.0,52429.0,1119.57872224774,0.10217431636095413,60,48,Current,Current,none,0,0.0,0.0,0.0,0,0.0,0.0,0,392
18479,2008-01-01,2002-11-01,62,2002,22015.0,22015.0,470.10089267126176,0.1538318784273933,72,10,Current,Current,none,0,0.0,0.0,0.0,0,0.0,0.0,0,115
18484,2008-01-01,2005-08-01,29,2005,36230.0,36230.0,951.3628679664367,0.11847416628854525,48,19,Current,Current,none,0,0.0,0.0,0.0,0,0.0,0.0,0,861
18498,2008-01-01,2005-05-01,32,2005,20048.0,20048.0,398.81824019342565,0.07194660355660083,60,28,Current,Current,none,0,0.0,0.0,0.0,0,0.0,0.0,0,108
18507,2008-01-01,2005-06-01,31,2005,29433.0,29433.0,772.2639545323738,0.11804666742184003,48,17,Current,Current,none,0,0.0,0.0,0.0,0,0.0,0.0,0,460
18509,2008-01-01,2005-03-01,34,2005,145626.0,145626.0,4780.079678241141,0.11180699419365824,36,2,Current,Current,none,0,0.0,0.0,0.0,0,0.0,0.0,0,169
18513,2008-01-01,2003-02-01,59,2003,15977.0,15977.0,364.37370255017396,0.13103596438755677,60,1,Current,Current,none,0,0.0,0.0,0.0,0,0.0,0.0,0,672
18515,2008-01-01,2005-05-01,32,2005,39843.0,39843.0,1009.8108921557904,0.09962859075179428,48,16,Current,Current,none,0,0.0,0.0,0.0,0,0.0,0.0,0,703
18535,2008-01-01,2004-06-01,43,2004,25053.0,25053.0,532.6251491660847,0.10026192745316535,60,17,Current,Current,none,0,0.0,0.0,0.0,0,0.0,0.0,0,417
18540,2008-01-01,2002-09-01,64,2002,50640.0,50640.0,874.8627362114221,0.07471098225218682,72,8,Current,Current,none,0,0.0,0.0,0.0,0,0.0,0.0,0,341
18549,2008-01-01,2007-12-01,1,2007,25673.0,25673.0,467.72604624060074,0.09387780419831293,72,71,Current,Current,none,0,0.0,0.0,0.0,0,0.0,0.0,0,552
18575,2008-01-01,2003-01-01,60,2003,100718.0,100718.0,1976.643434882675,0.06626644862072423,60,0,Current,Matured,matured,0,0.0,0.0,0.0,0,0.0,0.0,0,724
18583,2008-01-01,2005-08-01,29,2005,74078.0,74078.0,1869.259618785704,0.09731155184691125,48,19,Current,Current,none,0,0.0,0.0,0.0,0,0.0,0.0,0,470
18592,2008-01-01,2007-08-01,5,2007,21671.0,21671.0,461.6180385073611,0.10109955428160299,60,55,Current,Current,none,0,0.0,0.0,0.0,0,0.0,0.0,0,941
18595,2008-01-01,2002-10-01,63,2002,92451.0,92451.0,1631.7779139252514,0.08239048430342347,72,9,Current,Current,none,0,0.0,0.0,0.0,0,0.0,0.0,0,487
18597,2008-01-01,2006-08-01,17,2006,20662.0,20662.0,403.6987723676056,0.06440356489294805,60,43,Current,Current,none,0,0.0,0.0,0.0,0,0.0,0.0,0,484
18598,2008-01-01,2005-12-01,25,2005,97606.0,97606.0,3034.8056048288176,0.07469926747991197,36,11,Current,Current,none,0,0.0,0.0,0.0,0,0.0,0.0,0,497
18607,2008-01-01,2004-05-01,44,2004,64213.0,64213.0,1773.4640621800925,0.14580290697996953,48,4,Current,Current,none,0,0.0,0.0,0.0,0,0.0,0.0,0,874
18619,2008-01-01,2006-09-01,16,2006,53066.0,53066.0,1087.9277496046018,0.08468615741649381,60,44,Current,Current,none,0,0.0,0.0,0.0,0,0.0,0.0,0,822
18623,2008-01-01,2004-11-01,38,2004,58460.0,58460.0,1687.0259170120985,0.1700529471366915,48,10,Current,Current,none,0,0.0,0.0,0.0,0,0.0,0.0,0,420
18663,2008-01-01,2007-11-01,2,2007,24672.0,24672.0,622.6319487000444,0.09736818788478462,48,46,Current,Current,none,0,0.0,0.0,0.0,0,0.0,0.0,0,898
18673,2008-01-01,2005-07-01,30,2005,25101.0,25101.0,522.5107802287138,0.09119361849030613,60,30,Current,Current,none,0,0.0,0.0,0.0,0,0.0,0.0,0,494
18676,2008-01-01,2005-03-01,34,2005,32151.0,32151.0,651.8206376008352,0.07994429143976108,60,26,Current,Current,none,0,0.0,0.0,0.0,0,0.0,0.0,0,164
18699,2008-01-01,2007-05-01,8,2007,40618.0,40618.0,1301.8102158745526,0.09536643427813574,36,28,Current,Current,none,0,0.0,0.0,0.0,0,0.0,0.0,0,229
18712,2008-01-01,2003-06-01,55,2003,85206.0,85206.0,1742.0142347792773,0.08350881182042547,60,5,Current,Current,none,0,0.0,0.0,0.0,0,0.0,0.0,0,443
18731,2008-01-01,2005-06-01,31,2005,23675.0,23675.0,539.7145495342627,0.13085398123287195,60,29,Current,Current,none,0,0.0,0.0,0.0,0,0.0,0.0,0,339
18751,2008-01-01,2007-02-01,11,2007,23770.0,23770.0,520.8329830483569,0.11337984247202008,60,49,Current,Current,none,0,0.0,0.0,0.0,0,0.0,0.0,0,635
18763,2008-01-01,2004-06-01,43,2004,81067.0,81067.0,1589.3107846807472,0.0658269219388648,60,17,Current,Current,none,0,0.0,0.0,0.0,0,0.0,0.0,0,843
18765,2008-01-01,2007-08-01,5,2007,142724.0,142724.0,2785.650378514031,0.0639658057378088,60,55,Current,Current,none,0,0.0,0.0,0.0,0,0.0,0.0,0,916
18768,2008-01-01,2006-06-01,19,2006,76248.0,76248.0,1452.4974671768045,0.11030387481025741,72,53,Current,Current,none,0,0.0,0.0,0.0,0,0.0,0.0,0,566
18772,2008-01-01,2007-11-01,2,2007,55901.0,55901.0,1220.665071764175,0.11187792176686959,60,58,Current,Current,none,0,0.0,0.0,0.0,0,0.0,0.0,0,101
18777,2008-01-01,2004-01-01,48,2004,81358.0,81358.0,1916.1217612529479,0.1454493883428738,60,12,Current,Current,none,0,0.0,0.0,0.0,0,0.0,0.0,0,936
18781,2008-01-01,2006-10-01,15,2006,112732.0,112732.0,2151.0045881562614,0.11090944150706851,72,57,Current,Current,none,0,0.0,0.0,0.0,0,0.0,0.0,0,765
18803,2008-01-01,2006-04-01,21,2006,85126.0,85126.0,1708.978336837542,0.07579751757600132,60,39,Current,Current,none,0,0.0,0.0,0.0,0,0.0,0.0,0,323
18811,2008-01-01,2007-07-01,6,2007,56990.0,56990.0,1395.59185230834,0.08160568674497641,48,42,Current,Current,none,0,0.0,0.0,0.0,0,0.0,0.0,0,544
18813,2008-01-01,2005-05-01,32,2005,96694.0,96694.0,1630.8637420100304,0.06618139686073295,72,40,Current,Current,none,0,0.0,0.0,0.0,0,0.0,0.0,0,867
18821,2008-01-01,2006-06-01,19,2006,17732.0,17732.0,480.3090733257514,0.13521665214246015,48,29,Current,Current,none,0,0.0,0.0,0.0,0,0.0,0.0,0,118
18847,2008-01-01,2005-10-01,27,2005,52888.0,52888.0,1733.3931624486818,0.11076151159326195,36,9,Current,Current,none,0,0.0,0.0,0.0,0,0.0,0.0,0,565
18853,2008-01-01,2006-08-01,17,2006,110884.0,110884.0,2239.658446868193,0.07836447514783187,60,43,Current,Current,none,0,0.0,0.0,0.0,0,0.0,0.0,0,303
18863,2008-01-01,2004-04-01,45,2004,83618.0,83618.0,1664.6067859545612,0.07224476485792218,60,15,Current,Current,none,0,0.0,0.0,0.0,0,0.0,0.0,0,689
18876,2008-01-01,2005-03-01,34,2005,79094.0,79094.0,1487.1208958811992,0.10545185307426469,72,38,Current,Current,none,0,0.0,0.0,0.0,0,0.0,0.0,0,921
18877,2008-01-01,2003-05-01,56,2003,107260.0,107260.0,1735.0651485343142,0.05153550904166237,72,16,Current,Current,none,0,0.0,0.0,0.0,0,0.0,0.0,0,743
18882,2008-01-01,2002-08-01,65,2002,33540.0,33540.0,613.2395009437988,0.09518255267290297,72,7,Current,Current,none,0,0.0,0.0,0.0,0,0.0,0.0,0,863
18886,2008-01-01,2007-12-01,1,2007,54848.0,54848.0,1883.7715566207423,0.14344748756367953,36,35,Current,Current,none,0,0.0,0.0,0.0,0,0.0,0.0,0,559
18887,2008-01-01,2006-10-01,15,2006,51631.0,51631.0,1072.8629904550533,0.09043419969440923,60,45,Current,Current,none,0,0.0,0.0,0.0,0,0.0,0.0,0,950
18901,2008-01-01,2007-03-01,10,2007,49275.0,49275.0,981.5525396670819,0.1270717833390029,72,62,Current,Current,none,0,0.0,0.0,0.0,0,0.0,0.0,0,314
18904,2008-01-01,2007-06-01,7,2007,34106.0,34106.0,670.6089014932901,0.12215598713779514,72,65,Current,Current,none,0,0.0,0.0,0.0,0,0.0,0.0,0,346
18905,2008-01-01,2007-07-01,6,2007,56832.0,56832.0,1180.9373412953098,0.09043438492649172,60,54,Current,Current,none,0,0.0,0.0,0.0,0,0.0,0.0,0,675
18909,2008-01-01,2006-06-01,19,2006,39166.0,39166.0,988.3370816632313,0.09733035544307739,48,29,Current,Current,none,0,0.0,0.0,0.0,0,0.0,0.0,0,297
18911,2008-01-01,2006-03-01,22,2006,95768.0,95768.0,2664.812328880168,0.14990054773375372,48,26,Current,Current,none,0,0.0,0.0,0.0,0,0.0,0.0,0,760
18917,2008-01-01,2007-07-01,6,2007,31777.0,31777.0,622.5740023395405,0.12080287331881563,72,66,Current,Current,none,0,0.0,0.0,0.0,0,0.0,0.0,0,947
18926,2008-01-01,2003-01-01,60,2003,38698.0,38698.0,779.6808215750533,0.07730858328166368,60,0,Current,Matured,matured,0,0.0,0.0,0.0,0,0.0,0.0,0,894
18927,2008-01-01,2005-05-01,32,2005,74731.0,74731.0,1628.4721357437832,0.1109758114919329,60,28,Current,Current,none,0,0.0,0.0,0.0,0,0.0,0.0,0,666
18930,2008-01-01,2003-05-01,56,2003,37799.0,37799.0,751.0350882764386,0.0714393719296696,60,4,Current,Current,none,0,0.0,0.0,0.0,0,0.0,0.0,0,793
18943,2008-01-01,2005-06-01,31,2005,61699.0,61699.0,1212.143880995092,0.06670451417524637,60,29,Current,Current,none,0,0.0,0.0,0.0,0,0.0,0.0,0,134
18946,2008-01-01,2007-07-01,6,2007,20368.0,20368.0,540.53304106717,0.12415587073757205,48,42,Current,Current,none,0,0.0,0.0,0.0,0,0.0,0.0,0,177
18948,2008-01-01,2007-06-01,7,2007,53447.0,53447.0,1132.235081040462,0.15072230330879516,72,65,Current,Current,none,0,0.0,0.0,0.0,0,0.0,0.0,0,480
18954,2008-01-01,2003-02-01,59,2003,48124.0,48124.0,993.4072042811598,0.08761213583116913,60,1,Current,Current,none,0,0.0,0.0,0.0,0,0.0,0.0,0,105
18966,2008-01-01,2005-01-01,36,2005,158629.0,158629.0,3451.021577090886,0.11025817271134418,60,24,Current,Current,none,0,0.0,0.0,0.0,0,0.0,0.0,0,301
18967,2008-01-01,2002-10-01,63,2002,127457.0,127457.0,2495.716284198459,0.12058926057336276,72,9,Current,Current,none,0,0.0,0.0,0.0,0,0.0,0.0,0,344
18972,2008-01-01,2004-06-01,43,2004,29764.0,29764.0,612.5597661239161,0.08632725119501515,60,17,Current,Current,none,0,0.0,0.0,0.0,0,0.0,0.0,0,369
18982,2008-01-01,2007-09-01,4,2007,81162.0,81162.0,2176.4109232852943,0.1297610834135518,48,44,Current,Current,none,0,0.0,0.0,0.0,0,0.0,0.0,0,687
18991,2008-01-01,2006-05-01,20,2006,51756.0,51756.0,1313.8902089785015,0.10049244690112571,48,28,Current,Current,none,0,0.0,0.0,0.0,0,0.0,0.0,0,800
18997,2008-01-01,2004-05-01,44,2004,77394.0,77394.0,1625.5870264840637,0.09504467457080272,60,16,Current,Current,none,0,0.0,0.0,0.0,0,0.0,0.0,0,518
19003,2008-01-01,2007-04-01,9,2007,79965.0,79965.0,2045.4518482531062,0.10450206328077066,48,39,Current,Current,none,0,0.0,0.0,0.0,0,0.0,0.0,0,964
19004,2008-01-01,2005-07-01,30,2005,64117.0,64117.0,1645.4855159793246,0.10625010782489035,48,18,Current,Current,none,0,0.0,0.0,0.0,0,0.0,0.0,0,693
19007,2008-01-01,2004-01-01,48,2004,21599.0,21599.0,447.32572066480753,0.08901294103965066,60,12,Current,Current,none,0,0.0,0.0,0.0,0,0.0,0.0,0,615
19010,2008-01-01,2005-04-01,33,2005,34104.0,34104.0,722.595403486659,0.09879893441621648,60,27,Current,Current,none,0,0.0,0.0,0.0,0,0.0,0.0,0,309
19013,2008-01-01,2006-10-01,15,2006,54413.0,54413.0,1009.0685173957509,0.10037238552693499,72,57,Current,Current,none,0,0.0,0.0,0.0,0,0.0,0.0,0,182
19015,2008-01-01,2002-11-01,62,2002,66725.0,66725.0,1203.502648281346,0.0902260356817061,72,10,Current,Current,none,0,0.0,0.0,0.0,0,0.0,0.0,0,334
19017,2008-01-01,2007-12-01,1,2007,77487.0,77487.0,1798.398186791663,0.13885690469686177,60,59,Current,Current,none,0,0.0,0.0,0.0,0,0.0,0.0,0,762
19019,2008-01-01,2006-02-01,23,2006,31042.0,31042.0,620.707274685923,0.07411087264124883,60,37,Current,Current,none,0,0.0,0.0,0.0,0,0.0,0.0,0,320
19029,2008-01-01,2007-03-01,10,2007,37411.0,37411.0,1218.5575910296777,0.10647786393193477,36,26,Current,Current,none,0,0.0,0.0,0.0,0,0.0,0.0,0,702
19044,2008-01-01,2006-12-01,13,2006,109266.0,109266.0,2637.8023547753246,0.07418977633054417,48,35,Current,Current,none,0,0.0,0.0,0.0,0,0.0,0.0,0,821
19045,2008-01-01,2006-04-01,21,2006,28069.0,28069.0,506.48887699826247,0.09038038610095842,72,51,Current,Current,none,0,0.0,0.0,0.0,0,0.0,0.0,0,662
19051,2008-01-01,2007-09-01,4,2007,23927.0,23927.0,454.6786290065383,0.10938790452329887,72,68,Current,Current,none,0,0.0,0.0,0.0,0,0.0,0.0,0,431
19058,2008-01-01,2005-09-01,28,2005,77296.0,77296.0,1873.8906049244063,0.07637341264838989,48,20,Current,Current,none,0,0.0,0.0,0.0,0,0.0,0.0,0,354
19061,2008-01-01,2006-12-01,13,2006,70200.0,70200.0,1446.457032406467,0.08682912307353677,60,47,Current,Current,none,0,0.0,0.0,0.0,0,0.0,0.0,0,848
19069,2008-01-01,2007-01-01,12,2007,70572.0,70572.0,1575.1540414949181,0.1713193856220611,72,60,Current,Current,none,0,0.0,0.0,0.0,0,0.0,0.0,0,394
19070,2008-01-01,2006-09-01,16,2006,19004.0,19004.0,393.58876791835985,0.08902026998036822,60,44,Current,Current,none,0,0.0,0.0,0.0,0,0.0,0.0,0,805
19091,2008-01-01,2006-02-01,23,2006,35004.0,35004.0,842.737917906742,0.07278088158591979,48,25,Current,Current,none,0,0.0,0.0,0.0,0,0.0,0.0,0,483
19095,2008-01-01,2007-08-01,5,2007,77178.0,77178.0,2108.4093563967563,0.13984670121535134,48,43,Current,Current,none,0,0.0,0.0,0.0,0,0.0,0.0,0,530
19098,2008-01-01,2007-11-01,2,2007,13308.0,13308.0,444.07079964026315,0.1232282957220187,36,34,Current,Current,none,0,0.0,0.0,0.0,0,0.0,0.0,0,205
19101,2008-01-01,2005-05-01,32,2005,153095.0,153095.0,3907.0175027147134,0.10327631735327411,48,16,Current,Current,none,0,0.0,0.0,0.0,0,0.0,0.0,0,444
19106,2008-01-01,2006-10-01,15,2006,46844.0,46844.0,951.1778451672561,0.134365073076561,72,57,Current,Current,none,0,0.0,0.0,0.0,0,0.0,0.0,0,798
19124,2008-01-01,2006-01-01,24,2006,25722.0,25722.0,691.3518660832676,0.13101383760302213,48,24,Current,Current,none,0,0.0,0.0,0.0,0,0.0,0.0,0,180
19128,2008-01-01,2004-10-01,39,2004,208497.0,208497.0,5576.905368550646,0.12839960567054148,48,9,Current,Current,none,0,0.0,0.0,0.0,0,0.0,0.0,0,959
19141,2008-01-01,2005-03-01,34,2005,47352.0,47352.0,1233.4989477515394,0.19197898079836123,60,26,Current,Current,none,0,0.0,0.0,0.0,0,0.0,0.0,0,400
19145,2008-01-01,2004-01-01,48,2004,92797.0,92797.0,1798.9860772502268,0.061148547107647555,60,12,Current,Current,none,0,0.0,0.0,0.0,0,0.0,0.0,0,805
19168,2008-01-01,2004-09-01,40,2004,101701.0,101701.0,3011.8721058062033,0.1845819996711958,48,8,Current,Current,none,0,0.0,0.0,0.0,0,0.0,0.0,0,212
19169,2008-01-01,2008-01-01,0,2008,73746.0,73746.0,1907.579949230097,0.11043996388369991,48,48,Current,Current,none,0,0.0,0.0,0.0,0,0.0,0.0,0,601
19186,2008-01-01,2006-10-01,15,2006,39412.0,39412.0,1015.4773748945748,0.10835460487567812,48,33,Current,Current,none,0,0.0,0.0,0.0,0,0.0,0.0,0,715
19208,2008-01-01,2006-11-01,14,2006,51377.0,51377.0,1089.2591609093313,0.0990697065804615,60,46,Current,Current,none,0,0.0,0.0,0.0,0,0.0,0.0,0,387
19216,2008-01-01,2007-05-01,8,2007,106180.0,106180.0,2790.6392649182926,0.11894683117507997,48,40,Current,Current,none,0,0.0,0.0,0.0,0,0.0,0.0,0,725
19223,2008-01-01,2007-02-01,11,2007,62118.0,62118.0,1656.1298731973882,0.12663998135928142,48,37,Current,Current,none,0,0.0,0.0,0.0,0,0.0,0.0,0,442
19226,2008-01-01,2006-05-01,20,2006,172990.0,172990.0,4189.815657129218,0.07587993271985942,48,28,Current,Current,none,0,0.0,0.0,0.0,0,0.0,0.0,0,669
19234,2008-01-01,2007-09-01,4,2007,41226.0,41226.0,1317.5157891398023,0.09340345928810365,36,32,Current,Current,none,0,0.0,0.0,0.0,0,0.0,0.0,0,547
19258,2008-01-01,2004-09-01,40,2004,79660.0,79660.0,2070.3130645786646,0.19088675262514296,60,20,Current,Current,none,0,0.0,0.0,0.0,0,0.0,0.0,0,289
19272,2008-01-01,2005-01-01,36,2005,31740.0,31740.0,727.3169209567546,0.13315364501953625,60,24,Current,Current,none,0,0.0,0.0,0.0,0,0.0,0.0,0,827
19279,2008-01-01,2006-01-01,24,2006,89403.0,89403.0,2194.6725780731313,0.0828747062628968,48,24,Current,Current,none,0,0.0,0.0,0.0,0,0.0,0.0,0,994
19297,2008-01-01,2004-03-01,46,2004,55052.0,55052.0,1336.0575887568352,0.07692868507397425,48,2,Current,Current,none,0,0.0,0.0,0.0,0,0.0,0.0,0,690
19304,2008-01-01,2005-10-01,27,2005,44505.0,44505.0,1112.0554078104458,0.09214883654176154,48,21,Current,Current,none,0,0.0,0.0,0.0,0,0.0,0.0,0,565
19316,2008-01-01,2007-12-01,1,2007,51095.0,51095.0,1032.9090365718537,0.07872567623220372,60,59,Current,Current,none,0,0.0,0.0,0.0,0,0.0,0.0,0,814
19317,2008-01-01,2005-05-01,32,2005,126915.0,126915.0,2581.2602318406716,0.13499123310996294,72,40,Current,Current,none,0,0.0,0.0,0.0,0,0.0,0.0,0,255
19331,2008-01-01,2003-04-01,57,2003,38207.0,38207.0,689.6358002029434,0.09049241000678195,72,15,Current,Current,none,0,0.0,0.0,0.0,0,0.0,0.0,0,546
19335,2008-01-01,2005-01-01,36,2005,57960.0,57960.0,1088.7498978338106,0.10510889168691581,72,36,Current,Current,none,0,0.0,0.0,0.0,0,0.0,0.0,0,850
19343,2008-01-01,2003-11-01,50,2003,151840.0,151840.0,3205.3547580744744,0.09721113355621037,60,10,Current,Current,none,0,0.0,0.0,0.0,0,0.0,0.0,0,974
19360,2008-01-01,2004-12-01,37,2004,112073.0,112073.0,2795.6924272633846,0.17172236817388575,60,23,Current,Current,none,0,0.0,0.0,0.0,0,0.0,0.0,0,457
19366,2008-01-01,2003-06-01,55,2003,49283.0,49283.0,992.4883822704832,0.13122003553638537,72,17,Current,Current,none,0,0.0,0.0,0.0,0,0.0,0.0,0,830
19370,2008-01-01,2003-01-01,60,2003,39471.0,39471.0,880.3821701275824,0.12118807694619334,60,0,Current,Matured,matured,0,0.0,0.0,0.0,0,0.0,0.0,0,749
19373,2008-01-01,2007-07-01,6,2007,45578.0,45578.0,1505.9174610656057,0.11635415449017371,36,30,Current,Current,none,0,0.0,0.0,0.0,0,0.0,0.0,0,571
19391,2008-01-01,2004-02-01,47,2004,53978.0,53978.0,951.1036264798566,0.08177852045935555,72,25,Current,Current,none,0,0.0,0.0,0.0,0,0.0,0.0,0,587
19393,2008-01-01,2007-03-01,10,2007,59158.0,59158.0,1339.2221821661597,0.12774995729496513,60,50,Current,Current,none,0,0.0,0.0,0.0,0,0.0,0.0,0,783
19396,2008-01-01,2006-03-01,22,2006,51638.0,51638.0,1730.7102374106717,0.12630417141913447,36,14,Current,Paid off,payoff,0,0.0,0.0,0.0,0,0.0,0.0,0,490
19399,2008-01-01,2006-01-01,24,2006,103155.0,103155.0,2101.3956234040575,0.08197910343863603,60,36,Current,Current,none,0,0.0,0.0,0.0,0,0.0,0.0,0,679
19400,2008-01-01,2002-02-01,71,2002,77550.0,77550.0,1436.001012800113,0.09982668112012075,72,1,Current,Current,none,0,0.0,0.0,0.0,0,0.0,0.0,0,689
19410,2008-01-01,2005-07-01,30,2005,29764.0,29764.0,628.0159674404996,0.09700239586990814,60,30,Current,Current,none,0,0.0,0.0,0.0,0,0.0,0.0,0,405
19414,2008-01-01,2002-11-01,62,2002,121381.0,121381.0,2185.8227241821005,0.08964549692500345,72,10,Current,Current,none,0,0.0,0.0,0.0,0,0.0,0.0,0,682
19415,2008-01-01,2003-02-01,59,2003,33365.0,33365.0,655.5952160906306,0.06677060305291313,60,1,Current,Current,none,0,0.0,0.0,0.0,0,0.0,0.0,0,978
19417,2008-01-01,2007-12-01,1,2007,97096.0,97096.0,2510.304927559008,0.11017135532254398,48,47,Current,Current,none,0,0.0,0.0,0.0,0,0.0,0.0,0,971
19421,2008-01-01,2005-11-01,26,2005,122903.0,122903.0,2459.1752883094423,0.07439211361231765,60,34,Current,Current,none,0,0.0,0.0,0.0,0,0.0,0.0,0,195
19434,2008-01-01,2003-06-01,55,2003,39272.0,39272.0,837.4864766200616,0.10158834368823513,60,5,Current,Current,none,0,0.0,0.0,0.0,0,0.0,0.0,0,858
19438,2008-01-01,2006-10-01,15,2006,35054.0,35054.0,1177.4191716361565,0.1278133363869847,36,21,Current,Current,none,0,0.0,0.0,0.0,0,0.0,0.0,0,608
19468,2008-01-01,2007-05-01,8,2007,68826.0,68826.0,1742.8200427681343,0.17868815412921635,60,52,Current,Current,none,0,0.0,0.0,0.0,0,0.0,0.0,0,900
19476,2008-01-01,2003-12-01,49,2003,106641.0,106641.0,2457.403661830047,0.1356569378812023,60,11,Current,Current,none,0,0.0,0.0,0.0,0,0.0,0.0,0,486
19479,2008-01-01,2006-06-01,19,2006,129699.0,129699.0,2735.141554646809,0.09676823269841994,60,41,Current,Current,none,0,0.0,0.0,0.0,0,0.0,0.0,0,893
19501,2008-01-01,2004-09-01,40,2004,74405.0,74405.0,1861.1536723242705,0.09270798166860882,48,8,Current,Current,none,0,0.0,0.0,0.0,0,0.0,0.0,0,714
19512,2008-01-01,2005-08-01,29,2005,46399.0,46399.0,1006.530704325357,0.10900711112862775,60,31,Current,Current,none,0,0.0,0.0,0.0,0,0.0,0.0,0,838
19522,2008-01-01,2007-06-01,7,2007,30591.0,30591.0,594.873325239501,0.11799384148048195,72,65,Current,Current,none,0,0.0,0.0,0.0,0,0.0,0.0,0,717
19524,2008-01-01,2003-12-01,49,2003,58390.0,58390.0,1200.1058081365115,0.08576199858239218,60,11,Current,Current,none,0,0.0,0.0,0.0,0,0.0,0.0,0,856
19527,2008-01-01,2004-10-01,39,2004,58863.0,58863.0,1233.2365903197367,0.0939577502883227,60,21,Current,Current,none,0,0.0,0.0,0.0,0,0.0,0.0,0,865
19541,2008-01-01,2006-06-01,19,2006,188794.0,188794.0,6237.269956882753,0.11629095973646754,36,17,Current,Current,none,0,0.0,0.0,0.0,0,0.0,0.0,0,841
19560,2008-01-01,2007-10-01,3,2007,61181.0,61181.0,1137.1382506050163,0.10120102754798922,72,69,Current,Current,none,0,0.0,0.0,0.0,0,0.0,0.0,0,703
19583,2008-01-01,2003-01-01,60,2003,81285.0,81285.0,1760.0176877083659,0.10819328169171569,60,0,Current,Matured,matured,0,0.0,0.0,0.0,0,0.0,0.0,0,701
19598,2008-01-01,2003-11-01,50,2003,70214.0,70214.0,1363.4229423600398,0.06183210532773248,60,10,Current,Current,none,0,0.0,0.0,0.0,0,0.0,0.0,0,551
19601,2008-01-01,2007-12-01,1,2007,27771.0,27771.0,778.6574723077073,0.1540899482297221,48,47,Current,Current,none,0,0.0,0.0,0.0,0,0.0,0.0,0,863
19604,2008-01-01,2007-07-01,6,2007,25474.0,25474.0,524.8898960148622,0.08683171837044211,60,54,Current,Current,none,0,0.0,0.0,0.0,0,0.0,0.0,0,749
19606,2008-01-01,2005-01-01,36,2005,84967.0,84967.0,2809.0442132394755,0.11677344803297943,36,0,Current,Matured,matured,0,0.0,0.0,0.0,0,0.0,0.0,0,166
19613,2008-01-01,2004-08-01,41,2004,25893.0,25893.0,599.2672912584471,0.1375995183919699,60,19,Current,Current,none,0,0.0,0.0,0.0,0,0.0,0.0,0,810
19622,2008-01-01,2005-11-01,26,2005,76480.0,76480.0,2664.3448416113106,0.1535035565865025,36,10,Current,Current,none,0,0.0,0.0,0.0,0,0.0,0.0,0,133
19637,2008-01-01,2003-07-01,54,2003,153460.0,153460.0,3524.1022533423684,0.13411552256000334,60,6,Current,Current,none,0,0.0,0.0,0.0,0,0.0,0.0,0,843
19644,2008-01-01,2004-09-01,40,2004,24360.0,24360.0,610.6304530723323,0.093822247580528,48,8,Current,Current,none,0,0.0,0.0,0.0,0,0.0,0.0,0,568
19649,2008-01-01,2007-10-01,3,2007,113565.0,113565.0,2752.625943155764,0.1584981291579185,60,57,Current,Current,none,0,0.0,0.0,0.0,0,0.0,0.0,0,250
19650,2008-01-01,2007-02-01,11,2007,24272.0,24272.0,792.1995432063162,0.10787998544614963,36,25,Current,Current,none,0,0.0,0.0,0.0,0,0.0,0.0,0,152
19655,2008-01-01,2005-07-01,30,2005,64597.0,64597.0,1654.7963072896478,0.10528677663794384,48,18,Current,Current,none,0,0.0,0.0,0.0,0,0.0,0.0,0,637
19662,2008-01-01,2003-09-01,52,2003,24391.0,24391.0,416.6409520075578,0.07068149145692842,72,20,Current,Current,none,0,0.0,0.0,0.0,0,0.0,0.0,0,734
19664,2008-01-01,2007-12-01,1,2007,141350.0,141350.0,4360.6373999756015,0.06940562894905346,36,35,Current,Current,none,0,0.0,0.0,0.0,0,0.0,0.0,0,215
19670,2008-01-01,2003-10-01,51,2003,75100.0,75100.0,1653.3144013868807,0.11544270639342476,60,9,Current,Current,none,0,0.0,0.0,0.0,0,0.0,0.0,0,927
19677,2008-01-01,2007-03-01,10,2007,122854.0,122854.0,4068.697749893745,0.11798505883246756,36,26,Current,Current,none,0,0.0,0.0,0.0,0,0.0,0.0,0,954
19680,2008-01-01,2007-08-01,5,2007,51726.0,51726.0,1104.0764274272908,0.10198221609144195,60,55,Current,Current,none,0,0.0,0.0,0.0,0,0.0,0.0,0,772
19683,2008-01-01,2002-10-01,63,2002,21853.0,21853.0,492.08450083214984,0.17485563189498532,72,9,Current,Current,none,0,0.0,0.0,0.0,0,0.0,0.0,0,184
19689,2008-01-01,2004-01-01,48,2004,126383.0,126383.0,2649.5659858809254,0.09423663356745653,60,12,Current,Current,none,0,0.0,0.0,0.0,0,0.0,0.0,0,141
19691,2008-01-01,2004-10-01,39,2004,54910.0,54910.0,1193.5479636035252,0.10988003492788113,60,21,Current,Current,none,0,0.0,0.0,0.0,0,0.0,0.0,0,539
19695,2008-01-01,2007-09-01,4,2007,41381.0,41381.0,901.382008079436,0.11080336574164078,60,56,30 DPD,Delinquent,none,0,0.0,0.0,0.0,1,0.0,0.0,0,286
19704,2008-01-01,2005-07-01,30,2005,73706.0,73706.0,1521.6143319055357,0.08764766808968769,60,30,Current,Current,none,0,0.0,0.0,0.0,0,0.0,0.0,0,838
19710,2008-01-01,2007-03-01,10,2007,13895.0,13895.0,348.081245623176,0.09348450007228104,48,38,Current,Current,none,0,0.0,0.0,0.0,0,0.0,0.0,0,699
19711,2008-01-01,2004-09-01,40,2004,80655.0,80655.0,1996.0951511217306,0.08712096183458705,48,8,Current,Current,none,0,0.0,0.0,0.0,0,0.0,0.0,0,563
19715,2008-01-01,2006-11-01,14,2006,83208.0,83208.0,1936.6179332232834,0.055393658609246554,48,34,Current,Current,none,0,0.0,0.0,0.0,0,0.0,0.0,0,140
19717,2008-01-01,2006-03-01,22,2006,62811.0,62811.0,1337.2479767106413,0.10087306270177229,60,38,Current,Current,none,0,0.0,0.0,0.0,0,0.0,0.0,0,105
19719,2008-01-01,2005-04-01,33,2005,45399.0,45399.0,946.2781357066485,0.09175408214007069,60,27,Current,Current,none,0,0.0,0.0,0.0,0,0.0,0.0,0,929
19723,2008-01-01,2003-10-01,51,2003,83323.0,83323.0,1697.4712252799004,0.08199863449659363,60,9,Current,Current,none,0,0.0,0.0,0.0,0,0.0,0.0,0,826
19725,2008-01-01,2005-09-01,28,2005,40745.0,40745.0,1145.2786001643199,0.1554627896653729,48,20,Current,Current,none,0,0.0,0.0,0.0,0,0.0,0.0,0,278
19728,2008-01-01,2006-02-01,23,2006,53416.0,53416.0,982.4301239629528,0.09734153738915252,72,49,Current,Current,none,0,0.0,0.0,0.0,0,0.0,0.0,0,599
19737,2008-01-01,2003-11-01,50,2003,45856.0,45856.0,1018.3037687005226,0.11924976879625655,60,10,Current,Current,none,0,0.0,0.0,0.0,0,0.0,0.0,0,287
19739,2008-01-01,2003-06-01,55,2003,45319.0,45319.0,997.7893209054475,0.16588278305812376,72,17,Current,Current,none,0,0.0,0.0,0.0,0,0.0,0.0,0,669
19740,2008-01-01,2004-08-01,41,2004,22279.0,22279.0,442.4086175000259,0.07119551007205786,60,19,Current,Current,none,0,0.0,0.0,0.0,0,0.0,0.0,0,519
19745,2008-01-01,2004-11-01,38,2004,93608.0,93608.0,2308.0815492396127,0.0851817167740138,48,10,Current,Current,none,0,0.0,0.0,0.0,0,0.0,0.0,0,697
19747,2008-01-01,2007-10-01,3,2007,32322.0,32322.0,799.5327795821444,0.08686584733841189,48,45,Current,Current,none,0,0.0,0.0,0.0,0,0.0,0.0,0,348
19756,2008-01-01,2007-04-01,9,2007,25952.0,25952.0,438.1241156148037,0.06651372594390159,72,63,Current,Current,none,0,0.0,0.0,0.0,0,0.0,0.0,0,936
19760,2008-01-01,2006-12-01,13,2006,71552.0,71552.0,1720.6279280746623,0.07217402089484305,48,35,Current,Current,none,0,0.0,0.0,0.0,0,0.0,0.0,0,925
19771,2008-01-01,2006-09-01,16,2006,21705.0,21705.0,523.8676977137367,0.15656283417539693,60,44,Current,Current,none,0,0.0,0.0,0.0,0,0.0,0.0,0,520
19780,2008-01-01,2007-08-01,5,2007,63177.0,63177.0,2149.855905488354,0.13693782536937463,36,31,Current,Current,none,0,0.0,0.0,0.0,0,0.0,0.0,0,734
19784,2008-01-01,2008-01-01,0,2008,67014.0,67014.0,1437.3541879858237,0.10408428809827583,60,60,Current,Current,none,0,0.0,0.0,0.0,0,0.0,0.0,0,886
19786,2008-01-01,2006-11-01,14,2006,27567.0,27567.0,559.3493826514026,0.1340886336148043,72,58,Current,Current,none,0,0.0,0.0,0.0,0,0.0,0.0,0,491
19797,2008-01-01,2004-03-01,46,2004,100942.0,100942.0,2433.5909199507983,0.07349662448573684,48,2,Current,Current,none,0,0.0,0.0,0.0,0,0.0,0.0,0,649
19801,2008-01-01,2005-12-01,25,2005,75475.0,75475.0,2333.5850105281056,0.07090843070106567,36,11,Current,Current,none,0,0.0,0.0,0.0,0,0.0,0.0,0,801
19827,2008-01-01,2005-12-01,25,2005,49684.0,49684.0,1781.2105197721976,0.17397333134593232,36,11,Current,Current,none,0,0.0,0.0,0.0,0,0.0,0.0,0,909
19834,2008-01-01,2006-09-01,16,2006,36138.0,36138.0,750.5706616547981,0.0902310038380314,60,44,Current,Current,none,0,0.0,0.0,0.0,0,0.0,0.0,0,690
19837,2008-01-01,2003-06-01,55,2003,31815.0,31815.0,699.1581636399582,0.11466393695104383,60,5,Current,Current,none,0,0.0,0.0,0.0,0,0.0,0.0,0,449
19839,2008-01-01,2006-04-01,21,2006,19330.0,19330.0,483.3256479360791,0.09249985747662817,48,27,Current,Current,none,0,0.0,0.0,0.0,0,0.0,0.0,0,244
19850,2008-01-01,2007-09-01,4,2007,95816.0,95816.0,2349.670946162463,0.16384339967173964,60,56,Current,Current,none,0,0.0,0.0,0.0,0,0.0,0.0,0,141
19856,2008-01-01,2004-12-01,37,2004,70159.0,70159.0,1552.426736269765,0.11767754042169491,60,23,Current,Current,none,0,0.0,0.0,0.0,0,0.0,0.0,0,616
19860,2008-01-01,2003-07-01,54,2003,48873.0,48873.0,1092.8015457219453,0.12228376558158673,60,6,Current,Current,none,0,0.0,0.0,0.0,0,0.0,0.0,0,340
19863,2008-01-01,2006-01-01,24,2006,157704.0,157704.0,4011.869379196761,0.10159470177352686,48,24,Current,Current,none,0,0.0,0.0,0.0,0,0.0,0.0,0,884
19864,2008-01-01,2005-10-01,27,2005,50459.0,50459.0,947.4365570006179,0.10494872629181581,72,45,Current,Current,none,0,0.0,0.0,0.0,0,0.0,0.0,0,713
19871,2008-01-01,2005-01-01,36,2005,42978.0,42978.0,1502.9165559699113,0.15619440713676866,36,0,Current,Matured,matured,0,0.0,0.0,0.0,0,0.0,0.0,0,832
19887,2008-01-01,2006-02-01,23,2006,33433.0,33433.0,705.703250346274,0.09716835660117991,60,37,Current,Current,none,0,0.0,0.0,0.0,0,0.0,0.0,0,138
19893,2008-01-01,2006-11-01,14,2006,20207.0,20207.0,644.9752231147778,0.09254699592907009,36,22,Current,Current,none,0,0.0,0.0,0.0,0,0.0,0.0,0,105
19909,2008-01-01,2005-02-01,35,2005,56325.0,56325.0,1520.0955111083065,0.13322698754177284,48,13,Current,Current,none,0,0.0,0.0,0.0,0,0.0,0.0,0,102
19915,2008-01-01,2007-08-01,5,2007,38199.0,38199.0,1035.8257502377471,0.13580618170180558,48,43,Current,Current,none,0,0.0,0.0,0.0,0,0.0,0.0,0,258
19924,2008-01-01,2003-03-01,58,2003,88867.0,88867.0,1976.9189048956025,0.12002707132981925,60,2,Current,Current,none,0,0.0,0.0,0.0,0,0.0,0.0,0,461
19929,2008-01-01,2005-06-01,31,2005,37499.0,37499.0,1208.2180799680132,0.09899466736593839,36,5,Current,Current,none,0,0.0,0.0,0.0,0,0.0,0.0,0,608
19933,2008-01-01,2006-04-01,21,2006,58896.0,58896.0,1523.6390946458205,0.11050374438145734,48,27,Current,Current,none,0,0.0,0.0,0.0,0,0.0,0.0,0,895
19936,2008-01-01,2007-02-01,11,2007,71471.0,71471.0,1917.5308701550232,0.1300402865857293,48,37,Current,Current,none,0,0.0,0.0,0.0,0,0.0,0.0,0,554
19950,2008-01-01,2003-12-01,49,2003,112887.0,112887.0,2558.609342576468,0.1282820412266389,60,11,Current,Current,none,0,0.0,0.0,0.0,0,0.0,0.0,0,133
19952,2008-01-01,2006-07-01,18,2006,21708.0,21708.0,431.57738874705063,0.12633193124991227,72,54,30 DPD,Delinquent,none,0,0.0,0.0,0.0,1,0.0,0.0,0,407
19953,2008-01-01,2005-11-01,26,2005,44083.0,44083.0,915.6630498297402,0.09026752684019285,60,34,Current,Current,none,0,0.0,0.0,0.0,0,0.0,0.0,0,843
19954,2008-01-01,2007-09-01,4,2007,27217.0,27217.0,951.0610153709146,0.1556700912594432,36,32,Current,Current,none,0,0.0,0.0,0.0,0,0.0,0.0,0,902
19957,2008-01-01,2007-04-01,9,2007,16286.0,16286.0,398.77258937144103,0.08154705595890954,48,39,Current,Current,none,0,0.0,0.0,0.0,0,0.0,0.0,0,659
19967,2008-01-01,2007-06-01,7,2007,110087.0,110087.0,2241.84122060309,0.13547584248745667,72,65,Current,Current,none,0,0.0,0.0,0.0,0,0.0,0.0,0,590
19973,2008-01-01,2003-04-01,57,2003,91065.0,91065.0,1737.3934803701009,0.11086881505036503,72,15,Current,Current,none,0,0.0,0.0,0.0,0,0.0,0.0,0,109
19983,2008-01-01,2005-12-01,25,2005,67176.0,67176.0,1696.9851008443459,0.09789844068522757,48,23,Current,Current,none,0,0.0,0.0,0.0,0,0.0,0.0,0,968
19985,2008-01-01,2006-12-01,13,2006,60345.0,60345.0,1745.3271678520557,0.17130266782776601,48,35,Current,Current,none,0,0.0,0.0,0.0,0,0.0,0.0,0,660
20000,2008-01-01,2007-08-01,5,2007,158510.0,158510.0,4102.479627353331,0.1107409333054163,48,43,Current,Current,none,0,0.0,0.0,0.0,0,0.0,0.0,0,996
20005,2008-01-01,2002-09-01,64,2002,42065.0,42065.0,750.458048830302,0.08625919998537086,72,8,Current,Current,none,0,0.0,0.0,0.0,0,0.0,0.0,0,443
20011,2008-01-01,2007-08-01,5,2007,28673.0,28673.0,637.8467275778854,0.12002186332067508,60,55,Current,Current,none,0,0.0,0.0,0.0,0,0.0,0.0,0,847
20015,2008-01-01,2005-12-01,25,2005,60566.0,60566.0,1227.6896025255028,0.07987216990401295,60,35,Current,Paid off,payoff,0,0.0,0.0,0.0,0,0.0,0.0,0,848
20022,2008-01-01,2005-02-01,35,2005,98393.0,98393.0,2562.2145779058387,0.11400849141251443,48,13,Current,Current,none,0,0.0,0.0,0.0,0,0.0,0.0,0,914
20045,2008-01-01,2003-05-01,56,2003,36631.0,36631.0,814.5005309071365,0.11981855392035674,60,4,Current,Current,none,0,0.0,0.0,0.0,0,0.0,0.0,0,711
20051,2008-01-01,2007-09-01,4,2007,45972.0,45972.0,853.1652959646949,0.10064475386908633,72,68,Current,Current,none,0,0.0,0.0,0.0,0,0.0,0.0,0,302
20058,2008-01-01,2005-08-01,29,2005,31200.0,31200.0,659.7580651884233,0.09794541172139913,60,31,Current,Current,none,0,0.0,0.0,0.0,0,0.0,0.0,0,633
20065,2008-01-01,2003-02-01,59,2003,164506.0,164506.0,3198.6645474986417,0.11795595729258822,72,13,Current,Current,none,0,0.0,0.0,0.0,0,0.0,0.0,0,977
20072,2008-01-01,2007-02-01,11,2007,17460.0,17460.0,548.7266303567853,0.0819768616219595,36,25,Current,Current,none,0,0.0,0.0,0.0,0,0.0,0.0,0,768
20079,2008-01-01,2005-12-01,25,2005,33664.0,33664.0,685.6086080760308,0.08187453271869621,60,35,Current,Current,none,0,0.0,0.0,0.0,0,0.0,0.0,0,227
20084,2008-01-01,2007-07-01,6,2007,40666.0,40666.0,715.3129633542775,0.08116034116278627,72,66,Current,Current,none,0,0.0,0.0,0.0,0,0.0,0.0,0,663
20087,2008-01-01,2007-12-01,1,2007,66318.0,66318.0,1350.2535292263067,0.08175077441194223,60,59,Current,Current,none,0,0.0,0.0,0.0,0,0.0,0.0,0,792
20092,2008-01-01,2007-09-01,4,2007,140010.0,140010.0,2958.1800581798793,0.09758370255266989,60,56,Current,Current,none,0,0.0,0.0,0.0,0,0.0,0.0,0,399
20095,2008-01-01,2007-03-01,10,2007,89880.0,89880.0,2866.9458359020778,0.09209837547910825,36,26,Current,Current,none,0,0.0,0.0,0.0,0,0.0,0.0,0,741
20098,2008-01-01,2007-12-01,1,2007,50067.0,50067.0,1625.715066380713,0.1043285224591199,36,35,Current,Current,none,0,0.0,0.0,0.0,0,0.0,0.0,0,749
20117,2008-01-01,2006-02-01,23,2006,69873.0,69873.0,1797.0486869224626,0.10738647040954906,48,25,Current,Current,none,0,0.0,0.0,0.0,0,0.0,0.0,0,852
20118,2008-01-01,2005-08-01,29,2005,39823.0,39823.0,847.3944154496655,0.10064956462535657,60,31,Current,Current,none,0,0.0,0.0,0.0,0,0.0,0.0,0,309
20119,2008-01-01,2004-08-01,41,2004,61009.0,61009.0,1054.814518053492,0.07498715648214985,72,31,Current,Current,none,0,0.0,0.0,0.0,0,0.0,0.0,0,603
20122,2008-01-01,2005-03-01,34,2005,51589.0,51589.0,1109.459759865641,0.10523901668292975,60,26,Current,Current,none,0,0.0,0.0,0.0,0,0.0,0.0,0,772
20127,2008-01-01,2006-11-01,14,2006,34291.0,34291.0,793.9743017346141,0.13779346494454547,60,46,Current,Current,none,0,0.0,0.0,0.0,0,0.0,0.0,0,306
20128,2008-01-01,2005-09-01,28,2005,68670.0,68670.0,1234.2566741560256,0.08895545664924893,72,44,Current,Current,none,0,0.0,0.0,0.0,0,0.0,0.0,0,373
20139,2008-01-01,2005-09-01,28,2005,17240.0,17240.0,323.78784890375476,0.10504383104688386,72,44,Current,Current,none,0,0.0,0.0,0.0,0,0.0,0.0,0,615
20144,2008-01-01,2005-11-01,26,2005,23920.0,23920.0,573.9942110459383,0.07108065469632373,48,22,Current,Current,none,0,0.0,0.0,0.0,0,0.0,0.0,0,388
20146,2008-01-01,2004-08-01,41,2004,43185.0,43185.0,962.8500928732651,0.12101826639058715,60,19,Current,Current,none,0,0.0,0.0,0.0,0,0.0,0.0,0,669
20148,2008-01-01,2006-11-01,14,2006,79956.0,79956.0,2053.0422305470697,0.10652623130296132,48,34,Current,Current,none,0,0.0,0.0,0.0,0,0.0,0.0,0,180
20155,2008-01-01,2002-11-01,62,2002,71418.0,71418.0,1262.5288712390268,0.08295791428584044,72,10,Current,Current,none,0,0.0,0.0,0.0,0,0.0,0.0,0,451
20161,2008-01-01,2007-08-01,5,2007,187614.0,187614.0,4129.222197297964,0.11532918315126614,60,55,Current,Current,none,0,0.0,0.0,0.0,0,0.0,0.0,0,883
20164,2008-01-01,2006-12-01,13,2006,59690.0,59690.0,1692.4484550454192,0.16026724639435205,48,35,Current,Paid off,payoff,0,0.0,0.0,0.0,0,0.0,0.0,0,861
20173,2008-01-01,2007-04-01,9,2007,140196.0,140196.0,2875.952507823228,0.13828087132656572,72,63,Current,Current,none,0,0.0,0.0,0.0,0,0.0,0.0,0,491
20191,2008-01-01,2006-07-01,18,2006,12249.0,12249.0,218.19626662769815,0.08571073441430174,72,54,Current,Current,none,0,0.0,0.0,0.0,0,0.0,0.0,0,169
20205,2008-01-01,2006-09-01,16,2006,63236.0,63236.0,2005.7958651672075,0.08826851568020584,36,20,Current,Current,none,0,0.0,0.0,0.0,0,0.0,0.0,0,633
20213,2008-01-01,2007-09-01,4,2007,72823.0,72823.0,1537.789459133778,0.0973483918806473,60,56,Current,Current,none,0,0.0,0.0,0.0,0,0.0,0.0,0,548
20215,2008-01-01,2007-08-01,5,2007,41410.0,41410.0,1104.7027424940475,0.1269668396645459,48,43,Current,Current,none,0,0.0,0.0,0.0,0,0.0,0.0,0,497
20220,2008-01-01,2005-11-01,26,2005,62280.0,62280.0,1252.985971402883,0.07669502250668772,60,34,Current,Current,none,0,0.0,0.0,0.0,0,0.0,0.0,0,139
20235,2008-01-01,2004-01-01,48,2004,44744.0,44744.0,1058.865960774327,0.06391584614473036,48,0,Current,Matured,matured,0,0.0,0.0,0.0,0,0.0,0.0,0,240
20241,2008-01-01,2004-10-01,39,2004,12948.0,12948.0,344.1280009240073,0.12495333885663573,48,9,Current,Current,none,0,0.0,0.0,0.0,0,0.0,0.0,0,302
20243,2008-01-01,2004-09-01,40,2004,59507.0,59507.0,1328.7526772706294,0.12167830334876091,60,20,Current,Current,none,0,0.0,0.0,0.0,0,0.0,0.0,0,959
20246,2008-01-01,2004-06-01,43,2004,29084.0,29084.0,514.8590831695151,0.08345632319574613,72,29,Current,Current,none,0,0.0,0.0,0.0,0,0.0,0.0,0,110
20255,2008-01-01,2005-02-01,35,2005,186628.0,186628.0,5990.168253357036,0.09636586173994999,36,1,Current,Current,none,0,0.0,0.0,0.0,0,0.0,0.0,0,527
20258,2008-01-01,2007-09-01,4,2007,123130.0,123130.0,3459.1390949825927,0.15516741266682332,48,44,Current,Current,none,0,0.0,0.0,0.0,0,0.0,0.0,0,427
20270,2008-01-01,2005-10-01,27,2005,27176.0,27176.0,559.3696350750042,0.08638238972579503,60,33,Current,Current,none,0,0.0,0.0,0.0,0,0.0,0.0,0,149
20271,2008-01-01,2002-04-01,69,2002,39644.0,39644.0,748.3764381323623,0.10693415335158447,72,3,Current,Current,none,0,0.0,0.0,0.0,0,0.0,0.0,0,766
20272,2008-01-01,2005-03-01,34,2005,65981.0,65981.0,1427.6750265794901,0.10789654103745716,60,26,Current,Current,none,0,0.0,0.0,0.0,0,0.0,0.0,0,251
20273,2008-01-01,2003-10-01,51,2003,27164.0,27164.0,606.727092484944,0.12180376269528642,60,9,Current,Paid off,payoff,0,0.0,0.0,0.0,0,0.0,0.0,0,723
20293,2008-01-01,2007-03-01,10,2007,107634.0,107634.0,2326.5507261814546,0.10744838973756789,60,50,Current,Current,none,0,0.0,0.0,0.0,0,0.0,0.0,0,161
20295,2008-01-01,2006-06-01,19,2006,62588.0,62588.0,1316.4456170653154,0.0956474296826683,60,41,Current,Current,none,0,0.0,0.0,0.0,0,0.0,0.0,0,294
20307,2008-01-01,2006-03-01,22,2006,75668.0,75668.0,1642.4056035796773,0.10925762420368264,60,38,Current,Current,none,0,0.0,0.0,0.0,0,0.0,0.0,0,397
20323,2008-01-01,2005-12-01,25,2005,46253.0,46253.0,1137.407360956595,0.08378533361944007,48,23,Current,Current,none,0,0.0,0.0,0.0,0,0.0,0.0,0,426
20331,2008-01-01,2006-12-01,13,2006,51525.0,51525.0,1209.4734825693504,0.05974908966330864,48,35,Current,Paid off,payoff,0,0.0,0.0,0.0,0,0.0,0.0,0,389
20332,2008-01-01,2006-01-01,24,2006,40917.0,40917.0,795.2036860337128,0.11777258790972141,72,48,Current,Current,none,0,0.0,0.0,0.0,0,0.0,0.0,0,673
20357,2008-01-01,2006-04-01,21,2006,46127.0,46127.0,972.0334424843861,0.09645388024480929,60,39,Current,Current,none,0,0.0,0.0,0.0,0,0.0,0.0,0,780
20365,2008-01-01,2004-09-01,40,2004,50289.0,50289.0,1026.9321918763922,0.08300705062428797,60,20,Current,Current,none,0,0.0,0.0,0.0,0,0.0,0.0,0,329
20369,2008-01-01,2006-07-01,18,2006,32313.0,32313.0,672.3858120629478,0.09103294623466693,60,42,Current,Current,none,0,0.0,0.0,0.0,0,0.0,0.0,0,418
20371,2008-01-01,2004-08-01,41,2004,182385.0,182385.0,4595.595457376109,0.09655004219155378,48,7,Current,Current,none,0,0.0,0.0,0.0,0,0.0,0.0,0,847
20373,2008-01-01,2006-02-01,23,2006,60976.0,60976.0,1345.542911594671,0.16677859522242514,72,49,Current,Current,none,0,0.0,0.0,0.0,0,0.0,0.0,0,256
20383,2008-01-01,2007-01-01,12,2007,65054.0,65054.0,1669.8378886162438,0.10634717429074184,48,36,Current,Current,none,0,0.0,0.0,0.0,0,0.0,0.0,0,503
20386,2008-01-01,2004-07-01,42,2004,69186.0,69186.0,1602.217996001707,0.05283912296172014,48,6,Current,Current,none,0,0.0,0.0,0.0,0,0.0,0.0,0,392
20396,2008-01-01,2007-10-01,3,2007,33977.0,33977.0,1111.669216894572,0.10956849494370445,36,33,Current,Current,none,0,0.0,0.0,0.0,0,0.0,0.0,0,674
20405,2008-01-01,2005-10-01,27,2005,115933.0,115933.0,2567.3001258238924,0.11802331055329895,60,33,Current,Current,none,0,0.0,0.0,0.0,0,0.0,0.0,0,491
20406,2008-01-01,2006-01-01,24,2006,102528.0,102528.0,2078.6676848189413,0.07995302944508474,60,36,Current,Current,none,0,0.0,0.0,0.0,0,0.0,0.0,0,987
20416,2008-01-01,2007-03-01,10,2007,22934.0,22934.0,455.85221644395165,0.07159841928205544,60,50,Current,Current,none,0,0.0,0.0,0.0,0,0.0,0.0,0,183
20420,2008-01-01,2003-05-01,56,2003,47130.0,47130.0,1169.651216272152,0.1693483776307317,60,4,Current,Current,none,0,0.0,0.0,0.0,0,0.0,0.0,0,781
20423,2008-01-01,2006-11-01,14,2006,70751.0,70751.0,1193.6909447407775,0.06629631747366316,72,58,Current,Current,none,0,0.0,0.0,0.0,0,0.0,0.0,0,938
20427,2008-01-01,2007-12-01,1,2007,116658.0,116658.0,2743.22900859889,0.14474803024317417,60,59,Current,Current,none,0,0.0,0.0,0.0,0,0.0,0.0,0,516
20433,2008-01-01,2004-02-01,47,2004,19681.0,19681.0,510.1803770928294,0.1115833548556515,48,1,Current,Current,none,0,0.0,0.0,0.0,0,0.0,0.0,0,502
20434,2008-01-01,2006-08-01,17,2006,89672.0,89672.0,1833.7555666188446,0.0836096985218777,60,43,Current,Current,none,0,0.0,0.0,0.0,0,0.0,0.0,0,896
20435,2008-01-01,2005-02-01,35,2005,85394.0,85394.0,2029.5502198823074,0.1495610421514648,60,25,Current,Current,none,0,0.0,0.0,0.0,0,0.0,0.0,0,849
20444,2008-01-01,2006-07-01,18,2006,118428.0,118428.0,2393.1663354942825,0.07856473853220791,60,42,Current,Current,none,0,0.0,0.0,0.0,0,0.0,0.0,0,682
20446,2008-01-01,2007-01-01,12,2007,121735.0,121735.0,2913.8461107435087,0.06977865264616157,48,36,Current,Current,none,0,0.0,0.0,0.0,0,0.0,0.0,0,271
20454,2008-01-01,2004-03-01,46,2004,110794.0,110794.0,2768.096056444525,0.0920851305574068,48,2,Current,Current,none,0,0.0,0.0,0.0,0,0.0,0.0,0,441
20465,2008-01-01,2006-10-01,15,2006,112921.0,112921.0,2402.4439603759765,0.10057686603129755,60,45,Current,Current,none,0,0.0,0.0,0.0,0,0.0,0.0,0,475
20466,2008-01-01,2005-08-01,29,2005,56442.0,56442.0,1477.933974535051,0.11696372425788645,48,19,Current,Current,none,0,0.0,0.0,0.0,0,0.0,0.0,0,860
20468,2008-01-01,2004-02-01,47,2004,40283.0,40283.0,1023.6604286434417,0.10102262835844207,48,1,Current,Current,none,0,0.0,0.0,0.0,0,0.0,0.0,0,508
20479,2008-01-01,2007-11-01,2,2007,22974.0,22974.0,764.8853774931821,0.12165731678695152,36,34,Current,Current,none,0,0.0,0.0,0.0,0,0.0,0.0,0,907
20490,2008-01-01,2004-10-01,39,2004,87063.0,87063.0,1759.0837719166987,0.07850083556196652,60,21,Current,Current,none,0,0.0,0.0,0.0,0,0.0,0.0,0,903
20508,2008-01-01,2006-06-01,19,2006,120256.0,120256.0,2805.3346946731053,0.14115209101564916,60,41,Current,Current,none,0,0.0,0.0,0.0,0,0.0,0.0,0,638
20513,2008-01-01,2003-02-01,59,2003,39830.0,39830.0,765.1642444432234,0.11344027984674313,72,13,Current,Current,none,0,0.0,0.0,0.0,0,0.0,0.0,0,288
20516,2008-01-01,2004-06-01,43,2004,39350.0,39350.0,945.2899718946734,0.15442088002337817,60,17,Current,Current,none,0,0.0,0.0,0.0,0,0.0,0.0,0,635
20518,2008-01-01,2004-10-01,39,2004,45367.0,45367.0,936.3427430120034,0.08754256924720603,60,21,Current,Current,none,0,0.0,0.0,0.0,0,0.0,0.0,0,933
20549,2008-01-01,2004-09-01,40,2004,50483.0,50483.0,1031.5314039750826,0.1367711380567916,72,32,Current,Current,none,0,0.0,0.0,0.0,0,0.0,0.0,0,686
20557,2008-01-01,2004-12-01,37,2004,37320.0,37320.0,872.4527466215322,0.05765396263364159,48,11,Current,Current,none,0,0.0,0.0,0.0,0,0.0,0.0,0,748
20558,2008-01-01,2007-07-01,6,2007,41183.0,41183.0,804.6460557689993,0.1197713853881055,72,66,Current,Current,none,0,0.0,0.0,0.0,0,0.0,0.0,0,686
20562,2008-01-01,2003-12-01,49,2003,51506.0,51506.0,1086.9034959845603,0.09705570935306783,60,11,Current,Paid off,payoff,0,0.0,0.0,0.0,0,0.0,0.0,0,960
20564,2008-01-01,2005-01-01,36,2005,47709.0,47709.0,1192.2288374241407,0.09219922636583812,48,12,Current,Current,none,0,0.0,0.0,0.0,0,0.0,0.0,0,168
20565,2008-01-01,2004-08-01,41,2004,39163.0,39163.0,827.2274766000754,0.09746809087772564,60,19,Current,Current,none,0,0.0,0.0,0.0,0,0.0,0.0,0,220
20567,2008-01-01,2006-02-01,23,2006,38303.0,38303.0,850.1398004110519,0.11902329576564342,60,37,Current,Current,none,0,0.0,0.0,0.0,0,0.0,0.0,0,410
20577,2008-01-01,2007-04-01,9,2007,400000.0,400000.0,10645.361810864515,0.12567644378785808,48,39,Current,Current,none,0,0.0,0.0,0.0,0,0.0,0.0,0,553
20585,2008-01-01,2007-07-01,6,2007,21622.0,21622.0,391.93619741986817,0.09203560772636638,72,66,Current,Current,none,0,0.0,0.0,0.0,0,0.0,0.0,0,702
20586,2008-01-01,2004-11-01,38,2004,194285.0,194285.0,4364.943229777282,0.12438563123975319,60,22,Current,Current,none,0,0.0,0.0,0.0,0,0.0,0.0,0,280
20592,2008-01-01,2005-08-01,29,2005,46080.0,46080.0,1497.6998029095498,0.10499411186191024,36,7,Current,Current,none,0,0.0,0.0,0.0,0,0.0,0.0,0,465
20613,2008-01-01,2008-01-01,0,2008,37938.0,37938.0,1304.7792294997923,0.14441408807929462,36,36,Current,Current,none,0,0.0,0.0,0.0,0,0.0,0.0,0,713
20622,2008-01-01,2004-12-01,37,2004,47054.0,47054.0,1162.9416026275007,0.16743829945454844,60,23,Current,Current,none,0,0.0,0.0,0.0,0,0.0,0.0,0,835
20624,2008-01-01,2005-02-01,35,2005,63539.0,63539.0,1344.1329705115693,0.09811585465938504,60,25,Current,Current,none,0,0.0,0.0,0.0,0,0.0,0.0,0,300
20629,2008-01-01,2004-08-01,41,2004,149623.0,149623.0,3065.3437324081438,0.0843894115269705,60,19,Current,Current,none,0,0.0,0.0,0.0,0,0.0,0.0,0,781
20631,2008-01-01,2006-10-01,15,2006,19842.0,19842.0,526.3306150023228,0.12390726952375132,48,33,Current,Current,none,0,0.0,0.0,0.0,0,0.0,0.0,0,902
20639,2008-01-01,2006-01-01,24,2006,44095.0,44095.0,905.9222184842075,0.08558594532655624,60,36,Current,Current,none,0,0.0,0.0,0.0,0,0.0,0.0,0,444
20645,2008-01-01,2007-06-01,7,2007,66158.0,66158.0,1562.9319552345614,0.14683717316698366,60,53,Current,Current,none,0,0.0,0.0,0.0,0,0.0,0.0,0,691
20651,2008-01-01,2007-12-01,1,2007,48493.0,48493.0,893.075588548236,0.09782984166665058,72,71,Current,Current,none,0,0.0,0.0,0.0,0,0.0,0.0,0,676
20656,2008-01-01,2006-03-01,22,2006,32497.0,32497.0,806.4452525381176,0.08854456538007324,48,26,Current,Current,none,0,0.0,0.0,0.0,0,0.0,0.0,0,706
20662,2008-01-01,2006-08-01,17,2006,85628.0,85628.0,2068.3253856505808,0.07448292916651393,48,31,Current,Current,none,0,0.0,0.0,0.0,0,0.0,0.0,0,547
20665,2008-01-01,2006-11-01,14,2006,57257.0,57257.0,1212.5164639772977,0.09856972090542421,60,46,Current,Current,none,0,0.0,0.0,0.0,0,0.0,0.0,0,733
20666,2008-01-01,2007-08-01,5,2007,93216.0,93216.0,2507.545271775121,0.1314672023050548,48,43,Current,Current,none,0,0.0,0.0,0.0,0,0.0,0.0,0,762
20667,2008-01-01,2005-08-01,29,2005,51100.0,51100.0,1064.4802306240695,0.14420012610365807,72,43,Current,Current,none,0,0.0,0.0,0.0,0,0.0,0.0,0,401
20678,2008-01-01,2003-03-01,58,2003,103287.0,103287.0,2116.790113272947,0.08453764930934629,60,2,Current,Current,none,0,0.0,0.0,0.0,0,0.0,0.0,0,378
20695,2008-01-01,2007-02-01,11,2007,81779.0,81779.0,1828.7316312031726,0.12232021288991693,60,49,Current,Current,none,0,0.0,0.0,0.0,0,0.0,0.0,0,921
20697,2008-01-01,2007-03-01,10,2007,93392.0,93392.0,2615.399037399352,0.15342219500054255,48,38,Current,Current,none,0,0.0,0.0,0.0,0,0.0,0.0,0,848
20703,2008-01-01,2005-01-01,36,2005,17085.0,17085.0,381.1740756670198,0.12130504708189173,60,24,Current,Current,none,0,0.0,0.0,0.0,0,0.0,0.0,0,982
20711,2008-01-01,2006-11-01,14,2006,22107.0,22107.0,464.3760372822835,0.09508134812010677,60,46,Current,Current,none,0,0.0,0.0,0.0,0,0.0,0.0,0,405
20719,2008-01-01,2006-05-01,20,2006,45961.0,45961.0,962.5000053507226,0.09376723258324854,60,40,Current,Current,none,0,0.0,0.0,0.0,0,0.0,0.0,0,648
20720,2008-01-01,2007-05-01,8,2007,75601.0,75601.0,1491.3411875875267,0.06841438307125891,60,52,Current,Current,none,0,0.0,0.0,0.0,0,0.0,0.0,0,679
20723,2008-01-01,2002-09-01,64,2002,127787.0,127787.0,2161.8415060089524,0.06725577227906272,72,8,Current,Current,none,0,0.0,0.0,0.0,0,0.0,0.0,0,514
20724,2008-01-01,2004-05-01,44,2004,48085.0,48085.0,1524.960768822341,0.22382049779665975,48,4,Current,Current,none,0,0.0,0.0,0.0,0,0.0,0.0,0,241
20731,2008-01-01,2006-06-01,19,2006,35284.0,35284.0,1215.7919097286197,0.14574485701644446,36,17,Current,Current,none,0,0.0,0.0,0.0,0,0.0,0.0,0,508
20734,2008-01-01,2006-04-01,21,2006,146367.0,146367.0,3182.1730108962774,0.16089333495169642,72,51,Current,Current,none,0,0.0,0.0,0.0,0,0.0,0.0,0,989
20747,2008-01-01,2006-08-01,17,2006,218929.0,218929.0,4757.09673345612,0.10972974084108139,60,43,Current,Current,none,0,0.0,0.0,0.0,0,0.0,0.0,0,979
20749,2008-01-01,2007-07-01,6,2007,36609.0,36609.0,1214.4117929106997,0.11912414758680875,36,30,Current,Current,none,0,0.0,0.0,0.0,0,0.0,0.0,0,496
20751,2008-01-01,2006-10-01,15,2006,49955.0,49955.0,993.2246547701271,0.126357794740641,72,57,Current,Current,none,0,0.0,0.0,0.0,0,0.0,0.0,0,562
20756,2008-01-01,2005-03-01,34,2005,98940.0,98940.0,2428.981738488879,0.0829163512546746,48,14,Current,Current,none,0,0.0,0.0,0.0,0,0.0,0.0,0,717
20770,2008-01-01,2007-03-01,10,2007,41627.0,41627.0,1121.965980831483,0.13252208852877825,48,38,Current,Current,none,0,0.0,0.0,0.0,0,0.0,0.0,0,406
20787,2008-01-01,2005-01-01,36,2005,47007.0,47007.0,1331.8880349582014,0.1598739075673161,48,12,Current,Current,none,0,0.0,0.0,0.0,0,0.0,0.0,0,288
20790,2008-01-01,2007-04-01,9,2007,67654.0,67654.0,2157.6265405811237,0.09198240134081559,36,27,Current,Paid off,payoff,0,0.0,0.0,0.0,0,0.0,0.0,0,256
20798,2008-01-01,2005-09-01,28,2005,77064.0,77064.0,1959.2575921866019,0.10127321023639146,48,20,Current,Current,none,0,0.0,0.0,0.0,0,0.0,0.0,0,692
20799,2008-01-01,2006-06-01,19,2006,91530.0,91530.0,2030.654074741532,0.11883590172949621,60,41,Current,Current,none,0,0.0,0.0,0.0,0,0.0,0.0,0,606
20800,2008-01-01,2003-03-01,58,2003,54277.0,54277.0,1073.2519722554187,0.12428245292368903,72,14,Current,Current,none,0,0.0,0.0,0.0,0,0.0,0.0,0,187
20803,2008-01-01,2002-03-01,70,2002,23922.0,23922.0,505.55212349788377,0.1497852954205372,72,2,Current,Current,none,0,0.0,0.0,0.0,0,0.0,0.0,0,227
20808,2008-01-01,2005-11-01,26,2005,73210.0,73210.0,1679.2252147438523,0.1335867163038533,60,34,Current,Current,none,0,0.0,0.0,0.0,0,0.0,0.0,0,629
20809,2008-01-01,2006-08-01,17,2006,132398.0,132398.0,2508.8333975040678,0.10834029061854297,72,55,Current,Current,none,0,0.0,0.0,0.0,0,0.0,0.0,0,604
20822,2008-01-01,2007-08-01,5,2007,118799.0,118799.0,2088.996320489319,0.08104464838331411,72,67,Current,Current,none,0,0.0,0.0,0.0,0,0.0,0.0,0,218
20834,2008-01-01,2006-02-01,23,2006,81556.0,81556.0,1721.7109810381708,0.09722543760589115,60,37,Current,Current,none,0,0.0,0.0,0.0,0,0.0,0.0,0,473
20838,2008-01-01,2007-09-01,4,2007,19935.0,19935.0,449.61183053317865,0.12609930611782405,60,56,Current,Current,none,0,0.0,0.0,0.0,0,0.0,0.0,0,836
20840,2008-01-01,2004-08-01,41,2004,37119.0,37119.0,770.998907684736,0.09026057987967334,60,19,Current,Current,none,0,0.0,0.0,0.0,0,0.0,0.0,0,469
20854,2008-01-01,2007-05-01,8,2007,76216.0,76216.0,2504.5151801293064,0.11257413651898343,36,28,Current,Current,none,0,0.0,0.0,0.0,0,0.0,0.0,0,527
20859,2008-01-01,2005-01-01,36,2005,19995.0,19995.0,391.57750373005285,0.12064539863861969,72,36,Current,Current,none,0,0.0,0.0,0.0,0,0.0,0.0,0,320
20865,2008-01-01,2002-08-01,65,2002,28380.0,28380.0,554.8828054907785,0.12003275511648122,72,7,Current,Current,none,0,0.0,0.0,0.0,0,0.0,0.0,0,546
20868,2008-01-01,2002-05-01,68,2002,17347.0,17347.0,347.3328854598328,0.12902435302037868,72,4,Current,Current,none,0,0.0,0.0,0.0,0,0.0,0.0,0,583
20883,2008-01-01,2006-01-01,24,2006,48900.0,48900.0,920.0134376050263,0.10569241942072012,72,48,Current,Current,none,0,0.0,0.0,0.0,0,0.0,0.0,0,685
20889,2008-01-01,2005-11-01,26,2005,54247.0,54247.0,1346.6340639031555,0.16947062643398583,60,34,30 DPD,Delinquent,none,0,0.0,0.0,0.0,1,0.0,0.0,0,313
20910,2008-01-01,2006-02-01,23,2006,79009.0,79009.0,2140.291535069485,0.13525826746100092,48,25,Current,Current,none,0,0.0,0.0,0.0,0,0.0,0.0,0,460
20934,2008-01-01,2004-06-01,43,2004,50909.0,50909.0,1040.3222119257516,0.08330502983905176,60,17,Current,Current,none,0,0.0,0.0,0.0,0,0.0,0.0,0,454
20937,2008-01-01,2005-10-01,27,2005,57456.0,57456.0,1955.8347092558702,0.13717463845079195,36,9,Current,Current,none,0,0.0,0.0,0.0,0,0.0,0.0,0,843
20958,2008-01-01,2007-04-01,9,2007,73210.0,73210.0,1292.7078843215652,0.08254018831949424,72,63,Current,Current,none,0,0.0,0.0,0.0,0,0.0,0.0,0,218
20962,2008-01-01,2004-06-01,43,2004,19683.0,19683.0,561.2984417013848,0.16344281691435586,48,5,Current,Current,none,0,0.0,0.0,0.0,0,0.0,0.0,0,299
20982,2008-01-01,2004-03-01,46,2004,123321.0,123321.0,2581.5347177740978,0.09359888472182278,60,14,Current,Current,none,0,0.0,0.0,0.0,0,0.0,0.0,0,105
20990,2008-01-01,2007-04-01,9,2007,17147.0,17147.0,403.6061904242368,0.14518639504799102,60,51,Current,Current,none,0,0.0,0.0,0.0,0,0.0,0.0,0,464
21008,2008-01-01,2004-07-01,42,2004,35689.0,35689.0,892.5229050305921,0.09259296167021695,48,6,Current,Current,none,0,0.0,0.0,0.0,0,0.0,0.0,0,867
21015,2008-01-01,2003-03-01,58,2003,239492.0,239492.0,5341.97359004545,0.12120595366143451,60,2,Current,Current,none,0,0.0,0.0,0.0,0,0.0,0.0,0,703
21029,2008-01-01,2004-12-01,37,2004,73533.0,73533.0,1338.149067510429,0.09346401861173534,72,35,Current,Current,none,0,0.0,0.0,0.0,0,0.0,0.0,0,357
21030,2008-01-01,2006-05-01,20,2006,88454.0,88454.0,1955.2786716445391,0.11723615740079037,60,40,Current,Current,none,0,0.0,0.0,0.0,0,0.0,0.0,0,398
21031,2008-01-01,2007-06-01,7,2007,14490.0,14490.0,280.3475561479379,0.06031941555529362,60,53,Current,Current,none,0,0.0,0.0,0.0,0,0.0,0.0,0,308
21035,2008-01-01,2004-10-01,39,2004,99181.0,99181.0,2578.0232697020074,0.11303412908555778,48,9,Current,Current,none,0,0.0,0.0,0.0,0,0.0,0.0,0,574
21041,2008-01-01,2007-09-01,4,2007,39992.0,39992.0,769.200892000264,0.05786902618186804,60,56,Current,Current,none,0,0.0,0.0,0.0,0,0.0,0.0,0,710
21042,2008-01-01,2006-06-01,19,2006,39425.0,39425.0,800.337623085406,0.1342715755650947,72,53,Current,Current,none,0,0.0,0.0,0.0,0,0.0,0.0,0,748
21049,2008-01-01,2007-07-01,6,2007,65467.0,65467.0,1642.422594818302,0.09425958912725386,48,42,Current,Current,none,0,0.0,0.0,0.0,0,0.0,0.0,0,213
21053,2008-01-01,2007-02-01,11,2007,54991.0,54991.0,1365.1181492493013,0.08872177478495621,48,37,Current,Current,none,0,0.0,0.0,0.0,0,0.0,0.0,0,370
21056,2008-01-01,2006-09-01,16,2006,162963.0,162963.0,5248.778737535986,0.09874734335322634,36,20,Current,Current,none,0,0.0,0.0,0.0,0,0.0,0.0,0,447
21061,2008-01-01,2006-03-01,22,2006,43939.0,43939.0,1221.4080298408414,0.14935001728856295,48,26,Current,Current,none,0,0.0,0.0,0.0,0,0.0,0.0,0,153
21067,2008-01-01,2002-11-01,62,2002,51900.0,51900.0,891.1465378771476,0.07252379330620617,72,10,Current,Current,none,0,0.0,0.0,0.0,0,0.0,0.0,0,200
21078,2008-01-01,2007-09-01,4,2007,24555.0,24555.0,580.5928771605545,0.14722640266838408,60,56,Current,Current,none,0,0.0,0.0,0.0,0,0.0,0.0,0,694
21097,2008-01-01,2007-12-01,1,2007,213755.0,213755.0,4270.254525273885,0.12816395936274164,72,71,Current,Current,none,0,0.0,0.0,0.0,0,0.0,0.0,0,294
21105,2008-01-01,2006-03-01,22,2006,42884.0,42884.0,970.2050556087155,0.12747334339109076,60,38,Current,Current,none,0,0.0,0.0,0.0,0,0.0,0.0,0,702
21109,2008-01-01,2007-09-01,4,2007,94562.0,94562.0,2255.8173832539055,0.06804036280903865,48,44,Current,Current,none,0,0.0,0.0,0.0,0,0.0,0.0,0,490
21112,2008-01-01,2003-05-01,56,2003,21003.0,21003.0,482.6695956449179,0.1344395587591914,60,4,Current,Current,none,0,0.0,0.0,0.0,0,0.0,0.0,0,306
21118,2008-01-01,2005-05-01,32,2005,73044.0,73044.0,1809.8789526149073,0.08774125416096615,48,16,Current,Current,none,0,0.0,0.0,0.0,0,0.0,0.0,0,650
21130,2008-01-01,2005-07-01,30,2005,69427.0,69427.0,1226.3091679523272,0.08265759994962299,72,42,Current,Current,none,0,0.0,0.0,0.0,0,0.0,0.0,0,694
21132,2008-01-01,2006-02-01,23,2006,111438.0,111438.0,3527.2854164770156,0.08683096993111743,36,13,Current,Current,none,0,0.0,0.0,0.0,0,0.0,0.0,0,163
21134,2008-01-01,2003-05-01,56,2003,156533.0,156533.0,3042.523796778033,0.06223610183466077,60,4,Current,Current,none,0,0.0,0.0,0.0,0,0.0,0.0,0,355
21148,2008-01-01,2006-07-01,18,2006,35482.0,35482.0,841.7571508243028,0.14873342703020961,60,42,Current,Current,none,0,0.0,0.0,0.0,0,0.0,0.0,0,639
21151,2008-01-01,2004-08-01,41,2004,49786.0,49786.0,1021.842952682807,0.0851695670031441,60,19,Current,Current,none,0,0.0,0.0,0.0,0,0.0,0.0,0,660
21156,2008-01-01,2007-04-01,9,2007,46570.0,46570.0,851.0175701461446,0.09498507178008254,72,63,Current,Current,none,0,0.0,0.0,0.0,0,0.0,0.0,0,522
21168,2008-01-01,2007-01-01,12,2007,35460.0,35460.0,900.9407513916267,0.18025388223267674,60,48,Current,Current,none,0,0.0,0.0,0.0,0,0.0,0.0,0,862
21185,2008-01-01,2004-08-01,41,2004,95742.0,95742.0,2601.6706871699243,0.13695081138395973,48,7,Current,Current,none,0,0.0,0.0,0.0,0,0.0,0.0,0,954
21196,2008-01-01,2005-08-01,29,2005,30297.0,30297.0,1024.8415058047071,0.1327487461767673,36,7,Current,Current,none,0,0.0,0.0,0.0,0,0.0,0.0,0,404
21204,2008-01-01,2007-02-01,11,2007,165807.0,165807.0,4759.7204519782335,0.1671225874509256,48,37,Current,Current,none,0,0.0,0.0,0.0,0,0.0,0.0,0,453
21211,2008-01-01,2003-01-01,60,2003,60547.0,60547.0,1230.8195228272614,0.08108440744923706,60,0,Current,Matured,matured,0,0.0,0.0,0.0,0,0.0,0.0,0,518
21219,2008-01-01,2004-06-01,43,2004,45590.0,45590.0,1085.7051361101062,0.15046881122278355,60,17,Current,Current,none,0,0.0,0.0,0.0,0,0.0,0.0,0,834
21229,2008-01-01,2006-06-01,19,2006,61081.0,61081.0,1444.2936529041235,0.14724471899629568,60,41,Current,Current,none,0,0.0,0.0,0.0,0,0.0,0.0,0,819
21234,2008-01-01,2007-08-01,5,2007,21315.0,21315.0,473.52486132517714,0.11942831549322033,60,55,Current,Current,none,0,0.0,0.0,0.0,0,0.0,0.0,0,356
21248,2008-01-01,2004-05-01,44,2004,202205.0,202205.0,4173.08634897305,0.140600328274851,72,28,Current,Current,none,0,0.0,0.0,0.0,0,0.0,0.0,0,906
21254,2008-01-01,2004-05-01,44,2004,76815.0,76815.0,1808.6542134487927,0.061319790651343915,48,4,Current,Current,none,0,0.0,0.0,0.0,0,0.0,0.0,0,153
21259,2008-01-01,2004-09-01,40,2004,80736.0,80736.0,2103.64337909869,0.1143202594366005,48,8,Current,Current,none,0,0.0,0.0,0.0,0,0.0,0.0,0,718
21275,2008-01-01,2007-09-01,4,2007,13520.0,13520.0,325.7880144295797,0.1558243007402387,60,56,Current,Current,none,0,0.0,0.0,0.0,0,0.0,0.0,0,878
21281,2008-01-01,2006-10-01,15,2006,48324.0,48324.0,895.502548071434,0.10010666930585985,72,57,Current,Current,none,0,0.0,0.0,0.0,0,0.0,0.0,0,873
21283,2008-01-01,2007-09-01,4,2007,115201.0,115201.0,2782.920142155184,0.15696482667184972,60,56,Current,Current,none,0,0.0,0.0,0.0,0,0.0,0.0,0,781
21309,2008-01-01,2006-06-01,19,2006,13205.0,13205.0,417.25725997973774,0.08566648731659945,36,17,Current,Current,none,0,0.0,0.0,0.0,0,0.0,0.0,0,672
21318,2008-01-01,2005-08-01,29,2005,26065.0,26065.0,684.2149972074545,0.11829778302399037,48,19,Current,Current,none,0,0.0,0.0,0.0,0,0.0,0.0,0,572
21324,2008-01-01,2002-04-01,69,2002,68711.0,68711.0,1155.2340760732525,0.0650632713636191,72,3,Current,Current,none,0,0.0,0.0,0.0,0,0.0,0.0,0,510
21329,2008-01-01,2005-03-01,34,2005,71152.0,71152.0,1406.959338656353,0.0694231856496261,60,26,Current,Current,none,0,0.0,0.0,0.0,0,0.0,0.0,0,748
21335,2008-01-01,2004-04-01,45,2004,131769.0,131769.0,2701.9321846484445,0.08476209449812155,60,15,Current,Current,none,0,0.0,0.0,0.0,0,0.0,0.0,0,712
21338,2008-01-01,2006-12-01,13,2006,65195.0,65195.0,1649.254327127166,0.09863857280589879,48,35,Current,Current,none,0,0.0,0.0,0.0,0,0.0,0.0,0,484
21345,2008-01-01,2007-06-01,7,2007,58345.0,58345.0,1930.3108713731078,0.11727747178120415,36,29,Current,Current,none,0,0.0,0.0,0.0,0,0.0,0.0,0,458
21358,2008-01-01,2005-10-01,27,2005,83689.0,83689.0,2093.2674606101737,0.0926792399845615,48,21,Current,Current,none,0,0.0,0.0,0.0,0,0.0,0.0,0,868
21367,2008-01-01,2007-10-01,3,2007,100613.0,100613.0,1939.4211854177643,0.11470723929654032,72,69,Current,Current,none,0,0.0,0.0,0.0,0,0.0,0.0,0,370
21370,2008-01-01,2003-11-01,50,2003,29325.0,29325.0,671.0492801311948,0.1325374982891461,60,10,Current,Current,none,0,0.0,0.0,0.0,0,0.0,0.0,0,932
21372,2008-01-01,2004-10-01,39,2004,41953.0,41953.0,1281.354908916465,0.20210501069576398,48,9,30 DPD,Delinquent,none,0,0.0,0.0,0.0,1,0.0,0.0,0,542
21377,2008-01-01,2007-01-01,12,2007,16196.0,16196.0,519.2444461552369,0.09557943057357461,36,24,Current,Current,none,0,0.0,0.0,0.0,0,0.0,0.0,0,918
21387,2008-01-01,2005-06-01,31,2005,38957.0,38957.0,657.1811452109761,0.0662476927011782,72,41,Current,Current,none,0,0.0,0.0,0.0,0,0.0,0.0,0,575
21402,2008-01-01,2006-04-01,21,2006,16063.0,16063.0,339.23089374337593,0.09738848369661159,60,39,Current,Current,none,0,0.0,0.0,0.0,0,0.0,0.0,0,453
21414,2008-01-01,2006-03-01,22,2006,104395.0,104395.0,3341.985116850392,0.09457068332066378,36,14,Current,Current,none,0,0.0,0.0,0.0,0,0.0,0.0,0,616
21418,2008-01-01,2004-09-01,40,2004,60197.0,60197.0,1229.6489401864517,0.08314160230693893,60,20,Current,Current,none,0,0.0,0.0,0.0,0,0.0,0.0,0,411
21426,2008-01-01,2003-12-01,49,2003,74006.0,74006.0,1533.7274144004723,0.08929932521994531,60,11,Current,Current,none,0,0.0,0.0,0.0,0,0.0,0.0,0,988
21432,2008-01-01,2006-09-01,16,2006,81822.0,81822.0,1934.8705357604772,0.14727849883359176,60,44,Current,Current,none,0,0.0,0.0,0.0,0,0.0,0.0,0,591
21445,2008-01-01,2007-12-01,1,2007,50391.0,50391.0,1243.3866344419603,0.08556053540269515,48,47,Current,Current,none,0,0.0,0.0,0.0,0,0.0,0.0,0,361
21455,2008-01-01,2004-07-01,42,2004,81220.0,81220.0,2114.3372916053813,0.11383639422930694,48,6,Current,Current,none,0,0.0,0.0,0.0,0,0.0,0.0,0,938
21466,2008-01-01,2005-11-01,26,2005,51302.0,51302.0,1782.8790349920114,0.1517812868633816,36,10,Current,Current,none,0,0.0,0.0,0.0,0,0.0,0.0,0,467
21472,2008-01-01,2002-11-01,62,2002,34451.0,34451.0,680.605777462613,0.12394144091345989,72,10,Current,Current,none,0,0.0,0.0,0.0,0,0.0,0.0,0,671
21474,2008-01-01,2004-02-01,47,2004,80872.0,80872.0,1405.1191382554155,0.0767423511358485,72,25,Current,Current,none,0,0.0,0.0,0.0,0,0.0,0.0,0,270
21481,2008-01-01,2007-02-01,11,2007,48534.0,48534.0,1399.630584868322,0.16967336530767624,48,37,Current,Current,none,0,0.0,0.0,0.0,0,0.0,0.0,0,190
21482,2008-01-01,2007-11-01,2,2007,79446.0,79446.0,1345.9224195102167,0.06775373478665167,72,70,Current,Current,none,0,0.0,0.0,0.0,0,0.0,0.0,0,726
21483,2008-01-01,2007-10-01,3,2007,26218.0,26218.0,721.2567993249909,0.14365121925075322,48,45,Current,Current,none,0,0.0,0.0,0.0,0,0.0,0.0,0,997
21496,2008-01-01,2005-07-01,30,2005,79606.0,79606.0,1986.0958344371988,0.17179273765552122,60,30,Current,Current,none,0,0.0,0.0,0.0,0,0.0,0.0,0,472
21500,2008-01-01,2004-12-01,37,2004,16435.0,16435.0,347.22153296738566,0.14966742785949036,72,35,Current,Current,none,0,0.0,0.0,0.0,0,0.0,0.0,0,420
21505,2008-01-01,2006-05-01,20,2006,90267.0,90267.0,1984.3839268447514,0.11481841868411417,60,40,Current,Current,none,0,0.0,0.0,0.0,0,0.0,0.0,0,612
21512,2008-01-01,2003-03-01,58,2003,51243.0,51243.0,979.3043885337362,0.11149985766111219,72,14,Current,Current,none,0,0.0,0.0,0.0,0,0.0,0.0,0,191
21513,2008-01-01,2003-03-01,58,2003,37200.0,37200.0,812.4891804889197,0.11197618724127671,60,2,Current,Current,none,0,0.0,0.0,0.0,0,0.0,0.0,0,328
21528,2008-01-01,2005-02-01,35,2005,24055.0,24055.0,587.2717389452419,0.1617982584862525,60,25,Current,Current,none,0,0.0,0.0,0.0,0,0.0,0.0,0,869
21529,2008-01-01,2007-10-01,3,2007,39292.0,39292.0,848.459383623208,0.15821519786488267,72,69,Current,Current,none,0,0.0,0.0,0.0,0,0.0,0.0,0,872
21536,2008-01-01,2003-06-01,55,2003,51615.0,51615.0,1102.508696793699,0.10229690637462986,60,5,Current,Current,none,0,0.0,0.0,0.0,0,0.0,0.0,0,704
21537,2008-01-01,2005-01-01,36,2005,32432.0,32432.0,695.9047502695148,0.10426179279348513,60,24,Current,Current,none,0,0.0,0.0,0.0,0,0.0,0.0,0,749
21552,2008-01-01,2003-07-01,54,2003,27857.0,27857.0,579.6520260600512,0.09102481695629219,60,6,Current,Current,none,0,0.0,0.0,0.0,0,0.0,0.0,0,312
21565,2008-01-01,2005-04-01,33,2005,26298.0,26298.0,523.1177163297709,0.1265393604381982,72,39,Current,Current,none,0,0.0,0.0,0.0,0,0.0,0.0,0,186
21570,2008-01-01,2003-12-01,49,2003,59828.0,59828.0,1022.3339661575783,0.07080909838625424,72,23,Current,Current,none,0,0.0,0.0,0.0,0,0.0,0.0,0,382
21577,2008-01-01,2008-01-01,0,2008,60765.0,60765.0,1235.4483391621607,0.1348610918496433,72,72,Current,Current,none,0,0.0,0.0,0.0,0,0.0,0.0,0,916
21581,2008-01-01,2007-04-01,9,2007,76077.0,76077.0,1891.9105302094008,0.08964868390469291,48,39,Current,Current,none,0,0.0,0.0,0.0,0,0.0,0.0,0,558
21585,2008-01-01,2006-05-01,20,2006,58494.0,58494.0,1925.0484236357076,0.11361521864351848,36,16,Current,Current,none,0,0.0,0.0,0.0,0,0.0,0.0,0,246
21586,2008-01-01,2003-12-01,49,2003,78166.0,78166.0,1748.591945753355,0.12248520565096219,60,11,Current,Current,none,0,0.0,0.0,0.0,0,0.0,0.0,0,419
21619,2008-01-01,2003-03-01,58,2003,43670.0,43670.0,934.9056575446155,0.10327241911125987,60,2,Current,Current,none,0,0.0,0.0,0.0,0,0.0,0.0,0,994
21622,2008-01-01,2004-01-01,48,2004,35003.0,35003.0,705.6270092680128,0.07754369879927892,60,12,Current,Current,none,0,0.0,0.0,0.0,0,0.0,0.0,0,193
21623,2008-01-01,2004-11-01,38,2004,78738.0,78738.0,2105.436032554735,0.12823081939238973,48,10,Current,Current,none,0,0.0,0.0,0.0,0,0.0,0.0,0,874
21624,2008-01-01,2007-12-01,1,2007,170820.0,170820.0,2912.240042829864,0.06999131446592832,72,71,Current,Current,none,0,0.0,0.0,0.0,0,0.0,0.0,0,117
21626,2008-01-01,2006-04-01,21,2006,63005.0,63005.0,1770.3335193086132,0.15526379617809152,48,27,Current,Current,none,0,0.0,0.0,0.0,0,0.0,0.0,0,313
21646,2008-01-01,2004-09-01,40,2004,122659.0,122659.0,2951.0549402048528,0.07242722963865615,48,8,Current,Current,none,0,0.0,0.0,0.0,0,0.0,0.0,0,977
21649,2008-01-01,2007-02-01,11,2007,66968.0,66968.0,2110.033191039853,0.08371614212917036,36,25,Current,Current,none,0,0.0,0.0,0.0,0,0.0,0.0,0,190
21661,2008-01-01,2003-08-01,53,2003,63588.0,63588.0,1288.2969388491952,0.07965869330924402,60,7,Current,Current,none,0,0.0,0.0,0.0,0,0.0,0.0,0,268
21665,2008-01-01,2007-06-01,7,2007,51556.0,51556.0,1743.926837615667,0.13273578636769812,36,29,Current,Current,none,0,0.0,0.0,0.0,0,0.0,0.0,0,381
21666,2008-01-01,2007-04-01,9,2007,51145.0,51145.0,1110.6711016048366,0.10947244762082704,60,51,Current,Current,none,0,0.0,0.0,0.0,0,0.0,0.0,0,779
21667,2008-01-01,2006-04-01,21,2006,46710.0,46710.0,927.0101032818651,0.07095049397010322,60,39,Current,Current,none,0,0.0,0.0,0.0,0,0.0,0.0,0,596
21669,2008-01-01,2006-09-01,16,2006,93483.0,93483.0,1681.5678190313783,0.08924226482808147,72,56,Current,Current,none,0,0.0,0.0,0.0,0,0.0,0.0,0,539
21675,2008-01-01,2007-07-01,6,2007,23224.0,23224.0,782.2586817316003,0.12977679231188305,36,30,Current,Current,none,0,0.0,0.0,0.0,0,0.0,0.0,0,546
21676,2008-01-01,2008-01-01,0,2008,38104.0,38104.0,1163.9956222858264,0.0627756032658195,36,36,Current,Current,none,0,0.0,0.0,0.0,0,0.0,0.0,0,276
21677,2008-01-01,2004-08-01,41,2004,45655.0,45655.0,901.8126435758943,0.12388419916159567,72,31,Current,Current,none,0,0.0,0.0,0.0,0,0.0,0.0,0,156
21681,2008-01-01,2005-04-01,33,2005,51084.0,51084.0,1731.6279188287876,0.13422174805624834,36,3,Current,Current,none,0,0.0,0.0,0.0,0,0.0,0.0,0,520
21685,2008-01-01,2003-08-01,53,2003,60685.0,60685.0,1231.086236993346,0.08021112164742321,60,7,Current,Current,none,0,0.0,0.0,0.0,0,0.0,0.0,0,397
21687,2008-01-01,2006-11-01,14,2006,69758.0,69758.0,1480.1689095258348,0.09942220397078086,60,46,Current,Current,none,0,0.0,0.0,0.0,0,0.0,0.0,0,623
21690,2008-01-01,2007-08-01,5,2007,136319.0,136319.0,2892.5209680209878,0.09942505321002625,60,55,Current,Current,none,0,0.0,0.0,0.0,0,0.0,0.0,0,240
21698,2008-01-01,2005-10-01,27,2005,136423.0,136423.0,2752.317802625463,0.07787569441135724,60,33,Current,Current,none,0,0.0,0.0,0.0,0,0.0,0.0,0,226
21709,2008-01-01,2005-10-01,27,2005,25530.0,25530.0,790.4818417043087,0.07187421355868157,36,9,Current,Current,none,0,0.0,0.0,0.0,0,0.0,0.0,0,254
21718,2008-01-01,2006-03-01,22,2006,39026.0,39026.0,954.7796002849368,0.08111337333416198,48,26,Current,Current,none,0,0.0,0.0,0.0,0,0.0,0.0,0,396
21720,2008-01-01,2004-08-01,41,2004,90751.0,90751.0,1621.1004237619395,0.08671979494115557,72,31,Current,Current,none,0,0.0,0.0,0.0,0,0.0,0.0,0,664
21727,2008-01-01,2007-11-01,2,2007,36693.0,36693.0,911.3333220191672,0.08898148407849363,48,46,Current,Current,none,0,0.0,0.0,0.0,0,0.0,0.0,0,367
21728,2008-01-01,2007-06-01,7,2007,17773.0,17773.0,399.84032730658095,0.12498282164725368,60,53,Current,Current,none,0,0.0,0.0,0.0,0,0.0,0.0,0,870
21736,2008-01-01,2005-05-01,32,2005,62641.0,62641.0,1509.811518717331,0.07336362420494652,48,16,Current,Current,none,0,0.0,0.0,0.0,0,0.0,0.0,0,836
21742,2008-01-01,2006-03-01,22,2006,19824.0,19824.0,453.93405340667755,0.13283002230395263,60,38,Current,Current,none,0,0.0,0.0,0.0,0,0.0,0.0,0,866
21773,2008-01-01,2005-11-01,26,2005,32605.0,32605.0,658.6630193560886,0.07842892709305434,60,34,Current,Current,none,0,0.0,0.0,0.0,0,0.0,0.0,0,876
21778,2008-01-01,2007-03-01,10,2007,68992.0,68992.0,1233.475367728,0.08703082413438648,72,62,Current,Current,none,0,0.0,0.0,0.0,0,0.0,0.0,0,466
21788,2008-01-01,2007-04-01,9,2007,27147.0,27147.0,553.4948050239394,0.0823448681986503,60,51,Current,Current,none,0,0.0,0.0,0.0,0,0.0,0.0,0,213
21798,2008-01-01,2004-04-01,45,2004,47940.0,47940.0,1125.6747559823918,0.14409141372272435,60,15,Current,Current,none,0,0.0,0.0,0.0,0,0.0,0.0,0,266
21800,2008-01-01,2005-08-01,29,2005,135477.0,135477.0,2629.355414849313,0.06161811884858659,60,31,Current,Current,none,0,0.0,0.0,0.0,0,0.0,0.0,0,949
21804,2008-01-01,2007-03-01,10,2007,37114.0,37114.0,1182.9281983538867,0.09156950173982907,36,26,Current,Current,none,0,0.0,0.0,0.0,0,0.0,0.0,0,144
21806,2008-01-01,2006-08-01,17,2006,27302.0,27302.0,655.5334363836938,0.15419040014632548,60,43,Current,Current,none,0,0.0,0.0,0.0,0,0.0,0.0,0,530
21813,2008-01-01,2007-10-01,3,2007,253131.0,253131.0,7911.2172446213,0.07820122540833656,36,33,Current,Current,none,0,0.0,0.0,0.0,0,0.0,0.0,0,409
21817,2008-01-01,2005-04-01,33,2005,43220.0,43220.0,900.9563155176593,0.0917999084445297,60,27,Current,Current,none,0,0.0,0.0,0.0,0,0.0,0.0,0,667
21823,2008-01-01,2007-07-01,6,2007,66043.0,66043.0,1208.4415493789245,0.09546171677934952,72,66,Current,Current,none,0,0.0,0.0,0.0,0,0.0,0.0,0,194
21834,2008-01-01,2008-01-01,0,2008,80644.0,80644.0,1535.3664692743646,0.11009252519829983,72,72,Current,Current,none,0,0.0,0.0,0.0,0,0.0,0.0,0,971
21840,2008-01-01,2005-09-01,28,2005,24940.0,24940.0,824.2045164735324,0.11650217555447205,36,8,Current,Current,none,0,0.0,0.0,0.0,0,0.0,0.0,0,663
21844,2008-01-01,2006-04-01,21,2006,27829.0,27829.0,625.5472045029744,0.12461280719318997,60,39,Current,Current,none,0,0.0,0.0,0.0,0,0.0,0.0,0,921
21846,2008-01-01,2006-06-01,19,2006,19121.0,19121.0,382.7107643200151,0.07452125500760963,60,41,Current,Current,none,0,0.0,0.0,0.0,0,0.0,0.0,0,425
21851,2008-01-01,2006-01-01,24,2006,189892.0,189892.0,4958.572482952073,0.11548283907403777,48,24,Current,Current,none,0,0.0,0.0,0.0,0,0.0,0.0,0,633
21852,2008-01-01,2007-01-01,12,2007,29462.0,29462.0,735.5843900442578,0.09172906338598004,48,36,Current,Current,none,0,0.0,0.0,0.0,0,0.0,0.0,0,520
21853,2008-01-01,2007-02-01,11,2007,46872.0,46872.0,1440.2409955701328,0.06671465977819176,36,25,Current,Current,none,0,0.0,0.0,0.0,0,0.0,0.0,0,184
21855,2008-01-01,2004-07-01,42,2004,112155.0,112155.0,2281.187324304439,0.08131935535172569,60,18,Current,Current,none,0,0.0,0.0,0.0,0,0.0,0.0,0,302
21864,2008-01-01,2004-12-01,37,2004,25775.0,25775.0,593.0281401126551,0.13496186226290535,60,23,Current,Current,none,0,0.0,0.0,0.0,0,0.0,0.0,0,821
21875,2008-01-01,2004-07-01,42,2004,35208.0,35208.0,699.189091837197,0.07122008820142313,60,18,Current,Current,none,0,0.0,0.0,0.0,0,0.0,0.0,1,669
21896,2008-01-01,2005-11-01,26,2005,39523.0,39523.0,831.1046470660259,0.09554243717516275,60,34,Current,Current,none,0,0.0,0.0,0.0,0,0.0,0.0,0,197
21897,2008-01-01,2003-07-01,54,2003,34342.0,34342.0,643.1314649236286,0.10398171303732005,72,18,Current,Current,none,0,0.0,0.0,0.0,0,0.0,0.0,0,923
21900,2008-01-01,2006-06-01,19,2006,23645.0,23645.0,557.4843303429046,0.062009278794742446,48,29,Current,Current,none,0,0.0,0.0,0.0,0,0.0,0.0,0,397
21910,2008-01-01,2007-12-01,1,2007,47749.0,47749.0,1724.6308600502941,0.17932773143480482,36,35,Current,Current,none,0,0.0,0.0,0.0,0,0.0,0.0,0,617
21917,2008-01-01,2005-02-01,35,2005,39739.0,39739.0,670.5970180714506,0.06636582047271158,72,37,Current,Current,none,0,0.0,0.0,0.0,0,0.0,0.0,1,795
21919,2008-01-01,2005-02-01,35,2005,40841.0,40841.0,829.3862417540105,0.08065355669853595,60,25,Current,Current,none,0,0.0,0.0,0.0,0,0.0,0.0,0,625
21925,2008-01-01,2005-06-01,31,2005,39493.0,39493.0,806.9682518296548,0.08326884032324477,60,29,Current,Current,none,0,0.0,0.0,0.0,0,0.0,0.0,0,609
21929,2008-01-01,2003-11-01,50,2003,44546.0,44546.0,911.8081745532737,0.08401129540980823,60,10,Current,Current,none,0,0.0,0.0,0.0,0,0.0,0.0,0,925
21951,2008-01-01,2003-05-01,56,2003,20824.0,20824.0,389.3987328458695,0.10343480096845822,72,16,Current,Current,none,0,0.0,0.0,0.0,0,0.0,0.0,0,967
21953,2008-01-01,2005-09-01,28,2005,49665.0,49665.0,871.626234913542,0.08034540022193777,72,44,Current,Current,none,0,0.0,0.0,0.0,0,0.0,0.0,0,183
21961,2008-01-01,2003-06-01,55,2003,45305.0,45305.0,946.3354739127252,0.1452535446148855,72,17,Current,Current,none,0,0.0,0.0,0.0,0,0.0,0.0,0,568
21963,2008-01-01,2007-02-01,11,2007,54938.0,54938.0,1113.3854356694262,0.07978731626988905,60,49,Current,Current,none,0,0.0,0.0,0.0,0,0.0,0.0,0,292
21978,2008-01-01,2007-10-01,3,2007,40607.0,40607.0,1488.6203989848225,0.1900630228143342,36,33,Current,Current,none,0,0.0,0.0,0.0,0,0.0,0.0,0,777
21990,2008-01-01,2004-03-01,46,2004,50182.0,50182.0,1492.1387105335298,0.18685740063371054,48,2,Current,Current,none,0,0.0,0.0,0.0,0,0.0,0.0,0,939
21993,2008-01-01,2007-02-01,11,2007,115153.0,115153.0,2231.158899744429,0.11663418506976046,72,61,Current,Current,none,0,0.0,0.0,0.0,0,0.0,0.0,0,696
22010,2008-01-01,2004-05-01,44,2004,48974.0,48974.0,1166.7097284815338,0.06734034818200006,48,4,Current,Current,none,0,0.0,0.0,0.0,0,0.0,0.0,0,852
22013,2008-01-01,2006-07-01,18,2006,35209.0,35209.0,749.6162404569484,0.10088207335271633,60,42,Current,Current,none,0,0.0,0.0,0.0,0,0.0,0.0,0,245
22020,2008-01-01,2005-05-01,32,2005,31094.0,31094.0,792.5114692068818,0.10259941525345852,48,16,Current,Current,none,0,0.0,0.0,0.0,0,0.0,0.0,0,446
22026,2008-01-01,2007-09-01,4,2007,62252.0,62252.0,1486.600183002213,0.06857873324001676,48,44,Current,Current,none,0,0.0,0.0,0.0,0,0.0,0.0,0,112
22027,2008-01-01,2006-10-01,15,2006,69483.0,69483.0,1257.2129433681223,0.09137430509476492,72,57,30 DPD,Delinquent,none,0,0.0,0.0,0.0,1,0.0,0.0,0,464
22031,2008-01-01,2005-01-01,36,2005,18736.0,18736.0,393.03527082390957,0.09450223614196587,60,24,Current,Current,none,0,0.0,0.0,0.0,0,0.0,0.0,0,366
22042,2008-01-01,2004-03-01,46,2004,83019.0,83019.0,1970.6954307929495,0.06549705049435545,48,2,Current,Current,none,0,0.0,0.0,0.0,0,0.0,0.0,0,212
22048,2008-01-01,2007-05-01,8,2007,32496.0,32496.0,692.0987147721993,0.10103418019530673,60,52,Current,Current,none,0,0.0,0.0,0.0,0,0.0,0.0,0,787
22080,2008-01-01,2007-05-01,8,2007,91608.0,91608.0,2421.7152795901247,0.1989524644409959,60,52,Current,Current,none,0,0.0,0.0,0.0,0,0.0,0.0,0,967
22099,2008-01-01,2005-12-01,25,2005,37910.0,37910.0,813.8416557508742,0.10447152930465499,60,35,Current,Current,none,0,0.0,0.0,0.0,0,0.0,0.0,0,344
22104,2008-01-01,2005-04-01,33,2005,24470.0,24470.0,770.1709822591315,0.08298149869161604,36,3,Current,Current,none,0,0.0,0.0,0.0,0,0.0,0.0,0,559
22105,2008-01-01,2005-04-01,33,2005,107385.0,107385.0,2826.510990318767,0.1197443123309096,48,15,Current,Current,none,0,0.0,0.0,0.0,0,0.0,0.0,0,904
22110,2008-01-01,2007-12-01,1,2007,18688.0,18688.0,375.9107317137089,0.07662140106854312,60,59,Current,Current,none,0,0.0,0.0,0.0,0,0.0,0.0,0,253
22116,2008-01-01,2004-07-01,42,2004,52229.0,52229.0,1351.6276334763058,0.1106864741874787,48,6,Current,Current,none,0,0.0,0.0,0.0,0,0.0,0.0,0,568
22123,2008-01-01,2007-07-01,6,2007,98372.0,98372.0,2231.003160743352,0.12855655175977554,60,54,Current,Current,none,0,0.0,0.0,0.0,0,0.0,0.0,0,756
22129,2008-01-01,2006-08-01,17,2006,70427.0,70427.0,1293.213396108085,0.09675199575488966,72,55,Current,Current,none,0,0.0,0.0,0.0,0,0.0,0.0,0,503
22146,2008-01-01,2004-12-01,37,2004,67811.0,67811.0,1589.4144878694765,0.1432846314464376,60,23,Current,Current,none,0,0.0,0.0,0.0,0,0.0,0.0,0,810
22147,2008-01-01,2004-07-01,42,2004,44910.0,44910.0,942.892050385172,0.0948625926801084,60,18,Current,Current,none,0,0.0,0.0,0.0,0,0.0,0.0,0,443
22152,2008-01-01,2006-09-01,16,2006,47146.0,47146.0,1488.8353000258514,0.08525273310576256,36,20,Current,Current,none,0,0.0,0.0,0.0,0,0.0,0.0,0,418
22163,2008-01-01,2007-12-01,1,2007,60605.0,60605.0,1521.1905987666512,0.09451713469558277,48,47,Current,Current,none,0,0.0,0.0,0.0,0,0.0,0.0,0,374
22173,2008-01-01,2003-11-01,50,2003,95323.0,95323.0,1922.8593238798983,0.07781613865704574,60,10,Current,Current,none,0,0.0,0.0,0.0,0,0.0,0.0,0,499
22179,2008-01-01,2006-11-01,14,2006,84015.0,84015.0,2063.4494425038865,0.08313799750522446,48,34,Current,Current,none,0,0.0,0.0,0.0,0,0.0,0.0,0,403
22180,2008-01-01,2003-10-01,51,2003,109502.0,109502.0,2449.237745319083,0.12242252619808258,60,9,Current,Current,none,0,0.0,0.0,0.0,0,0.0,0.0,0,967
22185,2008-01-01,2007-04-01,9,2007,60967.0,60967.0,1631.9731355996398,0.1288033066385046,48,39,Current,Current,none,0,0.0,0.0,0.0,0,0.0,0.0,0,369
22186,2008-01-01,2007-03-01,10,2007,97041.0,97041.0,2046.1935582930753,0.14891004157558707,72,62,Current,Current,none,0,0.0,0.0,0.0,0,0.0,0.0,0,941
22187,2008-01-01,2006-07-01,18,2006,61696.0,61696.0,1359.520458643598,0.11585979446715944,60,42,Current,Current,none,0,0.0,0.0,0.0,0,0.0,0.0,0,329
22192,2008-01-01,2006-11-01,14,2006,46740.0,46740.0,1199.6576713777022,0.18500745107533798,60,46,Current,Current,none,0,0.0,0.0,0.0,0,0.0,0.0,0,363
22205,2008-01-01,2005-12-01,25,2005,36016.0,36016.0,853.6830559367729,0.14834000146032914,60,35,Current,Current,none,0,0.0,0.0,0.0,0,0.0,0.0,0,133
22211,2008-01-01,2006-06-01,19,2006,101227.0,101227.0,2022.7720061818952,0.07383289632878823,60,41,Current,Current,none,0,0.0,0.0,0.0,0,0.0,0.0,0,422
22218,2008-01-01,2007-02-01,11,2007,115005.0,115005.0,2743.927080392189,0.15131854426655142,60,49,Current,Current,none,0,0.0,0.0,0.0,0,0.0,0.0,0,676
22222,2008-01-01,2007-12-01,1,2007,89156.0,89156.0,1879.9814078738927,0.14892036456541163,72,71,Current,Current,none,0,0.0,0.0,0.0,0,0.0,0.0,0,911
22229,2008-01-01,2007-06-01,7,2007,70179.0,70179.0,1442.8572936415096,0.085894565719428,60,53,Current,Current,none,0,0.0,0.0,0.0,0,0.0,0.0,0,151
22230,2008-01-01,2004-11-01,38,2004,76850.0,76850.0,1395.7270984234158,0.09273759028596094,72,34,Current,Current,none,0,0.0,0.0,0.0,0,0.0,0.0,0,133
22268,2008-01-01,2003-02-01,59,2003,135485.0,135485.0,2892.833757819584,0.15379574262654114,72,13,Current,Current,none,0,0.0,0.0,0.0,0,0.0,0.0,0,197
22271,2008-01-01,2005-07-01,30,2005,42246.0,42246.0,1345.2839938981504,0.09095194887439892,36,6,Current,Current,none,0,0.0,0.0,0.0,0,0.0,0.0,0,829
22283,2008-01-01,2005-07-01,30,2005,85803.0,85803.0,1803.7179070743891,0.09540416976921462,60,30,Current,Current,none,0,0.0,0.0,0.0,0,0.0,0.0,0,853
22284,2008-01-01,2004-01-01,48,2004,41051.0,41051.0,1031.3194785272349,0.09499469230413073,48,0,Current,Matured,matured,0,0.0,0.0,0.0,0,0.0,0.0,0,489
22289,2008-01-01,2006-10-01,15,2006,33474.0,33474.0,674.2374700151057,0.07718884563675756,60,45,Current,Current,none,0,0.0,0.0,0.0,0,0.0,0.0,0,522
22294,2008-01-01,2005-06-01,31,2005,27140.0,27140.0,894.9443668297838,0.11498105925728026,36,5,Current,Current,none,0,0.0,0.0,0.0,0,0.0,0.0,0,162
22303,2008-01-01,2003-07-01,54,2003,14954.0,14954.0,328.7129917323341,0.11478090307919535,60,6,Current,Current,none,0,0.0,0.0,0.0,0,0.0,0.0,0,538
22306,2008-01-01,2007-03-01,10,2007,29839.0,29839.0,775.376849853047,0.11287472129246151,48,38,Current,Current,none,0,0.0,0.0,0.0,0,0.0,0.0,0,118
22308,2008-01-01,2005-04-01,33,2005,31802.0,31802.0,684.820123696021,0.10580640351970576,60,27,Current,Current,none,0,0.0,0.0,0.0,0,0.0,0.0,0,122
22309,2008-01-01,2006-12-01,13,2006,29099.0,29099.0,567.35998359167,0.1189874379211023,72,59,Current,Current,none,0,0.0,0.0,0.0,0,0.0,0.0,0,276
22311,2008-01-01,2007-05-01,8,2007,178814.0,178814.0,3853.934204733855,0.15746945054519973,72,64,Current,Current,none,0,0.0,0.0,0.0,0,0.0,0.0,0,448
22315,2008-01-01,2006-07-01,18,2006,53781.0,53781.0,1032.828674679543,0.11331576467466153,72,54,Current,Current,none,0,0.0,0.0,0.0,0,0.0,0.0,0,236
22339,2008-01-01,2007-11-01,2,2007,57211.0,57211.0,1252.0268049730207,0.11284095329514846,60,58,Current,Current,none,0,0.0,0.0,0.0,0,0.0,0.0,0,770
22353,2008-01-01,2004-12-01,37,2004,47469.0,47469.0,882.799022716628,0.10141711094617614,72,35,Current,Current,none,0,0.0,0.0,0.0,0,0.0,0.0,0,612
22365,2008-01-01,2004-08-01,41,2004,30635.0,30635.0,586.6862402487582,0.11227583194722858,72,31,Current,Current,none,0,0.0,0.0,0.0,0,0.0,0.0,0,794
22370,2008-01-01,2002-05-01,68,2002,114451.0,114451.0,2092.4258057339966,0.09515177422506159,72,4,Current,Current,none,0,0.0,0.0,0.0,0,0.0,0.0,0,873
22380,2008-01-01,2003-03-01,58,2003,34979.0,34979.0,735.4583944051584,0.09548789744806886,60,2,Current,Current,none,0,0.0,0.0,0.0,0,0.0,0.0,0,128
22390,2008-01-01,2006-12-01,13,2006,82449.0,82449.0,2850.304170841334,0.14806227113085543,36,23,Current,Current,none,0,0.0,0.0,0.0,0,0.0,0.0,0,423
22392,2008-01-01,2006-01-01,24,2006,23588.0,23588.0,604.8137834768687,0.10577327381479784,48,24,Current,Current,none,0,0.0,0.0,0.0,0,0.0,0.0,0,827
22395,2008-01-01,2006-10-01,15,2006,185503.0,185503.0,3927.7370145184295,0.09850260973301579,60,45,Current,Current,none,0,0.0,0.0,0.0,0,0.0,0.0,0,988
22409,2008-01-01,2007-04-01,9,2007,134783.0,134783.0,3738.984100443045,0.1482233027108107,48,39,30 DPD,Delinquent,none,0,0.0,0.0,0.0,1,0.0,0.0,0,520
22423,2008-01-01,2008-01-01,0,2008,17053.0,17053.0,394.51554875006747,0.13741923887178745,60,60,Current,Current,none,0,0.0,0.0,0.0,0,0.0,0.0,0,863
22434,2008-01-01,2006-03-01,22,2006,86077.0,86077.0,1877.084967720854,0.11129465766354264,60,38,Current,Current,none,0,0.0,0.0,0.0,0,0.0,0.0,0,509
22440,2008-01-01,2004-05-01,44,2004,43411.0,43411.0,1059.8987239054716,0.1618308154203818,60,16,Current,Current,none,0,0.0,0.0,0.0,0,0.0,0.0,0,333
22449,2008-01-01,2006-07-01,18,2006,33536.0,33536.0,783.0360046625071,0.1415582937139536,60,42,Current,Current,none,0,0.0,0.0,0.0,0,0.0,0.0,0,623
22451,2008-01-01,2006-01-01,24,2006,122097.0,122097.0,2964.1373463457753,0.07709745643005539,48,24,Current,Current,none,0,0.0,0.0,0.0,0,0.0,0.0,0,645
22458,2008-01-01,2007-12-01,1,2007,50389.0,50389.0,1610.2054108462169,0.09334184285561119,36,35,Current,Current,none,0,0.0,0.0,0.0,0,0.0,0.0,0,232
22475,2008-01-01,2004-04-01,45,2004,28174.0,28174.0,501.75452068893173,0.0856242750856237,72,27,Current,Current,none,0,0.0,0.0,0.0,0,0.0,0.0,0,551
22479,2008-01-01,2005-03-01,34,2005,33518.0,33518.0,716.4843723988366,0.10261835314120206,60,26,Current,Current,none,0,0.0,0.0,0.0,0,0.0,0.0,0,719
22496,2008-01-01,2004-01-01,48,2004,119736.0,119736.0,2364.9169055123825,0.06893718778554858,60,12,Current,Current,none,0,0.0,0.0,0.0,0,0.0,0.0,0,737
22498,2008-01-01,2005-01-01,36,2005,149300.0,149300.0,2601.208513001009,0.0777317656804494,72,36,Current,Current,none,0,0.0,0.0,0.0,0,0.0,0.0,0,998
22512,2008-01-01,2007-06-01,7,2007,27667.0,27667.0,679.1527385840254,0.16430511878548829,60,53,Current,Current,none,0,0.0,0.0,0.0,0,0.0,0.0,0,169
22518,2008-01-01,2004-04-01,45,2004,33131.0,33131.0,829.2860483021136,0.09305834906115568,48,3,Current,Current,none,0,0.0,0.0,0.0,0,0.0,0.0,0,197
22520,2008-01-01,2004-02-01,47,2004,132063.0,132063.0,2587.7822283491487,0.12086221028299735,72,25,Current,Current,none,0,0.0,0.0,0.0,0,0.0,0.0,0,793
22524,2008-01-01,2006-11-01,14,2006,74301.0,74301.0,1292.3988497286946,0.07714357264948228,72,58,Current,Current,none,0,0.0,0.0,0.0,0,0.0,0.0,0,754
22531,2008-01-01,2007-03-01,10,2007,21582.0,21582.0,482.8481849251676,0.17226538533960906,72,62,Current,Current,none,0,0.0,0.0,0.0,0,0.0,0.0,0,395
22558,2008-01-01,2006-08-01,17,2006,81316.0,81316.0,2565.128032160106,0.08451744510109362,36,19,Current,Current,none,0,0.0,0.0,0.0,0,0.0,0.0,0,281
22562,2008-01-01,2003-02-01,59,2003,56298.0,56298.0,1090.9275097678951,0.060965570893873625,60,1,Current,Current,none,0,0.0,0.0,0.0,0,0.0,0.0,0,685
22565,2008-01-01,2006-03-01,22,2006,66510.0,66510.0,1587.204723272469,0.06822871435273999,48,26,Current,Current,none,0,0.0,0.0,0.0,0,0.0,0.0,0,743
22576,2008-01-01,2006-09-01,16,2006,61928.0,61928.0,1987.1054503779876,0.0961631769217783,36,20,Current,Current,none,0,0.0,0.0,0.0,0,0.0,0.0,0,630
22585,2008-01-01,2005-05-01,32,2005,112447.0,112447.0,2335.4904351786536,0.09023371139252917,60,28,Current,Current,none,0,0.0,0.0,0.0,0,0.0,0.0,0,269
22589,2008-01-01,2004-07-01,42,2004,12440.0,12440.0,249.64013250492528,0.0756223319901173,60,18,Current,Current,none,0,0.0,0.0,0.0,0,0.0,0.0,0,167
22604,2008-01-01,2004-09-01,40,2004,40786.0,40786.0,1040.7621355403269,0.10322270079042013,48,8,Current,Current,none,0,0.0,0.0,0.0,0,0.0,0.0,0,679
22627,2008-01-01,2006-12-01,13,2006,75573.0,75573.0,1526.9972688837254,0.07851905595222869,60,47,Current,Current,none,0,0.0,0.0,0.0,0,0.0,0.0,0,827
22632,2008-01-01,2006-02-01,23,2006,34050.0,34050.0,795.8918504161999,0.14204120705157566,60,37,Current,Current,none,0,0.0,0.0,0.0,0,0.0,0.0,0,933
22639,2008-01-01,2004-09-01,40,2004,53871.0,53871.0,1450.8952353552222,0.13211865961570446,48,8,Current,Current,none,0,0.0,0.0,0.0,0,0.0,0.0,0,784
22643,2008-01-01,2003-09-01,52,2003,26750.0,26750.0,594.2846292547501,0.11944175107873754,60,8,Current,Current,none,0,0.0,0.0,0.0,0,0.0,0.0,0,143
22656,2008-01-01,2007-08-01,5,2007,15375.0,15375.0,316.07386214658703,0.08585263321536606,60,55,Current,Current,none,0,0.0,0.0,0.0,0,0.0,0.0,0,120
22657,2008-01-01,2007-04-01,9,2007,77899.0,77899.0,1907.2203318245492,0.16310315716330195,60,51,Current,Current,none,0,0.0,0.0,0.0,0,0.0,0.0,0,638
22661,2008-01-01,2006-02-01,23,2006,58903.0,58903.0,1989.4032245511862,0.1316654380113076,36,13,Current,Current,none,0,0.0,0.0,0.0,0,0.0,0.0,0,479
22668,2008-01-01,2007-11-01,2,2007,17793.0,17793.0,331.7716240951235,0.10238210267336112,72,70,Current,Current,none,0,0.0,0.0,0.0,0,0.0,0.0,0,688
22673,2008-01-01,2004-05-01,44,2004,30879.0,30879.0,814.3071092393978,0.12075464090822147,48,4,Current,Current,none,0,0.0,0.0,0.0,0,0.0,0.0,0,282
22679,2008-01-01,2006-11-01,14,2006,37168.0,37168.0,1158.2078014433764,0.07620138883162264,36,22,Current,Current,none,0,0.0,0.0,0.0,0,0.0,0.0,0,990
22686,2008-01-01,2005-04-01,33,2005,79285.0,79285.0,1806.2329702876832,0.13055554364022198,60,27,Current,Current,none,0,0.0,0.0,0.0,0,0.0,0.0,0,856
22695,2008-01-01,2005-09-01,28,2005,17974.0,17974.0,365.50415935072476,0.08122683631786311,60,32,Current,Current,none,0,0.0,0.0,0.0,0,0.0,0.0,0,665
22701,2008-01-01,2006-06-01,19,2006,37822.0,37822.0,767.028500909583,0.08007442072951831,60,41,Current,Current,none,0,0.0,0.0,0.0,0,0.0,0.0,0,702
22723,2008-01-01,2007-12-01,1,2007,112680.0,112680.0,3705.1691223328835,0.11302645726388888,36,35,Current,Current,none,0,0.0,0.0,0.0,0,0.0,0.0,0,803
22732,2008-01-01,2006-12-01,13,2006,212167.0,212167.0,4553.891683457249,0.10439038010967343,60,47,Current,Current,none,0,0.0,0.0,0.0,0,0.0,0.0,0,526
22734,2008-01-01,2006-02-01,23,2006,24517.0,24517.0,490.5242588753621,0.12873715576735803,72,49,Current,Current,none,0,0.0,0.0,0.0,0,0.0,0.0,0,444
22749,2008-01-01,2003-05-01,56,2003,211124.0,211124.0,4168.352419060122,0.06877856697287399,60,4,Current,Current,none,0,0.0,0.0,0.0,0,0.0,0.0,0,800
22768,2008-01-01,2007-03-01,10,2007,17505.0,17505.0,564.5981259760962,0.09970917308315426,36,26,Current,Current,none,0,0.0,0.0,0.0,0,0.0,0.0,0,131
22772,2008-01-01,2004-11-01,38,2004,82506.0,82506.0,1800.621526514014,0.11163655045447334,60,22,Current,Current,none,0,0.0,0.0,0.0,0,0.0,0.0,0,484
22775,2008-01-01,2004-05-01,44,2004,114243.0,114243.0,2430.736450512103,0.10060643696685007,60,16,Current,Current,none,0,0.0,0.0,0.0,0,0.0,0.0,0,569
22793,2008-01-01,2004-12-01,37,2004,53669.0,53669.0,957.1148413901196,0.08612182851468059,72,35,Current,Current,none,0,0.0,0.0,0.0,0,0.0,0.0,0,144
22803,2008-01-01,2007-10-01,3,2007,79813.0,79813.0,2225.239917668946,0.15098432761278377,48,45,Current,Current,none,0,0.0,0.0,0.0,0,0.0,0.0,0,286
22805,2008-01-01,2005-10-01,27,2005,84222.0,84222.0,2712.7822909909964,0.09877918722514367,36,9,Current,Current,none,0,0.0,0.0,0.0,0,0.0,0.0,0,869
22818,2008-01-01,2006-12-01,13,2006,56527.0,56527.0,1479.891697113867,0.1168668357237312,48,35,Current,Current,none,0,0.0,0.0,0.0,0,0.0,0.0,0,974
22822,2008-01-01,2003-02-01,59,2003,48169.0,48169.0,967.5756409870032,0.07603362767427044,60,1,Current,Current,none,0,0.0,0.0,0.0,0,0.0,0.0,0,871
22841,2008-01-01,2002-07-01,66,2002,50568.0,50568.0,880.3709471182052,0.07746341972534503,72,6,Current,Current,none,0,0.0,0.0,0.0,0,0.0,0.0,0,644
22846,2008-01-01,2007-01-01,12,2007,23272.0,23272.0,782.4358794942401,0.12849156654264604,36,24,Current,Current,none,0,0.0,0.0,0.0,0,0.0,0.0,0,522
22854,2008-01-01,2007-12-01,1,2007,138488.0,138488.0,3540.6619685924934,0.10423729846590338,48,47,Current,Current,none,0,0.0,0.0,0.0,0,0.0,0.0,0,462
22874,2008-01-01,2003-11-01,50,2003,52582.0,52582.0,1145.7304700874784,0.11094147175400425,60,10,Current,Current,none,0,0.0,0.0,0.0,0,0.0,0.0,0,383
22878,2008-01-01,2004-11-01,38,2004,105563.0,105563.0,2239.428926609398,0.099331084484215,60,22,Current,Current,none,0,0.0,0.0,0.0,0,0.0,0.0,0,909
22883,2008-01-01,2006-12-01,13,2006,84151.0,84151.0,1601.0103215985425,0.10983143067405322,72,59,Current,Current,none,0,0.0,0.0,0.0,0,0.0,0.0,0,987
22898,2008-01-01,2005-01-01,36,2005,51751.0,51751.0,1201.8956118378871,0.13915733784160553,60,24,30 DPD,Delinquent,none,0,0.0,0.0,0.0,1,0.0,0.0,0,401
22910,2008-01-01,2005-07-01,30,2005,45814.0,45814.0,1031.6415147807222,0.12539512817183357,60,30,Current,Current,none,0,0.0,0.0,0.0,0,0.0,0.0,0,747
22969,2008-01-01,2007-09-01,4,2007,23820.0,23820.0,646.9176400264357,0.13664727808645244,48,44,Current,Current,none,0,0.0,0.0,0.0,0,0.0,0.0,0,317
22982,2008-01-01,2006-06-01,19,2006,50285.0,50285.0,1454.2122342536074,0.17124325426041728,48,29,Current,Current,none,0,0.0,0.0,0.0,0,0.0,0.0,0,941
22999,2008-01-01,2005-04-01,33,2005,38343.0,38343.0,975.650293270333,0.10172134852411142,48,15,Current,Current,none,0,0.0,0.0,0.0,0,0.0,0.0,0,924
23001,2008-01-01,2004-06-01,43,2004,107263.0,107263.0,2450.043474712913,0.1317246997599181,60,17,Current,Current,none,0,0.0,0.0,0.0,0,0.0,0.0,0,591
23002,2008-01-01,2006-03-01,22,2006,146368.0,146368.0,3188.410962075267,0.11082371132848674,60,38,Current,Current,none,0,0.0,0.0,0.0,0,0.0,0.0,0,353
23007,2008-01-01,2004-03-01,46,2004,49870.0,49870.0,1058.847467952961,0.09969728485840508,60,14,Current,Current,none,0,0.0,0.0,0.0,0,0.0,0.0,0,301
23016,2008-01-01,2007-06-01,7,2007,33341.0,33341.0,841.5852059710674,0.09748035872945252,48,41,Current,Current,none,0,0.0,0.0,0.0,0,0.0,0.0,0,701
23018,2008-01-01,2004-01-01,48,2004,24157.0,24157.0,581.3511797507011,0.07256735701928299,48,0,Current,Matured,matured,0,0.0,0.0,0.0,0,0.0,0.0,0,470
23046,2008-01-01,2003-05-01,56,2003,141613.0,141613.0,3360.991106347975,0.14892680608409087,60,4,Current,Current,none,0,0.0,0.0,0.0,0,0.0,0.0,0,452
23053,2008-01-01,2007-04-01,9,2007,46889.0,46889.0,959.8979083450963,0.0840693731108952,60,51,Current,Current,none,0,0.0,0.0,0.0,0,0.0,0.0,0,777
23063,2008-01-01,2006-05-01,20,2006,86905.0,86905.0,2400.3721223564494,0.14584622606723577,48,28,Current,Current,none,0,0.0,0.0,0.0,0,0.0,0.0,0,968
23066,2008-01-01,2005-06-01,31,2005,54097.0,54097.0,1440.8994326808556,0.12612313956656432,48,17,Current,Current,none,0,0.0,0.0,0.0,0,0.0,0.0,0,846
23079,2008-01-01,2004-05-01,44,2004,67840.0,67840.0,1838.003354488068,0.13533836571453597,48,4,Current,Current,none,0,0.0,0.0,0.0,0,0.0,0.0,0,465
23085,2008-01-01,2007-12-01,1,2007,80323.0,80323.0,2822.7619451582054,0.15970835026864671,36,35,Current,Current,none,0,0.0,0.0,0.0,0,0.0,0.0,0,346
23087,2008-01-01,2004-05-01,44,2004,27909.0,27909.0,719.6472688276983,0.1087629946674929,48,4,Current,Current,none,0,0.0,0.0,0.0,0,0.0,0.0,0,215
23088,2008-01-01,2008-01-01,0,2008,46870.0,46870.0,1213.0050280117591,0.11071381169513071,48,48,Current,Current,none,0,0.0,0.0,0.0,0,0.0,0.0,0,714
23096,2008-01-01,2005-02-01,35,2005,34095.0,34095.0,914.8820787670145,0.1301173568875422,48,13,Current,Current,none,0,0.0,0.0,0.0,0,0.0,0.0,0,242
23102,2008-01-01,2007-03-01,10,2007,52596.0,52596.0,1416.7451706680374,0.13219097636080693,48,38,Current,Current,none,0,0.0,0.0,0.0,0,0.0,0.0,0,459
23111,2008-01-01,2004-12-01,37,2004,70017.0,70017.0,1665.3345027149146,0.06651124751241079,48,11,Current,Current,none,0,0.0,0.0,0.0,0,0.0,0.0,0,218
23115,2008-01-01,2002-02-01,71,2002,110023.0,110023.0,2053.4042326938466,0.10272222872465969,72,1,Current,Current,none,0,0.0,0.0,0.0,0,0.0,0.0,0,241
23123,2008-01-01,2006-01-01,24,2006,43759.0,43759.0,954.592575495884,0.11144931066959389,60,36,Current,Current,none,0,0.0,0.0,0.0,0,0.0,0.0,0,341
23133,2008-01-01,2007-01-01,12,2007,113771.0,113771.0,3922.4230323421234,0.14613741289591003,36,24,Current,Current,none,0,0.0,0.0,0.0,0,0.0,0.0,0,587
23163,2008-01-01,2003-09-01,52,2003,31975.0,31975.0,807.5988461440425,0.17749211024749248,60,8,Current,Current,none,0,0.0,0.0,0.0,0,0.0,0.0,0,373
23164,2008-01-01,2003-06-01,55,2003,56249.0,56249.0,1163.5276967714374,0.088493255681527,60,5,Current,Current,none,0,0.0,0.0,0.0,0,0.0,0.0,0,978
23168,2008-01-01,2007-07-01,6,2007,158339.0,158339.0,4121.177341643656,0.1137406776145265,48,42,Current,Current,none,0,0.0,0.0,0.0,0,0.0,0.0,0,388
23169,2008-01-01,2004-05-01,44,2004,45978.0,45978.0,889.0113395742227,0.06005977087222632,60,16,Current,Current,none,0,0.0,0.0,0.0,0,0.0,0.0,0,266
23181,2008-01-01,2006-07-01,18,2006,60791.0,60791.0,1156.0837937568856,0.10967332279860288,72,54,Current,Current,none,0,0.0,0.0,0.0,0,0.0,0.0,0,917
23187,2008-01-01,2007-04-01,9,2007,22710.0,22710.0,543.8904670567607,0.07006762140168839,48,39,Current,Current,none,0,0.0,0.0,0.0,0,0.0,0.0,0,400
23205,2008-01-01,2007-07-01,6,2007,60885.0,60885.0,1422.3134672314266,0.14178036887983755,60,54,Current,Current,none,0,0.0,0.0,0.0,0,0.0,0.0,0,790
23214,2008-01-01,2003-02-01,59,2003,141281.0,141281.0,3314.488318488715,0.143694969665183,60,1,Current,Current,none,0,0.0,0.0,0.0,0,0.0,0.0,0,771
23223,2008-01-01,2007-04-01,9,2007,129445.0,129445.0,2987.4980111988903,0.1363467049609683,60,51,Current,Current,none,0,0.0,0.0,0.0,0,0.0,0.0,0,112
23240,2008-01-01,2007-03-01,10,2007,78495.0,78495.0,1429.1681939429063,0.09364802465604721,72,62,Current,Current,none,0,0.0,0.0,0.0,0,0.0,0.0,0,588
23243,2008-01-01,2003-03-01,58,2003,82077.0,82077.0,1733.4716595950802,0.09741480120422541,60,2,Current,Current,none,0,0.0,0.0,0.0,0,0.0,0.0,0,729
23244,2008-01-01,2007-11-01,2,2007,34809.0,34809.0,1195.3455690248775,0.1433411268342711,36,34,Current,Current,none,0,0.0,0.0,0.0,0,0.0,0.0,0,617
23248,2008-01-01,2006-04-01,21,2006,38108.0,38108.0,1111.685549965701,0.17610715966418566,48,27,Current,Current,none,0,0.0,0.0,0.0,0,0.0,0.0,0,855
23258,2008-01-01,2006-12-01,13,2006,59828.0,59828.0,1506.2256320386482,0.09610486303379993,48,35,Current,Paid off,payoff,0,0.0,0.0,0.0,0,0.0,0.0,0,179
23259,2008-01-01,2006-09-01,16,2006,166641.0,166641.0,5618.489832128749,0.13046038469033772,36,20,Current,Current,none,0,0.0,0.0,0.0,0,0.0,0.0,0,872
23262,2008-01-01,2006-10-01,15,2006,52216.0,52216.0,1258.4588716838937,0.0733295178104593,48,33,Current,Current,none,0,0.0,0.0,0.0,0,0.0,0.0,0,986
23269,2008-01-01,2006-07-01,18,2006,42567.0,42567.0,1397.4885603069001,0.11193289253948258,36,18,Current,Current,none,0,0.0,0.0,0.0,0,0.0,0.0,0,559
23270,2008-01-01,2002-02-01,71,2002,98413.0,98413.0,2024.2463920744144,0.1393115303475604,72,1,Current,Current,none,0,0.0,0.0,0.0,0,0.0,0.0,0,858
23286,2008-01-01,2004-06-01,43,2004,35368.0,35368.0,916.1821561953473,0.11120886814054433,48,5,Current,Current,none,0,0.0,0.0,0.0,0,0.0,0.0,0,985
23288,2008-01-01,2005-11-01,26,2005,87623.0,87623.0,1741.3666786955066,0.07152859130022259,60,34,Current,Current,none,0,0.0,0.0,0.0,0,0.0,0.0,0,429
23311,2008-01-01,2007-10-01,3,2007,68913.0,68913.0,2200.432352264111,0.0928080551624698,36,33,Current,Paid off,payoff,0,0.0,0.0,0.0,0,0.0,0.0,0,815
23314,2008-01-01,2006-12-01,13,2006,93218.0,93218.0,2351.1873061351266,0.09707744952937417,48,35,Current,Current,none,0,0.0,0.0,0.0,0,0.0,0.0,0,959
23319,2008-01-01,2007-02-01,11,2007,93092.0,93092.0,2966.9271876758053,0.09152841234231908,36,25,Current,Current,none,0,0.0,0.0,0.0,0,0.0,0.0,0,664
23325,2008-01-01,2007-01-01,12,2007,33114.0,33114.0,638.93773127461,0.11507628608498678,72,60,Current,Current,none,0,0.0,0.0,0.0,0,0.0,0.0,0,107
23331,2008-01-01,2006-05-01,20,2006,73521.0,73521.0,1795.8902089458256,0.08029775154315076,48,28,Current,Current,none,0,0.0,0.0,0.0,0,0.0,0.0,0,351
23332,2008-01-01,2004-01-01,48,2004,30774.0,30774.0,782.741381319224,0.10150980514021209,48,0,Current,Matured,matured,0,0.0,0.0,0.0,0,0.0,0.0,0,208
23345,2008-01-01,2005-12-01,25,2005,74250.0,74250.0,1501.4848573672118,0.13279679899487162,72,47,Current,Current,none,0,0.0,0.0,0.0,0,0.0,0.0,0,811
23363,2008-01-01,2007-01-01,12,2007,32912.0,32912.0,683.2977163461147,0.09006180646593476,60,48,Current,Current,none,0,0.0,0.0,0.0,0,0.0,0.0,0,926
23383,2008-01-01,2005-03-01,34,2005,112713.0,112713.0,2126.543479336779,0.10672750657474189,72,38,30 DPD,Delinquent,none,0,0.0,0.0,0.0,1,0.0,0.0,0,994
23385,2008-01-01,2007-10-01,3,2007,38646.0,38646.0,999.0211555397683,0.11010394339392027,48,45,Current,Current,none,0,0.0,0.0,0.0,0,0.0,0.0,0,747
23388,2008-01-01,2006-03-01,22,2006,25492.0,25492.0,479.457109319849,0.10557368489421731,72,50,Current,Current,none,0,0.0,0.0,0.0,0,0.0,0.0,0,796
23402,2008-01-01,2005-06-01,31,2005,42506.0,42506.0,911.7928217288343,0.1041318762074762,60,29,Current,Current,none,0,0.0,0.0,0.0,0,0.0,0.0,0,459
23409,2008-01-01,2006-10-01,15,2006,75640.0,75640.0,2500.28800501598,0.11666194002652547,36,21,Current,Current,none,0,0.0,0.0,0.0,0,0.0,0.0,0,111
23421,2008-01-01,2006-05-01,20,2006,17793.0,17793.0,427.551399895753,0.07178595815573557,48,28,Current,Current,none,0,0.0,0.0,0.0,0,0.0,0.0,0,644
23424,2008-01-01,2005-02-01,35,2005,72299.0,72299.0,1465.940894618686,0.13381633880025673,72,37,Current,Current,none,0,0.0,0.0,0.0,0,0.0,0.0,0,612
23428,2008-01-01,2006-10-01,15,2006,159582.0,159582.0,3753.266520667874,0.14482897714527593,60,45,Current,Current,none,0,0.0,0.0,0.0,0,0.0,0.0,0,195
23434,2008-01-01,2005-05-01,32,2005,26512.0,26512.0,557.7031927105635,0.09569574153015817,60,28,Current,Current,none,0,0.0,0.0,0.0,0,0.0,0.0,0,622
23449,2008-01-01,2006-03-01,22,2006,169487.0,169487.0,5225.485245874048,0.06899540943188205,36,14,Current,Current,none,0,0.0,0.0,0.0,0,0.0,0.0,0,918
23473,2008-01-01,2008-01-01,0,2008,186875.0,186875.0,4127.61612478986,0.11688938964268564,60,60,Current,Current,none,0,0.0,0.0,0.0,0,0.0,0.0,0,715
23480,2008-01-01,2006-12-01,13,2006,103473.0,103473.0,2423.2091921967776,0.14289783998195932,60,47,Current,Current,none,0,0.0,0.0,0.0,0,0.0,0.0,0,549
23496,2008-01-01,2004-08-01,41,2004,22525.0,22525.0,553.6737251383333,0.08356074840192426,48,7,Current,Current,none,0,0.0,0.0,0.0,0,0.0,0.0,0,739
23506,2008-01-01,2006-11-01,14,2006,34298.0,34298.0,771.6852368952493,0.12502920662949396,60,46,Current,Current,none,0,0.0,0.0,0.0,0,0.0,0.0,0,766
23514,2008-01-01,2008-01-01,0,2008,79414.0,79414.0,1691.5024079267575,0.10107141619311581,60,60,Current,Current,none,0,0.0,0.0,0.0,0,0.0,0.0,0,384
23517,2008-01-01,2005-12-01,25,2005,31472.0,31472.0,546.0053026475067,0.07621327349236412,72,47,Current,Current,none,0,0.0,0.0,0.0,0,0.0,0.0,0,151
23518,2008-01-01,2005-08-01,29,2005,58133.0,58133.0,1399.94867590017,0.07291727702856253,48,19,Current,Current,none,0,0.0,0.0,0.0,0,0.0,0.0,0,151
23525,2008-01-01,2003-11-01,50,2003,40185.0,40185.0,718.426188474341,0.08701951932286256,72,22,Current,Current,none,0,0.0,0.0,0.0,0,0.0,0.0,0,902
23529,2008-01-01,2005-01-01,36,2005,47764.0,47764.0,1525.433754711629,0.09294326444688929,36,0,Current,Matured,matured,0,0.0,0.0,0.0,0,0.0,0.0,0,468
23538,2008-01-01,2006-01-01,24,2006,25493.0,25493.0,529.7641672440308,0.0904616948715803,60,36,Current,Current,none,0,0.0,0.0,0.0,0,0.0,0.0,0,853
23543,2008-01-01,2005-02-01,35,2005,86206.0,86206.0,1780.648240127971,0.08788244267650457,60,25,Current,Current,none,0,0.0,0.0,0.0,0,0.0,0.0,0,806
23553,2008-01-01,2005-03-01,34,2005,79007.0,79007.0,1805.5495750565697,0.1319502527638676,60,26,Current,Current,none,0,0.0,0.0,0.0,0,0.0,0.0,0,533
23563,2008-01-01,2005-05-01,32,2005,76487.0,76487.0,1881.9572963696926,0.08408082644562007,48,16,Current,Current,none,0,0.0,0.0,0.0,0,0.0,0.0,0,108
23566,2008-01-01,2005-03-01,34,2005,15404.0,15404.0,498.6413377996217,0.10220691093937546,36,2,Current,Current,none,0,0.0,0.0,0.0,0,0.0,0.0,0,594
23580,2008-01-01,2003-09-01,52,2003,40121.0,40121.0,684.3976316225899,0.07019432748173063,72,20,Current,Current,none,0,0.0,0.0,0.0,0,0.0,0.0,0,144
23603,2008-01-01,2006-02-01,23,2006,18622.0,18622.0,366.6716536314464,0.0676442001172115,60,37,Current,Current,none,0,0.0,0.0,0.0,0,0.0,0.0,0,458
23612,2008-01-01,2004-11-01,38,2004,15079.0,15079.0,268.578207820405,0.08567041459891894,72,34,Current,Current,none,0,0.0,0.0,0.0,0,0.0,0.0,0,427
23634,2008-01-01,2005-01-01,36,2005,34389.0,34389.0,604.3129479597974,0.08081079322658141,72,36,Current,Current,none,0,0.0,0.0,0.0,0,0.0,0.0,0,155
23636,2008-01-01,2007-12-01,1,2007,28209.0,28209.0,949.1457455795769,0.12902298590352648,36,35,Current,Current,none,0,0.0,0.0,0.0,0,0.0,0.0,0,758
23643,2008-01-01,2006-10-01,15,2006,27871.0,27871.0,573.2562682475651,0.08607121927201905,60,45,Current,Current,none,0,0.0,0.0,0.0,0,0.0,0.0,0,205
23645,2008-01-01,2004-04-01,45,2004,84039.0,84039.0,1477.7191012710753,0.08103315940382433,72,27,Current,Current,none,0,0.0,0.0,0.0,0,0.0,0.0,0,580
23659,2008-01-01,2004-08-01,41,2004,48701.0,48701.0,839.8487060054939,0.07406763990171517,72,31,Current,Current,none,0,0.0,0.0,0.0,0,0.0,0.0,0,317
23663,2008-01-01,2004-05-01,44,2004,121774.0,121774.0,3050.5375747499575,0.09348417770463549,48,4,Current,Current,none,0,0.0,0.0,0.0,0,0.0,0.0,0,193
23665,2008-01-01,2006-11-01,14,2006,60557.0,60557.0,1998.7119860906546,0.11561925784755306,36,22,Current,Current,none,0,0.0,0.0,0.0,0,0.0,0.0,0,431
23676,2008-01-01,2005-08-01,29,2005,137168.0,137168.0,4194.111866786061,0.06340506129707453,36,7,Current,Current,none,0,0.0,0.0,0.0,0,0.0,0.0,0,362
23698,2008-01-01,2006-03-01,22,2006,27690.0,27690.0,861.0694508734708,0.21243409996793844,48,26,Current,Current,none,0,0.0,0.0,0.0,0,0.0,0.0,0,133
23701,2008-01-01,2002-02-01,71,2002,301561.0,301561.0,5710.850237201929,0.10811416530999016,72,1,Current,Paid off,payoff,0,0.0,0.0,0.0,0,0.0,0.0,0,302
23707,2008-01-01,2005-05-01,32,2005,17907.0,17907.0,406.54226443177083,0.1290208358879428,60,28,Current,Current,none,0,0.0,0.0,0.0,0,0.0,0.0,0,348
23708,2008-01-01,2007-04-01,9,2007,26649.0,26649.0,604.2143497242023,0.12843538343019859,60,51,Current,Current,none,0,0.0,0.0,0.0,0,0.0,0.0,0,266
23729,2008-01-01,2007-02-01,11,2007,27924.0,27924.0,587.6951489830992,0.09590750640925477,60,49,Current,Current,none,0,0.0,0.0,0.0,0,0.0,0.0,0,283
23733,2008-01-01,2007-07-01,6,2007,113669.0,113669.0,2940.1138666267975,0.1104127882477988,48,42,Current,Current,none,0,0.0,0.0,0.0,0,0.0,0.0,0,338
23749,2008-01-01,2005-05-01,32,2005,185517.0,185517.0,5836.770256337526,0.08272409646275143,36,4,Current,Current,none,0,0.0,0.0,0.0,0,0.0,0.0,0,212
23750,2008-01-01,2007-01-01,12,2007,31119.0,31119.0,822.2921527747942,0.1218369612439071,48,36,Current,Current,none,0,0.0,0.0,0.0,0,0.0,0.0,0,272
23768,2008-01-01,2006-03-01,22,2006,88675.0,88675.0,1765.5779665211267,0.126896182273409,72,50,Current,Current,none,0,0.0,0.0,0.0,0,0.0,0.0,0,776
23772,2008-01-01,2005-04-01,33,2005,60564.0,60564.0,1257.7117471757438,0.14299874595974557,72,39,Current,Current,none,0,0.0,0.0,0.0,0,0.0,0.0,0,262
23774,2008-01-01,2004-04-01,45,2004,64402.0,64402.0,1140.0236984980825,0.08343995581308385,72,27,Current,Current,none,0,0.0,0.0,0.0,0,0.0,0.0,0,827
23779,2008-01-01,2005-02-01,35,2005,62551.0,62551.0,1483.979384462617,0.06520287785320725,48,13,Current,Current,none,0,0.0,0.0,0.0,0,0.0,0.0,0,483
23785,2008-01-01,2003-08-01,53,2003,42009.0,42009.0,772.9905987111543,0.09751153599107307,72,19,Current,Current,none,0,0.0,0.0,0.0,0,0.0,0.0,0,957
23789,2008-01-01,2003-06-01,55,2003,37135.0,37135.0,783.8799463543706,0.09718755082035738,60,5,Current,Current,none,0,0.0,0.0,0.0,0,0.0,0.0,0,257
23803,2008-01-01,2006-04-01,21,2006,21683.0,21683.0,678.138653714771,0.0786718287440252,36,15,Current,Current,none,0,0.0,0.0,0.0,0,0.0,0.0,0,152
23811,2008-01-01,2004-11-01,38,2004,45705.0,45705.0,948.7084619684084,0.08997648349319141,60,22,Current,Current,none,0,0.0,0.0,0.0,0,0.0,0.0,0,448
23819,2008-01-01,2005-07-01,30,2005,41967.0,41967.0,733.7299227886757,0.07898038052820995,72,42,Current,Current,none,0,0.0,0.0,0.0,0,0.0,0.0,0,424
23821,2008-01-01,2004-07-01,42,2004,40049.0,40049.0,728.4374888419599,0.09327798503776887,72,30,Current,Current,none,0,0.0,0.0,0.0,0,0.0,0.0,0,397
23832,2008-01-01,2007-10-01,3,2007,154736.0,154736.0,4870.215124424583,0.0829871342006394,36,33,Current,Current,none,0,0.0,0.0,0.0,0,0.0,0.0,0,472
23860,2008-01-01,2004-12-01,37,2004,86677.0,86677.0,2043.6306872828748,0.06201541850381442,48,11,Current,Current,none,0,0.0,0.0,0.0,0,0.0,0.0,0,359
23862,2008-01-01,2004-10-01,39,2004,59426.0,59426.0,1153.2120259187718,0.11721850730821713,72,33,Current,Current,none,0,0.0,0.0,0.0,0,0.0,0.0,0,379
23868,2008-01-01,2004-04-01,45,2004,72715.0,72715.0,1537.5492625113875,0.09792052109687159,60,15,Current,Current,none,0,0.0,0.0,0.0,0,0.0,0.0,0,420
23873,2008-01-01,2006-05-01,20,2006,58250.0,58250.0,1561.7001767150837,0.12965354121134187,48,28,Current,Current,none,0,0.0,0.0,0.0,0,0.0,0.0,0,131
23884,2008-01-01,2006-04-01,21,2006,42348.0,42348.0,1345.7627854079653,0.08954718296342473,36,15,Current,Current,none,0,0.0,0.0,0.0,0,0.0,0.0,0,324
23892,2008-01-01,2008-01-01,0,2008,142553.0,142553.0,3072.5196338292953,0.10620263811277462,60,60,Current,Current,none,0,0.0,0.0,0.0,0,0.0,0.0,0,730
23893,2008-01-01,2006-06-01,19,2006,38510.0,38510.0,1208.2008219917975,0.08080880252609651,36,17,Current,Current,none,0,0.0,0.0,0.0,0,0.0,0.0,0,809
23896,2008-01-01,2003-04-01,57,2003,131896.0,131896.0,2721.876233905652,0.14057485187814428,72,15,Current,Current,none,0,0.0,0.0,0.0,0,0.0,0.0,0,400
23903,2008-01-01,2005-07-01,30,2005,106063.0,106063.0,2358.5226493333403,0.11985255146588526,60,30,Current,Current,none,0,0.0,0.0,0.0,0,0.0,0.0,0,455
23906,2008-01-01,2004-09-01,40,2004,35981.0,35981.0,747.4188834343394,0.0902934250516156,60,20,Current,Current,none,0,0.0,0.0,0.0,0,0.0,0.0,0,384
23908,2008-01-01,2005-02-01,35,2005,24869.0,24869.0,627.2887193948387,0.09710378807832687,48,13,Current,Current,none,0,0.0,0.0,0.0,0,0.0,0.0,0,760
23914,2008-01-01,2006-05-01,20,2006,71669.0,71669.0,1336.0132993068898,0.10228827483109112,72,52,Current,Current,none,0,0.0,0.0,0.0,0,0.0,0.0,0,880
23942,2008-01-01,2006-05-01,20,2006,29332.0,29332.0,731.9506101315059,0.17188411362304043,60,40,Current,Current,none,0,0.0,0.0,0.0,0,0.0,0.0,0,588
23944,2008-01-01,2007-07-01,6,2007,49976.0,49976.0,1245.5142771497892,0.09078320433481986,48,42,Current,Current,none,0,0.0,0.0,0.0,0,0.0,0.0,0,791
23954,2008-01-01,2006-02-01,23,2006,69263.0,69263.0,1305.9036931969254,0.10647997989623899,72,49,Current,Current,none,0,0.0,0.0,0.0,0,0.0,0.0,0,496
23960,2008-01-01,2004-03-01,46,2004,27439.0,27439.0,675.430872390393,0.08430967860156796,48,2,Current,Current,none,0,0.0,0.0,0.0,0,0.0,0.0,0,216
23963,2008-01-01,2005-12-01,25,2005,44867.0,44867.0,805.7123950885535,0.08863357698136556,72,47,Current,Current,none,0,0.0,0.0,0.0,0,0.0,0.0,0,707
23971,2008-01-01,2003-06-01,55,2003,212426.0,212426.0,3802.252444464729,0.08744892678625622,72,17,Current,Current,none,0,0.0,0.0,0.0,0,0.0,0.0,0,178
23985,2008-01-01,2006-04-01,21,2006,68569.0,68569.0,1466.4019628174299,0.10281433125186593,60,39,Current,Current,none,0,0.0,0.0,0.0,0,0.0,0.0,0,112
24023,2008-01-01,2004-08-01,41,2004,17157.0,17157.0,382.0453999666919,0.12045823803437537,60,19,Current,Current,none,0,0.0,0.0,0.0,0,0.0,0.0,0,269
24024,2008-01-01,2004-11-01,38,2004,27115.0,27115.0,534.5464223560568,0.12314351644204764,72,34,Current,Current,none,0,0.0,0.0,0.0,0,0.0,0.0,0,128
24038,2008-01-01,2004-02-01,47,2004,24760.0,24760.0,542.52057691111,0.11337609298474768,60,13,Current,Current,none,0,0.0,0.0,0.0,0,0.0,0.0,0,533
24043,2008-01-01,2004-01-01,48,2004,42386.0,42386.0,810.7750887133548,0.11183834416465796,72,24,Current,Current,none,0,0.0,0.0,0.0,0,0.0,0.0,0,328
24052,2008-01-01,2007-12-01,1,2007,66731.0,66731.0,1376.9360637798056,0.08743582476710131,60,59,Current,Current,none,0,0.0,0.0,0.0,0,0.0,0.0,0,178
24053,2008-01-01,2005-11-01,26,2005,102921.0,102921.0,2808.836979950278,0.13929638393399618,48,22,Current,Current,none,0,0.0,0.0,0.0,0,0.0,0.0,0,524
24057,2008-01-01,2003-08-01,53,2003,44604.0,44604.0,986.2059142909645,0.11733988906005643,60,7,Current,Current,none,0,0.0,0.0,0.0,0,0.0,0.0,0,290
24078,2008-01-01,2006-08-01,17,2006,18530.0,18530.0,489.126133478571,0.12127429132390043,48,31,Current,Current,none,0,0.0,0.0,0.0,0,0.0,0.0,0,334
24091,2008-01-01,2005-12-01,25,2005,140370.0,140370.0,3071.5364712796136,0.11278789460948344,60,35,Current,Current,none,0,0.0,0.0,0.0,0,0.0,0.0,0,111
24101,2008-01-01,2004-11-01,38,2004,39843.0,39843.0,804.8797403637117,0.13240542447519707,72,34,Current,Current,none,0,0.0,0.0,0.0,0,0.0,0.0,0,455
24110,2008-01-01,2007-01-01,12,2007,45098.0,45098.0,844.9440218618879,0.1041486950319509,72,60,Current,Current,none,0,0.0,0.0,0.0,0,0.0,0.0,0,785
24122,2008-01-01,2006-01-01,24,2006,77791.0,77791.0,1918.4472095487306,0.08528068812712365,48,24,Current,Current,none,0,0.0,0.0,0.0,0,0.0,0.0,0,363
24123,2008-01-01,2005-02-01,35,2005,22079.0,22079.0,541.973459247123,0.08285187299670241,48,13,Current,Current,none,0,0.0,0.0,0.0,0,0.0,0.0,0,848
24125,2008-01-01,2004-09-01,40,2004,112792.0,112792.0,1956.5753159506871,0.07616861517477685,72,32,Current,Current,none,0,0.0,0.0,0.0,0,0.0,0.0,0,500
24129,2008-01-01,2003-06-01,55,2003,50516.0,50516.0,1071.3935275362066,0.09922626328613243,60,5,Current,Current,none,0,0.0,0.0,0.0,0,0.0,0.0,0,207
24130,2008-01-01,2006-12-01,13,2006,25743.0,25743.0,898.4507513821665,0.1547986003275785,36,23,Current,Current,none,0,0.0,0.0,0.0,0,0.0,0.0,0,474
24135,2008-01-01,2006-11-01,14,2006,102491.0,102491.0,2032.729481716583,0.1254211174045231,72,58,Current,Current,none,0,0.0,0.0,0.0,0,0.0,0.0,0,293
24138,2008-01-01,2006-05-01,20,2006,33437.0,33437.0,922.875146301542,0.14544537395805926,48,28,Current,Current,none,0,0.0,0.0,0.0,0,0.0,0.0,0,594
24139,2008-01-01,2006-08-01,17,2006,31952.0,31952.0,686.6249140346956,0.10490637062771789,60,43,Current,Current,none,0,0.0,0.0,0.0,0,0.0,0.0,0,416
24154,2008-01-01,2004-12-01,37,2004,44608.0,44608.0,1015.7943212260578,0.13036130420891096,60,23,Current,Current,none,0,0.0,0.0,0.0,0,0.0,0.0,0,517
24159,2008-01-01,2003-01-01,60,2003,74734.0,74734.0,1479.9198796824844,0.07002754029011432,60,0,Current,Matured,matured,0,0.0,0.0,0.0,0,0.0,0.0,0,690
24163,2008-01-01,2002-07-01,66,2002,59243.0,59243.0,1188.0405760539013,0.1296130248463047,72,6,Current,Current,none,0,0.0,0.0,0.0,0,0.0,0.0,0,334
24172,2008-01-01,2006-10-01,15,2006,40430.0,40430.0,866.1202494312051,0.10356156316225239,60,45,Current,Current,none,0,0.0,0.0,0.0,0,0.0,0.0,0,170
24187,2008-01-01,2006-08-01,17,2006,44063.0,44063.0,779.0081934175962,0.08298639404240665,72,55,Current,Current,none,0,0.0,0.0,0.0,0,0.0,0.0,0,433
24202,2008-01-01,2006-01-01,24,2006,47234.0,47234.0,997.012381773957,0.09716742165585363,60,36,Current,Current,none,0,0.0,0.0,0.0,0,0.0,0.0,0,549
24206,2008-01-01,2004-04-01,45,2004,34455.0,34455.0,874.583379123761,0.10043234501574663,48,3,Current,Current,none,0,0.0,0.0,0.0,0,0.0,0.0,0,509
24210,2008-01-01,2008-01-01,0,2008,92122.0,92122.0,2037.973653727151,0.11758398161001346,60,60,Current,Current,none,0,0.0,0.0,0.0,0,0.0,0.0,0,697
24221,2008-01-01,2004-08-01,41,2004,32793.0,32793.0,837.5464735416225,0.10369504620458846,48,7,Current,Current,none,0,0.0,0.0,0.0,0,0.0,0.0,0,377
24228,2008-01-01,2007-12-01,1,2007,14772.0,14772.0,385.95534828322417,0.11578779098096757,48,47,Current,Current,none,0,0.0,0.0,0.0,0,0.0,0.0,0,700
24236,2008-01-01,2007-06-01,7,2007,63790.0,63790.0,1616.9748094163397,0.09970473484049074,48,41,Current,Current,none,0,0.0,0.0,0.0,0,0.0,0.0,0,359
24244,2008-01-01,2003-04-01,57,2003,148916.0,148916.0,3240.611147089228,0.11037914683634367,60,3,Current,Current,none,0,0.0,0.0,0.0,0,0.0,0.0,0,603
24252,2008-01-01,2007-05-01,8,2007,74493.0,74493.0,1730.4383827613542,0.18742517707651352,72,64,Current,Current,none,0,0.0,0.0,0.0,0,0.0,0.0,0,421
24261,2008-01-01,2006-11-01,14,2006,45511.0,45511.0,1018.3268932700863,0.12258706646481121,60,46,Current,Current,none,0,0.0,0.0,0.0,0,0.0,0.0,0,197
24262,2008-01-01,2008-01-01,0,2008,75383.0,75383.0,1978.136693726482,0.11811035607662639,48,48,Current,Current,none,0,0.0,0.0,0.0,0,0.0,0.0,0,186
24268,2008-01-01,2005-04-01,33,2005,42747.0,42747.0,1042.2988739498937,0.07936169601078148,48,15,Current,Current,none,0,0.0,0.0,0.0,0,0.0,0.0,0,445
24269,2008-01-01,2008-01-01,0,2008,88702.0,88702.0,2284.7339241163236,0.108183810243528,48,48,Current,Current,none,0,0.0,0.0,0.0,0,0.0,0.0,0,463
24276,2008-01-01,2004-08-01,41,2004,83446.0,83446.0,2242.5553218061327,0.13094313591916143,48,7,Current,Current,none,0,0.0,0.0,0.0,0,0.0,0.0,0,444
24280,2008-01-01,2006-03-01,22,2006,88349.0,88349.0,2975.4594364020145,0.12967859640298204,36,14,Current,Current,none,0,0.0,0.0,0.0,0,0.0,0.0,0,323
24294,2008-01-01,2003-12-01,49,2003,28541.0,28541.0,619.4875560963752,0.10925284767015235,60,11,Current,Current,none,0,0.0,0.0,0.0,0,0.0,0.0,0,875
24302,2008-01-01,2003-11-01,50,2003,29935.0,29935.0,672.213173968602,0.12417029783263159,60,10,Current,Current,none,0,0.0,0.0,0.0,0,0.0,0.0,0,292
24311,2008-01-01,2006-01-01,24,2006,92508.0,92508.0,3035.6397603094697,0.11160737696944059,36,12,Current,Current,none,0,0.0,0.0,0.0,0,0.0,0.0,0,662
24312,2008-01-01,2006-12-01,13,2006,21251.0,21251.0,424.2430710542427,0.07343029740074065,60,47,Current,Current,none,0,0.0,0.0,0.0,0,0.0,0.0,0,107
24321,2008-01-01,2005-10-01,27,2005,177436.0,177436.0,5786.807557785591,0.10735267640616936,36,9,Current,Current,none,0,0.0,0.0,0.0,0,0.0,0.0,0,881
24322,2008-01-01,2004-06-01,43,2004,54245.0,54245.0,1073.423005219896,0.06972916499794922,60,17,Current,Current,none,0,0.0,0.0,0.0,0,0.0,0.0,0,512
24328,2008-01-01,2003-03-01,58,2003,46655.0,46655.0,919.633244214327,0.12309195399049809,72,14,Current,Current,none,0,0.0,0.0,0.0,0,0.0,0.0,0,565
24348,2008-01-01,2005-11-01,26,2005,29088.0,29088.0,670.7080206397235,0.1359320944112165,60,34,Current,Current,none,0,0.0,0.0,0.0,0,0.0,0.0,0,967
24350,2008-01-01,2005-05-01,32,2005,101628.0,101628.0,1886.8179102942906,0.10079445642614432,72,40,Current,Current,none,0,0.0,0.0,0.0,0,0.0,0.0,0,364
24351,2008-01-01,2007-07-01,6,2007,39434.0,39434.0,1083.7647720245375,0.14311525131369413,48,42,Current,Current,none,0,0.0,0.0,0.0,0,0.0,0.0,0,516
24360,2008-01-01,2006-01-01,24,2006,70833.0,70833.0,1791.2919199693406,0.17807724802608502,60,36,Current,Current,none,0,0.0,0.0,0.0,0,0.0,0.0,0,792
24368,2008-01-01,2004-07-01,42,2004,69747.0,69747.0,1222.7670791568314,0.07996363088867878,72,30,Current,Current,none,0,0.0,0.0,0.0,0,0.0,0.0,0,560
24380,2008-01-01,2007-07-01,6,2007,27322.0,27322.0,862.6518421533477,0.08512920508242748,36,30,Current,Current,none,0,0.0,0.0,0.0,0,0.0,0.0,0,222
24384,2008-01-01,2002-02-01,71,2002,91613.0,91613.0,1598.479632354068,0.07825531313394905,72,1,Current,Current,none,0,0.0,0.0,0.0,0,0.0,0.0,0,894
24386,2008-01-01,2003-03-01,58,2003,60306.0,60306.0,1180.660186302689,0.0652492011817472,60,2,Current,Current,none,0,0.0,0.0,0.0,0,0.0,0.0,0,254
24400,2008-01-01,2005-10-01,27,2005,61986.0,61986.0,1882.1449195525054,0.19875431706633992,48,21,Current,Current,none,0,0.0,0.0,0.0,0,0.0,0.0,0,910
24407,2008-01-01,2004-03-01,46,2004,49029.0,49029.0,1187.3917982763803,0.1581176014055616,60,14,Current,Current,none,0,0.0,0.0,0.0,0,0.0,0.0,0,821
24418,2008-01-01,2008-01-01,0,2008,39706.0,39706.0,1236.428407335392,0.07572630972127382,36,36,Current,Current,none,0,0.0,0.0,0.0,0,0.0,0.0,0,845
24419,2008-01-01,2004-03-01,46,2004,66378.0,66378.0,1316.7139915184573,0.07074999094884012,60,14,Current,Current,none,0,0.0,0.0,0.0,0,0.0,0.0,0,616
24426,2008-01-01,2008-01-01,0,2008,63135.0,63135.0,1621.6499227103386,0.10669746515926612,48,48,Current,Current,none,0,0.0,0.0,0.0,0,0.0,0.0,0,172
24429,2008-01-01,2004-08-01,41,2004,35700.0,35700.0,632.3608425356445,0.08367425327983471,72,31,Current,Current,none,0,0.0,0.0,0.0,0,0.0,0.0,0,929
24431,2008-01-01,2004-01-01,48,2004,79817.0,79817.0,1439.7328041464134,0.0902494846012112,72,24,Current,Current,none,0,0.0,0.0,0.0,0,0.0,0.0,0,192
24438,2008-01-01,2007-10-01,3,2007,63238.0,63238.0,1137.369677501581,0.08919361417102452,72,69,Current,Current,none,0,0.0,0.0,0.0,0,0.0,0.0,0,729
24441,2008-01-01,2004-04-01,45,2004,76824.0,76824.0,1937.332359553747,0.09698010858473244,48,3,Current,Current,none,0,0.0,0.0,0.0,0,0.0,0.0,0,307
24443,2008-01-01,2004-01-01,48,2004,63696.0,63696.0,1363.4069659349736,0.15476988922698234,72,24,Current,Current,none,0,0.0,0.0,0.0,0,0.0,0.0,0,941
24450,2008-01-01,2006-05-01,20,2006,87279.0,87279.0,2278.9608032329197,0.11545465318454716,48,28,Current,Current,none,0,0.0,0.0,0.0,0,0.0,0.0,0,238
24456,2008-01-01,2007-12-01,1,2007,22405.0,22405.0,653.4707934176207,0.17599803207011974,48,47,Current,Current,none,0,0.0,0.0,0.0,0,0.0,0.0,0,334
24459,2008-01-01,2007-09-01,4,2007,11604.0,11604.0,380.6675493572456,0.1113957863243833,36,32,Current,Current,none,0,0.0,0.0,0.0,0,0.0,0.0,0,221
24464,2008-01-01,2003-04-01,57,2003,135012.0,135012.0,2415.9183996856327,0.08734604731599989,72,15,Current,Current,none,0,0.0,0.0,0.0,0,0.0,0.0,0,850
24474,2008-01-01,2007-04-01,9,2007,57579.0,57579.0,1418.8136209176826,0.08484878231552925,48,39,Current,Current,none,0,0.0,0.0,0.0,0,0.0,0.0,0,400
24479,2008-01-01,2005-02-01,35,2005,56411.0,56411.0,1355.8322631588865,0.07190855466687653,48,13,Current,Current,none,0,0.0,0.0,0.0,0,0.0,0.0,0,474
24486,2008-01-01,2006-08-01,17,2006,103722.0,103722.0,3488.7521713112715,0.12878800710210822,36,19,Current,Current,none,0,0.0,0.0,0.0,0,0.0,0.0,0,966
24505,2008-01-01,2004-08-01,41,2004,71655.0,71655.0,1748.7517326473671,0.07983461550899348,48,7,Current,Current,none,0,0.0,0.0,0.0,0,0.0,0.0,0,211
24515,2008-01-01,2005-10-01,27,2005,32222.0,32222.0,798.6300588567151,0.08789567166672294,48,21,Current,Current,none,0,0.0,0.0,0.0,0,0.0,0.0,0,640
24517,2008-01-01,2007-03-01,10,2007,75930.0,75930.0,2692.680965516418,0.1661754329008474,36,26,Current,Current,none,0,0.0,0.0,0.0,0,0.0,0.0,0,706
24520,2008-01-01,2006-12-01,13,2006,99835.0,99835.0,2400.1043829941204,0.0720336987236086,48,35,Current,Current,none,0,0.0,0.0,0.0,0,0.0,0.0,0,863
24525,2008-01-01,2003-09-01,52,2003,75719.0,75719.0,1436.4107507949907,0.10875322166118491,72,20,Current,Current,none,0,0.0,0.0,0.0,0,0.0,0.0,0,208
24532,2008-01-01,2007-07-01,6,2007,79259.0,79259.0,1645.6824166154495,0.0901029226511171,60,54,Current,Current,none,0,0.0,0.0,0.0,0,0.0,0.0,0,466
24551,2008-01-01,2006-05-01,20,2006,90662.0,90662.0,1874.6959582753225,0.14134553960105867,72,52,Current,Current,none,0,0.0,0.0,0.0,0,0.0,0.0,0,700
24554,2008-01-01,2007-11-01,2,2007,68463.0,68463.0,1354.9992110810401,0.0697986626631999,60,58,Current,Current,none,0,0.0,0.0,0.0,0,0.0,0.0,0,370
24576,2008-01-01,2008-01-01,0,2008,46844.0,46844.0,856.5115796001071,0.09519281863409476,72,72,Current,Current,none,0,0.0,0.0,0.0,0,0.0,0.0,0,495
24587,2008-01-01,2007-09-01,4,2007,41320.0,41320.0,743.1835360281291,0.08920384735617026,72,68,Current,Current,none,0,0.0,0.0,0.0,0,0.0,0.0,0,830
24592,2008-01-01,2003-08-01,53,2003,19149.0,19149.0,383.40343991730543,0.07466667594452647,60,7,Current,Current,none,0,0.0,0.0,0.0,0,0.0,0.0,0,361
24593,2008-01-01,2003-10-01,51,2003,85444.0,85444.0,1769.9861298883634,0.08910943507584757,60,9,Current,Current,none,0,0.0,0.0,0.0,0,0.0,0.0,0,705
24600,2008-01-01,2006-05-01,20,2006,57817.0,57817.0,1377.925273286923,0.06754539763905726,48,28,Current,Current,none,0,0.0,0.0,0.0,0,0.0,0.0,0,552
24604,2008-01-01,2007-01-01,12,2007,91826.0,91826.0,2231.015293858819,0.077508026760386,48,36,Current,Current,none,0,0.0,0.0,0.0,0,0.0,0.0,0,900
24605,2008-01-01,2006-09-01,16,2006,136728.0,136728.0,2851.8158695906823,0.09204168653227983,60,44,Current,Current,none,0,0.0,0.0,0.0,0,0.0,0.0,0,211
24607,2008-01-01,2005-05-01,32,2005,118436.0,118436.0,2380.003332281541,0.07620521770186943,60,28,Current,Current,none,0,0.0,0.0,0.0,0,0.0,0.0,0,246
24610,2008-01-01,2007-09-01,4,2007,64707.0,64707.0,2105.906316086294,0.10590773505026159,36,32,Current,Current,none,0,0.0,0.0,0.0,0,0.0,0.0,0,787
24629,2008-01-01,2004-08-01,41,2004,41018.0,41018.0,887.7429061780446,0.10799899490207125,60,19,Current,Current,none,0,0.0,0.0,0.0,0,0.0,0.0,0,754
24643,2008-01-01,2003-05-01,56,2003,40993.0,40993.0,816.9105477195368,0.0726834709910311,60,4,Current,Current,none,0,0.0,0.0,0.0,0,0.0,0.0,0,247
24660,2008-01-01,2005-09-01,28,2005,33438.0,33438.0,635.6690697878145,0.1095371254271121,72,44,Current,Current,none,0,0.0,0.0,0.0,0,0.0,0.0,0,704
24664,2008-01-01,2004-11-01,38,2004,60836.0,60836.0,1471.1954068546,0.0750872520252309,48,10,Current,Current,none,0,0.0,0.0,0.0,0,0.0,0.0,0,283
24671,2008-01-01,2004-05-01,44,2004,83928.0,83928.0,2053.780289266996,0.0812308569721836,48,4,Current,Current,none,0,0.0,0.0,0.0,0,0.0,0.0,0,317
24673,2008-01-01,2005-08-01,29,2005,40038.0,40038.0,788.189822029986,0.06755494653355586,60,31,Current,Current,none,0,0.0,0.0,0.0,0,0.0,0.0,0,434
24678,2008-01-01,2002-12-01,61,2002,77788.0,77788.0,1689.4294351208334,0.16048189527836212,72,11,Current,Current,none,0,0.0,0.0,0.0,0,0.0,0.0,0,876
24691,2008-01-01,2007-10-01,3,2007,88284.0,88284.0,1643.070866982258,0.10169042876530128,72,69,Current,Current,none,0,0.0,0.0,0.0,0,0.0,0.0,0,343
24695,2008-01-01,2005-03-01,34,2005,101316.0,101316.0,3177.1720114681384,0.08049130359139572,36,2,Current,Current,none,0,0.0,0.0,0.0,0,0.0,0.0,0,589
24722,2008-01-01,2002-10-01,63,2002,31663.0,31663.0,622.0655079325302,0.12184843029073267,72,9,Current,Current,none,0,0.0,0.0,0.0,0,0.0,0.0,0,885
24728,2008-01-01,2006-08-01,17,2006,32784.0,32784.0,652.8902386853728,0.07240587417667697,60,43,Current,Current,none,0,0.0,0.0,0.0,0,0.0,0.0,0,157
24739,2008-01-01,2007-04-01,9,2007,43232.0,43232.0,1172.5866447070077,0.13593734700594023,48,39,Current,Current,none,0,0.0,0.0,0.0,0,0.0,0.0,0,915
24741,2008-01-01,2004-11-01,38,2004,23543.0,23543.0,599.5743182977824,0.10217576969983748,48,10,Current,Current,none,0,0.0,0.0,0.0,0,0.0,0.0,0,590
24746,2008-01-01,2006-02-01,23,2006,34196.0,34196.0,760.4040950213149,0.11984545173791855,60,37,Current,Current,none,0,0.0,0.0,0.0,0,0.0,0.0,0,341
24750,2008-01-01,2007-01-01,12,2007,36179.0,36179.0,1206.5773097857893,0.12284197694869102,36,24,Current,Current,none,0,0.0,0.0,0.0,0,0.0,0.0,0,486
24755,2008-01-01,2007-09-01,4,2007,103402.0,103402.0,2516.316921069323,0.07834440386682744,48,44,Current,Current,none,0,0.0,0.0,0.0,0,0.0,0.0,0,546
24759,2008-01-01,2007-09-01,4,2007,34794.0,34794.0,702.8120400936783,0.07838583163667288,60,56,Current,Current,none,0,0.0,0.0,0.0,0,0.0,0.0,0,702
24762,2008-01-01,2007-07-01,6,2007,38275.0,38275.0,813.5375879907307,0.10016296922130943,60,54,Current,Current,none,0,0.0,0.0,0.0,0,0.0,0.0,0,200
24767,2008-01-01,2003-10-01,51,2003,26930.0,26930.0,452.36675241949916,0.06474674426263556,72,21,Current,Current,none,0,0.0,0.0,0.0,0,0.0,0.0,0,220
24772,2008-01-01,2005-08-01,29,2005,68184.0,68184.0,2193.9920324332747,0.09808854898748537,36,7,Current,Current,none,0,0.0,0.0,0.0,0,0.0,0.0,0,728
24773,2008-01-01,2005-02-01,35,2005,128135.0,128135.0,3458.1116497424664,0.1332289359708704,48,13,Current,Current,none,0,0.0,0.0,0.0,0,0.0,0.0,0,529
24776,2008-01-01,2004-11-01,38,2004,59962.0,59962.0,1228.935959111587,0.08455823107656264,60,22,Current,Current,none,0,0.0,0.0,0.0,0,0.0,0.0,0,595
24778,2008-01-01,2007-06-01,7,2007,48713.0,48713.0,1538.1147874370142,0.08516184225507935,36,29,Current,Current,none,0,0.0,0.0,0.0,0,0.0,0.0,0,368
24779,2008-01-01,2006-09-01,16,2006,90248.0,90248.0,3131.156824183805,0.15060631369618904,36,20,Current,Current,none,0,0.0,0.0,0.0,0,0.0,0.0,0,982
24794,2008-01-01,2004-07-01,42,2004,79107.0,79107.0,2008.9701071036136,0.1800400240373251,60,18,Current,Current,none,0,0.0,0.0,0.0,0,0.0,0.0,0,707
24797,2008-01-01,2006-07-01,18,2006,75074.0,75074.0,2411.838647523309,0.09699206589936069,36,18,Current,Current,none,0,0.0,0.0,0.0,0,0.0,0.0,0,774
24801,2008-01-01,2004-08-01,41,2004,45074.0,45074.0,947.4378092327527,0.09536305609834354,60,19,Current,Current,none,0,0.0,0.0,0.0,0,0.0,0.0,0,211
24805,2008-01-01,2007-01-01,12,2007,53364.0,53364.0,1345.2284819068295,0.0967865682301128,48,36,Current,Current,none,0,0.0,0.0,0.0,0,0.0,0.0,0,106
24811,2008-01-01,2004-11-01,38,2004,224523.0,224523.0,4855.954789997332,0.10769952630030591,60,22,Current,Current,none,0,0.0,0.0,0.0,0,0.0,0.0,0,789
24813,2008-01-01,2005-12-01,25,2005,34292.0,34292.0,842.517143735582,0.16470793634051262,60,35,Current,Current,none,0,0.0,0.0,0.0,0,0.0,0.0,0,457
24827,2008-01-01,2007-02-01,11,2007,66543.0,66543.0,1319.887050785344,0.0707181788242699,60,49,Current,Current,none,0,0.0,0.0,0.0,0,0.0,0.0,0,856
24835,2008-01-01,2007-11-01,2,2007,86809.0,86809.0,2746.664191696729,0.08656955636539358,36,34,Current,Current,none,0,0.0,0.0,0.0,0,0.0,0.0,0,107
24836,2008-01-01,2007-11-01,2,2007,48346.0,48346.0,862.1521298431146,0.0861075166344341,72,70,Current,Current,none,0,0.0,0.0,0.0,0,0.0,0.0,0,652
24842,2008-01-01,2005-02-01,35,2005,70176.0,70176.0,1785.9502545259481,0.10180982371262107,48,13,Current,Current,none,0,0.0,0.0,0.0,0,0.0,0.0,0,214
24843,2008-01-01,2003-05-01,56,2003,64435.0,64435.0,1533.6774277198,0.15022859603898323,60,4,Current,Current,none,0,0.0,0.0,0.0,0,0.0,0.0,0,233
24847,2008-01-01,2003-01-01,60,2003,101459.0,101459.0,2217.373308077972,0.11225139551965199,60,0,Current,Matured,matured,0,0.0,0.0,0.0,0,0.0,0.0,0,349
24850,2008-01-01,2006-12-01,13,2006,53495.0,53495.0,1752.0445936926708,0.11027112229543824,36,23,Current,Current,none,0,0.0,0.0,0.0,0,0.0,0.0,0,442
24869,2008-01-01,2002-11-01,62,2002,173664.0,173664.0,3239.0673740797583,0.10248399815330406,72,10,Current,Current,none,0,0.0,0.0,0.0,0,0.0,0.0,0,610
24889,2008-01-01,2004-02-01,47,2004,194658.0,194658.0,3364.719690922614,0.07490037540548942,72,25,Current,Current,none,0,0.0,0.0,0.0,0,0.0,0.0,0,504
24892,2008-01-01,2005-12-01,25,2005,47520.0,47520.0,1051.9390336181134,0.11786608200973005,60,35,Current,Current,none,0,0.0,0.0,0.0,0,0.0,0.0,0,971
24895,2008-01-01,2004-05-01,44,2004,30155.0,30155.0,776.4669771791926,0.10801426009706058,48,4,Current,Current,none,0,0.0,0.0,0.0,0,0.0,0.0,0,143
24903,2008-01-01,2005-02-01,35,2005,67416.0,67416.0,2042.0018099950435,0.05707479722972869,36,1,Current,Current,none,0,0.0,0.0,0.0,0,0.0,0.0,0,639
24906,2008-01-01,2004-03-01,46,2004,87508.0,87508.0,1726.4337973154622,0.06846523557894776,60,14,Current,Current,none,0,0.0,0.0,0.0,0,0.0,0.0,0,291
24908,2008-01-01,2006-11-01,14,2006,141664.0,141664.0,4567.814992198805,0.09950616495674522,36,22,Current,Current,none,0,0.0,0.0,0.0,0,0.0,0.0,0,429
24911,2008-01-01,2007-07-01,6,2007,36688.0,36688.0,925.6225341182225,0.17698268539532938,60,54,Current,Current,none,0,0.0,0.0,0.0,0,0.0,0.0,0,435
24919,2008-01-01,2003-09-01,52,2003,29200.0,29200.0,494.2296536495542,0.0674259404834699,72,20,Current,Current,none,0,0.0,0.0,0.0,0,0.0,0.0,0,937
24940,2008-01-01,2006-09-01,16,2006,49995.0,49995.0,956.0686771255389,0.055479144904518364,60,44,Current,Current,none,0,0.0,0.0,0.0,0,0.0,0.0,0,239
24948,2008-01-01,2003-10-01,51,2003,64100.0,64100.0,1357.0996836591455,0.09846513539427085,60,9,Current,Current,none,0,0.0,0.0,0.0,0,0.0,0.0,0,107
24955,2008-01-01,2005-11-01,26,2005,181828.0,181828.0,3244.5984243401517,0.0863380329714377,72,46,Current,Current,none,0,0.0,0.0,0.0,0,0.0,0.0,1,896
24969,2008-01-01,2006-08-01,17,2006,33851.0,33851.0,827.1095489664654,0.08044527620434654,48,31,Current,Current,none,0,0.0,0.0,0.0,0,0.0,0.0,0,217
24988,2008-01-01,2005-12-01,25,2005,61962.0,61962.0,1119.1449263870481,0.09073011514298869,72,47,Current,Current,none,0,0.0,0.0,0.0,0,0.0,0.0,0,506
24993,2008-01-01,2005-03-01,34,2005,69394.0,69394.0,1461.3945859969551,0.0961760367868557,60,26,Current,Current,none,0,0.0,0.0,0.0,0,0.0,0.0,0,224
24997,2008-01-01,2006-09-01,16,2006,122385.0,122385.0,2196.1763027932793,0.08837142926366479,72,56,Current,Current,none,0,0.0,0.0,0.0,0,0.0,0.0,0,992
25011,2008-01-01,2006-07-01,18,2006,71723.0,71723.0,2246.8251628414364,0.07978449531027015,36,18,Current,Current,none,0,0.0,0.0,0.0,0,0.0,0.0,0,161
25013,2008-01-01,2004-12-01,37,2004,28983.0,28983.0,681.2250331476599,0.14454011854143226,60,23,Current,Current,none,0,0.0,0.0,0.0,0,0.0,0.0,0,451
25016,2008-01-01,2006-04-01,21,2006,77268.0,77268.0,2137.5016564154075,0.14669451688965718,48,27,Current,Current,none,0,0.0,0.0,0.0,0,0.0,0.0,0,779
25018,2008-01-01,2005-04-01,33,2005,116555.0,116555.0,2587.7193640571522,0.11915363817260004,60,27,Current,Current,none,0,0.0,0.0,0.0,0,0.0,0.0,0,477
25024,2008-01-01,2005-01-01,36,2005,72666.0,72666.0,1858.5672365534722,0.1044504518577231,48,12,Current,Current,none,0,0.0,0.0,0.0,0,0.0,0.0,0,558
25035,2008-01-01,2004-12-01,37,2004,35691.0,35691.0,689.0240924476817,0.11527324290487245,72,35,Current,Current,none,0,0.0,0.0,0.0,0,0.0,0.0,0,399
25038,2008-01-01,2002-12-01,61,2002,34045.0,34045.0,636.7079099707962,0.10348280835913844,72,11,Current,Current,none,0,0.0,0.0,0.0,0,0.0,0.0,0,841
25039,2008-01-01,2006-03-01,22,2006,237713.0,237713.0,4952.420319005223,0.09154895540772998,60,38,Current,Current,none,0,0.0,0.0,0.0,0,0.0,0.0,0,635
25044,2008-01-01,2003-04-01,57,2003,53901.0,53901.0,1162.282233429665,0.10639917014911404,60,3,Current,Current,none,0,0.0,0.0,0.0,0,0.0,0.0,0,385
25057,2008-01-01,2006-01-01,24,2006,209345.0,209345.0,4576.756864748472,0.11239930560270063,60,36,Current,Current,none,0,0.0,0.0,0.0,0,0.0,0.0,0,832
25061,2008-01-01,2008-01-01,0,2008,91218.0,91218.0,1517.9436993784802,0.0614376380087511,72,72,Current,Current,none,0,0.0,0.0,0.0,0,0.0,0.0,0,243
25067,2008-01-01,2005-09-01,28,2005,45757.0,45757.0,1582.317137274598,0.14827421748684114,36,8,Current,Current,none,0,0.0,0.0,0.0,0,0.0,0.0,0,118
25074,2008-01-01,2006-05-01,20,2006,38417.0,38417.0,662.4967986031603,0.07406530563694115,72,52,Current,Current,none,0,0.0,0.0,0.0,0,0.0,0.0,0,180
25082,2008-01-01,2005-01-01,36,2005,36685.0,36685.0,924.9832831124114,0.0969050657281785,48,12,Current,Current,none,0,0.0,0.0,0.0,0,0.0,0.0,0,561
25093,2008-01-01,2005-08-01,29,2005,67630.0,67630.0,1732.077773890317,0.10515956369387258,48,19,Current,Current,none,0,0.0,0.0,0.0,0,0.0,0.0,0,232
25106,2008-01-01,2007-03-01,10,2007,168715.0,168715.0,3582.2330371109656,0.09970335264649104,60,50,Current,Current,none,0,0.0,0.0,0.0,0,0.0,0.0,0,743
25115,2008-01-01,2006-03-01,22,2006,88826.0,88826.0,2165.3941828460447,0.07925425302119557,48,26,Current,Current,none,0,0.0,0.0,0.0,0,0.0,0.0,0,214
25129,2008-01-01,2003-06-01,55,2003,20904.0,20904.0,422.08101709357646,0.07822180317896042,60,5,Current,Current,none,0,0.0,0.0,0.0,0,0.0,0.0,0,866
25141,2008-01-01,2007-09-01,4,2007,42225.0,42225.0,1462.5825696954244,0.14943843382030522,36,32,Current,Current,none,0,0.0,0.0,0.0,0,0.0,0.0,0,355
25149,2008-01-01,2007-09-01,4,2007,131573.0,131573.0,3472.80931948793,0.12123561536032419,48,44,Current,Current,none,0,0.0,0.0,0.0,0,0.0,0.0,0,342
25153,2008-01-01,2002-06-01,67,2002,60683.0,60683.0,1183.9011641346585,0.11921898994156947,72,5,Current,Current,none,0,0.0,0.0,0.0,0,0.0,0.0,0,923
25154,2008-01-01,2007-10-01,3,2007,102436.0,102436.0,2316.8167036596788,0.12734146543357167,60,57,Current,Current,none,0,0.0,0.0,0.0,0,0.0,0.0,0,280
25155,2008-01-01,2007-08-01,5,2007,36816.0,36816.0,823.1706590092081,0.12226444333007178,60,55,Current,Current,none,0,0.0,0.0,0.0,0,0.0,0.0,0,129
25157,2008-01-01,2008-01-01,0,2008,19446.0,19446.0,633.0695990520732,0.10611958132452133,36,36,Current,Current,none,0,0.0,0.0,0.0,0,0.0,0.0,0,487
25168,2008-01-01,2005-11-01,26,2005,66084.0,66084.0,1353.4992688952223,0.13767589000582653,72,46,Current,Current,none,0,0.0,0.0,0.0,0,0.0,0.0,0,588
25171,2008-01-01,2004-10-01,39,2004,248901.0,248901.0,5181.359969391409,0.14393341008622823,72,33,Current,Current,none,0,0.0,0.0,0.0,0,0.0,0.0,0,865
25179,2008-01-01,2004-05-01,44,2004,48647.0,48647.0,1272.7477396645234,0.11651241442517918,48,4,Current,Current,none,0,0.0,0.0,0.0,0,0.0,0.0,0,897
25180,2008-01-01,2002-12-01,61,2002,51034.0,51034.0,997.3798206256175,0.11987010163477042,72,11,Current,Current,none,0,0.0,0.0,0.0,0,0.0,0.0,0,970
25186,2008-01-01,2006-04-01,21,2006,35766.0,35766.0,702.5288726602013,0.06662528534647298,60,39,Current,Current,none,0,0.0,0.0,0.0,0,0.0,0.0,0,426
25211,2008-01-01,2002-03-01,70,2002,20269.0,20269.0,351.03416018937116,0.07559153136420789,72,2,Current,Current,none,0,0.0,0.0,0.0,0,0.0,0.0,0,161
25212,2008-01-01,2007-03-01,10,2007,76034.0,76034.0,2679.3425203456673,0.16165392314180188,36,26,Current,Current,none,0,0.0,0.0,0.0,0,0.0,0.0,0,345
25217,2008-01-01,2007-06-01,7,2007,56905.0,56905.0,1283.8580848235927,0.12624726007324177,60,53,Current,Current,none,0,0.0,0.0,0.0,0,0.0,0.0,0,315
25236,2008-01-01,2007-03-01,10,2007,103457.0,103457.0,2911.2596019677467,0.15607772384818908,48,38,Current,Current,none,0,0.0,0.0,0.0,0,0.0,0.0,0,483
25240,2008-01-01,2006-04-01,21,2006,20417.0,20417.0,643.7432023561078,0.08418452431229585,36,15,Current,Current,none,0,0.0,0.0,0.0,0,0.0,0.0,0,186
25253,2008-01-01,2007-03-01,10,2007,52193.0,52193.0,1136.733227361533,0.11074147232853085,60,50,Current,Current,none,0,0.0,0.0,0.0,0,0.0,0.0,0,489
25261,2008-01-01,2004-09-01,40,2004,42895.0,42895.0,910.3764704211347,0.15144142105231076,72,32,Current,Current,none,0,0.0,0.0,0.0,0,0.0,0.0,0,169
25265,2008-01-01,2006-05-01,20,2006,103279.0,103279.0,2806.09997046131,0.13687734203080254,48,28,Current,Current,none,0,0.0,0.0,0.0,0,0.0,0.0,0,112
25307,2008-01-01,2006-12-01,13,2006,31668.0,31668.0,769.6450705259568,0.07766697690463327,48,35,Current,Current,none,0,0.0,0.0,0.0,0,0.0,0.0,0,899
25310,2008-01-01,2004-08-01,41,2004,17364.0,17364.0,424.67595611205803,0.08094415363619202,48,7,Current,Current,none,0,0.0,0.0,0.0,0,0.0,0.0,0,137
25331,2008-01-01,2003-05-01,56,2003,42659.0,42659.0,849.0335302396762,0.07215014057252395,60,4,Current,Current,none,0,0.0,0.0,0.0,0,0.0,0.0,0,881
25352,2008-01-01,2007-01-01,12,2007,54325.0,54325.0,1141.1428734558829,0.14743288396095364,72,60,Current,Current,none,0,0.0,0.0,0.0,0,0.0,0.0,0,428
25354,2008-01-01,2004-12-01,37,2004,61788.0,61788.0,1136.617803366121,0.09740901384776066,72,35,Current,Current,none,0,0.0,0.0,0.0,0,0.0,0.0,0,390
25358,2008-01-01,2005-05-01,32,2005,72136.0,72136.0,1830.6803944649546,0.17971967059998917,60,28,Current,Current,none,0,0.0,0.0,0.0,0,0.0,0.0,0,404
25375,2008-01-01,2007-05-01,8,2007,30301.0,30301.0,740.473965375033,0.08051871269829146,48,40,Current,Current,none,0,0.0,0.0,0.0,0,0.0,0.0,0,441
25386,2008-01-01,2006-02-01,23,2006,21646.0,21646.0,677.8618299016674,0.07955413854105199,36,13,Current,Current,none,0,0.0,0.0,0.0,0,0.0,0.0,0,297
25389,2008-01-01,2005-04-01,33,2005,55417.0,55417.0,1428.9066410550154,0.10874516597763265,48,15,Current,Current,none,0,0.0,0.0,0.0,0,0.0,0.0,0,415
25396,2008-01-01,2007-01-01,12,2007,43383.0,43383.0,1399.581857119591,0.09986962930994925,36,24,Current,Current,none,0,0.0,0.0,0.0,0,0.0,0.0,0,846
25397,2008-01-01,2005-05-01,32,2005,43135.0,43135.0,1420.9118323958105,0.11426458726046049,36,4,Current,Current,none,0,0.0,0.0,0.0,0,0.0,0.0,0,145
25400,2008-01-01,2005-12-01,25,2005,79196.0,79196.0,1402.3437914174644,0.08355345234104355,72,47,Current,Current,none,0,0.0,0.0,0.0,0,0.0,0.0,0,408
25402,2008-01-01,2008-01-01,0,2008,39090.0,39090.0,798.1689757161075,0.08296831355943007,60,60,Current,Current,none,0,0.0,0.0,0.0,0,0.0,0.0,0,175
25404,2008-01-01,2004-03-01,46,2004,86517.0,86517.0,2225.397922166796,0.10745468152178458,48,2,Current,Current,none,0,0.0,0.0,0.0,0,0.0,0.0,0,281
25417,2008-01-01,2005-08-01,29,2005,28174.0,28174.0,539.377215768797,0.11215235608044077,72,43,Current,Current,none,0,0.0,0.0,0.0,0,0.0,0.0,0,694
25424,2008-01-01,2003-12-01,49,2003,109831.0,109831.0,2227.6330279837516,0.08012486049496091,60,11,Current,Current,none,0,0.0,0.0,0.0,0,0.0,0.0,0,920
25431,2008-01-01,2007-02-01,11,2007,26201.0,26201.0,889.5787490752313,0.13534737395459728,36,25,Current,Current,none,0,0.0,0.0,0.0,0,0.0,0.0,0,601
25434,2008-01-01,2007-03-01,10,2007,36543.0,36543.0,928.3043758112657,0.10084263604892381,48,38,Current,Current,none,0,0.0,0.0,0.0,0,0.0,0.0,0,317
25440,2008-01-01,2005-02-01,35,2005,45144.0,45144.0,975.527951483152,0.10732485763253863,60,25,Current,Current,none,0,0.0,0.0,0.0,0,0.0,0.0,0,785
25458,2008-01-01,2007-07-01,6,2007,31235.0,31235.0,679.0716118581302,0.10996599252948211,60,54,Current,Current,none,0,0.0,0.0,0.0,0,0.0,0.0,0,512
25460,2008-01-01,2007-09-01,4,2007,142059.0,142059.0,3588.0681749801615,0.0978110835811868,48,44,Current,Current,none,0,0.0,0.0,0.0,0,0.0,0.0,0,393
25467,2008-01-01,2004-06-01,43,2004,125086.0,125086.0,3192.211077988164,0.10327454458391919,48,5,Current,Current,none,0,0.0,0.0,0.0,0,0.0,0.0,0,551
25468,2008-01-01,2003-04-01,57,2003,28440.0,28440.0,552.7443590281887,0.11778996579293015,72,15,Current,Current,none,0,0.0,0.0,0.0,0,0.0,0.0,0,366
25470,2008-01-01,2007-11-01,2,2007,121279.0,121279.0,2609.278873672749,0.10541934952206208,60,58,Current,Current,none,0,0.0,0.0,0.0,0,0.0,0.0,0,679
25480,2008-01-01,2003-06-01,55,2003,14622.0,14622.0,327.3750191647353,0.12285934353504091,60,5,Current,Current,none,0,0.0,0.0,0.0,0,0.0,0.0,0,187
25487,2008-01-01,2004-09-01,40,2004,31829.0,31829.0,891.7465497773381,0.15366326168233788,48,8,Current,Current,none,0,0.0,0.0,0.0,0,0.0,0.0,0,955
25491,2008-01-01,2008-01-01,0,2008,22879.0,22879.0,602.4942166005296,0.12000213270584878,48,48,Current,Current,none,0,0.0,0.0,0.0,0,0.0,0.0,0,904
25492,2008-01-01,2006-01-01,24,2006,151285.0,151285.0,3404.339012220201,0.12509595895058906,60,36,Current,Current,none,0,0.0,0.0,0.0,0,0.0,0.0,0,856
25502,2008-01-01,2006-06-01,19,2006,32903.0,32903.0,750.0246196618583,0.1797740963640919,72,53,Current,Current,none,0,0.0,0.0,0.0,0,0.0,0.0,0,140
25505,2008-01-01,2005-06-01,31,2005,9438.0,9438.0,236.72148847037016,0.09413276268752835,48,17,Current,Current,none,0,0.0,0.0,0.0,0,0.0,0.0,0,317
25516,2008-01-01,2007-11-01,2,2007,46926.0,46926.0,1094.5737846413251,0.1411040635418897,60,58,Current,Current,none,0,0.0,0.0,0.0,0,0.0,0.0,0,605
25531,2008-01-01,2005-03-01,34,2005,54297.0,54297.0,1788.9882492757206,0.11441512141371644,36,2,Current,Current,none,0,0.0,0.0,0.0,0,0.0,0.0,0,200
25533,2008-01-01,2007-01-01,12,2007,25810.0,25810.0,689.8866992907906,0.12802214992153005,48,36,Current,Current,none,0,0.0,0.0,0.0,0,0.0,0.0,0,970
25537,2008-01-01,2003-01-01,60,2003,91473.0,91473.0,1878.0999882479477,0.08531551819801611,60,0,Current,Matured,matured,0,0.0,0.0,0.0,0,0.0,0.0,0,639
25539,2008-01-01,2006-02-01,23,2006,34262.0,34262.0,703.426682894949,0.08529624246970306,60,37,Current,Current,none,0,0.0,0.0,0.0,0,0.0,0.0,0,614
25540,2008-01-01,2007-02-01,11,2007,31166.0,31166.0,682.6110656195724,0.11320155476930734,60,49,Current,Current,none,0,0.0,0.0,0.0,0,0.0,0.0,0,941
25541,2008-01-01,2005-08-01,29,2005,59023.0,59023.0,1577.6731372327156,0.12802958564061906,48,19,Current,Current,none,0,0.0,0.0,0.0,0,0.0,0.0,0,165
25542,2008-01-01,2007-08-01,5,2007,35476.0,35476.0,697.7404965240449,0.06717015925088848,60,55,Current,Current,none,0,0.0,0.0,0.0,0,0.0,0.0,0,363
25582,2008-01-01,2005-05-01,32,2005,103350.0,103350.0,2267.0735559732407,0.16441930157535217,72,40,Current,Current,none,0,0.0,0.0,0.0,0,0.0,0.0,0,962
25584,2008-01-01,2004-01-01,48,2004,112323.0,112323.0,2210.504835269024,0.0674241448776558,60,12,Current,Current,none,0,0.0,0.0,0.0,0,0.0,0.0,0,258
25587,2008-01-01,2003-10-01,51,2003,104628.0,104628.0,2299.3662571195587,0.11468080199251268,60,9,Current,Current,none,0,0.0,0.0,0.0,0,0.0,0.0,0,415
25593,2008-01-01,2004-06-01,43,2004,104515.0,104515.0,2652.1046672113007,0.10026578765814734,48,5,Current,Current,none,0,0.0,0.0,0.0,0,0.0,0.0,0,744
25595,2008-01-01,2006-07-01,18,2006,49573.0,49573.0,1545.5997631193754,0.07656746928790913,36,18,Current,Current,none,0,0.0,0.0,0.0,0,0.0,0.0,0,214
25596,2008-01-01,2006-11-01,14,2006,65096.0,65096.0,1092.1710944847305,0.06432589559867723,72,58,Current,Current,none,0,0.0,0.0,0.0,0,0.0,0.0,0,318
25604,2008-01-01,2006-11-01,14,2006,34746.0,34746.0,713.135886631028,0.08516030975943974,60,46,Current,Current,none,0,0.0,0.0,0.0,0,0.0,0.0,0,855
25607,2008-01-01,2008-01-01,0,2008,46044.0,46044.0,1426.3525110921178,0.07220542163715478,36,36,Current,Current,none,0,0.0,0.0,0.0,0,0.0,0.0,0,576
25611,2008-01-01,2003-09-01,52,2003,50617.0,50617.0,1061.7545011168254,0.0944755919915412,60,8,Current,Current,none,0,0.0,0.0,0.0,0,0.0,0.0,0,770
25621,2008-01-01,2004-03-01,46,2004,66508.0,66508.0,1226.1449541367256,0.09821703013509107,72,26,Current,Current,none,0,0.0,0.0,0.0,0,0.0,0.0,0,246
25633,2008-01-01,2007-02-01,11,2007,113467.0,113467.0,2942.0330676312924,0.11170775892210164,48,37,Current,Current,none,0,0.0,0.0,0.0,0,0.0,0.0,0,503
25638,2008-01-01,2008-01-01,0,2008,88521.0,88521.0,1971.5365069018326,0.12054432108849394,60,60,Current,Current,none,0,0.0,0.0,0.0,0,0.0,0.0,0,502
25641,2008-01-01,2003-01-01,60,2003,16139.0,16139.0,288.02613990776564,0.08638391415842067,72,12,Current,Current,none,0,0.0,0.0,0.0,0,0.0,0.0,0,594
25652,2008-01-01,2006-11-01,14,2006,46031.0,46031.0,867.9301953610637,0.10650089049614288,72,58,Current,Current,none,0,0.0,0.0,0.0,0,0.0,0.0,0,456
25660,2008-01-01,2007-12-01,1,2007,52884.0,52884.0,1637.6022176007993,0.07194121192970444,36,35,Current,Current,none,0,0.0,0.0,0.0,0,0.0,0.0,0,462
25679,2008-01-01,2007-10-01,3,2007,87429.0,87429.0,2093.6911031748973,0.1999051761483418,72,69,30 DPD,Delinquent,none,0,0.0,0.0,0.0,1,0.0,0.0,0,982
25682,2008-01-01,2007-03-01,10,2007,51643.0,51643.0,1046.0063948150225,0.07954368791862981,60,50,Current,Current,none,0,0.0,0.0,0.0,0,0.0,0.0,0,514
25691,2008-01-01,2006-07-01,18,2006,28605.0,28605.0,525.7913207746251,0.09712327210248181,72,54,Current,Current,none,0,0.0,0.0,0.0,0,0.0,0.0,0,125
25692,2008-01-01,2007-04-01,9,2007,42664.0,42664.0,1139.444319935163,0.12757705920981305,48,39,Current,Current,none,0,0.0,0.0,0.0,0,0.0,0.0,0,812
25693,2008-01-01,2006-07-01,18,2006,94316.0,94316.0,2068.7370896037246,0.11383378702858722,60,42,Current,Current,none,0,0.0,0.0,0.0,0,0.0,0.0,0,270
25699,2008-01-01,2003-06-01,55,2003,51544.0,51544.0,1162.7187371321165,0.12617584118987252,60,5,Current,Current,none,0,0.0,0.0,0.0,0,0.0,0.0,0,857
25711,2008-01-01,2004-08-01,41,2004,86385.0,86385.0,1851.8842709482014,0.10386196404762953,60,19,Current,Current,none,0,0.0,0.0,0.0,0,0.0,0.0,0,273
25716,2008-01-01,2002-07-01,66,2002,85886.0,85886.0,1718.2123384754145,0.12870330804989832,72,6,Current,Current,none,0,0.0,0.0,0.0,0,0.0,0.0,0,985
25733,2008-01-01,2007-08-01,5,2007,133040.0,133040.0,2885.2857593816784,0.10889498078425129,60,55,Current,Current,none,0,0.0,0.0,0.0,0,0.0,0.0,0,621
25742,2008-01-01,2008-01-01,0,2008,72550.0,72550.0,1818.9380329246653,0.09391824028551829,48,48,Current,Current,none,0,0.0,0.0,0.0,0,0.0,0.0,0,990
25764,2008-01-01,2007-06-01,7,2007,59902.0,59902.0,1293.8728589634147,0.10713522995359014,60,53,Current,Current,none,0,0.0,0.0,0.0,0,0.0,0.0,0,331
25765,2008-01-01,2004-12-01,37,2004,23450.0,23450.0,476.7079896792516,0.08109206066178849,60,23,Current,Current,none,0,0.0,0.0,0.0,0,0.0,0.0,0,588
25770,2008-01-01,2005-04-01,33,2005,136590.0,136590.0,2693.4315172506526,0.1232401464130134,72,39,Current,Current,none,0,0.0,0.0,0.0,0,0.0,0.0,0,832
25798,2008-01-01,2004-06-01,43,2004,76824.0,76824.0,1817.8381668623595,0.14756630071093949,60,17,Current,Current,none,0,0.0,0.0,0.0,0,0.0,0.0,0,599
25811,2008-01-01,2007-02-01,11,2007,31460.0,31460.0,659.1235344227134,0.09396179458761333,60,49,Current,Current,none,0,0.0,0.0,0.0,0,0.0,0.0,0,172
25812,2008-01-01,2007-04-01,9,2007,68973.0,68973.0,1434.9121076891547,0.09093922245523221,60,51,Current,Current,none,0,0.0,0.0,0.0,0,0.0,0.0,0,292
25818,2008-01-01,2007-05-01,8,2007,92206.0,92206.0,2891.3801919712514,0.08046521735568364,36,28,Current,Current,none,0,0.0,0.0,0.0,0,0.0,0.0,0,633
25837,2008-01-01,2002-02-01,71,2002,61033.0,61033.0,1229.4141507772767,0.13131229895513544,72,1,Current,Current,none,0,0.0,0.0,0.0,0,0.0,0.0,0,484
25839,2008-01-01,2004-12-01,37,2004,41523.0,41523.0,883.9601359038328,0.10084093565523895,60,23,Current,Current,none,0,0.0,0.0,0.0,0,0.0,0.0,0,378
25843,2008-01-01,2003-08-01,53,2003,56051.0,56051.0,952.198848281921,0.06872981427853853,72,19,Current,Current,none,0,0.0,0.0,0.0,0,0.0,0.0,0,155
25859,2008-01-01,2006-01-01,24,2006,170480.0,170480.0,4187.516574400683,0.08319333960921345,48,24,Current,Current,none,0,0.0,0.0,0.0,0,0.0,0.0,0,504
25872,2008-01-01,2006-07-01,18,2006,33290.0,33290.0,602.2772704627776,0.09133443329327882,72,54,Current,Current,none,0,0.0,0.0,0.0,0,0.0,0.0,0,733
25890,2008-01-01,2003-09-01,52,2003,39026.0,39026.0,809.4892818132461,0.14254581740893676,72,20,Current,Current,none,0,0.0,0.0,0.0,0,0.0,0.0,0,370
25893,2008-01-01,2007-04-01,9,2007,45648.0,45648.0,1055.3337549513817,0.1371149202080707,60,51,Current,Current,none,0,0.0,0.0,0.0,0,0.0,0.0,0,612
25896,2008-01-01,2003-10-01,51,2003,114960.0,114960.0,2674.997679727633,0.1400133493326386,60,9,Current,Current,none,0,0.0,0.0,0.0,0,0.0,0.0,0,663
25912,2008-01-01,2007-12-01,1,2007,94369.0,94369.0,1943.8950148891865,0.13987174881105835,72,71,Current,Current,none,0,0.0,0.0,0.0,0,0.0,0.0,0,267
25917,2008-01-01,2003-04-01,57,2003,22235.0,22235.0,422.75260159354417,0.05308581294767184,60,3,Current,Current,none,0,0.0,0.0,0.0,0,0.0,0.0,0,812
25921,2008-01-01,2004-10-01,39,2004,63766.0,63766.0,1417.7494410890724,0.11978583452338014,60,21,Current,Current,none,0,0.0,0.0,0.0,0,0.0,0.0,0,397
25934,2008-01-01,2007-08-01,5,2007,36031.0,36031.0,739.1178244807378,0.08493474397155762,60,55,Current,Current,none,0,0.0,0.0,0.0,0,0.0,0.0,0,723
25939,2008-01-01,2007-02-01,11,2007,67867.0,67867.0,1578.4551329533367,0.1398035137316991,60,49,Current,Current,none,0,0.0,0.0,0.0,0,0.0,0.0,0,281
25940,2008-01-01,2006-08-01,17,2006,20672.0,20672.0,414.3126986692566,0.07508980675265053,60,43,Current,Current,none,0,0.0,0.0,0.0,0,0.0,0.0,0,551
25944,2008-01-01,2002-01-01,72,2002,230660.0,230660.0,4159.717160894263,0.09017003101339466,72,0,Current,Matured,matured,0,0.0,0.0,0.0,0,0.0,0.0,0,784
25945,2008-01-01,2007-02-01,11,2007,42327.0,42327.0,1131.6656754470112,0.12815995603733613,48,37,Current,Current,none,0,0.0,0.0,0.0,0,0.0,0.0,0,672
25951,2008-01-01,2004-01-01,48,2004,37086.0,37086.0,812.8722882815015,0.11352389990848906,60,12,Current,Current,none,0,0.0,0.0,0.0,0,0.0,0.0,0,814
25966,2008-01-01,2005-10-01,27,2005,24290.0,24290.0,670.5257395226126,0.1455364450369556,48,21,Current,Current,none,0,0.0,0.0,0.0,0,0.0,0.0,0,397
25981,2008-01-01,2006-06-01,19,2006,58196.0,58196.0,1328.6766248229662,0.13152205508837253,60,41,Current,Current,none,0,0.0,0.0,0.0,0,0.0,0.0,0,677
25983,2008-01-01,2007-01-01,12,2007,95706.0,95706.0,2473.20716719264,0.10992158917553058,48,36,Current,Current,none,0,0.0,0.0,0.0,0,0.0,0.0,0,962
25987,2008-01-01,2005-12-01,25,2005,88705.0,88705.0,2009.9402538360207,0.1281543302058212,60,35,Current,Current,none,0,0.0,0.0,0.0,0,0.0,0.0,0,596
25990,2008-01-01,2005-11-01,26,2005,43711.0,43711.0,956.3637975442349,0.1127385833599746,60,34,Current,Current,none,0,0.0,0.0,0.0,0,0.0,0.0,0,467
25995,2008-01-01,2004-08-01,41,2004,29407.0,29407.0,639.0694700384512,0.10978861390284138,60,19,30 DPD,Delinquent,none,0,0.0,0.0,0.0,1,0.0,0.0,0,380
25997,2008-01-01,2003-07-01,54,2003,20259.0,20259.0,457.37512228918536,0.1265409229410744,60,6,Current,Current,none,0,0.0,0.0,0.0,0,0.0,0.0,0,859
25999,2008-01-01,2005-07-01,30,2005,74578.0,74578.0,2401.9430212381394,0.09872000839341262,36,6,30 DPD,Delinquent,none,0,0.0,0.0,0.0,1,0.0,0.0,0,537
26013,2008-01-01,2005-03-01,34,2005,108287.0,108287.0,3373.282348959682,0.07598147624320176,36,2,Current,Current,none,0,0.0,0.0,0.0,0,0.0,0.0,0,830
26023,2008-01-01,2005-10-01,27,2005,34538.0,34538.0,650.7791373858871,0.04937055196251307,60,33,Current,Current,none,0,0.0,0.0,0.0,0,0.0,0.0,0,360
26025,2008-01-01,2003-02-01,59,2003,87235.0,87235.0,1753.9445491819524,0.07643003816507885,60,1,Current,Current,none,0,0.0,0.0,0.0,0,0.0,0.0,0,221
26037,2008-01-01,2006-06-01,19,2006,73650.0,73650.0,1775.0750123256562,0.07333968377508834,48,29,Current,Current,none,0,0.0,0.0,0.0,0,0.0,0.0,0,413
26054,2008-01-01,2003-10-01,51,2003,129257.0,129257.0,2470.6182636456297,0.11155850950651869,72,21,Current,Current,none,0,0.0,0.0,0.0,0,0.0,0.0,0,158
26055,2008-01-01,2007-02-01,11,2007,29222.0,29222.0,748.1040162640625,0.10494476572810132,48,37,Current,Current,none,0,0.0,0.0,0.0,0,0.0,0.0,0,569
26063,2008-01-01,2006-10-01,15,2006,32700.0,32700.0,930.6530260835585,0.16234135616540385,48,33,Current,Current,none,0,0.0,0.0,0.0,0,0.0,0.0,0,444
26065,2008-01-01,2004-02-01,47,2004,60502.0,60502.0,1561.0263026874413,0.10908757180322877,48,1,Current,Current,none,0,0.0,0.0,0.0,0,0.0,0.0,0,139
26067,2008-01-01,2005-05-01,32,2005,38463.0,38463.0,951.0056176018636,0.08662736333929054,48,16,Current,Current,none,0,0.0,0.0,0.0,0,0.0,0.0,0,981
26076,2008-01-01,2004-10-01,39,2004,39222.0,39222.0,793.6165411649807,0.13302217960478957,72,33,Current,Current,none,0,0.0,0.0,0.0,0,0.0,0.0,0,613
26082,2008-01-01,2006-05-01,20,2006,38786.0,38786.0,672.9295532053724,0.07623146070128692,72,52,Current,Current,none,0,0.0,0.0,0.0,0,0.0,0.0,0,736
26086,2008-01-01,2007-10-01,3,2007,31057.0,31057.0,787.1563979154448,0.0996450126807029,48,45,Current,Current,none,0,0.0,0.0,0.0,0,0.0,0.0,0,669
26088,2008-01-01,2005-09-01,28,2005,40080.0,40080.0,1305.7050010745709,0.10659003837812409,36,8,Current,Current,none,0,0.0,0.0,0.0,0,0.0,0.0,0,414
26091,2008-01-01,2007-05-01,8,2007,14292.0,14292.0,451.95918820241957,0.08620124914164813,36,28,Current,Current,none,0,0.0,0.0,0.0,0,0.0,0.0,0,409
26093,2008-01-01,2007-02-01,11,2007,48434.0,48434.0,1430.5324194474422,0.18307082244195705,48,37,Current,Current,none,0,0.0,0.0,0.0,0,0.0,0.0,0,240
26096,2008-01-01,2005-04-01,33,2005,121055.0,121055.0,2517.2206174369217,0.09073456935459857,60,27,Current,Current,none,0,0.0,0.0,0.0,0,0.0,0.0,0,163
26103,2008-01-01,2003-04-01,57,2003,69630.0,69630.0,1549.3735788084705,0.17009663184745707,72,15,Current,Current,none,0,0.0,0.0,0.0,0,0.0,0.0,0,364
26104,2008-01-01,2007-06-01,7,2007,28040.0,28040.0,929.4171315657702,0.1185713789762082,36,29,Current,Current,none,0,0.0,0.0,0.0,0,0.0,0.0,0,338
26105,2008-01-01,2005-12-01,25,2005,60282.0,60282.0,1890.7669749652289,0.08062846093705611,36,11,Current,Current,none,0,0.0,0.0,0.0,0,0.0,0.0,0,137
26114,2008-01-01,2004-10-01,39,2004,132240.0,132240.0,2591.4853436464996,0.1208963075616953,72,33,Current,Current,none,0,0.0,0.0,0.0,0,0.0,0.0,0,853
26121,2008-01-01,2007-06-01,7,2007,40908.0,40908.0,994.8163076454958,0.0779835512742846,48,41,Current,Current,none,0,0.0,0.0,0.0,0,0.0,0.0,0,385
26135,2008-01-01,2005-07-01,30,2005,13129.0,13129.0,335.259783992473,0.10359998598770968,48,18,Current,Current,none,0,0.0,0.0,0.0,0,0.0,0.0,0,669
26139,2008-01-01,2002-06-01,67,2002,107240.0,107240.0,2022.685596277655,0.10661781690544443,72,5,Current,Current,none,0,0.0,0.0,0.0,0,0.0,0.0,0,547
26140,2008-01-01,2005-09-01,28,2005,58337.0,58337.0,1465.8566313688657,0.0950890916749373,48,20,Current,Current,none,0,0.0,0.0,0.0,0,0.0,0.0,0,886
26145,2008-01-01,2007-01-01,12,2007,40206.0,40206.0,887.0628160126988,0.11639980606439466,60,48,Current,Current,none,0,0.0,0.0,0.0,0,0.0,0.0,0,145
26152,2008-01-01,2007-07-01,6,2007,42289.0,42289.0,992.8291348509127,0.1440210696605929,60,54,Current,Current,none,0,0.0,0.0,0.0,0,0.0,0.0,0,600
26167,2008-01-01,2004-12-01,37,2004,49341.0,49341.0,1142.6873889869814,0.1861877959477081,72,35,Current,Current,none,0,0.0,0.0,0.0,0,0.0,0.0,0,926
26172,2008-01-01,2007-11-01,2,2007,64598.0,64598.0,1679.7915572948575,0.11325275491568916,48,46,Current,Current,none,0,0.0,0.0,0.0,0,0.0,0.0,0,333
26173,2008-01-01,2004-08-01,41,2004,106641.0,106641.0,2282.9191991686007,0.10325420218886645,60,19,Current,Current,none,0,0.0,0.0,0.0,0,0.0,0.0,0,404
26174,2008-01-01,2004-12-01,37,2004,39774.0,39774.0,1052.9555560745903,0.12283942146350396,48,11,Current,Current,none,0,0.0,0.0,0.0,0,0.0,0.0,0,454
26191,2008-01-01,2004-10-01,39,2004,51015.0,51015.0,1260.3939765752189,0.0862284241779689,48,9,Current,Current,none,0,0.0,0.0,0.0,0,0.0,0.0,0,888
26196,2008-01-01,2007-02-01,11,2007,43105.0,43105.0,1127.2749159221928,0.11628571756695318,48,37,Current,Current,none,0,0.0,0.0,0.0,0,0.0,0.0,0,801
26219,2008-01-01,2004-08-01,41,2004,132177.0,132177.0,3230.491586443364,0.08059046567852167,48,7,Current,Current,none,0,0.0,0.0,0.0,0,0.0,0.0,0,972
26221,2008-01-01,2007-04-01,9,2007,52435.0,52435.0,969.5836267091634,0.09931182901114054,72,63,Current,Current,none,0,0.0,0.0,0.0,0,0.0,0.0,0,659
26233,2008-01-01,2005-11-01,26,2005,55441.0,55441.0,1182.6951342099742,0.1017347080444717,60,34,Current,Current,none,0,0.0,0.0,0.0,0,0.0,0.0,0,775
26241,2008-01-01,2006-01-01,24,2006,37484.0,37484.0,1252.7652750753107,0.12432656186178695,36,12,Current,Current,none,0,0.0,0.0,0.0,0,0.0,0.0,0,809
26243,2008-01-01,2005-09-01,28,2005,17379.0,17379.0,532.4211647060733,0.06471190955227657,36,8,Current,Current,none,0,0.0,0.0,0.0,0,0.0,0.0,0,869
26244,2008-01-01,2004-09-01,40,2004,55955.0,55955.0,1355.5331219718498,0.15825459413272933,60,20,Current,Current,none,0,0.0,0.0,0.0,0,0.0,0.0,0,933
26252,2008-01-01,2002-11-01,62,2002,98773.0,98773.0,1993.4419048557459,0.13204223965825948,72,10,Current,Current,none,0,0.0,0.0,0.0,0,0.0,0.0,0,357
26258,2008-01-01,2006-02-01,23,2006,25566.0,25566.0,568.766025437361,0.12004990489540289,60,37,Current,Current,none,0,0.0,0.0,0.0,0,0.0,0.0,0,338
26275,2008-01-01,2005-08-01,29,2005,89986.0,89986.0,1787.0014427485519,0.125905683220688,72,43,Current,Current,none,0,0.0,0.0,0.0,0,0.0,0.0,0,770
26281,2008-01-01,2006-09-01,16,2006,157863.0,157863.0,5262.654068744746,0.1225627164485585,36,20,Current,Current,none,0,0.0,0.0,0.0,0,0.0,0.0,0,509
26296,2008-01-01,2005-04-01,33,2005,108135.0,108135.0,2377.492384252296,0.11487505762309896,60,27,Current,Current,none,0,0.0,0.0,0.0,0,0.0,0.0,0,256
26297,2008-01-01,2007-02-01,11,2007,120744.0,120744.0,2256.0957579157807,0.10314745610509718,72,61,Current,Current,none,0,0.0,0.0,0.0,0,0.0,0.0,0,127
26304,2008-01-01,2007-03-01,10,2007,54265.0,54265.0,1361.103334043833,0.09414920291502936,48,38,Current,Current,none,0,0.0,0.0,0.0,0,0.0,0.0,0,589
26319,2008-01-01,2007-07-01,6,2007,53612.0,53612.0,1773.0535752036008,0.11701568798644633,36,30,Current,Current,none,0,0.0,0.0,0.0,0,0.0,0.0,0,429
26326,2008-01-01,2006-09-01,16,2006,46856.0,46856.0,970.6204285069795,0.08910542503628896,60,44,Current,Current,none,0,0.0,0.0,0.0,0,0.0,0.0,0,897
26329,2008-01-01,2006-10-01,15,2006,29357.0,29357.0,740.7171464219728,0.09726343587075449,48,33,Current,Current,none,0,0.0,0.0,0.0,0,0.0,0.0,0,950
26331,2008-01-01,2007-02-01,11,2007,135164.0,135164.0,3178.009355100492,0.1446925877231826,60,49,Current,Current,none,0,0.0,0.0,0.0,0,0.0,0.0,0,158
26334,2008-01-01,2008-01-01,0,2008,44992.0,44992.0,973.8134825407037,0.1080268033658652,60,60,Current,Current,none,0,0.0,0.0,0.0,0,0.0,0.0,0,685
26335,2008-01-01,2007-02-01,11,2007,82995.0,82995.0,2682.9918921343915,0.1012764915074918,36,25,Current,Current,none,0,0.0,0.0,0.0,0,0.0,0.0,0,823
26361,2008-01-01,2004-12-01,37,2004,28338.0,28338.0,605.173882760079,0.10220213452672328,60,23,Current,Current,none,0,0.0,0.0,0.0,0,0.0,0.0,0,571
26366,2008-01-01,2005-08-01,29,2005,56847.0,56847.0,1463.8416612094097,0.10804227445608734,48,19,Current,Current,none,0,0.0,0.0,0.0,0,0.0,0.0,0,706
26372,2008-01-01,2004-07-01,42,2004,45013.0,45013.0,995.6573319448476,0.11752000393391598,60,18,Current,Current,none,0,0.0,0.0,0.0,0,0.0,0.0,0,225
26385,2008-01-01,2004-03-01,46,2004,40331.0,40331.0,950.3618419618196,0.06172185277673662,48,2,Current,Current,none,0,0.0,0.0,0.0,0,0.0,0.0,0,887
26390,2008-01-01,2006-10-01,15,2006,170655.0,170655.0,3910.6031953960323,0.13316182129832882,60,45,Current,Current,none,0,0.0,0.0,0.0,0,0.0,0.0,0,172
26401,2008-01-01,2004-01-01,48,2004,31538.0,31538.0,611.2933029426086,0.1167723717041636,72,24,Current,Current,none,0,0.0,0.0,0.0,0,0.0,0.0,0,654
26415,2008-01-01,2005-08-01,29,2005,50409.0,50409.0,977.7000710875991,0.11701567270685309,72,43,Current,Current,none,0,0.0,0.0,0.0,0,0.0,0.0,0,849
26432,2008-01-01,2005-02-01,35,2005,31414.0,31414.0,625.3923776714558,0.07226167305129343,60,25,Current,Current,none,0,0.0,0.0,0.0,0,0.0,0.0,0,200
26434,2008-01-01,2006-05-01,20,2006,26759.0,26759.0,567.3753737715739,0.09910757845130097,60,40,Current,Current,none,0,0.0,0.0,0.0,0,0.0,0.0,1,141
26449,2008-01-01,2007-11-01,2,2007,45766.0,45766.0,1472.965638008107,0.09824202740977982,36,34,Current,Current,none,0,0.0,0.0,0.0,0,0.0,0.0,0,889
26455,2008-01-01,2005-04-01,33,2005,31468.0,31468.0,976.7611627883123,0.07355340332452172,36,3,Current,Current,none,0,0.0,0.0,0.0,0,0.0,0.0,0,677
26469,2008-01-01,2004-12-01,37,2004,49606.0,49606.0,1071.3263985954097,0.10707247969559452,60,23,Current,Current,none,0,0.0,0.0,0.0,0,0.0,0.0,0,997
26481,2008-01-01,2005-02-01,35,2005,97319.0,97319.0,2270.2951378051675,0.141159077238597,60,25,Current,Current,none,0,0.0,0.0,0.0,0,0.0,0.0,0,355
26492,2008-01-01,2006-04-01,21,2006,49043.0,49043.0,1360.3216443816502,0.14815523437916792,48,27,Current,Current,none,0,0.0,0.0,0.0,0,0.0,0.0,0,352
26494,2008-01-01,2005-04-01,33,2005,15580.0,15580.0,512.4402459262078,0.1132091849993546,36,3,Current,Current,none,0,0.0,0.0,0.0,0,0.0,0.0,0,754
26511,2008-01-01,2006-01-01,24,2006,88159.0,88159.0,1748.1525617523857,0.07060048206476456,60,36,Current,Current,none,0,0.0,0.0,0.0,0,0.0,0.0,0,273
26516,2008-01-01,2003-03-01,58,2003,75053.0,75053.0,1317.3909505438378,0.0804006271350009,72,14,Current,Current,none,0,0.0,0.0,0.0,0,0.0,0.0,0,915
26529,2008-01-01,2005-08-01,29,2005,81725.0,81725.0,1981.6178641782114,0.07646628643089984,48,19,Current,Paid off,payoff,0,0.0,0.0,0.0,0,0.0,0.0,0,248
26532,2008-01-01,2007-01-01,12,2007,98443.0,98443.0,2252.388496137443,0.13247806228921646,60,48,Current,Current,none,0,0.0,0.0,0.0,0,0.0,0.0,0,159
26545,2008-01-01,2006-10-01,15,2006,399528.0,399528.0,12603.068965352331,0.084511253717805,36,21,Current,Current,none,0,0.0,0.0,0.0,0,0.0,0.0,0,228
26573,2008-01-01,2003-10-01,51,2003,18772.0,18772.0,404.4634484981632,0.1060530462000795,60,9,Current,Current,none,0,0.0,0.0,0.0,0,0.0,0.0,0,707
26576,2008-01-01,2005-09-01,28,2005,71545.0,71545.0,1571.7020379892756,0.11451009226828521,60,32,Current,Current,none,0,0.0,0.0,0.0,0,0.0,0.0,0,430
26580,2008-01-01,2003-02-01,59,2003,137950.0,137950.0,2495.9672571318943,0.09136332998169654,72,13,Current,Current,none,0,0.0,0.0,0.0,0,0.0,0.0,0,543
26581,2008-01-01,2002-12-01,61,2002,33257.0,33257.0,647.1159919934541,0.11822553570497757,72,11,Current,Current,none,0,0.0,0.0,0.0,0,0.0,0.0,0,762
26587,2008-01-01,2006-10-01,15,2006,59057.0,59057.0,1585.6929879185539,0.13045757977123984,48,33,Current,Current,none,0,0.0,0.0,0.0,0,0.0,0.0,0,374
26590,2008-01-01,2005-06-01,31,2005,48226.0,48226.0,1009.616016711812,0.09363254201481674,60,29,Current,Current,none,0,0.0,0.0,0.0,0,0.0,0.0,0,301
26592,2008-01-01,2006-05-01,20,2006,69992.0,69992.0,1621.6225498463834,0.13807716693710115,60,40,Current,Current,none,0,0.0,0.0,0.0,0,0.0,0.0,0,162
26599,2008-01-01,2005-10-01,27,2005,39626.0,39626.0,869.8998651831207,0.1142057514174303,60,33,Current,Current,none,0,0.0,0.0,0.0,0,0.0,0.0,0,556
26600,2008-01-01,2004-05-01,44,2004,110528.0,110528.0,2395.353118922658,0.10858479776843533,60,16,Current,Current,none,0,0.0,0.0,0.0,0,0.0,0.0,0,151
26606,2008-01-01,2002-07-01,66,2002,105582.0,105582.0,2357.520340892511,0.1714802641736417,72,6,30 DPD,Delinquent,none,0,0.0,0.0,0.0,1,0.0,0.0,0,155
26615,2008-01-01,2003-04-01,57,2003,58302.0,58302.0,1033.5352771471944,0.08396082821327894,72,15,Current,Current,none,0,0.0,0.0,0.0,0,0.0,0.0,0,873
26623,2008-01-01,2004-04-01,45,2004,90026.0,90026.0,2307.011777525724,0.10546952856606331,48,3,Current,Current,none,0,0.0,0.0,0.0,0,0.0,0.0,0,110
26627,2008-01-01,2005-08-01,29,2005,76651.0,76651.0,2402.188280748001,0.08006349590172038,36,7,Current,Current,none,0,0.0,0.0,0.0,0,0.0,0.0,0,313
26642,2008-01-01,2005-11-01,26,2005,37802.0,37802.0,874.9640067524477,0.13763788081975595,60,34,Current,Current,none,0,0.0,0.0,0.0,0,0.0,0.0,0,850
26655,2008-01-01,2003-01-01,60,2003,83869.0,83869.0,1651.710098676067,0.06772263854435219,60,0,Current,Matured,matured,0,0.0,0.0,0.0,0,0.0,0.0,0,531
26669,2008-01-01,2004-05-01,44,2004,73126.0,73126.0,1823.0859700088392,0.09096205776673119,48,4,Current,Current,none,0,0.0,0.0,0.0,0,0.0,0.0,0,548
26695,2008-01-01,2005-05-01,32,2005,56097.0,56097.0,1148.8515554421579,0.08423607134470283,60,28,Current,Current,none,0,0.0,0.0,0.0,0,0.0,0.0,0,234
26705,2008-01-01,2008-01-01,0,2008,70931.0,70931.0,1283.3472602119332,0.09135572986416628,72,72,Current,Current,none,0,0.0,0.0,0.0,0,0.0,0.0,0,689
26713,2008-01-01,2005-02-01,35,2005,79740.0,79740.0,1684.104753677847,0.14953832194663264,72,37,Current,Current,none,0,0.0,0.0,0.0,0,0.0,0.0,0,406
26714,2008-01-01,2004-11-01,38,2004,125288.0,125288.0,3305.599795326001,0.12102132779317261,48,10,Current,Current,none,0,0.0,0.0,0.0,0,0.0,0.0,0,632
26716,2008-01-01,2006-10-01,15,2006,17030.0,17030.0,385.7827536987418,0.12804513907941215,60,45,Current,Current,none,0,0.0,0.0,0.0,0,0.0,0.0,0,633
26734,2008-01-01,2002-02-01,71,2002,48471.0,48471.0,828.8216195348804,0.07104707497642265,72,1,Current,Current,none,0,0.0,0.0,0.0,0,0.0,0.0,0,896
26745,2008-01-01,2003-09-01,52,2003,36539.0,36539.0,819.7404096035807,0.12375509768892469,60,8,Current,Current,none,0,0.0,0.0,0.0,0,0.0,0.0,0,719
26753,2008-01-01,2004-09-01,40,2004,30971.0,30971.0,647.673615427107,0.09316419723155174,60,20,Current,Current,none,0,0.0,0.0,0.0,0,0.0,0.0,0,182
26781,2008-01-01,2006-02-01,23,2006,47923.0,47923.0,815.1901536437956,0.06919578918582024,72,49,Current,Current,none,0,0.0,0.0,0.0,0,0.0,0.0,0,190
26791,2008-01-01,2006-09-01,16,2006,66978.0,66978.0,1501.7262042241346,0.12348951975714063,60,44,Current,Current,none,0,0.0,0.0,0.0,0,0.0,0.0,0,885
26793,2008-01-01,2006-10-01,15,2006,36155.0,36155.0,1128.6359730239997,0.07740072932870537,36,21,Current,Current,none,0,0.0,0.0,0.0,0,0.0,0.0,0,711
26808,2008-01-01,2007-02-01,11,2007,53951.0,53951.0,1231.1875500688157,0.1313156062772172,60,49,Current,Current,none,0,0.0,0.0,0.0,0,0.0,0.0,0,929
26817,2008-01-01,2002-05-01,68,2002,52467.0,52467.0,1050.5120021076507,0.1290184573369277,72,4,Current,Current,none,0,0.0,0.0,0.0,0,0.0,0.0,0,657
26823,2008-01-01,2006-11-01,14,2006,41619.0,41619.0,942.0440132545203,0.12768909687846927,60,46,Current,Current,none,0,0.0,0.0,0.0,0,0.0,0.0,0,823
26834,2008-01-01,2002-01-01,72,2002,51188.0,51188.0,848.6575077368054,0.06013428979746734,72,0,Current,Matured,matured,0,0.0,0.0,0.0,0,0.0,0.0,0,207
26863,2008-01-01,2007-07-01,6,2007,17349.0,17349.0,330.09936372700696,0.109861707925638,72,66,Current,Current,none,0,0.0,0.0,0.0,0,0.0,0.0,0,543
26868,2008-01-01,2005-05-01,32,2005,58838.0,58838.0,1371.9839316826722,0.05634870738107232,48,16,Current,Current,none,0,0.0,0.0,0.0,0,0.0,0.0,0,238
26877,2008-01-01,2005-09-01,28,2005,90562.0,90562.0,1909.0807004660087,0.09660479460748393,60,32,Current,Current,none,0,0.0,0.0,0.0,0,0.0,0.0,0,294
26889,2008-01-01,2005-09-01,28,2005,37189.0,37189.0,761.273278943512,0.08404196335036343,60,32,Current,Current,none,0,0.0,0.0,0.0,0,0.0,0.0,0,859
26890,2008-01-01,2005-07-01,30,2005,84901.0,84901.0,2412.9171866201805,0.16156238203197948,48,18,Current,Current,none,0,0.0,0.0,0.0,0,0.0,0.0,0,621
26905,2008-01-01,2004-04-01,45,2004,34677.0,34677.0,689.3541162267811,0.07165319256228532,60,15,Current,Current,none,0,0.0,0.0,0.0,0,0.0,0.0,0,571
26918,2008-01-01,2004-10-01,39,2004,37525.0,37525.0,794.8809612850841,0.09869120227928456,60,21,Current,Current,none,0,0.0,0.0,0.0,0,0.0,0.0,0,854
26924,2008-01-01,2005-10-01,27,2005,63238.0,63238.0,1553.7164113917881,0.083326027183442,48,21,Current,Current,none,0,0.0,0.0,0.0,0,0.0,0.0,0,900
26926,2008-01-01,2007-03-01,10,2007,71640.0,71640.0,1900.461292011467,0.12394475900111858,48,38,Current,Current,none,0,0.0,0.0,0.0,0,0.0,0.0,0,393
26930,2008-01-01,2007-01-01,12,2007,51367.0,51367.0,1765.3696429925574,0.1439086815786405,36,24,Current,Current,none,0,0.0,0.0,0.0,0,0.0,0.0,0,410
26932,2008-01-01,2007-05-01,8,2007,47628.0,47628.0,983.3009147427333,0.08766963137879266,60,52,Current,Current,none,0,0.0,0.0,0.0,0,0.0,0.0,0,957
26935,2008-01-01,2006-05-01,20,2006,45266.0,45266.0,1183.1590024486543,0.11600104411535997,48,28,Current,Current,none,0,0.0,0.0,0.0,0,0.0,0.0,0,134
26938,2008-01-01,2007-12-01,1,2007,91055.0,91055.0,2882.335725985011,0.08688353400043496,36,35,Current,Current,none,0,0.0,0.0,0.0,0,0.0,0.0,0,752
26939,2008-01-01,2007-09-01,4,2007,28819.0,28819.0,818.9493677634673,0.16149672735555473,48,44,Current,Current,none,0,0.0,0.0,0.0,0,0.0,0.0,0,680
26963,2008-01-01,2007-05-01,8,2007,19098.0,19098.0,635.7868350549782,0.12159945642229666,36,28,Current,Current,none,0,0.0,0.0,0.0,0,0.0,0.0,0,608
26966,2008-01-01,2007-01-01,12,2007,59533.0,59533.0,1407.924864976844,0.14732001760811197,60,48,Current,Current,none,0,0.0,0.0,0.0,0,0.0,0.0,0,302
26973,2008-01-01,2005-11-01,26,2005,69726.0,69726.0,1542.630357369104,0.11761625511921607,60,34,Current,Current,none,0,0.0,0.0,0.0,0,0.0,0.0,0,748
26976,2008-01-01,2007-08-01,5,2007,63509.0,63509.0,1375.0524932172968,0.10817061489220517,60,55,Current,Current,none,0,0.0,0.0,0.0,0,0.0,0.0,0,389
26977,2008-01-01,2006-08-01,17,2006,59958.0,59958.0,1262.1634022233234,0.09600057819598903,60,43,Current,Current,none,0,0.0,0.0,0.0,0,0.0,0.0,0,456
27006,2008-01-01,2006-02-01,23,2006,46227.0,46227.0,936.9220124123925,0.1336611434225638,72,49,30 DPD,Delinquent,none,0,0.0,0.0,0.0,1,0.0,0.0,0,475
27013,2008-01-01,2007-09-01,4,2007,41254.0,41254.0,864.9269515103363,0.09426361540631038,60,56,Current,Current,none,0,0.0,0.0,0.0,0,0.0,0.0,0,594
27014,2008-01-01,2004-12-01,37,2004,21167.0,21167.0,434.254116454333,0.08498107922996871,60,23,Current,Current,none,0,0.0,0.0,0.0,0,0.0,0.0,0,790
27017,2008-01-01,2006-12-01,13,2006,64474.0,64474.0,2158.1742281105626,0.1254155113852428,36,23,Current,Current,none,0,0.0,0.0,0.0,0,0.0,0.0,0,763
27034,2008-01-01,2007-09-01,4,2007,38107.0,38107.0,805.0396354337038,0.09753108200769267,60,56,Current,Current,none,0,0.0,0.0,0.0,0,0.0,0.0,0,349
27044,2008-01-01,2005-12-01,25,2005,48143.0,48143.0,971.9947045928499,0.07818706028195813,60,35,Current,Current,none,0,0.0,0.0,0.0,0,0.0,0.0,0,852
27056,2008-01-01,2006-07-01,18,2006,33047.0,33047.0,847.7956660127959,0.10605251789670045,48,30,Current,Paid off,payoff,0,0.0,0.0,0.0,0,0.0,0.0,0,913
27062,2008-01-01,2007-07-01,6,2007,14204.0,14204.0,322.66608090438973,0.1292864893219489,60,54,Current,Current,none,0,0.0,0.0,0.0,0,0.0,0.0,0,538
27063,2008-01-01,2002-08-01,65,2002,47824.0,47824.0,947.6173425216506,0.12506686048477755,72,7,Current,Current,none,0,0.0,0.0,0.0,0,0.0,0.0,0,742
27067,2008-01-01,2006-03-01,22,2006,75055.0,75055.0,2391.4732041128163,0.09135735247104057,36,14,Current,Current,none,0,0.0,0.0,0.0,0,0.0,0.0,0,405
27072,2008-01-01,2004-08-01,41,2004,81388.0,81388.0,1684.8721099181755,0.08883224794197969,60,19,Current,Current,none,0,0.0,0.0,0.0,0,0.0,0.0,0,483
27078,2008-01-01,2007-08-01,5,2007,52791.0,52791.0,947.104940566872,0.08828729628184884,72,67,Current,Current,none,0,0.0,0.0,0.0,0,0.0,0.0,0,213
27079,2008-01-01,2007-01-01,12,2007,86773.0,86773.0,1583.803219410474,0.09455146363357808,72,60,Current,Current,none,0,0.0,0.0,0.0,0,0.0,0.0,0,664
27087,2008-01-01,2004-10-01,39,2004,48920.0,48920.0,1270.040926843147,0.11238686197656017,48,9,Current,Current,none,0,0.0,0.0,0.0,0,0.0,0.0,0,670
27096,2008-01-01,2006-06-01,19,2006,10944.0,10944.0,195.31536122562625,0.08638810693977275,72,53,Current,Current,none,0,0.0,0.0,0.0,0,0.0,0.0,0,353
27099,2008-01-01,2005-09-01,28,2005,100860.0,100860.0,2249.26919131363,0.17098097506712254,72,44,30 DPD,Delinquent,none,0,0.0,0.0,0.0,1,0.0,0.0,0,611
27115,2008-01-01,2005-06-01,31,2005,92279.0,92279.0,1956.1563568356512,0.09900832182702292,60,29,Current,Current,none,0,0.0,0.0,0.0,0,0.0,0.0,0,924
27131,2008-01-01,2005-04-01,33,2005,84854.0,84854.0,1598.2556226483402,0.10610854781036982,72,39,Current,Current,none,0,0.0,0.0,0.0,0,0.0,0.0,0,316
27135,2008-01-01,2004-01-01,48,2004,173108.0,173108.0,3747.7544757785845,0.10814054146140635,60,12,Current,Current,none,0,0.0,0.0,0.0,0,0.0,0.0,0,483
27137,2008-01-01,2003-05-01,56,2003,41606.0,41606.0,928.7033325905242,0.1215208968940834,60,4,Current,Current,none,0,0.0,0.0,0.0,0,0.0,0.0,0,280
27163,2008-01-01,2004-11-01,38,2004,37176.0,37176.0,861.6292457190349,0.13823850723980305,60,22,Current,Current,none,0,0.0,0.0,0.0,0,0.0,0.0,0,749
27165,2008-01-01,2006-10-01,15,2006,18981.0,18981.0,440.3311700891417,0.13865390632309676,60,45,Current,Current,none,0,0.0,0.0,0.0,0,0.0,0.0,0,813
27174,2008-01-01,2005-09-01,28,2005,119273.0,119273.0,2848.742337911019,0.06866202064406475,48,20,Current,Current,none,0,0.0,0.0,0.0,0,0.0,0.0,0,505
27181,2008-01-01,2007-07-01,6,2007,22822.0,22822.0,573.556050125584,0.17517569445855613,60,54,Current,Current,none,0,0.0,0.0,0.0,0,0.0,0.0,0,925
27209,2008-01-01,2006-10-01,15,2006,49159.0,49159.0,871.7202796503632,0.0840706820355849,72,57,Current,Current,none,0,0.0,0.0,0.0,0,0.0,0.0,0,403
27210,2008-01-01,2005-04-01,33,2005,76733.0,76733.0,1508.6384929866817,0.12212516318973878,72,39,Current,Current,none,0,0.0,0.0,0.0,0,0.0,0.0,0,573
27212,2008-01-01,2006-10-01,15,2006,25010.0,25010.0,627.0331333033472,0.0939137756266233,48,33,Current,Current,none,0,0.0,0.0,0.0,0,0.0,0.0,0,620
27216,2008-01-01,2005-05-01,32,2005,37149.0,37149.0,889.0790576562014,0.06970985618802049,48,16,Current,Current,none,0,0.0,0.0,0.0,0,0.0,0.0,0,337
27217,2008-01-01,2004-02-01,47,2004,22360.0,22360.0,444.6085822492251,0.07175500707980764,60,13,Current,Current,none,0,0.0,0.0,0.0,0,0.0,0.0,0,880
27222,2008-01-01,2003-07-01,54,2003,206963.0,206963.0,3761.9446789600306,0.09304220945414655,72,18,Current,Current,none,0,0.0,0.0,0.0,0,0.0,0.0,0,165
27234,2008-01-01,2005-07-01,30,2005,69277.0,69277.0,1714.0806718318318,0.08699121825637206,48,18,Current,Paid off,payoff,0,0.0,0.0,0.0,0,0.0,0.0,0,274
27244,2008-01-01,2005-06-01,31,2005,157633.0,157633.0,3325.4362397272043,0.09692515945867841,60,29,Current,Current,none,0,0.0,0.0,0.0,0,0.0,0.0,0,141
27252,2008-01-01,2003-03-01,58,2003,92932.0,92932.0,2118.6670912415448,0.13087784629931612,60,2,Current,Current,none,0,0.0,0.0,0.0,0,0.0,0.0,0,741
27256,2008-01-01,2005-03-01,34,2005,38559.0,38559.0,725.8768521919,0.10590690454704306,72,38,Current,Current,none,0,0.0,0.0,0.0,0,0.0,0.0,0,476
27258,2008-01-01,2002-07-01,66,2002,132561.0,132561.0,2932.4407198905774,0.1677621151208454,72,6,Current,Current,none,0,0.0,0.0,0.0,0,0.0,0.0,0,418
27259,2008-01-01,2006-06-01,19,2006,34303.0,34303.0,736.0638068942635,0.15573515980708935,72,53,Current,Current,none,0,0.0,0.0,0.0,0,0.0,0.0,0,483
27274,2008-01-01,2006-10-01,15,2006,32062.0,32062.0,788.2969986994791,0.1650397260084086,60,45,Current,Current,none,0,0.0,0.0,0.0,0,0.0,0.0,0,423
27275,2008-01-01,2005-12-01,25,2005,51642.0,51642.0,1396.6995819047652,0.1343882430723824,48,23,Current,Current,none,0,0.0,0.0,0.0,0,0.0,0.0,0,551
27282,2008-01-01,2003-03-01,58,2003,39167.0,39167.0,828.776228622627,0.09823011688029509,60,2,Current,Current,none,0,0.0,0.0,0.0,0,0.0,0.0,0,545
27317,2008-01-01,2005-08-01,29,2005,52707.0,52707.0,1709.4344233874508,0.10352162025736104,36,7,Current,Current,none,0,0.0,0.0,0.0,0,0.0,0.0,0,646
27325,2008-01-01,2006-10-01,15,2006,90509.0,90509.0,1864.2479450428957,0.08667545091219042,60,45,Current,Current,none,0,0.0,0.0,0.0,0,0.0,0.0,0,313
27330,2008-01-01,2005-09-01,28,2005,43878.0,43878.0,935.2198205356565,0.10136141981155294,60,32,Current,Current,none,0,0.0,0.0,0.0,0,0.0,0.0,0,187
27337,2008-01-01,2007-03-01,10,2007,49733.0,49733.0,1295.2894704318614,0.11409562633864143,48,38,Current,Current,none,0,0.0,0.0,0.0,0,0.0,0.0,0,823
27339,2008-01-01,2004-07-01,42,2004,59509.0,59509.0,1503.56104842796,0.09798892240159843,48,6,Current,Current,none,0,0.0,0.0,0.0,0,0.0,0.0,0,834
27344,2008-01-01,2007-01-01,12,2007,63250.0,63250.0,2013.4211387372843,0.09070909826811865,36,24,Current,Current,none,0,0.0,0.0,0.0,0,0.0,0.0,0,924
27347,2008-01-01,2004-04-01,45,2004,37176.0,37176.0,849.019614670609,0.13165418487341932,60,15,Current,Current,none,0,0.0,0.0,0.0,0,0.0,0.0,0,228
27351,2008-01-01,2004-12-01,37,2004,48851.0,48851.0,975.6540332807148,0.07361161032595456,60,23,Current,Current,none,0,0.0,0.0,0.0,0,0.0,0.0,0,676
27353,2008-01-01,2004-11-01,38,2004,97138.0,97138.0,1911.293674465423,0.06734267718868289,60,22,Current,Current,none,0,0.0,0.0,0.0,0,0.0,0.0,0,743
27354,2008-01-01,2005-05-01,32,2005,49260.0,49260.0,1009.8422270039226,0.1380271456313476,72,40,Current,Current,none,0,0.0,0.0,0.0,0,0.0,0.0,0,986
27357,2008-01-01,2006-03-01,22,2006,40692.0,40692.0,1021.2525671801344,0.09445531638283318,48,26,Current,Current,none,0,0.0,0.0,0.0,0,0.0,0.0,0,805
27369,2008-01-01,2005-05-01,32,2005,54261.0,54261.0,1680.3170108162915,0.07197127247672823,36,4,Current,Current,none,0,0.0,0.0,0.0,0,0.0,0.0,0,926
27371,2008-01-01,2007-12-01,1,2007,51057.0,51057.0,1178.6327766552429,0.13645058925580658,60,59,Current,Current,none,0,0.0,0.0,0.0,0,0.0,0.0,0,633
27374,2008-01-01,2005-10-01,27,2005,37433.0,37433.0,983.3002587599539,0.11866371696878693,48,21,Current,Current,none,0,0.0,0.0,0.0,0,0.0,0.0,0,216
27375,2008-01-01,2007-12-01,1,2007,22306.0,22306.0,566.0416359831592,0.10028359995529168,48,47,Current,Current,none,0,0.0,0.0,0.0,0,0.0,0.0,0,363
27387,2008-01-01,2004-12-01,37,2004,54394.0,54394.0,1277.3810066187814,0.14414802511590905,60,23,Current,Current,none,0,0.0,0.0,0.0,0,0.0,0.0,0,778
27391,2008-01-01,2007-09-01,4,2007,50124.0,50124.0,1219.8855261920514,0.16036309768595858,60,56,Current,Current,none,0,0.0,0.0,0.0,0,0.0,0.0,0,198
27407,2008-01-01,2004-03-01,46,2004,32790.0,32790.0,612.226789596747,0.10287493240697852,72,26,Current,Current,none,0,0.0,0.0,0.0,0,0.0,0.0,0,994
27409,2008-01-01,2007-07-01,6,2007,43561.0,43561.0,893.5361616889768,0.13825275567439757,72,66,Current,Current,none,0,0.0,0.0,0.0,0,0.0,0.0,0,794
27423,2008-01-01,2006-07-01,18,2006,58111.0,58111.0,1154.7299938685815,0.07148019026751373,60,42,Current,Current,none,0,0.0,0.0,0.0,0,0.0,0.0,0,164
27436,2008-01-01,2003-06-01,55,2003,27361.0,27361.0,604.7487657601112,0.11718747294749246,60,5,Current,Current,none,0,0.0,0.0,0.0,0,0.0,0.0,0,601
27441,2008-01-01,2006-12-01,13,2006,122002.0,122002.0,2246.553395889367,0.09777974591200926,72,59,Current,Current,none,0,0.0,0.0,0.0,0,0.0,0.0,0,305
27448,2008-01-01,2003-02-01,59,2003,112486.0,112486.0,2282.6478258922643,0.13412980114489872,72,13,Current,Current,none,0,0.0,0.0,0.0,0,0.0,0.0,0,889
27452,2008-01-01,2008-01-01,0,2008,29790.0,29790.0,1027.0554225146948,0.14613826114866918,36,36,Current,Current,none,0,0.0,0.0,0.0,0,0.0,0.0,0,313
27467,2008-01-01,2003-02-01,59,2003,31514.0,31514.0,726.2275158644564,0.13567430567262526,60,1,Current,Current,none,0,0.0,0.0,0.0,0,0.0,0.0,0,711
27468,2008-01-01,2005-02-01,35,2005,23027.0,23027.0,581.9294439199715,0.1777578649245532,60,25,Current,Current,none,0,0.0,0.0,0.0,0,0.0,0.0,0,549
27472,2008-01-01,2007-05-01,8,2007,94034.0,94034.0,3065.504304367355,0.1070661677488408,36,28,Current,Current,none,0,0.0,0.0,0.0,0,0.0,0.0,0,641
27488,2008-01-01,2005-12-01,25,2005,130644.0,130644.0,2898.3282513198833,0.11882133939867057,60,35,Current,Current,none,0,0.0,0.0,0.0,0,0.0,0.0,0,298
27495,2008-01-01,2004-01-01,48,2004,104844.0,104844.0,2803.1973432133045,0.128171683083831,48,0,Current,Matured,matured,0,0.0,0.0,0.0,0,0.0,0.0,0,796
27503,2008-01-01,2004-10-01,39,2004,23721.0,23721.0,619.8954443897628,0.11589573314953827,48,9,Current,Current,none,0,0.0,0.0,0.0,0,0.0,0.0,0,530
27528,2008-01-01,2007-02-01,11,2007,40227.0,40227.0,1073.6657036870433,0.1272291478777958,48,37,Current,Current,none,0,0.0,0.0,0.0,0,0.0,0.0,0,792
27530,2008-01-01,2006-12-01,13,2006,127865.0,127865.0,2759.8528685217557,0.10681889392580468,60,47,Current,Current,none,0,0.0,0.0,0.0,0,0.0,0.0,0,871
27536,2008-01-01,2005-04-01,33,2005,39811.0,39811.0,1014.6245402036149,0.10256689913679247,48,15,Current,Current,none,0,0.0,0.0,0.0,0,0.0,0.0,0,938
27538,2008-01-01,2006-01-01,24,2006,17291.0,17291.0,606.9405285655403,0.1588752365115836,36,12,Current,Current,none,0,0.0,0.0,0.0,0,0.0,0.0,0,675
27539,2008-01-01,2006-09-01,16,2006,37140.0,37140.0,805.006183085427,0.10864503278441082,60,44,Current,Current,none,0,0.0,0.0,0.0,0,0.0,0.0,0,111
27546,2008-01-01,2005-03-01,34,2005,70829.0,70829.0,1818.777196574888,0.1065525897641786,48,14,Current,Current,none,0,0.0,0.0,0.0,0,0.0,0.0,0,738
27551,2008-01-01,2006-12-01,13,2006,35034.0,35034.0,839.023942586783,0.07005611171030758,48,35,Current,Current,none,0,0.0,0.0,0.0,0,0.0,0.0,0,837
27553,2008-01-01,2005-10-01,27,2005,146589.0,146589.0,3248.8431111567297,0.11838533237451027,60,33,Current,Current,none,0,0.0,0.0,0.0,0,0.0,0.0,0,827
27556,2008-01-01,2007-03-01,10,2007,46945.0,46945.0,1018.0652095577465,0.10887458104569317,60,50,Current,Current,none,0,0.0,0.0,0.0,0,0.0,0.0,0,240
27558,2008-01-01,2008-01-01,0,2008,77043.0,77043.0,1482.2228980888804,0.1139868143452021,72,72,Current,Current,none,0,0.0,0.0,0.0,0,0.0,0.0,0,724
27560,2008-01-01,2002-04-01,69,2002,78031.0,78031.0,1816.0221646468592,0.188187795766569,72,3,Current,Current,none,0,0.0,0.0,0.0,0,0.0,0.0,0,921
27569,2008-01-01,2006-05-01,20,2006,47457.0,47457.0,1073.1438986636795,0.12725839125080976,60,40,Current,Current,none,0,0.0,0.0,0.0,0,0.0,0.0,0,555
27574,2008-01-01,2004-08-01,41,2004,25172.0,25172.0,488.4120183375341,0.06150776251430189,60,19,Current,Current,none,0,0.0,0.0,0.0,0,0.0,0.0,0,763
27575,2008-01-01,2004-07-01,42,2004,35527.0,35527.0,798.7825255014437,0.12472229340734362,60,18,Current,Current,none,0,0.0,0.0,0.0,0,0.0,0.0,0,427
27621,2008-01-01,2007-12-01,1,2007,72013.0,72013.0,1504.816884009623,0.145408480627931,72,71,Current,Current,none,0,0.0,0.0,0.0,0,0.0,0.0,0,727
27629,2008-01-01,2003-12-01,49,2003,31115.0,31115.0,587.9736053931658,0.10731400570661848,72,23,Current,Current,none,0,0.0,0.0,0.0,0,0.0,0.0,0,630
27646,2008-01-01,2005-01-01,36,2005,195833.0,195833.0,5919.213055406533,0.19615388733321945,48,12,Current,Current,none,0,0.0,0.0,0.0,0,0.0,0.0,0,240
27647,2008-01-01,2006-08-01,17,2006,56521.0,56521.0,1253.7368598475289,0.1688460053603244,72,55,Current,Current,none,0,0.0,0.0,0.0,0,0.0,0.0,0,798
27662,2008-01-01,2004-08-01,41,2004,18485.0,18485.0,363.45059586884673,0.06704163968279203,60,19,Current,Current,none,0,0.0,0.0,0.0,0,0.0,0.0,0,655
27667,2008-01-01,2007-05-01,8,2007,124772.0,124772.0,2895.3562964477787,0.13878244776391602,60,52,Current,Current,none,0,0.0,0.0,0.0,0,0.0,0.0,0,664
27671,2008-01-01,2007-03-01,10,2007,17987.0,17987.0,445.94464029703613,0.08805116543866386,48,38,Current,Current,none,0,0.0,0.0,0.0,0,0.0,0.0,0,635
27686,2008-01-01,2004-03-01,46,2004,75633.0,75633.0,1391.5568018345343,0.09747589318447453,72,26,Current,Current,none,0,0.0,0.0,0.0,0,0.0,0.0,0,142
27688,2008-01-01,2006-05-01,20,2006,24692.0,24692.0,585.0921939601047,0.14820128656065884,60,40,Current,Current,none,0,0.0,0.0,0.0,0,0.0,0.0,0,467
27708,2008-01-01,2006-12-01,13,2006,63702.0,63702.0,1605.3830009288022,0.17646384056516343,60,47,Current,Current,none,0,0.0,0.0,0.0,0,0.0,0.0,0,310
27747,2008-01-01,2006-11-01,14,2006,66578.0,66578.0,1431.5272370733264,0.10515350625047214,60,46,Current,Current,none,0,0.0,0.0,0.0,0,0.0,0.0,0,365
27758,2008-01-01,2005-10-01,27,2005,68819.0,68819.0,2148.1588028255965,0.07735778761329107,36,9,Current,Current,none,0,0.0,0.0,0.0,0,0.0,0.0,0,170
27764,2008-01-01,2005-08-01,29,2005,125637.0,125637.0,2482.8375600643258,0.12406054395081323,72,43,Current,Current,none,0,0.0,0.0,0.0,0,0.0,0.0,0,512
27770,2008-01-01,2005-11-01,26,2005,24510.0,24510.0,438.0180480800093,0.0868782716187522,72,46,Current,Current,none,0,0.0,0.0,0.0,0,0.0,0.0,0,943
27777,2008-01-01,2004-01-01,48,2004,197861.0,197861.0,4254.7106265702405,0.10519443218640637,60,12,Current,Current,none,0,0.0,0.0,0.0,0,0.0,0.0,0,776
27783,2008-01-01,2007-12-01,1,2007,54276.0,54276.0,1379.3559482763242,0.10106450510909348,48,47,Current,Current,none,0,0.0,0.0,0.0,0,0.0,0.0,0,891
27784,2008-01-01,2005-09-01,28,2005,25540.0,25540.0,457.3141279066951,0.08758272782211776,72,44,Current,Current,none,0,0.0,0.0,0.0,0,0.0,0.0,0,751
27791,2008-01-01,2004-07-01,42,2004,81762.0,81762.0,2114.7257801408446,0.11038881391341086,48,6,Current,Current,none,0,0.0,0.0,0.0,0,0.0,0.0,0,619
27796,2008-01-01,2006-05-01,20,2006,80532.0,80532.0,1987.74771063902,0.16683488060081325,60,40,Current,Current,none,0,0.0,0.0,0.0,0,0.0,0.0,0,463
27803,2008-01-01,2007-12-01,1,2007,25725.0,25725.0,505.4325413865909,0.12186903894665546,72,71,Current,Current,none,0,0.0,0.0,0.0,0,0.0,0.0,0,345
27810,2008-01-01,2003-01-01,60,2003,60965.0,60965.0,1156.252040798111,0.10866620501934854,72,12,Current,Current,none,0,0.0,0.0,0.0,0,0.0,0.0,0,802
27811,2008-01-01,2004-04-01,45,2004,45760.0,45760.0,877.0536568306399,0.056411533801845895,60,15,Current,Current,none,0,0.0,0.0,0.0,0,0.0,0.0,0,724
27812,2008-01-01,2006-05-01,20,2006,64029.0,64029.0,1226.8599187367922,0.056295241493763554,60,40,Current,Current,none,0,0.0,0.0,0.0,0,0.0,0.0,0,719
27819,2008-01-01,2005-02-01,35,2005,127397.0,127397.0,2241.023653265041,0.08117905210655375,72,37,Current,Current,none,0,0.0,0.0,0.0,0,0.0,0.0,0,589
27834,2008-01-01,2006-03-01,22,2006,31127.0,31127.0,826.3494054766524,0.12434494150556713,48,26,Current,Current,none,0,0.0,0.0,0.0,0,0.0,0.0,0,212
27857,2008-01-01,2005-08-01,29,2005,91230.0,91230.0,1856.6778981085474,0.08157000648165563,60,31,Current,Current,none,0,0.0,0.0,0.0,0,0.0,0.0,0,303
27861,2008-01-01,2007-12-01,1,2007,29755.0,29755.0,581.3979604842225,0.11979444258357382,72,71,Current,Current,none,0,0.0,0.0,0.0,0,0.0,0.0,0,610
27867,2008-01-01,2006-09-01,16,2006,99407.0,99407.0,2399.042411004229,0.07402734421071273,48,32,Current,Current,none,0,0.0,0.0,0.0,0,0.0,0.0,0,200
27870,2008-01-01,2007-07-01,6,2007,35256.0,35256.0,811.8548480067213,0.13534112023752462,60,54,Current,Current,none,0,0.0,0.0,0.0,0,0.0,0.0,0,668
27892,2008-01-01,2005-10-01,27,2005,58670.0,58670.0,1276.3310912618306,0.11024027174366947,60,33,Current,Current,none,0,0.0,0.0,0.0,0,0.0,0.0,0,750
27894,2008-01-01,2003-11-01,50,2003,116507.0,116507.0,2324.735676285887,0.12771321434861588,72,22,Current,Current,none,0,0.0,0.0,0.0,0,0.0,0.0,0,671
27895,2008-01-01,2007-07-01,6,2007,70320.0,70320.0,1727.1287262639464,0.16455963282980463,60,54,Current,Current,none,0,0.0,0.0,0.0,0,0.0,0.0,0,474
27898,2008-01-01,2004-10-01,39,2004,48874.0,48874.0,836.7710938576864,0.07149711317764809,72,33,Current,Current,none,0,0.0,0.0,0.0,0,0.0,0.0,0,926
27899,2008-01-01,2005-05-01,32,2005,51883.0,51883.0,1768.0850822676914,0.1379533974058998,36,4,Current,Current,none,0,0.0,0.0,0.0,0,0.0,0.0,0,268
27912,2008-01-01,2005-07-01,30,2005,61138.0,61138.0,1223.2384170403552,0.07436579926672135,60,30,Current,Current,none,0,0.0,0.0,0.0,0,0.0,0.0,0,442
27914,2008-01-01,2004-04-01,45,2004,74805.0,74805.0,1633.340240642379,0.11184684041571895,60,15,Current,Current,none,0,0.0,0.0,0.0,0,0.0,0.0,0,428
27916,2008-01-01,2007-03-01,10,2007,53333.0,53333.0,1526.1529401782745,0.16536003218171608,48,38,Current,Current,none,0,0.0,0.0,0.0,0,0.0,0.0,0,136
27919,2008-01-01,2005-07-01,30,2005,45693.0,45693.0,1306.4696021927757,0.16490919435693802,48,18,Current,Current,none,0,0.0,0.0,0.0,0,0.0,0.0,0,257
27927,2008-01-01,2008-01-01,0,2008,55932.0,55932.0,1360.1471331272865,0.07797266194064223,48,48,Current,Current,none,0,0.0,0.0,0.0,0,0.0,0.0,0,713
27930,2008-01-01,2007-07-01,6,2007,103150.0,103150.0,2480.8415732162916,0.15495500937883064,60,54,Current,Current,none,0,0.0,0.0,0.0,0,0.0,0.0,0,881
27931,2008-01-01,2007-10-01,3,2007,48601.0,48601.0,1592.0649254539246,0.11040423503208491,36,33,Current,Current,none,0,0.0,0.0,0.0,0,0.0,0.0,0,501
27940,2008-01-01,2005-12-01,25,2005,39000.0,39000.0,1034.4066059870095,0.12384965969110298,48,23,Current,Current,none,0,0.0,0.0,0.0,0,0.0,0.0,0,721
27947,2008-01-01,2003-05-01,56,2003,82750.0,82750.0,1561.0187026152068,0.10667622902616364,72,16,Current,Current,none,0,0.0,0.0,0.0,0,0.0,0.0,0,757
27952,2008-01-01,2007-05-01,8,2007,134502.0,134502.0,2666.506333038491,0.12526434941057818,72,64,Current,Current,none,0,0.0,0.0,0.0,0,0.0,0.0,0,144
27953,2008-01-01,2006-04-01,21,2006,60437.0,60437.0,1382.762810259839,0.18126583388616213,72,51,Current,Current,none,0,0.0,0.0,0.0,0,0.0,0.0,0,142
27959,2008-01-01,2003-03-01,58,2003,25766.0,25766.0,598.6462707789963,0.1875026021257419,72,14,Current,Current,none,0,0.0,0.0,0.0,0,0.0,0.0,0,102
27962,2008-01-01,2006-09-01,16,2006,29292.0,29292.0,688.5187099501597,0.060443106905792826,48,32,Current,Current,none,0,0.0,0.0,0.0,0,0.0,0.0,0,510
27965,2008-01-01,2006-01-01,24,2006,90923.0,90923.0,3041.1526528030254,0.12487356849087146,36,12,Current,Current,none,0,0.0,0.0,0.0,0,0.0,0.0,0,909
27966,2008-01-01,2007-07-01,6,2007,139924.0,139924.0,4358.00084025986,0.07585465877105635,36,30,Current,Current,none,0,0.0,0.0,0.0,0,0.0,0.0,0,426
27974,2008-01-01,2006-07-01,18,2006,83309.0,83309.0,1662.3045798665707,0.07322021919802203,60,42,Current,Current,none,0,0.0,0.0,0.0,0,0.0,0.0,0,590
27979,2008-01-01,2005-01-01,36,2005,59476.0,59476.0,1297.610377411903,0.11150147912503278,60,24,Current,Current,none,0,0.0,0.0,0.0,0,0.0,0.0,0,761
27983,2008-01-01,2005-06-01,31,2005,112649.0,112649.0,2086.3398679305355,0.09989837883252949,72,41,Current,Current,none,0,0.0,0.0,0.0,0,0.0,0.0,0,533
28000,2008-01-01,2006-05-01,20,2006,121470.0,121470.0,3250.474479214319,0.12862867585407048,48,28,Current,Current,none,0,0.0,0.0,0.0,0,0.0,0.0,0,656
28016,2008-01-01,2005-05-01,32,2005,103325.0,103325.0,2603.953652081435,0.096641203116436,48,16,Current,Current,none,0,0.0,0.0,0.0,0,0.0,0.0,0,212
28023,2008-01-01,2005-02-01,35,2005,42872.0,42872.0,1018.7425333526453,0.06602857588666626,48,13,Current,Current,none,0,0.0,0.0,0.0,0,0.0,0.0,0,785
28024,2008-01-01,2007-11-01,2,2007,65408.0,65408.0,1617.7180700460567,0.0867862985995004,48,46,Current,Current,none,0,0.0,0.0,0.0,0,0.0,0.0,0,655
28029,2008-01-01,2005-12-01,25,2005,52572.0,52572.0,1462.995331688551,0.14995393129183918,48,23,Current,Current,none,0,0.0,0.0,0.0,0,0.0,0.0,0,354
28052,2008-01-01,2005-01-01,36,2005,118265.0,118265.0,2537.0104215663137,0.10415192504382023,60,24,Current,Current,none,0,0.0,0.0,0.0,0,0.0,0.0,0,687
28061,2008-01-01,2005-04-01,33,2005,60328.0,60328.0,1155.0783619500783,0.11219390444286179,72,39,Current,Current,none,0,0.0,0.0,0.0,0,0.0,0.0,0,634
28069,2008-01-01,2004-01-01,48,2004,43285.0,43285.0,1056.0917464333309,0.07969401268117635,48,0,Current,Matured,matured,0,0.0,0.0,0.0,0,0.0,0.0,0,517
28070,2008-01-01,2007-08-01,5,2007,27136.0,27136.0,580.9074455816791,0.10324899658847514,60,55,Current,Current,none,0,0.0,0.0,0.0,0,0.0,0.0,0,771
28072,2008-01-01,2005-06-01,31,2005,20161.0,20161.0,471.77265377403154,0.14254225143719954,60,29,Current,Current,none,0,0.0,0.0,0.0,0,0.0,0.0,0,341
28074,2008-01-01,2007-05-01,8,2007,87241.0,87241.0,1977.006880654428,0.12820796403055285,60,52,Current,Current,none,0,0.0,0.0,0.0,0,0.0,0.0,0,880
28082,2008-01-01,2005-12-01,25,2005,46578.0,46578.0,1210.6084707323128,0.11299055072897553,48,23,Current,Current,none,0,0.0,0.0,0.0,0,0.0,0.0,0,133
28083,2008-01-01,2007-02-01,11,2007,14481.0,14481.0,313.9162254031391,0.10870307616722624,60,49,Current,Current,none,0,0.0,0.0,0.0,0,0.0,0.0,0,829
28090,2008-01-01,2007-10-01,3,2007,128289.0,128289.0,2933.832447505683,0.13226000615344594,60,57,Current,Current,none,0,0.0,0.0,0.0,0,0.0,0.0,0,160
28095,2008-01-01,2005-01-01,36,2005,63075.0,63075.0,1386.3663423028802,0.11474182889534042,60,24,Current,Current,none,0,0.0,0.0,0.0,0,0.0,0.0,0,314
28097,2008-01-01,2007-12-01,1,2007,26852.0,26852.0,587.1140046393826,0.11245017199529753,60,59,Current,Current,none,0,0.0,0.0,0.0,0,0.0,0.0,0,848
28105,2008-01-01,2005-11-01,26,2005,36779.0,36779.0,789.3067534351927,0.10433151246031684,60,34,Current,Current,none,0,0.0,0.0,0.0,0,0.0,0.0,0,611
28106,2008-01-01,2005-07-01,30,2005,38571.0,38571.0,1029.15225384572,0.12706435043872388,48,18,Current,Current,none,0,0.0,0.0,0.0,0,0.0,0.0,0,296
28114,2008-01-01,2004-11-01,38,2004,148388.0,148388.0,2975.5986461296143,0.07531299471185682,60,22,Current,Current,none,0,0.0,0.0,0.0,0,0.0,0.0,0,324
28121,2008-01-01,2005-01-01,36,2005,91778.0,91778.0,2310.9747459925434,0.09619102066328317,48,12,Current,Current,none,0,0.0,0.0,0.0,0,0.0,0.0,0,733
28122,2008-01-01,2007-04-01,9,2007,85485.0,85485.0,2180.3513816702466,0.10297428604064876,48,39,Current,Current,none,0,0.0,0.0,0.0,0,0.0,0.0,0,830
28137,2008-01-01,2002-03-01,70,2002,99572.0,99572.0,1794.599528215783,0.08995158325928197,72,2,Current,Current,none,0,0.0,0.0,0.0,0,0.0,0.0,0,662
28142,2008-01-01,2005-07-01,30,2005,188924.0,188924.0,5871.9864257401705,0.07445533587107282,36,6,Current,Current,none,0,0.0,0.0,0.0,0,0.0,0.0,0,520
28145,2008-01-01,2004-08-01,41,2004,48269.0,48269.0,1168.941721880238,0.1581002965528285,60,19,Current,Current,none,0,0.0,0.0,0.0,0,0.0,0.0,0,284
28151,2008-01-01,2006-06-01,19,2006,31797.0,31797.0,628.5045001639539,0.12414012516740051,72,53,Current,Current,none,0,0.0,0.0,0.0,0,0.0,0.0,0,686
28156,2008-01-01,2007-09-01,4,2007,142503.0,142503.0,4851.276154057544,0.13723162495733088,36,32,30 DPD,Delinquent,none,0,0.0,0.0,0.0,1,0.0,0.0,0,111
28157,2008-01-01,2006-08-01,17,2006,63178.0,63178.0,1984.8812274088032,0.08175272204299389,36,19,Current,Current,none,0,0.0,0.0,0.0,0,0.0,0.0,1,714
28163,2008-01-01,2005-06-01,31,2005,20558.0,20558.0,565.1089668949122,0.14322482398734537,48,17,Current,Current,none,0,0.0,0.0,0.0,0,0.0,0.0,0,730
28168,2008-01-01,2006-09-01,16,2006,108772.0,108772.0,2853.3310415866963,0.11792806452802873,48,32,Current,Current,none,0,0.0,0.0,0.0,0,0.0,0.0,0,220
28171,2008-01-01,2007-12-01,1,2007,19366.0,19366.0,401.2952486421169,0.08924307136036369,60,59,Current,Current,none,0,0.0,0.0,0.0,0,0.0,0.0,0,135
28186,2008-01-01,2006-03-01,22,2006,104127.0,104127.0,2161.836835143673,0.09006560958862857,60,38,Current,Current,none,0,0.0,0.0,0.0,0,0.0,0.0,0,272
28192,2008-01-01,2004-11-01,38,2004,26567.0,26567.0,464.9964587025709,0.07937591558088457,72,34,Current,Current,none,0,0.0,0.0,0.0,0,0.0,0.0,0,564
28194,2008-01-01,2006-01-01,24,2006,65064.0,65064.0,1162.0107992964809,0.08664556757089573,72,48,Current,Current,none,0,0.0,0.0,0.0,0,0.0,0.0,0,952
28223,2008-01-01,2007-01-01,12,2007,27813.0,27813.0,984.4896879086083,0.16484592685471816,36,24,Current,Current,none,0,0.0,0.0,0.0,0,0.0,0.0,0,410
28228,2008-01-01,2006-03-01,22,2006,93444.0,93444.0,1822.824916587688,0.06373899328621611,60,38,30 DPD,Delinquent,none,0,0.0,0.0,0.0,1,0.0,0.0,0,413
28232,2008-01-01,2007-10-01,3,2007,91157.0,91157.0,2254.9744369165896,0.08688216074967861,48,45,Current,Current,none,0,0.0,0.0,0.0,0,0.0,0.0,0,813
28233,2008-01-01,2007-02-01,11,2007,73124.0,73124.0,2333.6622913602473,0.09244754439410428,36,25,Current,Current,none,0,0.0,0.0,0.0,0,0.0,0.0,0,463
28234,2008-01-01,2003-04-01,57,2003,58120.0,58120.0,1205.3381001251355,0.089596623242042,60,3,Current,Paid off,payoff,0,0.0,0.0,0.0,0,0.0,0.0,0,747
28236,2008-01-01,2006-09-01,16,2006,81233.0,81233.0,1711.250656539756,0.0963103428410253,60,44,Current,Current,none,0,0.0,0.0,0.0,0,0.0,0.0,0,884
28252,2008-01-01,2005-06-01,31,2005,22886.0,22886.0,523.5449466321268,0.13240175637639282,60,29,Current,Current,none,0,0.0,0.0,0.0,0,0.0,0.0,0,704
28262,2008-01-01,2005-11-01,26,2005,54184.0,54184.0,1172.5442857716357,0.10794435260493117,60,34,Current,Current,none,0,0.0,0.0,0.0,0,0.0,0.0,0,348
28264,2008-01-01,2004-03-01,46,2004,138973.0,138973.0,3457.3377281502794,0.08984673929727231,48,2,Current,Current,none,0,0.0,0.0,0.0,0,0.0,0.0,0,579
28271,2008-01-01,2004-10-01,39,2004,142939.0,142939.0,3613.8370213280123,0.09832821380955901,48,9,Current,Current,none,0,0.0,0.0,0.0,0,0.0,0.0,0,657
28272,2008-01-01,2007-05-01,8,2007,39097.0,39097.0,833.3281904966459,0.10136715520354972,60,52,Current,Current,none,0,0.0,0.0,0.0,0,0.0,0.0,0,142
28277,2008-01-01,2005-02-01,35,2005,26918.0,26918.0,678.9823819408524,0.09711174922732178,48,13,Current,Current,none,0,0.0,0.0,0.0,0,0.0,0.0,0,365
28311,2008-01-01,2007-02-01,11,2007,40806.0,40806.0,871.814198785043,0.10239040047340951,60,49,Current,Current,none,0,0.0,0.0,0.0,0,0.0,0.0,0,115
28315,2008-01-01,2006-05-01,20,2006,56007.0,56007.0,1472.9143369378476,0.11928522721432468,48,28,Current,Current,none,0,0.0,0.0,0.0,0,0.0,0.0,0,988
28320,2008-01-01,2008-01-01,0,2008,71759.0,71759.0,1446.0956461885403,0.07739841007615497,60,60,Current,Current,none,0,0.0,0.0,0.0,0,0.0,0.0,0,255
28331,2008-01-01,2006-09-01,16,2006,44324.0,44324.0,1060.437649642406,0.15256311913386422,60,44,Current,Current,none,0,0.0,0.0,0.0,0,0.0,0.0,0,441
28339,2008-01-01,2006-02-01,23,2006,47752.0,47752.0,1634.7388645803958,0.14115872627438955,36,13,Current,Current,none,0,0.0,0.0,0.0,0,0.0,0.0,0,589
28342,2008-01-01,2007-08-01,5,2007,62478.0,62478.0,1196.4400853630348,0.11225508573068071,72,67,Current,Current,none,0,0.0,0.0,0.0,0,0.0,0.0,0,251
28343,2008-01-01,2004-08-01,41,2004,57237.0,57237.0,1277.6915001042792,0.1215494245890627,60,19,Current,Current,none,0,0.0,0.0,0.0,0,0.0,0.0,0,150
28367,2008-01-01,2006-08-01,17,2006,51854.0,51854.0,1713.775909101111,0.11655527511986907,36,19,Current,Current,none,0,0.0,0.0,0.0,0,0.0,0.0,0,129
28377,2008-01-01,2003-09-01,52,2003,116081.0,116081.0,2337.348916584836,0.13116225248528862,72,20,Current,Current,none,0,0.0,0.0,0.0,0,0.0,0.0,0,706
28388,2008-01-01,2006-03-01,22,2006,102184.0,102184.0,2675.43247743694,0.11691254177015277,48,26,Current,Current,none,0,0.0,0.0,0.0,0,0.0,0.0,0,272
28389,2008-01-01,2007-03-01,10,2007,31826.0,31826.0,639.6756551185299,0.1304744240242411,72,62,Current,Current,none,0,0.0,0.0,0.0,0,0.0,0.0,0,270
28393,2008-01-01,2005-11-01,26,2005,97914.0,97914.0,3305.794548261229,0.13141661512582944,36,10,Current,Current,none,0,0.0,0.0,0.0,0,0.0,0.0,0,133
28400,2008-01-01,2004-06-01,43,2004,39219.0,39219.0,999.6926912319859,0.10264942150933067,48,5,Current,Current,none,0,0.0,0.0,0.0,0,0.0,0.0,0,920
28408,2008-01-01,2005-12-01,25,2005,115042.0,115042.0,3553.4550351707567,0.07024561583939072,36,11,Current,Current,none,0,0.0,0.0,0.0,0,0.0,0.0,0,621
28416,2008-01-01,2007-10-01,3,2007,86720.0,86720.0,1860.3060620249853,0.10415104356243582,60,57,Current,Current,none,0,0.0,0.0,0.0,0,0.0,0.0,0,542
28429,2008-01-01,2005-04-01,33,2005,98211.0,98211.0,2060.75487591727,0.09461257928747722,60,27,Current,Current,none,0,0.0,0.0,0.0,0,0.0,0.0,0,174
28436,2008-01-01,2006-08-01,17,2006,72000.0,72000.0,2314.906357362105,0.09753279041793428,36,19,Current,Current,none,0,0.0,0.0,0.0,0,0.0,0.0,0,735
28438,2008-01-01,2006-09-01,16,2006,27886.0,27886.0,590.377784896356,0.09845527110053383,60,44,Current,Current,none,0,0.0,0.0,0.0,0,0.0,0.0,0,124
28439,2008-01-01,2005-02-01,35,2005,103077.0,103077.0,2685.2310315135583,0.11421574991992299,48,13,Current,Current,none,0,0.0,0.0,0.0,0,0.0,0.0,0,588
28457,2008-01-01,2005-09-01,28,2005,55016.0,55016.0,1848.44611595725,0.12801324451385845,36,8,Current,Current,none,0,0.0,0.0,0.0,0,0.0,0.0,0,507
28461,2008-01-01,2006-04-01,21,2006,69249.0,69249.0,1373.4217323207965,0.07067564697757757,60,39,Current,Current,none,0,0.0,0.0,0.0,0,0.0,0.0,0,664
28476,2008-01-01,2004-02-01,47,2004,52416.0,52416.0,1040.6232710389688,0.07110048335075837,60,13,Current,Current,none,0,0.0,0.0,0.0,0,0.0,0.0,0,930
28482,2008-01-01,2003-02-01,59,2003,78647.0,78647.0,1383.0648480776626,0.08107402960284976,72,13,Current,Current,none,0,0.0,0.0,0.0,0,0.0,0.0,0,594
28484,2008-01-01,2004-12-01,37,2004,32149.0,32149.0,830.6884421513087,0.10985954781946487,48,11,Current,Paid off,payoff,0,0.0,0.0,0.0,0,0.0,0.0,0,505
28490,2008-01-01,2006-08-01,17,2006,64258.0,64258.0,1468.1430924260455,0.13184498863111366,60,43,Current,Current,none,0,0.0,0.0,0.0,0,0.0,0.0,0,180
28505,2008-01-01,2004-11-01,38,2004,68578.0,68578.0,1345.3082911566005,0.06608904416595947,60,22,Current,Current,none,0,0.0,0.0,0.0,0,0.0,0.0,0,396
28508,2008-01-01,2004-01-01,48,2004,83187.0,83187.0,1713.9558632302565,0.08680530910128816,60,12,Current,Current,none,0,0.0,0.0,0.0,0,0.0,0.0,0,163
28523,2008-01-01,2004-10-01,39,2004,17770.0,17770.0,428.59139902438056,0.07371155355730262,48,9,Current,Current,none,0,0.0,0.0,0.0,0,0.0,0.0,0,281
28543,2008-01-01,2004-09-01,40,2004,37407.0,37407.0,901.2839485099074,0.07317860315442275,48,8,Current,Current,none,0,0.0,0.0,0.0,0,0.0,0.0,0,777
28547,2008-01-01,2006-09-01,16,2006,55572.0,55572.0,978.4668729253568,0.08151265605645312,72,56,Current,Current,none,0,0.0,0.0,0.0,0,0.0,0.0,0,383
28554,2008-01-01,2007-10-01,3,2007,49883.0,49883.0,1589.4561470316987,0.09137324899049673,36,33,Current,Current,none,0,0.0,0.0,0.0,0,0.0,0.0,0,810
28562,2008-01-01,2004-12-01,37,2004,99462.0,99462.0,2582.799976159446,0.19049337340838213,60,23,Current,Current,none,0,0.0,0.0,0.0,0,0.0,0.0,0,602
28577,2008-01-01,2007-06-01,7,2007,32603.0,32603.0,574.4381481014865,0.0817575273408317,72,65,Current,Current,none,0,0.0,0.0,0.0,0,0.0,0.0,0,412
28588,2008-01-01,2007-07-01,6,2007,33803.0,33803.0,1075.862065914081,0.09059460833207626,36,30,Current,Current,none,0,0.0,0.0,0.0,0,0.0,0.0,0,757
28589,2008-01-01,2007-11-01,2,2007,34066.0,34066.0,1069.6258883956637,0.0813489974310568,36,34,Current,Current,none,0,0.0,0.0,0.0,0,0.0,0.0,0,362
28595,2008-01-01,2003-06-01,55,2003,48694.0,48694.0,807.1890541798829,0.060082154307710293,72,17,Current,Current,none,0,0.0,0.0,0.0,0,0.0,0.0,0,953
28600,2008-01-01,2006-04-01,21,2006,92154.0,92154.0,2346.4935905726256,0.10208315263719382,48,27,Current,Current,none,0,0.0,0.0,0.0,0,0.0,0.0,0,612
28615,2008-01-01,2007-01-01,12,2007,120512.0,120512.0,2657.116400798838,0.11611377296665723,60,48,Current,Current,none,0,0.0,0.0,0.0,0,0.0,0.0,0,668
28620,2008-01-01,2005-03-01,34,2005,34638.0,34638.0,742.1420269989661,0.10362119377764507,60,26,Current,Current,none,0,0.0,0.0,0.0,0,0.0,0.0,0,969
28625,2008-01-01,2004-12-01,37,2004,41538.0,41538.0,827.3370647827309,0.12702812825183976,72,35,Current,Current,none,0,0.0,0.0,0.0,0,0.0,0.0,0,914
28628,2008-01-01,2006-06-01,19,2006,83586.0,83586.0,2363.4997627611756,0.15874923575657676,48,29,Current,Current,none,0,0.0,0.0,0.0,0,0.0,0.0,0,127
28634,2008-01-01,2007-10-01,3,2007,41336.0,41336.0,949.3316865175035,0.18279748168384272,72,69,Current,Current,none,0,0.0,0.0,0.0,0,0.0,0.0,0,726
28636,2008-01-01,2006-04-01,21,2006,14001.0,14001.0,344.3157783862789,0.08381144538201857,48,27,Current,Current,none,0,0.0,0.0,0.0,0,0.0,0.0,0,235
28668,2008-01-01,2004-12-01,37,2004,13802.0,13802.0,252.00158787739053,0.09467306664476714,72,35,Current,Current,none,0,0.0,0.0,0.0,0,0.0,0.0,0,618
28669,2008-01-01,2004-05-01,44,2004,52843.0,52843.0,906.7726035311514,0.07230176788052307,72,28,Current,Current,none,0,0.0,0.0,0.0,0,0.0,0.0,0,101
28684,2008-01-01,2007-07-01,6,2007,79707.0,79707.0,1757.7622062761723,0.116197965622931,60,54,Current,Current,none,0,0.0,0.0,0.0,0,0.0,0.0,0,590
28704,2008-01-01,2004-10-01,39,2004,72764.0,72764.0,1337.2315766863355,0.09705464271382036,72,33,Current,Current,none,0,0.0,0.0,0.0,0,0.0,0.0,0,584
28709,2008-01-01,2005-02-01,35,2005,124408.0,124408.0,3690.2581604746892,0.18548798415480044,48,13,Current,Current,none,0,0.0,0.0,0.0,0,0.0,0.0,0,764
28718,2008-01-01,2004-02-01,47,2004,57724.0,57724.0,1186.8749690606267,0.08592630115029173,60,13,Current,Current,none,0,0.0,0.0,0.0,0,0.0,0.0,0,769
28719,2008-01-01,2004-12-01,37,2004,53070.0,53070.0,1259.9851278037795,0.14908536997235175,60,23,Current,Current,none,0,0.0,0.0,0.0,0,0.0,0.0,0,460
28733,2008-01-01,2007-01-01,12,2007,99008.0,99008.0,2590.446280014336,0.19405187051999204,60,48,Current,Current,none,0,0.0,0.0,0.0,0,0.0,0.0,0,643
28738,2008-01-01,2007-03-01,10,2007,69772.0,69772.0,2164.472720527839,0.07316654452333714,36,26,Current,Current,none,0,0.0,0.0,0.0,0,0.0,0.0,0,406
28745,2008-01-01,2006-05-01,20,2006,54011.0,54011.0,1297.3404012765802,0.07158672096887608,48,28,Current,Current,none,0,0.0,0.0,0.0,0,0.0,0.0,0,374
28748,2008-01-01,2005-09-01,28,2005,57637.0,57637.0,1267.4672896540844,0.11495831219269556,60,32,Current,Current,none,0,0.0,0.0,0.0,0,0.0,0.0,0,386
28753,2008-01-01,2003-12-01,49,2003,39221.0,39221.0,932.6230052429886,0.14978535562136808,60,11,Current,Current,none,0,0.0,0.0,0.0,0,0.0,0.0,0,492
28759,2008-01-01,2004-10-01,39,2004,58036.0,58036.0,1226.2767769997854,0.14971590432396703,72,33,Current,Current,none,0,0.0,0.0,0.0,0,0.0,0.0,0,472
28761,2008-01-01,2004-08-01,41,2004,42076.0,42076.0,1084.6925273819895,0.10863665028206838,48,7,Current,Current,none,0,0.0,0.0,0.0,0,0.0,0.0,0,859
28768,2008-01-01,2003-08-01,53,2003,45415.0,45415.0,949.5086182990382,0.09306405197041058,60,7,Current,Current,none,0,0.0,0.0,0.0,0,0.0,0.0,0,974
28769,2008-01-01,2005-03-01,34,2005,36499.0,36499.0,1244.0864831713234,0.13810152427617872,36,2,Current,Current,none,0,0.0,0.0,0.0,0,0.0,0.0,0,382
28788,2008-01-01,2004-06-01,43,2004,48440.0,48440.0,1159.1566066417934,0.1526591516170338,60,17,Current,Current,none,0,0.0,0.0,0.0,0,0.0,0.0,0,723
28799,2008-01-01,2006-01-01,24,2006,16310.0,16310.0,504.4933243334081,0.07118999271079725,36,12,Current,Current,none,0,0.0,0.0,0.0,0,0.0,0.0,0,263
28803,2008-01-01,2005-04-01,33,2005,48202.0,48202.0,1370.715042655473,0.16188455308947747,48,15,Current,Current,none,0,0.0,0.0,0.0,0,0.0,0.0,0,813
28816,2008-01-01,2006-07-01,18,2006,43070.0,43070.0,813.8458614948684,0.10729631564717747,72,54,Current,Current,none,0,0.0,0.0,0.0,0,0.0,0.0,0,777
28831,2008-01-01,2004-04-01,45,2004,50265.0,50265.0,1354.8924686548382,0.1325651945648038,48,3,Current,Current,none,0,0.0,0.0,0.0,0,0.0,0.0,0,271
28839,2008-01-01,2003-02-01,59,2003,64223.0,64223.0,1366.3806865211272,0.10057942833353105,60,1,Current,Current,none,0,0.0,0.0,0.0,0,0.0,0.0,0,323
28842,2008-01-01,2004-08-01,41,2004,85835.0,85835.0,1939.490641909853,0.12691711457420285,60,19,Current,Current,none,0,0.0,0.0,0.0,0,0.0,0.0,0,206
28853,2008-01-01,2005-06-01,31,2005,75813.0,75813.0,2527.389547579754,0.12256918090022599,36,5,Current,Current,none,0,0.0,0.0,0.0,0,0.0,0.0,0,166
28855,2008-01-01,2004-01-01,48,2004,54817.0,54817.0,1127.1718239327786,0.085952110167601,60,12,Current,Current,none,0,0.0,0.0,0.0,0,0.0,0.0,0,590
28864,2008-01-01,2005-01-01,36,2005,52416.0,52416.0,948.633015420232,0.09146148391916599,72,36,Current,Current,none,0,0.0,0.0,0.0,0,0.0,0.0,0,357
28868,2008-01-01,2006-04-01,21,2006,95278.0,95278.0,3226.628658105084,0.13355445001954455,36,15,Current,Current,none,0,0.0,0.0,0.0,0,0.0,0.0,0,298
28884,2008-01-01,2005-06-01,31,2005,33280.0,33280.0,1214.2567133496207,0.1866343920205258,36,5,Current,Current,none,0,0.0,0.0,0.0,0,0.0,0.0,0,901
28900,2008-01-01,2006-08-01,17,2006,71051.0,71051.0,1840.0282605187247,0.11106532942661158,48,31,Current,Current,none,0,0.0,0.0,0.0,0,0.0,0.0,0,467
28914,2008-01-01,2007-05-01,8,2007,57678.0,57678.0,1290.5430007483385,0.12257838069049999,60,52,Current,Current,none,0,0.0,0.0,0.0,0,0.0,0.0,0,713
28917,2008-01-01,2005-08-01,29,2005,99369.0,99369.0,1951.150485607448,0.1216365991243946,72,43,Current,Current,none,0,0.0,0.0,0.0,0,0.0,0.0,0,462
28926,2008-01-01,2002-06-01,67,2002,46516.0,46516.0,833.3250528071326,0.08776484721647898,72,5,Current,Current,none,0,0.0,0.0,0.0,0,0.0,0.0,0,522
28933,2008-01-01,2004-09-01,40,2004,48293.0,48293.0,1005.5367009992364,0.09130159774839411,60,20,Current,Current,none,0,0.0,0.0,0.0,0,0.0,0.0,0,267
28936,2008-01-01,2006-06-01,19,2006,33446.0,33446.0,1105.963858712123,0.11691482991541234,36,17,Current,Current,none,0,0.0,0.0,0.0,0,0.0,0.0,0,317
28941,2008-01-01,2007-08-01,5,2007,64030.0,64030.0,1142.2169674510953,0.08622554093231005,72,67,Current,Current,none,0,0.0,0.0,0.0,0,0.0,0.0,0,893
28961,2008-01-01,2007-03-01,10,2007,78475.0,78475.0,1955.1305624980837,0.1711426388182384,60,50,Current,Current,none,0,0.0,0.0,0.0,0,0.0,0.0,0,156
28967,2008-01-01,2008-01-01,0,2008,50212.0,50212.0,1264.125083704939,0.0961012015214928,48,48,Current,Current,none,0,0.0,0.0,0.0,0,0.0,0.0,0,837
28969,2008-01-01,2006-11-01,14,2006,68801.0,68801.0,1482.2277499496745,0.10600449820602148,60,46,Current,Current,none,0,0.0,0.0,0.0,0,0.0,0.0,0,823
28975,2008-01-01,2007-09-01,4,2007,112626.0,112626.0,2406.6800858708493,0.10246992126220636,60,56,Current,Current,none,0,0.0,0.0,0.0,0,0.0,0.0,0,532
28977,2008-01-01,2007-11-01,2,2007,25689.0,25689.0,476.5492540690113,0.10049307931853405,72,70,Current,Current,none,0,0.0,0.0,0.0,0,0.0,0.0,0,261
28982,2008-01-01,2005-01-01,36,2005,51522.0,51522.0,1177.2684567542208,0.13188765389015059,60,24,Current,Current,none,0,0.0,0.0,0.0,0,0.0,0.0,0,662
28987,2008-01-01,2006-07-01,18,2006,55609.0,55609.0,1547.4256200605391,0.14992391651963072,48,30,Current,Current,none,0,0.0,0.0,0.0,0,0.0,0.0,0,277
28993,2008-01-01,2004-01-01,48,2004,34377.0,34377.0,667.5692319297297,0.11747367083663807,72,24,Current,Current,none,0,0.0,0.0,0.0,0,0.0,0.0,0,472
29002,2008-01-01,2007-08-01,5,2007,69913.0,69913.0,1479.3177186987086,0.09821675927518149,60,55,Current,Current,none,0,0.0,0.0,0.0,0,0.0,0.0,0,519
29049,2008-01-01,2007-06-01,7,2007,30520.0,30520.0,969.8003956178351,0.08948775808755963,36,29,Current,Current,none,0,0.0,0.0,0.0,0,0.0,0.0,0,511
29051,2008-01-01,2004-05-01,44,2004,15113.0,15113.0,326.28885363496056,0.10693630396008925,60,16,Current,Current,none,0,0.0,0.0,0.0,0,0.0,0.0,0,600
29055,2008-01-01,2007-10-01,3,2007,25679.0,25679.0,556.3185932127948,0.10843266280332202,60,57,Current,Current,none,0,0.0,0.0,0.0,0,0.0,0.0,0,950
29058,2008-01-01,2006-05-01,20,2006,156800.0,156800.0,5501.2886710300745,0.15853501394776923,36,16,Current,Current,none,0,0.0,0.0,0.0,0,0.0,0.0,0,269
29073,2008-01-01,2004-07-01,42,2004,42719.0,42719.0,846.4033001144716,0.07025592021287581,60,18,Current,Current,none,0,0.0,0.0,0.0,0,0.0,0.0,0,715
29091,2008-01-01,2006-06-01,19,2006,58517.0,58517.0,1568.5912990714046,0.12956149256505048,48,29,Current,Current,none,0,0.0,0.0,0.0,0,0.0,0.0,0,331
29098,2008-01-01,2007-06-01,7,2007,25496.0,25496.0,494.7491115332044,0.061550285090515626,60,53,Current,Current,none,0,0.0,0.0,0.0,0,0.0,0.0,0,146
29101,2008-01-01,2004-07-01,42,2004,158725.0,158725.0,4414.517693327947,0.1496372836585924,48,6,Current,Current,none,0,0.0,0.0,0.0,0,0.0,0.0,0,892
29113,2008-01-01,2004-08-01,41,2004,51118.0,51118.0,1122.6988837096708,0.11440777064609489,60,19,Current,Current,none,0,0.0,0.0,0.0,0,0.0,0.0,0,337
29143,2008-01-01,2007-08-01,5,2007,29155.0,29155.0,972.6574526967539,0.1230798217792341,36,31,Current,Current,none,0,0.0,0.0,0.0,0,0.0,0.0,0,856
29169,2008-01-01,2004-04-01,45,2004,48032.0,48032.0,1087.5975861467832,0.17708279290542986,72,27,Current,Current,none,0,0.0,0.0,0.0,0,0.0,0.0,0,600
29173,2008-01-01,2005-08-01,29,2005,35533.0,35533.0,1160.518346404389,0.10834287170525464,36,7,30 DPD,Delinquent,none,0,0.0,0.0,0.0,1,0.0,0.0,0,747
29179,2008-01-01,2006-03-01,22,2006,284367.0,284367.0,9242.359683275348,0.10498041050417779,36,14,Current,Current,none,0,0.0,0.0,0.0,0,0.0,0.0,0,472
29188,2008-01-01,2003-01-01,60,2003,86228.0,86228.0,1774.9682602213002,0.08641077900523594,60,0,Current,Matured,matured,0,0.0,0.0,0.0,0,0.0,0.0,0,776
29189,2008-01-01,2003-06-01,55,2003,43698.0,43698.0,910.8825572888604,0.09178200687102565,60,5,Current,Current,none,0,0.0,0.0,0.0,0,0.0,0.0,0,121
29197,2008-01-01,2005-10-01,27,2005,31576.0,31576.0,776.3031690914531,0.08366297790498749,48,21,Current,Current,none,0,0.0,0.0,0.0,0,0.0,0.0,0,830
29214,2008-01-01,2006-09-01,16,2006,79335.0,79335.0,1887.4421576115997,0.15001634176928405,60,44,Current,Current,none,0,0.0,0.0,0.0,0,0.0,0.0,0,474
29219,2008-01-01,2005-10-01,27,2005,36008.0,36008.0,648.0836846740509,0.0894514651112884,72,45,Current,Current,none,0,0.0,0.0,0.0,0,0.0,0.0,0,727
29220,2008-01-01,2007-03-01,10,2007,37211.0,37211.0,823.3516306116968,0.11766367055631256,60,50,Current,Current,none,0,0.0,0.0,0.0,0,0.0,0.0,0,299
29221,2008-01-01,2005-06-01,31,2005,88264.0,88264.0,1683.4424983353244,0.11075574583980627,72,41,Current,Current,none,0,0.0,0.0,0.0,0,0.0,0.0,0,363
29227,2008-01-01,2004-11-01,38,2004,30354.0,30354.0,774.2871115742254,0.10303465235442182,48,10,Current,Current,none,0,0.0,0.0,0.0,0,0.0,0.0,0,579
29240,2008-01-01,2006-11-01,14,2006,66436.0,66436.0,1445.9792066561768,0.11045247056666434,60,46,Current,Current,none,0,0.0,0.0,0.0,0,0.0,0.0,0,654
29249,2008-01-01,2005-12-01,25,2005,35431.0,35431.0,911.1778505325753,0.1073489141807335,48,23,Current,Current,none,0,0.0,0.0,0.0,0,0.0,0.0,0,853
29255,2008-01-01,2005-08-01,29,2005,25876.0,25876.0,562.1775100888349,0.1096671536086399,60,31,Current,Current,none,0,0.0,0.0,0.0,0,0.0,0.0,0,751
29266,2008-01-01,2005-10-01,27,2005,25234.0,25234.0,797.7036194295337,0.08596462522055008,36,9,Current,Current,none,0,0.0,0.0,0.0,0,0.0,0.0,0,123
29283,2008-01-01,2006-01-01,24,2006,48135.0,48135.0,1184.2347104325354,0.16533371338588224,60,36,Current,Current,none,0,0.0,0.0,0.0,0,0.0,0.0,0,510
29304,2008-01-01,2005-10-01,27,2005,58829.0,58829.0,1321.778659023752,0.12441407299242217,60,33,Current,Current,none,0,0.0,0.0,0.0,0,0.0,0.0,0,392
29305,2008-01-01,2007-09-01,4,2007,166809.0,166809.0,3884.6587624356766,0.18844996909426112,72,68,Current,Current,none,0,0.0,0.0,0.0,0,0.0,0.0,0,390
29320,2008-01-01,2006-10-01,15,2006,52695.0,52695.0,948.288316349715,0.08940040388339435,72,57,Current,Current,none,0,0.0,0.0,0.0,0,0.0,0.0,0,436
29326,2008-01-01,2007-07-01,6,2007,95321.0,95321.0,3081.072647987767,0.10119084381842125,36,30,Current,Current,none,0,0.0,0.0,0.0,0,0.0,0.0,0,283
29329,2008-01-01,2004-12-01,37,2004,32868.0,32868.0,598.6729003472445,0.09379497410014685,72,35,Current,Current,none,0,0.0,0.0,0.0,0,0.0,0.0,0,370
29340,2008-01-01,2003-10-01,51,2003,55946.0,55946.0,1195.8549748573025,0.1025992628753254,60,9,Current,Current,none,0,0.0,0.0,0.0,0,0.0,0.0,0,984
29375,2008-01-01,2004-05-01,44,2004,76431.0,76431.0,1777.928084922669,0.13987693694619552,60,16,Current,Current,none,0,0.0,0.0,0.0,0,0.0,0.0,0,145
29380,2008-01-01,2006-02-01,23,2006,127763.0,127763.0,4310.567231135326,0.13093024673990805,36,13,Current,Current,none,0,0.0,0.0,0.0,0,0.0,0.0,0,552
29396,2008-01-01,2007-06-01,7,2007,47614.0,47614.0,1177.0873335741567,0.0865480366018269,48,41,Current,Current,none,0,0.0,0.0,0.0,0,0.0,0.0,0,119
29400,2008-01-01,2002-09-01,64,2002,128817.0,128817.0,2623.204864154179,0.13546721795212538,72,8,Current,Current,none,0,0.0,0.0,0.0,0,0.0,0.0,0,356
29406,2008-01-01,2006-03-01,22,2006,94183.0,94183.0,2528.267299829145,0.13033649736632288,48,26,Current,Current,none,0,0.0,0.0,0.0,0,0.0,0.0,0,576
29425,2008-01-01,2003-01-01,60,2003,30630.0,30630.0,745.2068353043861,0.1602118021663403,60,0,Current,Matured,matured,0,0.0,0.0,0.0,0,0.0,0.0,0,191
29434,2008-01-01,2006-05-01,20,2006,38898.0,38898.0,789.713326277588,0.13430736657109676,72,52,Current,Current,none,0,0.0,0.0,0.0,0,0.0,0.0,0,770
29436,2008-01-01,2003-04-01,57,2003,100852.0,100852.0,1975.2896094172834,0.0654241866041893,60,3,Current,Current,none,0,0.0,0.0,0.0,0,0.0,0.0,0,764
29437,2008-01-01,2004-03-01,46,2004,129871.0,129871.0,3154.5137312375828,0.07736861443600257,48,2,Current,Current,none,0,0.0,0.0,0.0,0,0.0,0.0,0,945
29439,2008-01-01,2003-01-01,60,2003,57215.0,57215.0,1080.5811994488465,0.1071088550413969,72,12,Current,Current,none,0,0.0,0.0,0.0,0,0.0,0.0,0,864
29440,2008-01-01,2007-03-01,10,2007,88964.0,88964.0,2043.216077883653,0.13416349794203425,60,50,Current,Current,none,0,0.0,0.0,0.0,0,0.0,0.0,0,295
29443,2008-01-01,2007-06-01,7,2007,22867.0,22867.0,610.4892687186482,0.1273749667203383,48,41,Current,Current,none,0,0.0,0.0,0.0,0,0.0,0.0,0,219
29451,2008-01-01,2007-04-01,9,2007,75184.0,75184.0,1867.8252344320774,0.08912230615438062,48,39,Current,Current,none,0,0.0,0.0,0.0,0,0.0,0.0,0,996
29459,2008-01-01,2005-06-01,31,2005,25802.0,25802.0,451.506195584086,0.07929595029337672,72,41,Current,Current,none,0,0.0,0.0,0.0,0,0.0,0.0,0,692
29462,2008-01-01,2004-10-01,39,2004,67461.0,67461.0,1537.5633597816632,0.13075781368636946,60,21,Current,Current,none,0,0.0,0.0,0.0,0,0.0,0.0,0,915
29467,2008-01-01,2007-12-01,1,2007,97618.0,97618.0,2069.918361559889,0.09913013893312368,60,59,Current,Current,none,0,0.0,0.0,0.0,0,0.0,0.0,0,866
29471,2008-01-01,2004-01-01,48,2004,85623.0,85623.0,2150.556096246237,0.09486248514193217,48,0,Current,Matured,matured,0,0.0,0.0,0.0,0,0.0,0.0,0,891
29474,2008-01-01,2004-03-01,46,2004,60323.0,60323.0,1247.6388519685593,0.08843822258922462,60,14,Current,Current,none,0,0.0,0.0,0.0,0,0.0,0.0,0,394
29477,2008-01-01,2006-04-01,21,2006,128298.0,128298.0,3195.3271908711217,0.09043095311485268,48,27,Current,Current,none,0,0.0,0.0,0.0,0,0.0,0.0,0,103
29479,2008-01-01,2005-02-01,35,2005,54438.0,54438.0,1305.2366352995964,0.1535479574805117,60,25,Current,Current,none,0,0.0,0.0,0.0,0,0.0,0.0,0,559
29483,2008-01-01,2007-09-01,4,2007,27482.0,27482.0,985.0345349842764,0.17381530946352694,36,32,Current,Current,none,0,0.0,0.0,0.0,0,0.0,0.0,0,164
29488,2008-01-01,2007-10-01,3,2007,18330.0,18330.0,410.96480030539806,0.12347281728158724,60,57,Current,Current,none,0,0.0,0.0,0.0,0,0.0,0.0,0,734
29490,2008-01-01,2006-09-01,16,2006,37404.0,37404.0,918.0328563399516,0.16423610865991287,60,44,Current,Current,none,0,0.0,0.0,0.0,0,0.0,0.0,0,702
29494,2008-01-01,2006-03-01,22,2006,69763.0,69763.0,1896.65986628164,0.13721922803759468,48,26,Current,Current,none,0,0.0,0.0,0.0,0,0.0,0.0,0,329
29495,2008-01-01,2005-03-01,34,2005,66512.0,66512.0,2114.3670386114427,0.08977488713263879,36,2,Current,Current,none,0,0.0,0.0,0.0,0,0.0,0.0,0,131
29514,2008-01-01,2005-09-01,28,2005,18357.0,18357.0,475.4608063101984,0.11113734423829494,48,20,Current,Current,none,0,0.0,0.0,0.0,0,0.0,0.0,0,868
29517,2008-01-01,2005-05-01,32,2005,123092.0,123092.0,2262.5152588810597,0.09711503307980178,72,40,Current,Current,none,0,0.0,0.0,0.0,0,0.0,0.0,0,567
29518,2008-01-01,2006-09-01,16,2006,60826.0,60826.0,1233.878457850124,0.08018770854306258,60,44,Current,Current,none,0,0.0,0.0,0.0,0,0.0,0.0,0,915
29522,2008-01-01,2005-04-01,33,2005,31173.0,31173.0,681.109012800406,0.1121405251563259,60,27,Current,Current,none,0,0.0,0.0,0.0,0,0.0,0.0,0,457
29537,2008-01-01,2007-05-01,8,2007,48834.0,48834.0,1196.7021782131478,0.08197025366235892,48,40,Current,Current,none,0,0.0,0.0,0.0,0,0.0,0.0,0,419
29544,2008-01-01,2004-05-01,44,2004,28342.0,28342.0,577.465300911815,0.08205520425576858,60,16,Current,Current,none,0,0.0,0.0,0.0,0,0.0,0.0,0,154
29560,2008-01-01,2006-01-01,24,2006,68273.0,68273.0,1426.3723310477876,0.09275229882250674,60,36,Current,Current,none,0,0.0,0.0,0.0,0,0.0,0.0,0,456
29564,2008-01-01,2006-06-01,19,2006,94473.0,94473.0,1962.1829593561113,0.09023526128174159,60,41,Current,Current,none,0,0.0,0.0,0.0,0,0.0,0.0,0,737
29568,2008-01-01,2005-11-01,26,2005,29736.0,29736.0,787.232343487698,0.12285131520815792,48,22,Current,Current,none,0,0.0,0.0,0.0,0,0.0,0.0,0,332
29569,2008-01-01,2003-10-01,51,2003,244805.0,244805.0,5724.21975249093,0.14220593887955107,60,9,Current,Current,none,0,0.0,0.0,0.0,0,0.0,0.0,0,443
29581,2008-01-01,2006-09-01,16,2006,22156.0,22156.0,535.238984120127,0.07454651476427845,48,32,Current,Current,none,0,0.0,0.0,0.0,0,0.0,0.0,0,104
29584,2008-01-01,2007-10-01,3,2007,65497.0,65497.0,1448.0703224663775,0.11731405793040112,60,57,Current,Current,none,0,0.0,0.0,0.0,0,0.0,0.0,0,716
29585,2008-01-01,2006-11-01,14,2006,166208.0,166208.0,2813.868735154309,0.06751232215487024,72,58,Current,Current,none,0,0.0,0.0,0.0,0,0.0,0.0,0,640
29593,2008-01-01,2007-12-01,1,2007,46637.0,46637.0,1199.505746695925,0.10741248787176952,48,47,Current,Current,none,0,0.0,0.0,0.0,0,0.0,0.0,0,203
29605,2008-01-01,2005-05-01,32,2005,127460.0,127460.0,3343.2167042545275,0.11787328010479982,48,16,Current,Current,none,0,0.0,0.0,0.0,0,0.0,0.0,0,797
29606,2008-01-01,2007-12-01,1,2007,18407.0,18407.0,331.5956738127019,0.08978061069574551,72,71,Current,Current,none,0,0.0,0.0,0.0,0,0.0,0.0,0,258
29611,2008-01-01,2003-09-01,52,2003,219237.0,219237.0,4700.4536970168665,0.10391228589885709,60,8,Current,Current,none,0,0.0,0.0,0.0,0,0.0,0.0,0,389
29622,2008-01-01,2004-05-01,44,2004,79117.0,79117.0,1765.54430676357,0.12140698181838772,60,16,Current,Current,none,0,0.0,0.0,0.0,0,0.0,0.0,0,310
29633,2008-01-01,2005-01-01,36,2005,51325.0,51325.0,1261.0730622911904,0.0833472344937195,48,12,Current,Current,none,0,0.0,0.0,0.0,0,0.0,0.0,0,374
29646,2008-01-01,2005-07-01,30,2005,122436.0,122436.0,2961.973943980424,0.0752810101440802,48,18,Current,Current,none,0,0.0,0.0,0.0,0,0.0,0.0,0,136
29661,2008-01-01,2007-12-01,1,2007,60855.0,60855.0,1531.18036011421,0.09579517279459537,48,47,Current,Current,none,0,0.0,0.0,0.0,0,0.0,0.0,0,597
29682,2008-01-01,2002-02-01,71,2002,55372.0,55372.0,1138.746391732153,0.13924592830245042,72,1,Current,Current,none,0,0.0,0.0,0.0,0,0.0,0.0,0,520
29689,2008-01-01,2004-07-01,42,2004,61638.0,61638.0,1070.0405820701442,0.07644315921729151,72,30,Current,Current,none,0,0.0,0.0,0.0,0,0.0,0.0,0,168
29697,2008-01-01,2005-05-01,32,2005,43202.0,43202.0,1064.9409978643623,0.08504167079398325,48,16,Current,Current,none,0,0.0,0.0,0.0,0,0.0,0.0,0,334
29705,2008-01-01,2006-12-01,13,2006,35406.0,35406.0,757.7065196295534,0.1546894801652191,72,59,Current,Current,none,0,0.0,0.0,0.0,0,0.0,0.0,0,548
29707,2008-01-01,2004-12-01,37,2004,14709.0,14709.0,350.954405751666,0.1513307774575728,60,23,Current,Current,none,0,0.0,0.0,0.0,0,0.0,0.0,0,998
29745,2008-01-01,2007-07-01,6,2007,90347.0,90347.0,2124.2688843774513,0.1446942652571888,60,54,Current,Current,none,0,0.0,0.0,0.0,0,0.0,0.0,0,665
29746,2008-01-01,2006-05-01,20,2006,24839.0,24839.0,564.1177786327219,0.1291770925346044,60,40,Current,Current,none,0,0.0,0.0,0.0,0,0.0,0.0,0,997
29763,2008-01-01,2005-12-01,25,2005,65478.0,65478.0,1309.481014470449,0.07417554341662247,60,35,Current,Current,none,0,0.0,0.0,0.0,0,0.0,0.0,0,180
29778,2008-01-01,2007-09-01,4,2007,30219.0,30219.0,625.3214885448705,0.08865194023753623,60,56,Current,Current,none,0,0.0,0.0,0.0,0,0.0,0.0,0,424
29781,2008-01-01,2006-02-01,23,2006,74950.0,74950.0,1856.5050903908598,0.08757204251921342,48,25,Current,Current,none,0,0.0,0.0,0.0,0,0.0,0.0,0,473
29795,2008-01-01,2006-06-01,19,2006,73475.0,73475.0,2301.0430434779673,0.07958794947618905,36,17,Current,Current,none,0,0.0,0.0,0.0,0,0.0,0.0,0,139
29803,2008-01-01,2005-01-01,36,2005,64309.0,64309.0,1283.748685098131,0.07340399373024621,60,24,Current,Current,none,0,0.0,0.0,0.0,0,0.0,0.0,0,986
29807,2008-01-01,2006-01-01,24,2006,42377.0,42377.0,1434.7973947831695,0.13339952714824543,36,12,Current,Current,none,0,0.0,0.0,0.0,0,0.0,0.0,0,958
29809,2008-01-01,2006-07-01,18,2006,34480.0,34480.0,633.5882466672805,0.09701232013709236,72,54,Current,Current,none,0,0.0,0.0,0.0,0,0.0,0.0,0,586
29831,2008-01-01,2006-11-01,14,2006,25486.0,25486.0,475.6682017141343,0.10273196245739552,72,58,Current,Current,none,0,0.0,0.0,0.0,0,0.0,0.0,0,451
29834,2008-01-01,2005-06-01,31,2005,152776.0,152776.0,3796.8567777779467,0.0893131810525895,48,17,Current,Current,none,0,0.0,0.0,0.0,0,0.0,0.0,0,153
29854,2008-01-01,2007-05-01,8,2007,114650.0,114650.0,3779.1418635648133,0.1147143671288262,36,28,Current,Current,none,0,0.0,0.0,0.0,0,0.0,0.0,0,402
29866,2008-01-01,2006-08-01,17,2006,80347.0,80347.0,1756.3674467127676,0.11234946479136254,60,43,Current,Current,none,0,0.0,0.0,0.0,0,0.0,0.0,0,806
29873,2008-01-01,2005-02-01,35,2005,77065.0,77065.0,2546.798300996101,0.11650030247981655,36,1,Current,Current,none,0,0.0,0.0,0.0,0,0.0,0.0,0,818
29881,2008-01-01,2007-07-01,6,2007,20779.0,20779.0,503.61976300001163,0.15847227219597176,60,54,Current,Current,none,0,0.0,0.0,0.0,0,0.0,0.0,0,511
29883,2008-01-01,2003-08-01,53,2003,106341.0,106341.0,2119.2872894227735,0.07270700637626873,60,7,Current,Current,none,0,0.0,0.0,0.0,0,0.0,0.0,0,411
29894,2008-01-01,2004-07-01,42,2004,38831.0,38831.0,777.0312553824523,0.07442405078081046,60,18,Current,Current,none,0,0.0,0.0,0.0,0,0.0,0.0,0,939
29903,2008-01-01,2007-07-01,6,2007,16816.0,16816.0,340.105452767111,0.07892760731340513,60,54,Current,Current,none,0,0.0,0.0,0.0,0,0.0,0.0,0,554
29905,2008-01-01,2006-12-01,13,2006,16127.0,16127.0,405.29279392746366,0.09517134209110212,48,35,Current,Current,none,0,0.0,0.0,0.0,0,0.0,0.0,0,159
29912,2008-01-01,2003-04-01,57,2003,71483.0,71483.0,1455.8136477179748,0.08186717594949845,60,3,Current,Current,none,0,0.0,0.0,0.0,0,0.0,0.0,0,393
29916,2008-01-01,2008-01-01,0,2008,44656.0,44656.0,1071.5332330871927,0.07105625828373269,48,48,Current,Current,none,0,0.0,0.0,0.0,0,0.0,0.0,0,649
29936,2008-01-01,2005-09-01,28,2005,71280.0,71280.0,2425.411776725104,0.13688516147290006,36,8,Current,Current,none,0,0.0,0.0,0.0,0,0.0,0.0,0,320
29937,2008-01-01,2004-08-01,41,2004,114402.0,114402.0,2884.3473263829337,0.09686694728126855,48,7,Current,Current,none,0,0.0,0.0,0.0,0,0.0,0.0,0,733
29940,2008-01-01,2005-09-01,28,2005,77733.0,77733.0,1871.542390919832,0.07280396241704068,48,20,Current,Current,none,0,0.0,0.0,0.0,0,0.0,0.0,0,740
29942,2008-01-01,2006-11-01,14,2006,118013.0,118013.0,2137.5264309008153,0.0917524431798363,72,58,Current,Current,none,0,0.0,0.0,0.0,0,0.0,0.0,0,219
29944,2008-01-01,2007-02-01,11,2007,77412.0,77412.0,1804.3060117372027,0.14076313546737235,60,49,Current,Current,none,0,0.0,0.0,0.0,0,0.0,0.0,0,940
29945,2008-01-01,2006-09-01,16,2006,22545.0,22545.0,397.7757496584122,0.08225670377829032,72,56,Current,Current,none,0,0.0,0.0,0.0,0,0.0,0.0,0,625
29960,2008-01-01,2006-02-01,23,2006,34342.0,34342.0,879.4680107552726,0.10511861847089209,48,25,Current,Current,none,0,0.0,0.0,0.0,0,0.0,0.0,0,543
29968,2008-01-01,2004-10-01,39,2004,13572.0,13572.0,300.50133841542623,0.1681184274716662,72,33,30 DPD,Delinquent,none,0,0.0,0.0,0.0,1,0.0,0.0,0,289
29975,2008-01-01,2006-06-01,19,2006,23125.0,23125.0,526.1895620018398,0.1300209053046117,60,41,Current,Current,none,0,0.0,0.0,0.0,0,0.0,0.0,0,379
29983,2008-01-01,2005-05-01,32,2005,143124.0,143124.0,2895.792627899639,0.13299934426149135,72,40,Current,Current,none,0,0.0,0.0,0.0,0,0.0,0.0,0,674
29985,2008-01-01,2005-01-01,36,2005,18080.0,18080.0,385.0861368321804,0.10105540104312667,60,24,Current,Current,none,0,0.0,0.0,0.0,0,0.0,0.0,0,956
29997,2008-01-01,2007-03-01,10,2007,87790.0,87790.0,1888.736316023322,0.10541074540863411,60,50,Current,Current,none,0,0.0,0.0,0.0,0,0.0,0.0,0,945
30008,2008-01-01,2007-05-01,8,2007,208105.0,208105.0,4235.876024259435,0.1352924549226049,72,64,Current,Current,none,0,0.0,0.0,0.0,0,0.0,0.0,0,621
30009,2008-01-01,2005-05-01,32,2005,26394.0,26394.0,546.55012424095,0.08894855411646253,60,28,Current,Current,none,0,0.0,0.0,0.0,0,0.0,0.0,0,207
30011,2008-01-01,2004-11-01,38,2004,54507.0,54507.0,1327.6664543703532,0.16074621742628234,60,22,Current,Current,none,0,0.0,0.0,0.0,0,0.0,0.0,0,473
30016,2008-01-01,2004-08-01,41,2004,29439.0,29439.0,622.9338099996492,0.09823197458773217,60,19,Current,Paid off,payoff,0,0.0,0.0,0.0,0,0.0,0.0,0,466
30017,2008-01-01,2005-03-01,34,2005,30557.0,30557.0,974.3434139488763,0.09185410439280757,36,2,Current,Current,none,0,0.0,0.0,0.0,0,0.0,0.0,0,783
30028,2008-01-01,2006-07-01,18,2006,38092.0,38092.0,758.0612639042414,0.07210788150854486,60,42,Current,Current,none,0,0.0,0.0,0.0,0,0.0,0.0,0,811
30043,2008-01-01,2007-09-01,4,2007,69297.0,69297.0,1549.9458985646318,0.122415631235319,60,56,Current,Current,none,0,0.0,0.0,0.0,0,0.0,0.0,0,932
30054,2008-01-01,2006-12-01,13,2006,58710.0,58710.0,1337.0808265856658,0.13041510856347413,60,47,Current,Current,none,0,0.0,0.0,0.0,0,0.0,0.0,0,526
30057,2008-01-01,2005-05-01,32,2005,33733.0,33733.0,805.3403130707941,0.15159927853842772,60,28,Current,Current,none,0,0.0,0.0,0.0,0,0.0,0.0,0,410
30061,2008-01-01,2005-09-01,28,2005,77359.0,77359.0,2484.6112340142117,0.09681657343943527,36,8,Current,Current,none,0,0.0,0.0,0.0,0,0.0,0.0,0,822
30066,2008-01-01,2007-09-01,4,2007,41693.0,41693.0,727.7089197355585,0.078374603248777,72,68,Current,Current,none,0,0.0,0.0,0.0,0,0.0,0.0,0,921
30075,2008-01-01,2007-08-01,5,2007,55354.0,55354.0,1140.3652511088121,0.08675699682144435,60,55,Current,Current,none,0,0.0,0.0,0.0,0,0.0,0.0,0,715
30079,2008-01-01,2007-05-01,8,2007,44252.0,44252.0,877.9466996348655,0.12554429486249974,72,64,Current,Current,none,0,0.0,0.0,0.0,0,0.0,0.0,0,110
30081,2008-01-01,2004-07-01,42,2004,69167.0,69167.0,1462.9854273353235,0.09805551453249531,60,18,Current,Current,none,0,0.0,0.0,0.0,0,0.0,0.0,0,727
30084,2008-01-01,2006-02-01,23,2006,54030.0,54030.0,1096.9725559303552,0.1343237385117698,72,49,Current,Current,none,0,0.0,0.0,0.0,0,0.0,0.0,0,705
30098,2008-01-01,2006-02-01,23,2006,55935.0,55935.0,1060.0459354531101,0.10838354539605313,72,49,Current,Current,none,0,0.0,0.0,0.0,0,0.0,0.0,0,258
30100,2008-01-01,2004-02-01,47,2004,84960.0,84960.0,2201.1261916681524,0.11128137496729082,48,1,Current,Current,none,0,0.0,0.0,0.0,0,0.0,0.0,0,283
30108,2008-01-01,2005-05-01,32,2005,43330.0,43330.0,889.3878947264424,0.08519466958179787,60,28,Current,Current,none,0,0.0,0.0,0.0,0,0.0,0.0,0,710
30120,2008-01-01,2007-01-01,12,2007,175397.0,175397.0,3907.91716952373,0.12071133654243202,60,48,Current,Current,none,0,0.0,0.0,0.0,0,0.0,0.0,1,910
30122,2008-01-01,2006-05-01,20,2006,38784.0,38784.0,934.5122991285725,0.07320679805319545,48,28,Current,Current,none,0,0.0,0.0,0.0,0,0.0,0.0,0,465
30123,2008-01-01,2007-07-01,6,2007,64277.0,64277.0,1529.430101216437,0.15008439599656076,60,54,Current,Current,none,0,0.0,0.0,0.0,0,0.0,0.0,0,817
30135,2008-01-01,2005-05-01,32,2005,25454.0,25454.0,858.0825646402435,0.13035614754575925,36,4,Current,Current,none,0,0.0,0.0,0.0,0,0.0,0.0,0,793
30152,2008-01-01,2005-05-01,32,2005,64659.0,64659.0,1804.2300449034055,0.15143951421471175,48,16,Current,Current,none,0,0.0,0.0,0.0,0,0.0,0.0,0,659
30179,2008-01-01,2006-10-01,15,2006,62355.0,62355.0,1522.5993768855344,0.08011328571060415,48,33,Current,Current,none,0,0.0,0.0,0.0,0,0.0,0.0,0,429
30183,2008-01-01,2003-06-01,55,2003,77992.0,77992.0,1457.624490405297,0.10323543818012454,72,17,Current,Current,none,0,0.0,0.0,0.0,0,0.0,0.0,0,373
30187,2008-01-01,2003-03-01,58,2003,52572.0,52572.0,1167.0650445287085,0.11910735140988553,60,2,Current,Current,none,0,0.0,0.0,0.0,0,0.0,0.0,0,584
30191,2008-01-01,2007-01-01,12,2007,16052.0,16052.0,267.6673179988785,0.06215944543643115,72,60,Current,Current,none,0,0.0,0.0,0.0,0,0.0,0.0,0,380
30199,2008-01-01,2006-09-01,16,2006,59029.0,59029.0,1189.7443327925769,0.07746417572678209,60,44,Current,Current,none,0,0.0,0.0,0.0,0,0.0,0.0,0,467
30200,2008-01-01,2005-11-01,26,2005,130361.0,130361.0,2184.996139571031,0.06397391093963962,72,46,Current,Current,none,0,0.0,0.0,0.0,0,0.0,0.0,0,970
30206,2008-01-01,2007-02-01,11,2007,97944.0,97944.0,1891.717227745038,0.11544776156780459,72,61,Current,Current,none,0,0.0,0.0,0.0,0,0.0,0.0,0,681
30219,2008-01-01,2004-03-01,46,2004,101856.0,101856.0,2585.589725475734,0.10046157769695964,48,2,Current,Current,none,0,0.0,0.0,0.0,0,0.0,0.0,0,256
30226,2008-01-01,2005-05-01,32,2005,63797.0,63797.0,1672.338393019463,0.11754448509130838,48,16,Current,Current,none,0,0.0,0.0,0.0,0,0.0,0.0,0,571
30230,2008-01-01,2003-12-01,49,2003,264200.0,264200.0,5223.6891740842575,0.06937497082957166,60,11,Current,Current,none,0,0.0,0.0,0.0,0,0.0,0.0,0,683
30238,2008-01-01,2007-10-01,3,2007,32790.0,32790.0,815.9359802389304,0.08997138056444087,48,45,Current,Current,none,0,0.0,0.0,0.0,0,0.0,0.0,0,471
30240,2008-01-01,2006-03-01,22,2006,56128.0,56128.0,1325.6904248891656,0.14673818776614989,60,38,Current,Current,none,0,0.0,0.0,0.0,0,0.0,0.0,0,500
30244,2008-01-01,2005-10-01,27,2005,60464.0,60464.0,1952.217656600448,0.10042773214433116,36,9,Current,Current,none,0,0.0,0.0,0.0,0,0.0,0.0,0,821
30252,2008-01-01,2007-03-01,10,2007,23294.0,23294.0,491.4153733701052,0.09692831525876514,60,50,Current,Current,none,0,0.0,0.0,0.0,0,0.0,0.0,0,408
30253,2008-01-01,2005-07-01,30,2005,19010.0,19010.0,670.4201981916108,0.16221957427921274,36,6,Current,Current,none,0,0.0,0.0,0.0,0,0.0,0.0,0,198
30255,2008-01-01,2007-07-01,6,2007,43498.0,43498.0,972.5972673988728,0.1720305509136199,72,66,Current,Current,none,0,0.0,0.0,0.0,0,0.0,0.0,0,332
30256,2008-01-01,2007-01-01,12,2007,57163.0,57163.0,1252.451564403896,0.1133563048816338,60,48,Current,Current,none,0,0.0,0.0,0.0,0,0.0,0.0,0,797
30261,2008-01-01,2007-08-01,5,2007,103268.0,103268.0,2206.1619878236597,0.10236221664156453,60,55,Current,Current,none,0,0.0,0.0,0.0,0,0.0,0.0,0,214
30264,2008-01-01,2002-12-01,61,2002,69947.0,69947.0,1281.2294470618226,0.09584802636535346,72,11,Current,Current,none,0,0.0,0.0,0.0,0,0.0,0.0,0,703
30277,2008-01-01,2003-12-01,49,2003,61860.0,61860.0,1259.6616427954868,0.0818094927214816,60,11,Current,Current,none,0,0.0,0.0,0.0,0,0.0,0.0,0,212
30278,2008-01-01,2006-06-01,19,2006,65868.0,65868.0,1736.9414509585415,0.12073697523478455,48,29,Current,Current,none,0,0.0,0.0,0.0,0,0.0,0.0,0,417
30298,2008-01-01,2007-03-01,10,2007,50027.0,50027.0,1403.694260765331,0.15448713330673772,48,38,Current,Current,none,0,0.0,0.0,0.0,0,0.0,0.0,0,843
30300,2008-01-01,2006-08-01,17,2006,62989.0,62989.0,1464.1049877865767,0.13952862341500952,60,43,Current,Current,none,0,0.0,0.0,0.0,0,0.0,0.0,1,906
30305,2008-01-01,2005-08-01,29,2005,93993.0,93993.0,2492.167346066736,0.12367008041843855,48,19,Current,Current,none,0,0.0,0.0,0.0,0,0.0,0.0,0,998
30307,2008-01-01,2006-02-01,23,2006,14656.0,14656.0,411.1588597972687,0.15439342516495144,48,25,Current,Current,none,0,0.0,0.0,0.0,0,0.0,0.0,0,160
30316,2008-01-01,2007-12-01,1,2007,27554.0,27554.0,708.4769970892047,0.10725274043981985,48,47,Current,Current,none,0,0.0,0.0,0.0,0,0.0,0.0,0,887
30320,2008-01-01,2006-06-01,19,2006,15154.0,15154.0,486.3155915955581,0.09625325933845177,36,17,Current,Current,none,0,0.0,0.0,0.0,0,0.0,0.0,0,570
30335,2008-01-01,2003-02-01,59,2003,68511.0,68511.0,1420.5556394116618,0.089512614672916,60,1,Current,Current,none,0,0.0,0.0,0.0,0,0.0,0.0,0,551
30341,2008-01-01,2004-03-01,46,2004,132859.0,132859.0,2631.859466830707,0.0701741925429199,60,14,Current,Current,none,0,0.0,0.0,0.0,0,0.0,0.0,0,403
30342,2008-01-01,2005-10-01,27,2005,33489.0,33489.0,1063.7448214901087,0.08923212301348556,36,9,Current,Current,none,0,0.0,0.0,0.0,0,0.0,0.0,0,267
30343,2008-01-01,2006-09-01,16,2006,182106.0,182106.0,3545.4808417075915,0.06292976164435322,60,44,Current,Current,none,0,0.0,0.0,0.0,0,0.0,0.0,0,876
30360,2008-01-01,2007-09-01,4,2007,132486.0,132486.0,4349.790215340401,0.11196971556481233,36,32,Current,Current,none,0,0.0,0.0,0.0,0,0.0,0.0,0,865
30363,2008-01-01,2006-05-01,20,2006,17122.0,17122.0,318.2727050266411,0.10124186177270715,72,52,Current,Current,none,0,0.0,0.0,0.0,0,0.0,0.0,0,856
30366,2008-01-01,2003-05-01,56,2003,56918.0,56918.0,1154.3878730234146,0.08010867825833727,60,4,Current,Current,none,0,0.0,0.0,0.0,0,0.0,0.0,0,812
30370,2008-01-01,2007-04-01,9,2007,21052.0,21052.0,361.90446112948064,0.07294924825307884,72,63,Current,Current,none,0,0.0,0.0,0.0,0,0.0,0.0,0,189
30371,2008-01-01,2003-02-01,59,2003,90619.0,90619.0,1847.7006429929872,0.08236504697611155,60,1,Current,Current,none,0,0.0,0.0,0.0,0,0.0,0.0,0,247
30372,2008-01-01,2007-04-01,9,2007,100900.0,100900.0,2356.7739466685243,0.1417200690451807,60,51,Current,Current,none,0,0.0,0.0,0.0,0,0.0,0.0,0,670
30402,2008-01-01,2007-07-01,6,2007,36307.0,36307.0,1272.5314655601385,0.15781398665391824,36,30,Current,Current,none,0,0.0,0.0,0.0,0,0.0,0.0,0,121
30410,2008-01-01,2007-04-01,9,2007,72565.0,72565.0,1863.9146163214107,0.10671200297419593,48,39,Current,Current,none,0,0.0,0.0,0.0,0,0.0,0.0,0,905
30426,2008-01-01,2002-06-01,67,2002,79938.0,79938.0,1509.5152139190443,0.10705488135379128,72,5,Current,Current,none,0,0.0,0.0,0.0,0,0.0,0.0,0,618
30449,2008-01-01,2006-06-01,19,2006,48712.0,48712.0,1307.2639132783422,0.1301831864624408,48,29,Current,Current,none,0,0.0,0.0,0.0,0,0.0,0.0,0,376
30454,2008-01-01,2004-09-01,40,2004,20824.0,20824.0,355.46747379268413,0.07043882805114618,72,32,Current,Current,none,0,0.0,0.0,0.0,0,0.0,0.0,0,716
30457,2008-01-01,2005-04-01,33,2005,72568.0,72568.0,1742.6076477125237,0.15424706549893558,60,27,Current,Current,none,0,0.0,0.0,0.0,0,0.0,0.0,0,806
30459,2008-01-01,2003-05-01,56,2003,39037.0,39037.0,767.2433212119159,0.06687854868620395,60,4,Current,Current,none,0,0.0,0.0,0.0,0,0.0,0.0,0,485
30473,2008-01-01,2005-07-01,30,2005,59315.0,59315.0,2031.3000601319236,0.14140637595105807,36,6,Current,Current,none,0,0.0,0.0,0.0,0,0.0,0.0,0,315
30475,2008-01-01,2005-12-01,25,2005,201053.0,201053.0,3339.737245195163,0.06081164671925337,72,47,Current,Current,none,0,0.0,0.0,0.0,0,0.0,0.0,0,198
30494,2008-01-01,2005-07-01,30,2005,50399.0,50399.0,1010.4135435960497,0.07521749611673258,60,30,Current,Current,none,0,0.0,0.0,0.0,0,0.0,0.0,0,290
30498,2008-01-01,2006-06-01,19,2006,96124.0,96124.0,2072.2433441753756,0.10629327474805057,60,41,Current,Current,none,0,0.0,0.0,0.0,0,0.0,0.0,0,276
30515,2008-01-01,2008-01-01,0,2008,190250.0,190250.0,3954.9811822891684,0.09061750163590682,60,60,Current,Current,none,0,0.0,0.0,0.0,0,0.0,0.0,0,336
30519,2008-01-01,2004-07-01,42,2004,40685.0,40685.0,818.448807251773,0.07665572938265573,60,18,Current,Current,none,0,0.0,0.0,0.0,0,0.0,0.0,0,260
30522,2008-01-01,2003-10-01,51,2003,32661.0,32661.0,605.1504742980227,0.10004740869689738,72,21,Current,Current,none,0,0.0,0.0,0.0,0,0.0,0.0,0,350
30527,2008-01-01,2005-06-01,31,2005,38452.0,38452.0,786.1663838027476,0.08352252901378472,60,29,Current,Current,none,0,0.0,0.0,0.0,0,0.0,0.0,0,628
30530,2008-01-01,2004-10-01,39,2004,28281.0,28281.0,475.90523233038317,0.06537389196452842,72,33,Current,Current,none,0,0.0,0.0,0.0,0,0.0,0.0,0,860
30532,2008-01-01,2005-05-01,32,2005,27286.0,27286.0,630.8531711108313,0.13713588223917605,60,28,Current,Current,none,0,0.0,0.0,0.0,0,0.0,0.0,0,440
30536,2008-01-01,2007-03-01,10,2007,172677.0,172677.0,3979.1912470726616,0.13566519687504203,60,50,Current,Current,none,0,0.0,0.0,0.0,0,0.0,0.0,0,627
30543,2008-01-01,2005-06-01,31,2005,116626.0,116626.0,2533.814916344091,0.10967034757888475,60,29,Current,Current,none,0,0.0,0.0,0.0,0,0.0,0.0,0,149
30553,2008-01-01,2007-02-01,11,2007,29644.0,29644.0,603.9914300351481,0.08205380887165586,60,49,Current,Current,none,0,0.0,0.0,0.0,0,0.0,0.0,0,957
30564,2008-01-01,2007-12-01,1,2007,95962.0,95962.0,2433.767877723899,0.09998343186461071,48,47,Current,Current,none,0,0.0,0.0,0.0,0,0.0,0.0,0,340
30566,2008-01-01,2005-03-01,34,2005,19367.0,19367.0,467.9630989725451,0.07465727892721556,48,14,Current,Current,none,0,0.0,0.0,0.0,0,0.0,0.0,0,984
30576,2008-01-01,2007-10-01,3,2007,86349.0,86349.0,1685.5173371725045,0.11941577530658701,72,69,Current,Current,none,0,0.0,0.0,0.0,0,0.0,0.0,0,154
30593,2008-01-01,2004-07-01,42,2004,37645.0,37645.0,788.3464454191126,0.0937657905355423,60,18,Current,Current,none,0,0.0,0.0,0.0,0,0.0,0.0,0,709
30599,2008-01-01,2003-06-01,55,2003,55692.0,55692.0,1245.2273179295446,0.12226702802423473,60,5,Current,Current,none,0,0.0,0.0,0.0,0,0.0,0.0,0,150
30609,2008-01-01,2007-04-01,9,2007,53278.0,53278.0,1297.1038634809654,0.07857219573110838,48,39,Current,Current,none,0,0.0,0.0,0.0,0,0.0,0.0,0,175
30615,2008-01-01,2004-12-01,37,2004,69333.0,69333.0,1374.4816521095956,0.07049052784525872,60,23,Current,Current,none,0,0.0,0.0,0.0,0,0.0,0.0,0,585
30634,2008-01-01,2006-07-01,18,2006,106944.0,106944.0,2293.9484468067526,0.15559424404422914,72,54,Current,Current,none,0,0.0,0.0,0.0,0,0.0,0.0,0,988
30640,2008-01-01,2006-01-01,24,2006,138682.0,138682.0,4651.736078864108,0.1268507487330099,36,12,Current,Current,none,0,0.0,0.0,0.0,0,0.0,0.0,0,256
30643,2008-01-01,2006-11-01,14,2006,46659.0,46659.0,844.7690654281345,0.09160240555695998,72,58,Current,Current,none,0,0.0,0.0,0.0,0,0.0,0.0,0,684
30644,2008-01-01,2008-01-01,0,2008,11325.0,11325.0,220.7403840091412,0.11886894479641075,72,72,Current,Current,none,0,0.0,0.0,0.0,0,0.0,0.0,0,140
30652,2008-01-01,2007-03-01,10,2007,105134.0,105134.0,2041.5779566554716,0.11746887354578532,72,62,Current,Current,none,0,0.0,0.0,0.0,0,0.0,0.0,0,844
30653,2008-01-01,2006-10-01,15,2006,75114.0,75114.0,1549.173332876342,0.0872324582253901,60,45,30 DPD,Delinquent,none,0,0.0,0.0,0.0,1,0.0,0.0,0,799
30658,2008-01-01,2006-12-01,13,2006,60220.0,60220.0,1984.654950344163,0.11459485042123874,36,23,Current,Current,none,0,0.0,0.0,0.0,0,0.0,0.0,0,919
30659,2008-01-01,2006-08-01,17,2006,56034.0,56034.0,1194.8915420196174,0.10157049643019779,60,43,Current,Current,none,0,0.0,0.0,0.0,0,0.0,0.0,0,359
30662,2008-01-01,2003-09-01,52,2003,29906.0,29906.0,597.0981542796185,0.07348072575146881,60,8,Current,Current,none,0,0.0,0.0,0.0,0,0.0,0.0,0,246
30665,2008-01-01,2005-06-01,31,2005,53558.0,53558.0,1103.4232147867854,0.1399375881732,72,41,Current,Current,none,0,0.0,0.0,0.0,0,0.0,0.0,0,708
30669,2008-01-01,2005-05-01,32,2005,125979.0,125979.0,2657.1329372865043,0.09683954980228916,60,28,Current,Current,none,0,0.0,0.0,0.0,0,0.0,0.0,0,842
30674,2008-01-01,2003-11-01,50,2003,57457.0,57457.0,1117.6001719601034,0.06253876230873263,60,10,Current,Current,none,0,0.0,0.0,0.0,0,0.0,0.0,0,580
30680,2008-01-01,2003-07-01,54,2003,38501.0,38501.0,766.2393906517212,0.07212912140303955,60,6,Current,Current,none,0,0.0,0.0,0.0,0,0.0,0.0,0,967
30682,2008-01-01,2006-10-01,15,2006,22185.0,22185.0,457.6709347075212,0.08734520511882149,60,45,Current,Current,none,0,0.0,0.0,0.0,0,0.0,0.0,0,133
30694,2008-01-01,2005-09-01,28,2005,59055.0,59055.0,1004.9657683533941,0.0693425523420123,72,44,Current,Current,none,0,0.0,0.0,0.0,0,0.0,0.0,0,368
30696,2008-01-01,2004-07-01,42,2004,63815.0,63815.0,1211.3709677331128,0.10899302546496817,72,30,Current,Current,none,0,0.0,0.0,0.0,0,0.0,0.0,0,560
30708,2008-01-01,2004-04-01,45,2004,69425.0,69425.0,1331.7348056814783,0.11288848605633228,72,27,Current,Current,none,0,0.0,0.0,0.0,0,0.0,0.0,0,328
30727,2008-01-01,2005-04-01,33,2005,125932.0,125932.0,2716.0603756321298,0.10648775187826656,60,27,Current,Current,none,0,0.0,0.0,0.0,0,0.0,0.0,0,753
30730,2008-01-01,2006-03-01,22,2006,20934.0,20934.0,459.55908495438587,0.11420586013261623,60,38,Current,Current,none,0,0.0,0.0,0.0,0,0.0,0.0,0,530
30737,2008-01-01,2006-09-01,16,2006,19433.0,19433.0,401.92980233146625,0.0884425497804477,60,44,Current,Current,none,0,0.0,0.0,0.0,0,0.0,0.0,0,393
30739,2008-01-01,2005-05-01,32,2005,115744.0,115744.0,2433.774557907698,0.09551872678627268,60,28,Current,Current,none,0,0.0,0.0,0.0,0,0.0,0.0,0,277
30740,2008-01-01,2005-12-01,25,2005,212533.0,212533.0,5032.277552636627,0.1478577564016616,60,35,Current,Current,none,0,0.0,0.0,0.0,0,0.0,0.0,0,566
30741,2008-01-01,2004-12-01,37,2004,128048.0,128048.0,3309.528815049439,0.11000986353185428,48,11,Current,Current,none,0,0.0,0.0,0.0,0,0.0,0.0,0,580
30744,2008-01-01,2007-10-01,3,2007,56671.0,56671.0,1230.8354747364565,0.10952947959962929,60,57,Current,Current,none,0,0.0,0.0,0.0,0,0.0,0.0,0,858
30752,2008-01-01,2003-02-01,59,2003,28880.0,28880.0,619.9905842946819,0.10447330119717411,60,1,Current,Current,none,0,0.0,0.0,0.0,0,0.0,0.0,0,230
30755,2008-01-01,2005-05-01,32,2005,97789.0,97789.0,2730.6548459277874,0.15183682371851093,48,16,Current,Current,none,0,0.0,0.0,0.0,0,0.0,0.0,0,169
30759,2008-01-01,2005-05-01,32,2005,352372.0,352372.0,7417.658222839538,0.09599758888732692,60,28,Current,Current,none,0,0.0,0.0,0.0,0,0.0,0.0,0,652
30760,2008-01-01,2006-01-01,24,2006,58466.0,58466.0,1460.3597438953539,0.17232816380255778,60,36,Current,Current,none,0,0.0,0.0,0.0,0,0.0,0.0,0,732
30764,2008-01-01,2006-07-01,18,2006,51733.0,51733.0,1371.6101735269533,0.1236469750935843,48,30,Current,Current,none,0,0.0,0.0,0.0,0,0.0,0.0,0,921
30788,2008-01-01,2006-12-01,13,2006,48186.0,48186.0,1039.34711015419,0.10652418786397394,60,47,Current,Current,none,0,0.0,0.0,0.0,0,0.0,0.0,0,876
30812,2008-01-01,2004-10-01,39,2004,40140.0,40140.0,1056.8606080377792,0.11990889404243087,48,9,Current,Current,none,0,0.0,0.0,0.0,0,0.0,0.0,0,509
30817,2008-01-01,2007-04-01,9,2007,43301.0,43301.0,860.6519321860275,0.1262366675620326,72,63,Current,Current,none,0,0.0,0.0,0.0,0,0.0,0.0,0,410
30826,2008-01-01,2006-07-01,18,2006,129673.0,129673.0,2747.924382122265,0.09886383289747853,60,42,Current,Current,none,0,0.0,0.0,0.0,0,0.0,0.0,0,526
30830,2008-01-01,2004-10-01,39,2004,75962.0,75962.0,1777.8398835035964,0.058238043162563966,48,9,Current,Current,none,0,0.0,0.0,0.0,0,0.0,0.0,0,553
30836,2008-01-01,2006-10-01,15,2006,57179.0,57179.0,1397.5579813064737,0.08061509277389961,48,33,Current,Current,none,0,0.0,0.0,0.0,0,0.0,0.0,0,647
30851,2008-01-01,2004-05-01,44,2004,96719.0,96719.0,2346.7706115953033,0.07681730004391772,48,4,Current,Current,none,0,0.0,0.0,0.0,0,0.0,0.0,0,404
30859,2008-01-01,2006-06-01,19,2006,102995.0,102995.0,2876.7657608595214,0.15197806170875935,48,29,Current,Paid off,payoff,0,0.0,0.0,0.0,0,0.0,0.0,0,278
30863,2008-01-01,2005-10-01,27,2005,52925.0,52925.0,1193.1530959302288,0.12590949387046793,60,33,Current,Current,none,0,0.0,0.0,0.0,0,0.0,0.0,0,905
30869,2008-01-01,2006-02-01,23,2006,29347.0,29347.0,568.0969805074171,0.060540057751889344,60,37,Current,Current,none,0,0.0,0.0,0.0,0,0.0,0.0,0,983
30871,2008-01-01,2007-09-01,4,2007,172228.0,172228.0,4273.878256575329,0.0885286173853344,48,44,Current,Current,none,0,0.0,0.0,0.0,0,0.0,0.0,0,108
30874,2008-01-01,2004-11-01,38,2004,36951.0,36951.0,860.3456283909156,0.14029252756951893,60,22,Current,Current,none,0,0.0,0.0,0.0,0,0.0,0.0,0,421
30878,2008-01-01,2005-12-01,25,2005,78567.0,78567.0,1440.899254304497,0.09629908025220851,72,47,Current,Current,none,0,0.0,0.0,0.0,0,0.0,0.0,0,776
30880,2008-01-01,2008-01-01,0,2008,91694.0,91694.0,1741.377332549041,0.05261300292196766,60,60,Current,Paid off,payoff,0,0.0,0.0,0.0,0,0.0,0.0,0,930
30896,2008-01-01,2005-03-01,34,2005,42757.0,42757.0,891.4419249752477,0.09186586867852019,60,26,Current,Current,none,0,0.0,0.0,0.0,0,0.0,0.0,0,685
30917,2008-01-01,2003-04-01,57,2003,39017.0,39017.0,736.1192170343369,0.10672241256633111,72,15,Current,Current,none,0,0.0,0.0,0.0,0,0.0,0.0,0,371
30920,2008-01-01,2005-06-01,31,2005,78615.0,78615.0,1485.3380516333273,0.050492924003822395,60,29,Current,Current,none,0,0.0,0.0,0.0,0,0.0,0.0,0,700
30922,2008-01-01,2004-04-01,45,2004,223343.0,223343.0,4515.864171407942,0.0788083566479244,60,15,Current,Current,none,0,0.0,0.0,0.0,0,0.0,0.0,0,757
30944,2008-01-01,2007-06-01,7,2007,56663.0,56663.0,1184.2811291284365,0.09292148537416511,60,53,Current,Current,none,0,0.0,0.0,0.0,0,0.0,0.0,0,987
30949,2008-01-01,2003-07-01,54,2003,82183.0,82183.0,1685.648231453392,0.08488338536960036,60,6,Current,Current,none,0,0.0,0.0,0.0,0,0.0,0.0,0,316
30951,2008-01-01,2007-02-01,11,2007,37028.0,37028.0,771.2181568841087,0.14413805551457878,72,61,Current,Current,none,0,0.0,0.0,0.0,0,0.0,0.0,0,675
30964,2008-01-01,2005-05-01,32,2005,62284.0,62284.0,2018.9748900592724,0.10315736284427637,36,4,Current,Current,none,0,0.0,0.0,0.0,0,0.0,0.0,0,231
30972,2008-01-01,2005-07-01,30,2005,71246.0,71246.0,1336.7110690112395,0.1046642554575866,72,42,Current,Current,none,0,0.0,0.0,0.0,0,0.0,0.0,0,586
30978,2008-01-01,2007-01-01,12,2007,57434.0,57434.0,1055.8602118416231,0.09717883522191385,72,60,Current,Current,none,0,0.0,0.0,0.0,0,0.0,0.0,0,824
30986,2008-01-01,2004-12-01,37,2004,68783.0,68783.0,1355.3735255720487,0.06795942745315546,60,23,Current,Current,none,0,0.0,0.0,0.0,0,0.0,0.0,0,699
30991,2008-01-01,2008-01-01,0,2008,44039.0,44039.0,1409.4437239183876,0.09439003753466971,36,36,Current,Current,none,0,0.0,0.0,0.0,0,0.0,0.0,0,270
30994,2008-01-01,2007-07-01,6,2007,43015.0,43015.0,1331.304193663248,0.07158825526205069,36,30,Current,Current,none,0,0.0,0.0,0.0,0,0.0,0.0,0,869
31000,2008-01-01,2006-02-01,23,2006,33455.0,33455.0,798.1433565815128,0.15128095438802358,60,37,Current,Current,none,0,0.0,0.0,0.0,0,0.0,0.0,0,995
31011,2008-01-01,2006-04-01,21,2006,141474.0,141474.0,2878.498526683416,0.08146301684416994,60,39,Current,Current,none,0,0.0,0.0,0.0,0,0.0,0.0,1,251
31012,2008-01-01,2006-07-01,18,2006,101881.0,101881.0,2172.196729956789,0.10149989293999716,60,42,Current,Current,none,0,0.0,0.0,0.0,0,0.0,0.0,0,939
31018,2008-01-01,2007-10-01,3,2007,35801.0,35801.0,1142.1800292888888,0.0922290908992886,36,33,Current,Current,none,0,0.0,0.0,0.0,0,0.0,0.0,0,871
31041,2008-01-01,2002-12-01,61,2002,49039.0,49039.0,941.2088974660421,0.11309675808810495,72,11,30 DPD,Delinquent,none,0,0.0,0.0,0.0,1,0.0,0.0,0,368
31045,2008-01-01,2007-01-01,12,2007,77709.0,77709.0,2617.643866955993,0.12981845844661064,36,24,Current,Current,none,0,0.0,0.0,0.0,0,0.0,0.0,0,212
31067,2008-01-01,2003-11-01,50,2003,50575.0,50575.0,1098.8237823971538,0.10968304375290788,60,10,Current,Current,none,0,0.0,0.0,0.0,0,0.0,0.0,0,938
31068,2008-01-01,2006-02-01,23,2006,72477.0,72477.0,1294.5903083803464,0.08669783552537316,72,49,Current,Current,none,0,0.0,0.0,0.0,0,0.0,0.0,0,655
31069,2008-01-01,2002-08-01,65,2002,167027.0,167027.0,3092.880526137652,0.09982965751694899,72,7,Current,Current,none,0,0.0,0.0,0.0,0,0.0,0.0,0,259
31075,2008-01-01,2005-09-01,28,2005,68664.0,68664.0,1487.6523698741573,0.15952472697833014,72,44,Current,Current,none,0,0.0,0.0,0.0,0,0.0,0.0,0,491
31087,2008-01-01,2005-11-01,26,2005,77187.0,77187.0,1616.7971344539833,0.09386617294759583,60,34,Current,Current,none,0,0.0,0.0,0.0,0,0.0,0.0,0,771
31118,2008-01-01,2007-10-01,3,2007,64801.0,64801.0,1344.4605910632965,0.08977688549001875,60,57,Current,Current,none,0,0.0,0.0,0.0,0,0.0,0.0,0,318
31120,2008-01-01,2004-02-01,47,2004,84440.0,84440.0,1826.2298275958701,0.15883126653820837,72,25,Current,Current,none,0,0.0,0.0,0.0,0,0.0,0.0,0,250
31123,2008-01-01,2007-12-01,1,2007,26574.0,26574.0,870.8823686881783,0.11070200303762677,36,35,Current,Current,none,0,0.0,0.0,0.0,0,0.0,0.0,0,123
31142,2008-01-01,2003-12-01,49,2003,37288.0,37288.0,822.126016468427,0.11610268132615002,60,11,Current,Current,none,0,0.0,0.0,0.0,0,0.0,0.0,0,614
31151,2008-01-01,2007-12-01,1,2007,41189.0,41189.0,1426.1283695507072,0.14915597525914764,36,35,Current,Current,none,0,0.0,0.0,0.0,0,0.0,0.0,0,417
31161,2008-01-01,2005-12-01,25,2005,56461.0,56461.0,1134.535962632896,0.07618175955480368,60,35,Current,Current,none,0,0.0,0.0,0.0,0,0.0,0.0,0,582
31165,2008-01-01,2005-12-01,25,2005,52850.0,52850.0,988.333891717467,0.10345885012806082,72,47,Current,Current,none,0,0.0,0.0,0.0,0,0.0,0.0,0,337
31167,2008-01-01,2005-09-01,28,2005,118130.0,118130.0,2566.1285978956143,0.1096088365968069,60,32,Current,Current,none,0,0.0,0.0,0.0,0,0.0,0.0,0,468
31171,2008-01-01,2004-09-01,40,2004,97801.0,97801.0,1810.9565960989428,0.09981974787851511,72,32,Current,Current,none,0,0.0,0.0,0.0,0,0.0,0.0,0,229
31172,2008-01-01,2006-11-01,14,2006,45472.0,45472.0,1137.4681508937495,0.17300972300907752,60,46,Current,Current,none,0,0.0,0.0,0.0,0,0.0,0.0,0,752
31192,2008-01-01,2005-01-01,36,2005,84212.0,84212.0,2646.2216695943744,0.08188360167947212,36,0,Current,Matured,matured,0,0.0,0.0,0.0,0,0.0,0.0,0,761
31209,2008-01-01,2006-12-01,13,2006,102570.0,102570.0,1754.0911830841112,0.07109022636304524,72,59,Current,Current,none,0,0.0,0.0,0.0,0,0.0,0.0,0,389
31216,2008-01-01,2004-07-01,42,2004,114208.0,114208.0,2553.4883892342264,0.12224827227440571,60,18,Current,Current,none,0,0.0,0.0,0.0,0,0.0,0.0,0,211
31227,2008-01-01,2005-09-01,28,2005,94716.0,94716.0,2356.276263443469,0.0898364672530236,48,20,Current,Current,none,0,0.0,0.0,0.0,0,0.0,0.0,0,654
31231,2008-01-01,2004-03-01,46,2004,21229.0,21229.0,568.1003990800826,0.12865084139447247,48,2,Current,Current,none,0,0.0,0.0,0.0,0,0.0,0.0,0,131
31233,2008-01-01,2005-01-01,36,2005,166015.0,166015.0,5569.118181329396,0.12692170614650178,36,0,Current,Matured,matured,0,0.0,0.0,0.0,0,0.0,0.0,0,203
31234,2008-01-01,2003-08-01,53,2003,38084.0,38084.0,796.9141036609183,0.0934289465515958,60,7,Current,Current,none,0,0.0,0.0,0.0,0,0.0,0.0,0,579
31240,2008-01-01,2004-04-01,45,2004,135621.0,135621.0,2283.456796316202,0.06556921659553457,72,27,Current,Current,none,0,0.0,0.0,0.0,0,0.0,0.0,0,149
31246,2008-01-01,2005-07-01,30,2005,17605.0,17605.0,305.278236631986,0.07603817512692734,72,42,Current,Current,none,0,0.0,0.0,0.0,0,0.0,0.0,0,382
31260,2008-01-01,2006-05-01,20,2006,16845.0,16845.0,578.1540663952986,0.14296879668019066,36,16,Current,Current,none,0,0.0,0.0,0.0,0,0.0,0.0,0,462
31263,2008-01-01,2004-05-01,44,2004,78239.0,78239.0,2063.842200376063,0.12091306466241018,48,4,Current,Current,none,0,0.0,0.0,0.0,0,0.0,0.0,0,246
31266,2008-01-01,2005-12-01,25,2005,51331.0,51331.0,1345.3165819525325,0.11744694747768898,48,23,Current,Current,none,0,0.0,0.0,0.0,0,0.0,0.0,0,332
31273,2008-01-01,2006-01-01,24,2006,366872.0,366872.0,9148.011846472247,0.09105483125155045,48,24,Current,Current,none,0,0.0,0.0,0.0,0,0.0,0.0,0,854
31274,2008-01-01,2007-11-01,2,2007,44961.0,44961.0,1210.8960669067287,0.132106055265039,48,46,Current,Current,none,0,0.0,0.0,0.0,0,0.0,0.0,0,443
31289,2008-01-01,2006-09-01,16,2006,86713.0,86713.0,2674.9803720116342,0.06937799933458784,36,20,Current,Current,none,0,0.0,0.0,0.0,0,0.0,0.0,0,478
31292,2008-01-01,2007-01-01,12,2007,125311.0,125311.0,2670.2324805851395,0.10125489751045592,60,48,Current,Current,none,0,0.0,0.0,0.0,0,0.0,0.0,0,250
31303,2008-01-01,2003-09-01,52,2003,131700.0,131700.0,2302.464383980755,0.07896290543077668,72,20,Current,Current,none,0,0.0,0.0,0.0,0,0.0,0.0,0,888
31317,2008-01-01,2006-10-01,15,2006,48281.0,48281.0,1596.0939085813693,0.11673172444622038,36,21,Current,Current,none,0,0.0,0.0,0.0,0,0.0,0.0,0,855
31322,2008-01-01,2004-10-01,39,2004,70741.0,70741.0,1282.3860774696427,0.09205915200187167,72,33,Current,Current,none,0,0.0,0.0,0.0,0,0.0,0.0,0,263
31338,2008-01-01,2004-06-01,43,2004,95874.0,95874.0,2572.3899355361154,0.13006947233167135,48,5,Current,Current,none,0,0.0,0.0,0.0,0,0.0,0.0,0,124
31347,2008-01-01,2003-09-01,52,2003,34727.0,34727.0,685.4929591550348,0.06869064139287859,60,8,Current,Current,none,0,0.0,0.0,0.0,0,0.0,0.0,0,439
31365,2008-01-01,2005-04-01,33,2005,16625.0,16625.0,427.10362235882843,0.10680097601432167,48,15,Current,Current,none,0,0.0,0.0,0.0,0,0.0,0.0,0,420
31389,2008-01-01,2005-09-01,28,2005,19134.0,19134.0,467.46192207075666,0.08038410901649108,48,20,Current,Current,none,0,0.0,0.0,0.0,0,0.0,0.0,0,934
31395,2008-01-01,2003-01-01,60,2003,174554.0,174554.0,2968.9517770174575,0.06916181948194906,72,12,Current,Current,none,0,0.0,0.0,0.0,0,0.0,0.0,0,692
31398,2008-01-01,2007-08-01,5,2007,29984.0,29984.0,650.1272727225586,0.10879693109892402,60,55,Current,Current,none,0,0.0,0.0,0.0,0,0.0,0.0,0,396
31400,2008-01-01,2007-01-01,12,2007,23840.0,23840.0,439.2577461493416,0.09800200373653938,72,60,Current,Current,none,0,0.0,0.0,0.0,0,0.0,0.0,0,579
31406,2008-01-01,2006-02-01,23,2006,47366.0,47366.0,1578.3723770713216,0.12227133744993401,36,13,Current,Current,none,0,0.0,0.0,0.0,0,0.0,0.0,0,707
31408,2008-01-01,2006-11-01,14,2006,47449.0,47449.0,1478.9050737465134,0.07635112443839248,36,22,Current,Current,none,0,0.0,0.0,0.0,0,0.0,0.0,0,750
31409,2008-01-01,2005-07-01,30,2005,65999.0,65999.0,1366.1464271330524,0.08878633744299011,60,30,Current,Current,none,0,0.0,0.0,0.0,0,0.0,0.0,0,656
31419,2008-01-01,2002-02-01,71,2002,126555.0,126555.0,2292.625354275401,0.09181289525603063,72,1,Current,Current,none,0,0.0,0.0,0.0,0,0.0,0.0,0,211
31422,2008-01-01,2003-01-01,60,2003,29698.0,29698.0,595.3340926332378,0.07517506893806887,60,0,Current,Matured,matured,0,0.0,0.0,0.0,0,0.0,0.0,0,815
31429,2008-01-01,2004-07-01,42,2004,52120.0,52120.0,1048.7712445202917,0.0767716190444882,60,18,Current,Current,none,0,0.0,0.0,0.0,0,0.0,0.0,0,415
31430,2008-01-01,2007-02-01,11,2007,87083.0,87083.0,2764.5982384556646,0.08886004296548929,36,25,Current,Current,none,0,0.0,0.0,0.0,0,0.0,0.0,0,136
31441,2008-01-01,2006-08-01,17,2006,145680.0,145680.0,3931.746197434771,0.13324678482304472,48,31,Current,Current,none,0,0.0,0.0,0.0,0,0.0,0.0,0,374
31442,2008-01-01,2004-12-01,37,2004,86797.0,86797.0,1740.4475489108524,0.1295797556077584,72,35,Current,Current,none,0,0.0,0.0,0.0,0,0.0,0.0,0,319
31464,2008-01-01,2006-12-01,13,2006,83218.0,83218.0,1654.106895805331,0.07160038932913407,60,47,Current,Current,none,0,0.0,0.0,0.0,0,0.0,0.0,0,127
31473,2008-01-01,2007-07-01,6,2007,40615.0,40615.0,844.9013982532962,0.09091298980083672,60,54,Current,Current,none,0,0.0,0.0,0.0,0,0.0,0.0,0,849
31477,2008-01-01,2005-02-01,35,2005,169875.0,169875.0,4086.0727605561297,0.07230668300553249,48,13,Current,Current,none,0,0.0,0.0,0.0,0,0.0,0.0,0,700
31479,2008-01-01,2002-07-01,66,2002,25045.0,25045.0,446.2888706021818,0.08583419217600456,72,6,Current,Current,none,0,0.0,0.0,0.0,0,0.0,0.0,0,963
31481,2008-01-01,2006-05-01,20,2006,63659.0,63659.0,1297.6567962300155,0.08225524220578291,60,40,Current,Current,none,0,0.0,0.0,0.0,0,0.0,0.0,0,779
31491,2008-01-01,2004-12-01,37,2004,48755.0,48755.0,1221.083914959307,0.09336868297141608,48,11,Current,Current,none,0,0.0,0.0,0.0,0,0.0,0.0,0,290
31495,2008-01-01,2005-07-01,30,2005,141639.0,141639.0,4600.316009353404,0.10450614878911989,36,6,Current,Current,none,0,0.0,0.0,0.0,0,0.0,0.0,0,381
31504,2008-01-01,2004-03-01,46,2004,66746.0,66746.0,1761.4627799729922,0.12115411297567347,48,2,Current,Current,none,0,0.0,0.0,0.0,0,0.0,0.0,0,693
31519,2008-01-01,2005-01-01,36,2005,105504.0,105504.0,3247.023757073764,0.06779343922713418,36,0,Current,Matured,matured,0,0.0,0.0,0.0,0,0.0,0.0,0,256
31522,2008-01-01,2006-10-01,15,2006,116620.0,116620.0,2543.316745788547,0.11132541902137746,60,45,Current,Current,none,0,0.0,0.0,0.0,0,0.0,0.0,0,876
31561,2008-01-01,2005-03-01,34,2005,54956.0,54956.0,1780.455288953079,0.10277933214584548,36,2,Current,Current,none,0,0.0,0.0,0.0,0,0.0,0.0,0,644
31567,2008-01-01,2005-05-01,32,2005,35864.0,35864.0,995.722135849049,0.1486790413133014,48,16,Current,Current,none,0,0.0,0.0,0.0,0,0.0,0.0,0,289
31575,2008-01-01,2003-08-01,53,2003,23864.0,23864.0,471.3644327363639,0.06895884103965898,60,7,Current,Current,none,0,0.0,0.0,0.0,0,0.0,0.0,0,102
31577,2008-01-01,2002-01-01,72,2002,85058.0,85058.0,1656.1026850154162,0.11846143241986717,72,0,Current,Matured,matured,0,0.0,0.0,0.0,0,0.0,0.0,0,520
31578,2008-01-01,2003-03-01,58,2003,39013.0,39013.0,834.2673888819453,0.1543936198479257,72,14,Current,Current,none,0,0.0,0.0,0.0,0,0.0,0.0,0,164
31585,2008-01-01,2004-05-01,44,2004,44258.0,44258.0,1019.088127847213,0.13531499704700128,60,16,Current,Current,none,0,0.0,0.0,0.0,0,0.0,0.0,0,825
31587,2008-01-01,2006-09-01,16,2006,79650.0,79650.0,2059.591157494124,0.11025727207209697,48,32,Current,Current,none,0,0.0,0.0,0.0,0,0.0,0.0,0,499
31589,2008-01-01,2007-02-01,11,2007,13273.0,13273.0,263.9916307094715,0.07186635167208966,60,49,Current,Current,none,0,0.0,0.0,0.0,0,0.0,0.0,0,398
31591,2008-01-01,2005-07-01,30,2005,28768.0,28768.0,927.919904403114,0.09974636156531895,36,6,Current,Current,none,0,0.0,0.0,0.0,0,0.0,0.0,0,214
31594,2008-01-01,2006-07-01,18,2006,25818.0,25818.0,666.2561191893677,0.10918324584666944,48,30,Current,Current,none,0,0.0,0.0,0.0,0,0.0,0.0,0,316
31595,2008-01-01,2003-10-01,51,2003,24821.0,24821.0,418.79607776450143,0.06631586859895731,72,21,Current,Current,none,0,0.0,0.0,0.0,0,0.0,0.0,0,377
31607,2008-01-01,2007-10-01,3,2007,27997.0,27997.0,615.3934216307034,0.11476260854051223,60,57,Current,Current,none,0,0.0,0.0,0.0,0,0.0,0.0,0,648
31630,2008-01-01,2005-03-01,34,2005,28407.0,28407.0,600.2712103937882,0.09763984504651912,60,26,Current,Current,none,0,0.0,0.0,0.0,0,0.0,0.0,0,984
31635,2008-01-01,2004-12-01,37,2004,136927.0,136927.0,2762.4084068878738,0.07786382674351,60,23,Current,Current,none,0,0.0,0.0,0.0,0,0.0,0.0,0,912
31648,2008-01-01,2005-01-01,36,2005,87264.0,87264.0,1862.2994212254664,0.101906658679232,60,24,Current,Current,none,0,0.0,0.0,0.0,0,0.0,0.0,0,673
31650,2008-01-01,2007-08-01,5,2007,70813.0,70813.0,1571.753250329747,0.1690979789377815,72,67,Current,Current,none,0,0.0,0.0,0.0,0,0.0,0.0,0,993
31658,2008-01-01,2006-12-01,13,2006,135692.0,135692.0,3703.9776625778295,0.13941119614951683,48,35,Current,Current,none,0,0.0,0.0,0.0,0,0.0,0.0,0,974
31678,2008-01-01,2007-05-01,8,2007,64705.0,64705.0,1548.2700538870959,0.15262869664454862,60,52,Current,Current,none,0,0.0,0.0,0.0,0,0.0,0.0,0,693
31684,2008-01-01,2003-08-01,53,2003,108894.0,108894.0,1961.7578491643017,0.0897936571546256,72,19,Current,Current,none,0,0.0,0.0,0.0,0,0.0,0.0,0,275
31686,2008-01-01,2004-08-01,41,2004,34564.0,34564.0,913.6107151103888,0.12200600224543612,48,7,Current,Current,none,0,0.0,0.0,0.0,0,0.0,0.0,0,770
31690,2008-01-01,2007-02-01,11,2007,58893.0,58893.0,1346.9018283867604,0.1322870611320658,60,49,Current,Current,none,0,0.0,0.0,0.0,0,0.0,0.0,0,471
31716,2008-01-01,2005-11-01,26,2005,42471.0,42471.0,1376.2983891620338,0.10294443978187906,36,10,Current,Current,none,0,0.0,0.0,0.0,0,0.0,0.0,0,216
31728,2008-01-01,2003-06-01,55,2003,35720.0,35720.0,798.8144672568742,0.1720956269876058,72,17,Current,Current,none,0,0.0,0.0,0.0,0,0.0,0.0,0,559
31744,2008-01-01,2003-05-01,56,2003,29698.0,29698.0,572.6310719362962,0.11481880931391647,72,16,Current,Current,none,0,0.0,0.0,0.0,0,0.0,0.0,0,681
31751,2008-01-01,2007-03-01,10,2007,58223.0,58223.0,1494.3770364804163,0.18500418755007744,60,50,Current,Current,none,0,0.0,0.0,0.0,0,0.0,0.0,0,202
31758,2008-01-01,2008-01-01,0,2008,18259.0,18259.0,436.672532890574,0.06933638198838951,48,48,Current,Current,none,0,0.0,0.0,0.0,0,0.0,0.0,0,699
31761,2008-01-01,2006-10-01,15,2006,39305.0,39305.0,787.0790464802942,0.07472554138149627,60,45,Current,Current,none,0,0.0,0.0,0.0,0,0.0,0.0,0,487
31766,2008-01-01,2006-02-01,23,2006,44378.0,44378.0,1176.7350114560536,0.12370631842690788,48,25,Current,Current,none,0,0.0,0.0,0.0,0,0.0,0.0,0,263
31767,2008-01-01,2007-10-01,3,2007,74263.0,74263.0,1774.1945035255771,0.06880178214829338,48,45,Current,Current,none,0,0.0,0.0,0.0,0,0.0,0.0,0,664
31772,2008-01-01,2004-01-01,48,2004,34719.0,34719.0,871.2272775046162,0.09438282519560075,48,0,Current,Matured,matured,0,0.0,0.0,0.0,0,0.0,0.0,0,947
31781,2008-01-01,2006-04-01,21,2006,21046.0,21046.0,450.824920085056,0.1035255446978164,60,39,Current,Current,none,0,0.0,0.0,0.0,0,0.0,0.0,0,411
31789,2008-01-01,2007-06-01,7,2007,47623.0,47623.0,1634.3613756483928,0.14290187608791788,36,29,Current,Current,none,0,0.0,0.0,0.0,0,0.0,0.0,0,655
31791,2008-01-01,2003-08-01,53,2003,98079.0,98079.0,1877.5738187519833,0.11213254466397189,72,19,Current,Current,none,0,0.0,0.0,0.0,0,0.0,0.0,0,297
31806,2008-01-01,2007-04-01,9,2007,33320.0,33320.0,635.9360898847236,0.11100740216851804,72,63,Current,Current,none,0,0.0,0.0,0.0,0,0.0,0.0,0,984
31810,2008-01-01,2005-05-01,32,2005,24389.0,24389.0,433.73959302238313,0.08511873126370129,72,40,Current,Current,none,0,0.0,0.0,0.0,0,0.0,0.0,0,865
31819,2008-01-01,2007-09-01,4,2007,50674.0,50674.0,1632.8268730463944,0.09904102145514505,36,32,Current,Current,none,0,0.0,0.0,0.0,0,0.0,0.0,0,985
31820,2008-01-01,2004-09-01,40,2004,23948.0,23948.0,417.6662537837411,0.07809865230194227,72,32,Current,Current,none,0,0.0,0.0,0.0,0,0.0,0.0,0,146
31824,2008-01-01,2007-04-01,9,2007,35977.0,35977.0,1176.0768600366005,0.1089641901773015,36,27,Current,Current,none,0,0.0,0.0,0.0,0,0.0,0.0,0,846
31827,2008-01-01,2003-09-01,52,2003,26358.0,26358.0,536.4676009897325,0.135266300404494,72,20,Current,Current,none,0,0.0,0.0,0.0,0,0.0,0.0,0,243
31828,2008-01-01,2007-08-01,5,2007,33465.0,33465.0,805.7972647917277,0.07285246060632124,48,43,Current,Current,none,0,0.0,0.0,0.0,0,0.0,0.0,0,142
31845,2008-01-01,2003-01-01,60,2003,79615.0,79615.0,1931.7564897645334,0.15897681217907225,60,0,Current,Matured,matured,0,0.0,0.0,0.0,0,0.0,0.0,0,614
31848,2008-01-01,2005-07-01,30,2005,16057.0,16057.0,331.67828710540476,0.08789423108980307,60,30,Current,Current,none,0,0.0,0.0,0.0,0,0.0,0.0,0,911
31859,2008-01-01,2007-03-01,10,2007,69243.0,69243.0,1684.7964725404108,0.1602557955936707,60,50,Current,Current,none,0,0.0,0.0,0.0,0,0.0,0.0,0,803
31864,2008-01-01,2007-08-01,5,2007,71647.0,71647.0,1475.5091914844047,0.08660869692595095,60,55,Current,Current,none,0,0.0,0.0,0.0,0,0.0,0.0,0,112
31866,2008-01-01,2003-09-01,52,2003,40528.0,40528.0,930.8743288293336,0.1342003738185377,60,8,Current,Current,none,0,0.0,0.0,0.0,0,0.0,0.0,0,498
31867,2008-01-01,2004-10-01,39,2004,83166.0,83166.0,2061.9401264995304,0.08806083202208277,48,9,Current,Current,none,0,0.0,0.0,0.0,0,0.0,0.0,0,519
31869,2008-01-01,2005-12-01,25,2005,40106.0,40106.0,791.7376470421659,0.06872559652579309,60,35,Current,Current,none,0,0.0,0.0,0.0,0,0.0,0.0,0,982
31875,2008-01-01,2006-04-01,21,2006,35232.0,35232.0,773.297765964473,0.16465126625131776,72,51,Current,Current,none,0,0.0,0.0,0.0,0,0.0,0.0,0,469
31893,2008-01-01,2007-05-01,8,2007,27581.0,27581.0,598.8370622455053,0.10938854373946261,60,52,Current,Current,none,0,0.0,0.0,0.0,0,0.0,0.0,0,460
31916,2008-01-01,2007-01-01,12,2007,57950.0,57950.0,1266.0676711446717,0.11210577204219094,60,48,Current,Current,none,0,0.0,0.0,0.0,0,0.0,0.0,0,976
31927,2008-01-01,2006-08-01,17,2006,90818.0,90818.0,1576.9798718193688,0.07652757721865376,72,55,Current,Current,none,0,0.0,0.0,0.0,0,0.0,0.0,0,558
31939,2008-01-01,2004-09-01,40,2004,60918.0,60918.0,1094.6615299655543,0.08886840948796683,72,32,Current,Current,none,0,0.0,0.0,0.0,0,0.0,0.0,0,678
31942,2008-01-01,2006-08-01,17,2006,88502.0,88502.0,2328.2645199856697,0.11946304547959904,48,31,Current,Current,none,0,0.0,0.0,0.0,0,0.0,0.0,0,756
31962,2008-01-01,2008-01-01,0,2008,106050.0,106050.0,1839.5595252660235,0.07615618421862647,72,72,Current,Current,none,0,0.0,0.0,0.0,0,0.0,0.0,0,906
31967,2008-01-01,2005-06-01,31,2005,56169.0,56169.0,1395.4213869534578,0.08911974010148906,48,17,Current,Current,none,0,0.0,0.0,0.0,0,0.0,0.0,0,813
31968,2008-01-01,2006-01-01,24,2006,131113.0,131113.0,3536.49175211283,0.1329240979060139,48,24,Current,Current,none,0,0.0,0.0,0.0,0,0.0,0.0,0,551
31970,2008-01-01,2007-09-01,4,2007,43400.0,43400.0,941.600103133914,0.10906564357330258,60,56,Current,Current,none,0,0.0,0.0,0.0,0,0.0,0.0,0,696
31996,2008-01-01,2007-03-01,10,2007,64287.0,64287.0,1682.932207575054,0.11682921913050255,48,38,Current,Current,none,0,0.0,0.0,0.0,0,0.0,0.0,0,115
32010,2008-01-01,2004-06-01,43,2004,49749.0,49749.0,887.1903379387721,0.08611508504746078,72,29,Current,Current,none,0,0.0,0.0,0.0,0,0.0,0.0,0,577
32021,2008-01-01,2005-11-01,26,2005,32616.0,32616.0,988.1349513627797,0.057217442638449606,36,10,Current,Current,none,0,0.0,0.0,0.0,0,0.0,0.0,0,416
32028,2008-01-01,2007-01-01,12,2007,124058.0,124058.0,2689.710162421385,0.10876874800918891,60,48,Current,Current,none,0,0.0,0.0,0.0,0,0.0,0.0,0,701
32035,2008-01-01,2005-01-01,36,2005,126004.0,126004.0,2511.4696146064675,0.07275981248116833,60,24,Current,Current,none,0,0.0,0.0,0.0,0,0.0,0.0,0,322
32052,2008-01-01,2006-09-01,16,2006,68415.0,68415.0,1455.606939418484,0.10059102814961812,60,44,Current,Current,none,0,0.0,0.0,0.0,0,0.0,0.0,0,760
32064,2008-01-01,2005-05-01,32,2005,27428.0,27428.0,729.6497495812567,0.1254530155395865,48,16,Current,Current,none,0,0.0,0.0,0.0,0,0.0,0.0,0,393
32081,2008-01-01,2003-06-01,55,2003,67535.0,67535.0,1517.2026593725163,0.1243605538913108,60,5,Current,Current,none,0,0.0,0.0,0.0,0,0.0,0.0,0,210
32083,2008-01-01,2005-12-01,25,2005,44774.0,44774.0,960.9339577165274,0.10435322242998929,60,35,Current,Current,none,0,0.0,0.0,0.0,0,0.0,0.0,0,609
32086,2008-01-01,2007-04-01,9,2007,115545.0,115545.0,2859.2957681423363,0.08707036802692214,48,39,Current,Current,none,0,0.0,0.0,0.0,0,0.0,0.0,0,796
32088,2008-01-01,2008-01-01,0,2008,87614.0,87614.0,1771.5020616408638,0.07880799451763036,60,60,Current,Current,none,0,0.0,0.0,0.0,0,0.0,0.0,0,197
32090,2008-01-01,2007-12-01,1,2007,62406.0,62406.0,1559.402501598828,0.09216607165624541,48,47,Current,Paid off,payoff,0,0.0,0.0,0.0,0,0.0,0.0,0,694
32094,2008-01-01,2004-09-01,40,2004,73082.0,73082.0,2068.34368302811,0.159246093785202,48,8,Current,Current,none,0,0.0,0.0,0.0,0,0.0,0.0,0,421
32105,2008-01-01,2004-07-01,42,2004,145157.0,145157.0,3655.6985297689325,0.09628290577419132,48,6,Current,Current,none,0,0.0,0.0,0.0,0,0.0,0.0,0,299
32108,2008-01-01,2004-07-01,42,2004,109787.0,109787.0,2251.6300046523033,0.13819246629697138,72,30,Current,Paid off,payoff,0,0.0,0.0,0.0,0,0.0,0.0,0,784
32118,2008-01-01,2005-10-01,27,2005,62342.0,62342.0,1436.9309608716894,0.13576281417269975,60,33,Current,Current,none,0,0.0,0.0,0.0,0,0.0,0.0,0,372
32122,2008-01-01,2007-04-01,9,2007,149329.0,149329.0,3259.1055857225515,0.1624146264119453,72,63,Current,Current,none,0,0.0,0.0,0.0,0,0.0,0.0,0,139
32140,2008-01-01,2005-09-01,28,2005,26081.0,26081.0,853.5431932742387,0.10974469908267252,36,8,Current,Current,none,0,0.0,0.0,0.0,0,0.0,0.0,0,430
32150,2008-01-01,2006-06-01,19,2006,33547.0,33547.0,789.0720281087374,0.14486787139223192,60,41,Current,Current,none,0,0.0,0.0,0.0,0,0.0,0.0,0,602
32151,2008-01-01,2007-05-01,8,2007,39315.0,39315.0,1290.0501856678266,0.11157134351965368,36,28,Current,Current,none,0,0.0,0.0,0.0,0,0.0,0.0,0,924
32152,2008-01-01,2003-05-01,56,2003,50175.0,50175.0,866.1145252889564,0.07441656345983587,72,16,Current,Current,none,0,0.0,0.0,0.0,0,0.0,0.0,0,410
32172,2008-01-01,2007-02-01,11,2007,172908.0,172908.0,5285.868578194559,0.2026252730543012,48,37,Current,Current,none,0,0.0,0.0,0.0,0,0.0,0.0,0,125
32182,2008-01-01,2007-01-01,12,2007,54155.0,54155.0,1368.4508125397908,0.09805232453602307,48,36,Current,Current,none,0,0.0,0.0,0.0,0,0.0,0.0,0,480
32188,2008-01-01,2006-05-01,20,2006,55525.0,55525.0,1481.982497178405,0.1272329632788967,48,28,Current,Current,none,0,0.0,0.0,0.0,0,0.0,0.0,0,782
32198,2008-01-01,2005-05-01,32,2005,56150.0,56150.0,1332.4418009700312,0.06532707259915294,48,16,Current,Current,none,0,0.0,0.0,0.0,0,0.0,0.0,0,533
32203,2008-01-01,2005-05-01,32,2005,58988.0,58988.0,1269.745185706289,0.10563726798961329,60,28,Current,Current,none,0,0.0,0.0,0.0,0,0.0,0.0,0,618
32230,2008-01-01,2006-11-01,14,2006,49646.0,49646.0,1323.3691336034565,0.12654044289841052,48,34,Current,Current,none,0,0.0,0.0,0.0,0,0.0,0.0,0,976
32245,2008-01-01,2004-07-01,42,2004,47714.0,47714.0,1122.4176789103265,0.14491533833975562,60,18,Current,Current,none,0,0.0,0.0,0.0,0,0.0,0.0,0,965
32247,2008-01-01,2005-07-01,30,2005,66465.0,66465.0,2274.0408450914865,0.14075087427540267,36,6,Current,Current,none,0,0.0,0.0,0.0,0,0.0,0.0,0,895
32254,2008-01-01,2005-07-01,30,2005,118168.0,118168.0,2415.4395886835177,0.08342539552692002,60,30,Current,Current,none,0,0.0,0.0,0.0,0,0.0,0.0,0,472
32256,2008-01-01,2006-01-01,24,2006,46755.0,46755.0,1053.8612263289488,0.12582800605201838,60,36,Current,Current,none,0,0.0,0.0,0.0,0,0.0,0.0,0,107
32261,2008-01-01,2003-01-01,60,2003,122054.0,122054.0,2845.9160931526426,0.14093706859701485,60,0,Current,Matured,matured,0,0.0,0.0,0.0,0,0.0,0.0,0,448
32263,2008-01-01,2003-10-01,51,2003,76183.0,76183.0,1844.4791356390435,0.15798577164335253,60,9,Current,Current,none,0,0.0,0.0,0.0,0,0.0,0.0,0,190
32277,2008-01-01,2004-12-01,37,2004,84187.0,84187.0,1866.6851913870328,0.11858642851346847,60,23,Current,Current,none,0,0.0,0.0,0.0,0,0.0,0.0,0,161
32280,2008-01-01,2004-03-01,46,2004,57892.0,57892.0,1392.9380607182852,0.07246935143669592,48,2,Current,Current,none,0,0.0,0.0,0.0,0,0.0,0.0,0,911
32281,2008-01-01,2005-02-01,35,2005,61014.0,61014.0,1521.9342565232648,0.09124112646302746,48,13,Current,Current,none,0,0.0,0.0,0.0,0,0.0,0.0,0,676
32289,2008-01-01,2005-02-01,35,2005,30695.0,30695.0,727.9449074246907,0.06501019082281298,48,13,Current,Current,none,0,0.0,0.0,0.0,0,0.0,0.0,0,239
32316,2008-01-01,2007-12-01,1,2007,53871.0,53871.0,1060.8203294623108,0.12271875197572663,72,71,Current,Current,none,0,0.0,0.0,0.0,0,0.0,0.0,0,110
32318,2008-01-01,2002-04-01,69,2002,56770.0,56770.0,955.5592564682661,0.06546580835767946,72,3,Current,Current,none,0,0.0,0.0,0.0,0,0.0,0.0,0,860
32319,2008-01-01,2007-07-01,6,2007,55138.0,55138.0,976.2961314985658,0.08353627660197208,72,66,Current,Current,none,0,0.0,0.0,0.0,0,0.0,0.0,0,693
32329,2008-01-01,2006-01-01,24,2006,23523.0,23523.0,812.0320595851916,0.1470444590718467,36,12,Current,Current,none,0,0.0,0.0,0.0,0,0.0,0.0,0,706
32334,2008-01-01,2003-10-01,51,2003,10460.0,10460.0,223.47118869879117,0.10238037700141119,60,9,Current,Current,none,0,0.0,0.0,0.0,0,0.0,0.0,0,530
32347,2008-01-01,2005-10-01,27,2005,51183.0,51183.0,1519.9287027690343,0.18612391493373115,48,21,Current,Current,none,0,0.0,0.0,0.0,0,0.0,0.0,0,271
32359,2008-01-01,2002-08-01,65,2002,115869.0,115869.0,2356.1432477326107,0.1349168850237251,72,7,Current,Current,none,0,0.0,0.0,0.0,0,0.0,0.0,0,658
32366,2008-01-01,2002-08-01,65,2002,70116.0,70116.0,1298.3106210272822,0.09981698356677157,72,7,Current,Current,none,0,0.0,0.0,0.0,0,0.0,0.0,0,146
32370,2008-01-01,2005-06-01,31,2005,72334.0,72334.0,1506.4811324355314,0.14411510558317295,72,41,Current,Current,none,0,0.0,0.0,0.0,0,0.0,0.0,0,957
32385,2008-01-01,2006-12-01,13,2006,53244.0,53244.0,1027.9771916881934,0.059442980329672206,60,47,Current,Current,none,0,0.0,0.0,0.0,0,0.0,0.0,0,817
32387,2008-01-01,2005-01-01,36,2005,19292.0,19292.0,487.79860223764496,0.09838344337401818,48,12,Current,Current,none,0,0.0,0.0,0.0,0,0.0,0.0,0,926
32389,2008-01-01,2006-05-01,20,2006,28454.0,28454.0,584.1922552289241,0.08530245901573895,60,40,Current,Current,none,0,0.0,0.0,0.0,0,0.0,0.0,0,179
32393,2008-01-01,2007-06-01,7,2007,48396.0,48396.0,1241.318940816633,0.10594838558296267,48,41,Current,Current,none,0,0.0,0.0,0.0,0,0.0,0.0,0,592
32414,2008-01-01,2005-03-01,34,2005,25251.0,25251.0,492.6486443553272,0.11922790287939442,72,38,Current,Current,none,0,0.0,0.0,0.0,0,0.0,0.0,0,396
32415,2008-01-01,2005-12-01,25,2005,145872.0,145872.0,3112.5240090700145,0.10183332859881991,60,35,Current,Current,none,0,0.0,0.0,0.0,0,0.0,0.0,0,321
32434,2008-01-01,2006-09-01,16,2006,67679.0,67679.0,1170.0709549166247,0.07496748569266522,72,56,Current,Current,none,0,0.0,0.0,0.0,0,0.0,0.0,0,757
32436,2008-01-01,2007-03-01,10,2007,47689.0,47689.0,1541.4170813227809,0.10117279521694043,36,26,Current,Current,none,0,0.0,0.0,0.0,0,0.0,0.0,0,407
32438,2008-01-01,2004-05-01,44,2004,108467.0,108467.0,1941.109911641614,0.08738157263730693,72,28,Current,Current,none,0,0.0,0.0,0.0,0,0.0,0.0,0,569
32440,2008-01-01,2005-07-01,30,2005,56344.0,56344.0,1235.9474495563916,0.11386643628114915,60,30,Current,Current,none,0,0.0,0.0,0.0,0,0.0,0.0,0,708
32443,2008-01-01,2005-10-01,27,2005,62208.0,62208.0,1264.3337080583344,0.08100016490603201,60,33,Current,Current,none,0,0.0,0.0,0.0,0,0.0,0.0,0,897
32446,2008-01-01,2006-12-01,13,2006,57245.0,57245.0,1442.4587885529825,0.0965660277248135,48,35,Current,Current,none,0,0.0,0.0,0.0,0,0.0,0.0,0,412
32447,2008-01-01,2004-08-01,41,2004,100898.0,100898.0,2335.222836712793,0.13760732186806124,60,19,Current,Current,none,0,0.0,0.0,0.0,0,0.0,0.0,0,152
32449,2008-01-01,2007-01-01,12,2007,71327.0,71327.0,1502.3326438476806,0.09624199097553134,60,48,Current,Current,none,0,0.0,0.0,0.0,0,0.0,0.0,0,345
32454,2008-01-01,2007-02-01,11,2007,55315.0,55315.0,974.2720036167933,0.08163458756837304,72,61,Current,Current,none,0,0.0,0.0,0.0,0,0.0,0.0,0,577
32457,2008-01-01,2004-04-01,45,2004,57125.0,57125.0,1541.7593279283278,0.13325281014714271,48,3,Current,Current,none,0,0.0,0.0,0.0,0,0.0,0.0,0,564
32460,2008-01-01,2005-09-01,28,2005,58406.0,58406.0,1271.226463923372,0.11045939003131275,60,32,Current,Current,none,0,0.0,0.0,0.0,0,0.0,0.0,0,772
32461,2008-01-01,2002-04-01,69,2002,18576.0,18576.0,330.8883654798662,0.08569626563842012,72,3,Current,Current,none,0,0.0,0.0,0.0,0,0.0,0.0,0,660
32464,2008-01-01,2006-06-01,19,2006,42436.0,42436.0,922.1248943869905,0.10974641755059286,60,41,Current,Current,none,0,0.0,0.0,0.0,0,0.0,0.0,0,388
32465,2008-01-01,2006-04-01,21,2006,64585.0,64585.0,1430.5379953889862,0.11812262468553074,60,39,Current,Current,none,0,0.0,0.0,0.0,0,0.0,0.0,0,176
32486,2008-01-01,2005-03-01,34,2005,317062.0,317062.0,6362.798147206735,0.07563197635893944,60,26,Current,Current,none,0,0.0,0.0,0.0,0,0.0,0.0,0,860
32491,2008-01-01,2003-10-01,51,2003,46334.0,46334.0,998.4185092832255,0.10609714472368503,60,9,Current,Current,none,0,0.0,0.0,0.0,0,0.0,0.0,0,528
32497,2008-01-01,2004-04-01,45,2004,26703.0,26703.0,599.7019267415561,0.1242187723641062,60,15,Current,Current,none,0,0.0,0.0,0.0,0,0.0,0.0,0,988
32501,2008-01-01,2003-11-01,50,2003,22960.0,22960.0,533.7268675662635,0.1395696072625693,60,10,Current,Paid off,payoff,0,0.0,0.0,0.0,0,0.0,0.0,0,872
32508,2008-01-01,2007-06-01,7,2007,42362.0,42362.0,916.9137333580974,0.1591437031042667,72,65,Current,Current,none,0,0.0,0.0,0.0,0,0.0,0.0,0,895
32509,2008-01-01,2007-05-01,8,2007,50909.0,50909.0,1098.7518417762321,0.10678967365493527,60,52,Current,Current,none,0,0.0,0.0,0.0,0,0.0,0.0,0,679
32514,2008-01-01,2006-04-01,21,2006,128129.0,128129.0,3284.169252117016,0.10558705532663679,48,27,Current,Current,none,0,0.0,0.0,0.0,0,0.0,0.0,0,535
32530,2008-01-01,2006-06-01,19,2006,160687.0,160687.0,5230.69616352798,0.10605220136774317,36,17,Current,Current,none,0,0.0,0.0,0.0,0,0.0,0.0,0,421
32538,2008-01-01,2005-11-01,26,2005,37930.0,37930.0,1303.4174711228977,0.1438262510892921,36,10,30 DPD,Delinquent,none,0,0.0,0.0,0.0,1,0.0,0.0,0,249
32540,2008-01-01,2007-03-01,10,2007,53801.0,53801.0,1814.7462495376503,0.13076302856543853,36,26,Current,Current,none,0,0.0,0.0,0.0,0,0.0,0.0,0,678
32541,2008-01-01,2007-07-01,6,2007,70165.0,70165.0,1495.417727461999,0.10133664644869224,60,54,Current,Current,none,0,0.0,0.0,0.0,0,0.0,0.0,0,386
32545,2008-01-01,2003-03-01,58,2003,70939.0,70939.0,1617.6458447766036,0.13098125299047514,60,2,Current,Current,none,0,0.0,0.0,0.0,0,0.0,0.0,0,163
32561,2008-01-01,2006-12-01,13,2006,64170.0,64170.0,1630.134432679204,0.1008489415972502,48,35,Current,Current,none,0,0.0,0.0,0.0,0,0.0,0.0,0,625
32563,2008-01-01,2007-12-01,1,2007,97143.0,97143.0,2369.2840605364413,0.07950413445277973,48,47,Current,Current,none,0,0.0,0.0,0.0,0,0.0,0.0,0,856
32574,2008-01-01,2007-01-01,12,2007,36266.0,36266.0,1147.9420724177191,0.08685141959893748,36,24,Current,Current,none,0,0.0,0.0,0.0,0,0.0,0.0,0,773
32583,2008-01-01,2007-11-01,2,2007,81257.0,81257.0,2209.189337492729,0.13722905069061803,48,46,Current,Current,none,0,0.0,0.0,0.0,0,0.0,0.0,0,625
32594,2008-01-01,2007-02-01,11,2007,30598.0,30598.0,658.0423807901204,0.10524539147043317,60,49,Current,Current,none,0,0.0,0.0,0.0,0,0.0,0.0,0,373
32599,2008-01-01,2007-06-01,7,2007,85035.0,85035.0,1998.9599598107343,0.14460148512385718,60,53,Current,Current,none,0,0.0,0.0,0.0,0,0.0,0.0,0,366
32604,2008-01-01,2002-11-01,62,2002,48364.0,48364.0,860.4874314374297,0.08527446617106105,72,10,Current,Current,none,0,0.0,0.0,0.0,0,0.0,0.0,0,821
32613,2008-01-01,2006-04-01,21,2006,103596.0,103596.0,2464.841031575354,0.15005506266216068,60,39,Current,Current,none,0,0.0,0.0,0.0,0,0.0,0.0,0,848
32620,2008-01-01,2006-08-01,17,2006,30534.0,30534.0,629.5859347347285,0.08712656900446966,60,43,Current,Current,none,0,0.0,0.0,0.0,0,0.0,0.0,0,360
32627,2008-01-01,2004-05-01,44,2004,30316.0,30316.0,785.2764599000693,0.11118354325246713,48,4,Current,Current,none,0,0.0,0.0,0.0,0,0.0,0.0,0,499
32633,2008-01-01,2004-08-01,41,2004,44585.0,44585.0,1152.4316963394594,0.11005037343482635,48,7,Current,Current,none,0,0.0,0.0,0.0,0,0.0,0.0,0,374
32655,2008-01-01,2004-05-01,44,2004,143860.0,143860.0,3192.836687274537,0.16906613671988266,72,28,Current,Current,none,0,0.0,0.0,0.0,0,0.0,0.0,0,759
32673,2008-01-01,2007-07-01,6,2007,22766.0,22766.0,466.38913823898196,0.08437067473202368,60,54,Current,Current,none,0,0.0,0.0,0.0,0,0.0,0.0,0,660
32680,2008-01-01,2006-10-01,15,2006,32023.0,32023.0,727.2265461782674,0.12914848885416272,60,45,Current,Current,none,0,0.0,0.0,0.0,0,0.0,0.0,0,730
32682,2008-01-01,2005-06-01,31,2005,25046.0,25046.0,802.8187942954881,0.09544536992600591,36,5,Current,Current,none,0,0.0,0.0,0.0,0,0.0,0.0,0,737
32696,2008-01-01,2007-01-01,12,2007,144655.0,144655.0,2851.0606492662323,0.06805117881555559,60,48,Current,Current,none,0,0.0,0.0,0.0,0,0.0,0.0,0,329
32699,2008-01-01,2003-12-01,49,2003,81556.0,81556.0,1796.217207511589,0.16601470856745976,72,23,Current,Current,none,0,0.0,0.0,0.0,0,0.0,0.0,0,111
32705,2008-01-01,2004-09-01,40,2004,46929.0,46929.0,861.3806340841821,0.09660266982867956,72,32,Current,Current,none,0,0.0,0.0,0.0,0,0.0,0.0,0,857
32732,2008-01-01,2003-01-01,60,2003,41800.0,41800.0,709.6144206306363,0.06848645938675939,72,12,Current,Current,none,0,0.0,0.0,0.0,0,0.0,0.0,0,208
32740,2008-01-01,2004-12-01,37,2004,41677.0,41677.0,1024.3022167337583,0.0834917616486052,48,11,Current,Current,none,0,0.0,0.0,0.0,0,0.0,0.0,0,727
32757,2008-01-01,2006-06-01,19,2006,114287.0,114287.0,2379.2344975089964,0.09122929553759626,60,41,Current,Current,none,0,0.0,0.0,0.0,0,0.0,0.0,0,592
32758,2008-01-01,2004-12-01,37,2004,16939.0,16939.0,350.1898441740647,0.0882512188996223,60,23,Current,Current,none,0,0.0,0.0,0.0,0,0.0,0.0,0,752
32759,2008-01-01,2006-10-01,15,2006,63853.0,63853.0,1372.61669949328,0.10505269199904142,60,45,Current,Current,none,0,0.0,0.0,0.0,0,0.0,0.0,0,484
32765,2008-01-01,2003-09-01,52,2003,44820.0,44820.0,904.4419808348293,0.07797099022254608,60,8,Current,Current,none,0,0.0,0.0,0.0,0,0.0,0.0,0,398
32789,2008-01-01,2004-10-01,39,2004,72022.0,72022.0,1724.430556816483,0.06993239921964603,48,9,Current,Current,none,0,0.0,0.0,0.0,0,0.0,0.0,0,558
32793,2008-01-01,2006-10-01,15,2006,44045.0,44045.0,1004.8542890778841,0.13119444728870291,60,45,Current,Current,none,0,0.0,0.0,0.0,0,0.0,0.0,0,550
32795,2008-01-01,2005-12-01,25,2005,44103.0,44103.0,918.2992080433572,0.0913039011437821,60,35,Current,Current,none,0,0.0,0.0,0.0,0,0.0,0.0,0,966
32797,2008-01-01,2005-02-01,35,2005,51834.0,51834.0,1708.0347795249754,0.11449545247097163,36,1,Current,Current,none,0,0.0,0.0,0.0,0,0.0,0.0,0,797
32816,2008-01-01,2003-05-01,56,2003,45612.0,45612.0,783.8236563987545,0.07281693066281252,72,16,Current,Current,none,0,0.0,0.0,0.0,0,0.0,0.0,0,699
32830,2008-01-01,2005-01-01,36,2005,81828.0,81828.0,1685.1076753197005,0.0865908416613882,60,24,Current,Current,none,0,0.0,0.0,0.0,0,0.0,0.0,0,561
32831,2008-01-01,2006-04-01,21,2006,77295.0,77295.0,1631.717526907314,0.09721477215820948,60,39,Current,Current,none,0,0.0,0.0,0.0,0,0.0,0.0,0,444
32835,2008-01-01,2007-05-01,8,2007,30604.0,30604.0,521.9808275979457,0.07014494665291625,72,64,Current,Current,none,0,0.0,0.0,0.0,0,0.0,0.0,0,656
32846,2008-01-01,2003-02-01,59,2003,66646.0,66646.0,1146.055855998379,0.0730568074539064,72,13,Current,Current,none,0,0.0,0.0,0.0,0,0.0,0.0,0,750
32848,2008-01-01,2003-09-01,52,2003,53874.0,53874.0,1181.9084788706675,0.11391913151151642,60,8,Current,Current,none,0,0.0,0.0,0.0,0,0.0,0.0,0,751
32850,2008-01-01,2006-02-01,23,2006,23794.0,23794.0,773.9474951661126,0.10552071677339693,36,13,Current,Current,none,0,0.0,0.0,0.0,0,0.0,0.0,0,753
32867,2008-01-01,2008-01-01,0,2008,51565.0,51565.0,1063.7672907245242,0.08734295615314475,60,60,Current,Current,none,0,0.0,0.0,0.0,0,0.0,0.0,0,477
32880,2008-01-01,2005-10-01,27,2005,17505.0,17505.0,459.27154728881084,0.11801730965993794,48,21,Current,Current,none,0,0.0,0.0,0.0,0,0.0,0.0,0,793
32883,2008-01-01,2006-02-01,23,2006,35813.0,35813.0,724.1798466019526,0.07884461306647055,60,37,Current,Current,none,0,0.0,0.0,0.0,0,0.0,0.0,0,557
32889,2008-01-01,2004-05-01,44,2004,90630.0,90630.0,2467.100977631616,0.13790860383019887,48,4,Current,Current,none,0,0.0,0.0,0.0,0,0.0,0.0,0,167
32896,2008-01-01,2005-10-01,27,2005,65562.0,65562.0,1364.9428828254313,0.09125085905929742,60,33,Current,Current,none,0,0.0,0.0,0.0,0,0.0,0.0,0,941
32900,2008-01-01,2004-12-01,37,2004,53531.0,53531.0,1321.8105702709095,0.08593418457874168,48,11,Current,Current,none,0,0.0,0.0,0.0,0,0.0,0.0,0,369
32901,2008-01-01,2007-08-01,5,2007,32833.0,32833.0,799.848630711874,0.16081006237881365,60,55,Current,Current,none,0,0.0,0.0,0.0,0,0.0,0.0,0,686
32908,2008-01-01,2006-06-01,19,2006,98231.0,98231.0,2554.397989841286,0.11325727167022293,48,29,Current,Current,none,0,0.0,0.0,0.0,0,0.0,0.0,0,824
32925,2008-01-01,2003-02-01,59,2003,139620.0,139620.0,2817.162941940554,0.07792763618710577,60,1,Current,Current,none,0,0.0,0.0,0.0,0,0.0,0.0,0,250
32934,2008-01-01,2003-05-01,56,2003,133388.0,133388.0,3058.6525725526885,0.133458192255735,60,4,Current,Current,none,0,0.0,0.0,0.0,0,0.0,0.0,0,576
32942,2008-01-01,2002-02-01,71,2002,39092.0,39092.0,798.1313863427685,0.13646153282397483,72,1,Current,Current,none,0,0.0,0.0,0.0,0,0.0,0.0,0,977
32944,2008-01-01,2003-01-01,60,2003,41553.0,41553.0,916.930446539231,0.11647102163827973,60,0,Current,Matured,matured,0,0.0,0.0,0.0,0,0.0,0.0,0,783
32957,2008-01-01,2006-11-01,14,2006,82828.0,82828.0,2616.5262573322825,0.08548199130763888,36,22,Current,Current,none,0,0.0,0.0,0.0,0,0.0,0.0,0,876
32965,2008-01-01,2006-04-01,21,2006,68910.0,68910.0,1431.6736716566495,0.0903633236965191,60,39,Current,Current,none,0,0.0,0.0,0.0,0,0.0,0.0,0,158
32976,2008-01-01,2004-05-01,44,2004,53020.0,53020.0,953.8272368301006,0.08928258134693662,72,28,Current,Current,none,0,0.0,0.0,0.0,0,0.0,0.0,0,399
32977,2008-01-01,2004-11-01,38,2004,57094.0,57094.0,1170.396908794734,0.08464597652950595,60,22,Current,Current,none,0,0.0,0.0,0.0,0,0.0,0.0,0,923
33006,2008-01-01,2004-02-01,47,2004,41246.0,41246.0,1111.0086175821398,0.13218669502442207,48,1,Current,Current,none,0,0.0,0.0,0.0,0,0.0,0.0,0,942
33010,2008-01-01,2004-02-01,47,2004,38210.0,38210.0,720.6576856889117,0.10660111799203871,72,25,Current,Current,none,0,0.0,0.0,0.0,0,0.0,0.0,0,367
33011,2008-01-01,2002-12-01,61,2002,139254.0,139254.0,2472.380324896871,0.08451393955649716,72,11,Current,Current,none,0,0.0,0.0,0.0,0,0.0,0.0,0,839
33032,2008-01-01,2004-04-01,45,2004,46866.0,46866.0,858.755839819127,0.09597768326248719,72,27,Current,Current,none,0,0.0,0.0,0.0,0,0.0,0.0,0,653
33033,2008-01-01,2007-11-01,2,2007,73406.0,73406.0,1499.4404340477292,0.08313315518498524,60,58,Current,Current,none,0,0.0,0.0,0.0,0,0.0,0.0,0,662
33034,2008-01-01,2004-03-01,46,2004,30175.0,30175.0,621.7852121281688,0.0868533613031249,60,14,Current,Current,none,0,0.0,0.0,0.0,0,0.0,0.0,0,586
33037,2008-01-01,2006-09-01,16,2006,37066.0,37066.0,770.5851054765419,0.09064226862324723,60,44,Current,Current,none,0,0.0,0.0,0.0,0,0.0,0.0,0,269
33040,2008-01-01,2005-11-01,26,2005,95186.0,95186.0,3026.2679514803613,0.08985972262149165,36,10,Current,Current,none,0,0.0,0.0,0.0,0,0.0,0.0,0,374
33043,2008-01-01,2007-09-01,4,2007,55891.0,55891.0,1473.3331530925677,0.12054963429604981,48,44,Current,Current,none,0,0.0,0.0,0.0,0,0.0,0.0,0,921
33090,2008-01-01,2008-01-01,0,2008,68485.0,68485.0,1473.2164427030787,0.1053555923901422,60,60,Current,Current,none,0,0.0,0.0,0.0,0,0.0,0.0,0,433
33099,2008-01-01,2005-02-01,35,2005,200824.0,200824.0,5424.275278393983,0.1336717959610331,48,13,Current,Current,none,0,0.0,0.0,0.0,0,0.0,0.0,0,463
33103,2008-01-01,2006-02-01,23,2006,34219.0,34219.0,632.8678340651876,0.0993808946160679,72,49,Current,Current,none,0,0.0,0.0,0.0,0,0.0,0.0,0,172
33111,2008-01-01,2007-04-01,9,2007,108098.0,108098.0,2404.0728793843455,0.11990710243973197,60,51,Current,Current,none,0,0.0,0.0,0.0,0,0.0,0.0,0,511
33122,2008-01-01,2007-01-01,12,2007,42130.0,42130.0,1152.5871159782632,0.1406256470765956,48,36,Current,Current,none,0,0.0,0.0,0.0,0,0.0,0.0,0,474
33149,2008-01-01,2006-08-01,17,2006,28674.0,28674.0,711.1982485908218,0.08826829303119521,48,31,Current,Current,none,0,0.0,0.0,0.0,0,0.0,0.0,0,661
33161,2008-01-01,2004-08-01,41,2004,313425.0,313425.0,8955.43703704336,0.1645300210542656,48,7,Current,Current,none,0,0.0,0.0,0.0,0,0.0,0.0,0,446
33167,2008-01-01,2007-01-01,12,2007,21158.0,21158.0,421.7953313874795,0.12736879180966543,72,60,Current,Current,none,0,0.0,0.0,0.0,0,0.0,0.0,0,518
33211,2008-01-01,2004-06-01,43,2004,171923.0,171923.0,4513.828377115353,0.11839176916071001,48,5,Current,Current,none,0,0.0,0.0,0.0,0,0.0,0.0,0,389
33212,2008-01-01,2005-03-01,34,2005,41052.0,41052.0,737.540342859722,0.08879929203086616,72,38,Current,Current,none,0,0.0,0.0,0.0,0,0.0,0.0,0,832
33215,2008-01-01,2006-01-01,24,2006,145971.0,145971.0,2920.640797605353,0.07437713293084497,60,36,Current,Current,none,0,0.0,0.0,0.0,0,0.0,0.0,0,794
33219,2008-01-01,2006-07-01,18,2006,73606.0,73606.0,1860.63755655089,0.09824410480333484,48,30,Current,Current,none,0,0.0,0.0,0.0,0,0.0,0.0,0,747
33226,2008-01-01,2007-02-01,11,2007,72670.0,72670.0,2389.760377305674,0.11308705318280443,36,25,Current,Current,none,0,0.0,0.0,0.0,0,0.0,0.0,0,894
33251,2008-01-01,2007-09-01,4,2007,53680.0,53680.0,1185.7299362273875,0.11691483835646718,60,56,Current,Current,none,0,0.0,0.0,0.0,0,0.0,0.0,0,289
33264,2008-01-01,2005-09-01,28,2005,30731.0,30731.0,674.0446744962809,0.11382578902475324,60,32,Current,Current,none,0,0.0,0.0,0.0,0,0.0,0.0,0,451
33277,2008-01-01,2007-02-01,11,2007,105342.0,105342.0,2404.409737641791,0.13139984627558612,60,49,Current,Current,none,0,0.0,0.0,0.0,0,0.0,0.0,0,659
33298,2008-01-01,2005-04-01,33,2005,25968.0,25968.0,654.8552085632926,0.09697958314069709,48,15,Current,Current,none,0,0.0,0.0,0.0,0,0.0,0.0,0,639
33303,2008-01-01,2004-01-01,48,2004,38143.0,38143.0,701.0366585066355,0.09708484355403543,72,24,Current,Current,none,0,0.0,0.0,0.0,0,0.0,0.0,0,332
33312,2008-01-01,2005-04-01,33,2005,46621.0,46621.0,1071.9681127207684,0.13467771257746158,60,27,Current,Current,none,0,0.0,0.0,0.0,0,0.0,0.0,0,127
33316,2008-01-01,2007-03-01,10,2007,151617.0,151617.0,3066.3896191790864,0.07891643963852744,60,50,Current,Current,none,0,0.0,0.0,0.0,0,0.0,0.0,0,345
33317,2008-01-01,2006-09-01,16,2006,95567.0,95567.0,1967.545774026824,0.08648401421341576,60,44,Current,Current,none,0,0.0,0.0,0.0,0,0.0,0.0,0,114
33325,2008-01-01,2006-10-01,15,2006,84274.0,84274.0,2815.555612974247,0.12408051976432347,36,21,Current,Current,none,0,0.0,0.0,0.0,0,0.0,0.0,0,777
33353,2008-01-01,2004-10-01,39,2004,183744.0,183744.0,3797.710664310384,0.08814595022315708,60,21,30 DPD,Delinquent,none,0,0.0,0.0,0.0,1,0.0,0.0,0,724
33377,2008-01-01,2007-02-01,11,2007,171972.0,171972.0,5676.597471831966,0.11569031908644435,36,25,Current,Current,none,0,0.0,0.0,0.0,0,0.0,0.0,0,902
33378,2008-01-01,2006-05-01,20,2006,37280.0,37280.0,1056.2485781872397,0.15985486297250454,48,28,Current,Current,none,0,0.0,0.0,0.0,0,0.0,0.0,0,275
33387,2008-01-01,2003-11-01,50,2003,107285.0,107285.0,2370.7729593432214,0.11709441435613405,60,10,Current,Current,none,0,0.0,0.0,0.0,0,0.0,0.0,0,670
33388,2008-01-01,2006-03-01,22,2006,114507.0,114507.0,2366.196274766813,0.14109103420200503,72,50,Current,Current,none,0,0.0,0.0,0.0,0,0.0,0.0,0,555
33396,2008-01-01,2007-02-01,11,2007,8797.0,8797.0,227.5128072072531,0.11035045096033545,48,37,Current,Current,none,0,0.0,0.0,0.0,0,0.0,0.0,0,886
33398,2008-01-01,2007-09-01,4,2007,43647.0,43647.0,882.5953173971103,0.07884606362168614,60,56,Current,Current,none,0,0.0,0.0,0.0,0,0.0,0.0,0,749
33400,2008-01-01,2004-06-01,43,2004,98996.0,98996.0,2452.7958308228476,0.08771568036029824,48,5,Current,Current,none,0,0.0,0.0,0.0,0,0.0,0.0,0,244
33407,2008-01-01,2006-06-01,19,2006,283990.0,283990.0,7004.620257035089,0.08535409482097794,48,29,Current,Current,none,0,0.0,0.0,0.0,0,0.0,0.0,0,878
33413,2008-01-01,2006-03-01,22,2006,66260.0,66260.0,1686.4520028658392,0.10186073323383271,48,26,Current,Current,none,0,0.0,0.0,0.0,0,0.0,0.0,0,825
33425,2008-01-01,2007-04-01,9,2007,46046.0,46046.0,1048.2369355261376,0.1302328467160934,60,51,Current,Current,none,0,0.0,0.0,0.0,0,0.0,0.0,0,771
33426,2008-01-01,2008-01-01,0,2008,79566.0,79566.0,1936.3906508919786,0.07837915209811347,48,48,Current,Current,none,0,0.0,0.0,0.0,0,0.0,0.0,0,463
33435,2008-01-01,2004-10-01,39,2004,39430.0,39430.0,849.6189321358164,0.10608171798949854,60,21,30 DPD,Delinquent,none,0,0.0,0.0,0.0,1,0.0,0.0,0,445
33437,2008-01-01,2005-03-01,34,2005,23875.0,23875.0,611.4836896130236,0.10517604045051221,48,14,Current,Current,none,0,0.0,0.0,0.0,0,0.0,0.0,0,147
33442,2008-01-01,2007-06-01,7,2007,41264.0,41264.0,1347.465802461415,0.10822565970822137,36,29,Current,Current,none,0,0.0,0.0,0.0,0,0.0,0.0,0,323
33474,2008-01-01,2006-07-01,18,2006,26044.0,26044.0,443.7767019679096,0.06980196275381093,72,54,Current,Current,none,0,0.0,0.0,0.0,0,0.0,0.0,0,669
33494,2008-01-01,2004-10-01,39,2004,27847.0,27847.0,664.3960487884323,0.06811315159436558,48,9,Current,Current,none,0,0.0,0.0,0.0,0,0.0,0.0,0,581
33498,2008-01-01,2006-10-01,15,2006,61035.0,61035.0,1982.1358376780215,0.10442626184477348,36,21,Current,Current,none,0,0.0,0.0,0.0,0,0.0,0.0,0,367
33505,2008-01-01,2007-08-01,5,2007,92987.0,92987.0,1700.1680315629462,0.09518469455892091,72,67,Current,Current,none,0,0.0,0.0,0.0,0,0.0,0.0,0,793
33519,2008-01-01,2007-07-01,6,2007,176484.0,176484.0,3336.301636719685,0.10746069475200713,72,66,Current,Current,none,0,0.0,0.0,0.0,0,0.0,0.0,0,449
33522,2008-01-01,2002-03-01,70,2002,17834.0,17834.0,317.84569492587804,0.08589457960329688,72,2,Current,Current,none,0,0.0,0.0,0.0,0,0.0,0.0,0,907
33527,2008-01-01,2006-01-01,24,2006,31423.0,31423.0,721.0008602416062,0.13374036565771819,60,36,Current,Current,none,0,0.0,0.0,0.0,0,0.0,0.0,0,561
33532,2008-01-01,2004-11-01,38,2004,58552.0,58552.0,1025.5618419151117,0.07963455841179463,72,34,Current,Current,none,0,0.0,0.0,0.0,0,0.0,0.0,0,323
33536,2008-01-01,2007-06-01,7,2007,44283.0,44283.0,873.0983759527828,0.06819890838913321,60,53,Current,Current,none,0,0.0,0.0,0.0,0,0.0,0.0,0,303
33547,2008-01-01,2004-06-01,43,2004,60932.0,60932.0,1576.4294351450812,0.1105439486950711,48,5,Current,Current,none,0,0.0,0.0,0.0,0,0.0,0.0,0,551
33553,2008-01-01,2002-04-01,69,2002,54709.0,54709.0,987.2911913188307,0.09041679247759869,72,3,Current,Current,none,0,0.0,0.0,0.0,0,0.0,0.0,0,861
33562,2008-01-01,2003-05-01,56,2003,66432.0,66432.0,1220.8469466887695,0.09704944601554616,72,16,Current,Current,none,0,0.0,0.0,0.0,0,0.0,0.0,0,738
33577,2008-01-01,2007-11-01,2,2007,79493.0,79493.0,1979.8682252468695,0.09044537819292532,48,46,Current,Current,none,0,0.0,0.0,0.0,0,0.0,0.0,0,340
33585,2008-01-01,2005-11-01,26,2005,52857.0,52857.0,1096.891563319659,0.1427272459246351,72,46,Current,Current,none,0,0.0,0.0,0.0,0,0.0,0.0,0,787
33591,2008-01-01,2003-11-01,50,2003,116262.0,116262.0,2446.44080092532,0.09583069787306303,60,10,Current,Current,none,0,0.0,0.0,0.0,0,0.0,0.0,0,482
33604,2008-01-01,2003-11-01,50,2003,90492.0,90492.0,2114.411479753942,0.14187800537886497,60,10,Current,Current,none,0,0.0,0.0,0.0,0,0.0,0.0,0,319
33631,2008-01-01,2007-05-01,8,2007,83944.0,83944.0,1843.7900511738412,0.11444040465382896,60,52,Current,Current,none,0,0.0,0.0,0.0,0,0.0,0.0,0,836
33639,2008-01-01,2005-08-01,29,2005,57385.0,57385.0,1412.5420207668037,0.08429809938360301,48,19,Current,Current,none,0,0.0,0.0,0.0,0,0.0,0.0,0,765
33651,2008-01-01,2003-11-01,50,2003,68668.0,68668.0,1580.5141230450074,0.13513398108800428,60,10,Current,Current,none,0,0.0,0.0,0.0,0,0.0,0.0,0,842
33653,2008-01-01,2007-06-01,7,2007,106770.0,106770.0,3536.215058695484,0.11802232237305785,36,29,Current,Current,none,0,0.0,0.0,0.0,0,0.0,0.0,0,989
33657,2008-01-01,2006-01-01,24,2006,63282.0,63282.0,1693.1734580624359,0.12855846578092167,48,24,Current,Current,none,0,0.0,0.0,0.0,0,0.0,0.0,0,496
33658,2008-01-01,2006-08-01,17,2006,78251.0,78251.0,1688.4071646506561,0.10667182906377587,60,43,Current,Current,none,0,0.0,0.0,0.0,0,0.0,0.0,0,295
33661,2008-01-01,2007-10-01,3,2007,56284.0,56284.0,1247.3806923227924,0.1183718787020849,60,57,Current,Current,none,0,0.0,0.0,0.0,0,0.0,0.0,0,554
33662,2008-01-01,2007-02-01,11,2007,52412.0,52412.0,1653.4430474481026,0.08455738574413627,36,25,Current,Current,none,0,0.0,0.0,0.0,0,0.0,0.0,0,380
33677,2008-01-01,2008-01-01,0,2008,97873.0,97873.0,2222.5689315806108,0.12913277207878768,60,60,Current,Current,none,0,0.0,0.0,0.0,0,0.0,0.0,0,327
33689,2008-01-01,2004-08-01,41,2004,211119.0,211119.0,4582.994979806493,0.10931169398990971,60,19,Current,Current,none,0,0.0,0.0,0.0,0,0.0,0.0,0,385
33690,2008-01-01,2005-06-01,31,2005,40721.0,40721.0,906.3499693298895,0.12025937099597797,60,29,Current,Current,none,0,0.0,0.0,0.0,0,0.0,0.0,0,478
33691,2008-01-01,2006-02-01,23,2006,36721.0,36721.0,901.4254778051056,0.08287192682074535,48,25,Current,Current,none,0,0.0,0.0,0.0,0,0.0,0.0,0,593
33700,2008-01-01,2005-05-01,32,2005,38624.0,38624.0,683.5722671248565,0.08336746274217169,72,40,Current,Current,none,0,0.0,0.0,0.0,0,0.0,0.0,0,338
33707,2008-01-01,2005-07-01,30,2005,25242.0,25242.0,833.7687137861609,0.11615592182793827,36,6,Current,Current,none,0,0.0,0.0,0.0,0,0.0,0.0,0,533
33711,2008-01-01,2004-03-01,46,2004,27478.0,27478.0,698.6274832406149,0.10129823191209743,48,2,Current,Current,none,0,0.0,0.0,0.0,0,0.0,0.0,0,854
33719,2008-01-01,2006-07-01,18,2006,84592.0,84592.0,1805.0259781795028,0.10184666657143567,60,42,Current,Current,none,0,0.0,0.0,0.0,0,0.0,0.0,0,481
33722,2008-01-01,2004-11-01,38,2004,95052.0,95052.0,2117.9459838624603,0.12074220276415608,60,22,Current,Current,none,0,0.0,0.0,0.0,0,0.0,0.0,0,177
33725,2008-01-01,2004-06-01,43,2004,33831.0,33831.0,690.1670353532807,0.0825870477401036,60,17,Current,Current,none,0,0.0,0.0,0.0,0,0.0,0.0,0,267
33727,2008-01-01,2003-01-01,60,2003,90116.0,90116.0,1624.482034410764,0.09002073217708897,72,12,Current,Current,none,0,0.0,0.0,0.0,0,0.0,0.0,0,138
33731,2008-01-01,2007-05-01,8,2007,9517.0,9517.0,252.36344921532313,0.12372543625348194,48,40,Current,Current,none,0,0.0,0.0,0.0,0,0.0,0.0,0,212
33755,2008-01-01,2006-04-01,21,2006,26106.0,26106.0,597.695369442675,0.1327664811977447,60,39,Current,Current,none,0,0.0,0.0,0.0,0,0.0,0.0,0,755
33758,2008-01-01,2005-07-01,30,2005,77526.0,77526.0,1658.249654727243,0.10289142117738966,60,30,Current,Current,none,0,0.0,0.0,0.0,0,0.0,0.0,0,550
33763,2008-01-01,2007-03-01,10,2007,19282.0,19282.0,337.68936457661147,0.07958925577557126,72,62,Current,Current,none,0,0.0,0.0,0.0,0,0.0,0.0,0,764
33770,2008-01-01,2007-12-01,1,2007,80070.0,80070.0,2596.731330280589,0.10347887065704284,36,35,Current,Current,none,0,0.0,0.0,0.0,0,0.0,0.0,0,243
33771,2008-01-01,2004-06-01,43,2004,25918.0,25918.0,526.1014241694629,0.08046569609170803,60,17,Current,Current,none,0,0.0,0.0,0.0,0,0.0,0.0,0,177
33775,2008-01-01,2007-05-01,8,2007,179372.0,179372.0,4560.385856129203,0.10128166810133779,48,40,Current,Current,none,0,0.0,0.0,0.0,0,0.0,0.0,0,762
33776,2008-01-01,2007-04-01,9,2007,41216.0,41216.0,1022.5760684190411,0.16921102099496171,60,51,Current,Current,none,0,0.0,0.0,0.0,0,0.0,0.0,0,597
33779,2008-01-01,2005-09-01,28,2005,184592.0,184592.0,3820.8075116980594,0.08876901268557574,60,32,Current,Current,none,0,0.0,0.0,0.0,0,0.0,0.0,0,513
33782,2008-01-01,2006-08-01,17,2006,26600.0,26600.0,458.37013615762123,0.07379788542835251,72,55,Current,Current,none,0,0.0,0.0,0.0,0,0.0,0.0,0,491
33802,2008-01-01,2004-04-01,45,2004,16426.0,16426.0,296.7071832002318,0.09075969385441172,72,27,Current,Current,none,0,0.0,0.0,0.0,0,0.0,0.0,0,832
33807,2008-01-01,2005-07-01,30,2005,44966.0,44966.0,1511.31562740652,0.1282596304178184,36,6,Current,Current,none,0,0.0,0.0,0.0,0,0.0,0.0,0,846
33809,2008-01-01,2006-02-01,23,2006,33961.0,33961.0,703.672353701975,0.08920954080356389,60,37,Current,Current,none,0,0.0,0.0,0.0,0,0.0,0.0,0,577
33816,2008-01-01,2004-05-01,44,2004,21149.0,21149.0,451.445109538757,0.10200699471567891,60,16,Current,Current,none,0,0.0,0.0,0.0,0,0.0,0.0,0,546
33827,2008-01-01,2003-01-01,60,2003,56628.0,56628.0,1223.483553452775,0.1072519981857922,60,0,Current,Matured,matured,0,0.0,0.0,0.0,0,0.0,0.0,0,575
33832,2008-01-01,2005-06-01,31,2005,200753.0,200753.0,3585.0173408684495,0.08661208778690963,72,41,Current,Current,none,0,0.0,0.0,0.0,0,0.0,0.0,0,569
33843,2008-01-01,2003-11-01,50,2003,115850.0,115850.0,2076.8955093258965,0.08802057939009911,72,22,Current,Current,none,0,0.0,0.0,0.0,0,0.0,0.0,0,487
33849,2008-01-01,2007-07-01,6,2007,23811.0,23811.0,515.8626562141665,0.1084436759299719,60,54,Current,Current,none,0,0.0,0.0,0.0,0,0.0,0.0,0,384
33861,2008-01-01,2005-01-01,36,2005,161507.0,161507.0,3519.02071648756,0.11092651186850278,60,24,Current,Current,none,0,0.0,0.0,0.0,0,0.0,0.0,0,865
33877,2008-01-01,2003-11-01,50,2003,77491.0,77491.0,1505.613457095053,0.062077002173237084,60,10,Current,Current,none,0,0.0,0.0,0.0,0,0.0,0.0,0,834
33878,2008-01-01,2004-10-01,39,2004,93849.0,93849.0,2221.305923436693,0.06400166717731978,48,9,Current,Current,none,0,0.0,0.0,0.0,0,0.0,0.0,0,316
33896,2008-01-01,2006-07-01,18,2006,9926.0,9926.0,312.7938433264962,0.0838132783780969,36,18,Current,Current,none,0,0.0,0.0,0.0,0,0.0,0.0,0,972
33900,2008-01-01,2007-11-01,2,2007,123496.0,123496.0,2324.6880402219076,0.10588527697878257,72,70,Current,Current,none,0,0.0,0.0,0.0,0,0.0,0.0,0,280
33920,2008-01-01,2003-11-01,50,2003,93678.0,93678.0,2161.3445082683324,0.1362067092203996,60,10,Current,Current,none,0,0.0,0.0,0.0,0,0.0,0.0,0,787
33921,2008-01-01,2006-04-01,21,2006,74813.0,74813.0,1639.350459025876,0.1639995526719431,72,51,Current,Current,none,0,0.0,0.0,0.0,0,0.0,0.0,0,920
33923,2008-01-01,2006-05-01,20,2006,62800.0,62800.0,1380.3397161263094,0.11474746947680982,60,40,Current,Current,none,0,0.0,0.0,0.0,0,0.0,0.0,0,131
33924,2008-01-01,2005-05-01,32,2005,99973.0,99973.0,1964.613070335412,0.06681844674614379,60,28,Current,Current,none,0,0.0,0.0,0.0,0,0.0,0.0,0,614
33930,2008-01-01,2006-06-01,19,2006,47909.0,47909.0,1168.5464802594015,0.0795319841702644,48,29,Current,Current,none,0,0.0,0.0,0.0,0,0.0,0.0,0,779
33943,2008-01-01,2005-06-01,31,2005,65657.0,65657.0,1390.5018384739424,0.0986009761796938,60,29,Current,Current,none,0,0.0,0.0,0.0,0,0.0,0.0,0,237
33959,2008-01-01,2007-12-01,1,2007,41723.0,41723.0,1026.7799747575748,0.165466200710834,60,59,Current,Current,none,0,0.0,0.0,0.0,0,0.0,0.0,0,543
33963,2008-01-01,2006-02-01,23,2006,190646.0,190646.0,4141.291700076065,0.10959871308465494,60,37,Current,Current,none,0,0.0,0.0,0.0,0,0.0,0.0,0,241
33964,2008-01-01,2006-04-01,21,2006,69550.0,69550.0,1264.2226579339438,0.09304786693391613,72,51,Current,Current,none,0,0.0,0.0,0.0,0,0.0,0.0,0,606
33967,2008-01-01,2006-03-01,22,2006,89609.0,89609.0,2907.9527811278413,0.10392060607431201,36,14,Current,Current,none,0,0.0,0.0,0.0,0,0.0,0.0,0,996
33971,2008-01-01,2006-11-01,14,2006,61517.0,61517.0,1714.4073678513778,0.15075114082254273,48,34,Current,Current,none,0,0.0,0.0,0.0,0,0.0,0.0,0,610
33978,2008-01-01,2006-10-01,15,2006,51284.0,51284.0,1050.6952147079116,0.08440316524824135,60,45,Current,Paid off,payoff,0,0.0,0.0,0.0,0,0.0,0.0,0,841
33989,2008-01-01,2007-07-01,6,2007,271186.0,271186.0,9630.795108800286,0.16720166849848492,36,30,Current,Current,none,0,0.0,0.0,0.0,0,0.0,0.0,0,303
34013,2008-01-01,2004-12-01,37,2004,90932.0,90932.0,1740.726923460142,0.1121264643288441,72,35,Current,Current,none,0,0.0,0.0,0.0,0,0.0,0.0,0,633
34016,2008-01-01,2007-07-01,6,2007,41074.0,41074.0,822.2646156487175,0.07460329215171921,60,54,Current,Current,none,0,0.0,0.0,0.0,0,0.0,0.0,0,964
34018,2008-01-01,2006-06-01,19,2006,61485.0,61485.0,1401.3583124857282,0.13075757816328806,60,41,Current,Current,none,0,0.0,0.0,0.0,0,0.0,0.0,0,337
34021,2008-01-01,2006-09-01,16,2006,31877.0,31877.0,783.1458580255821,0.08329191423301853,48,32,Current,Current,none,0,0.0,0.0,0.0,0,0.0,0.0,0,543
34026,2008-01-01,2007-10-01,3,2007,33914.0,33914.0,910.2930686402649,0.13027643394783425,48,45,Current,Current,none,0,0.0,0.0,0.0,0,0.0,0.0,0,508
34027,2008-01-01,2007-09-01,4,2007,22890.0,22890.0,509.1016726439396,0.11993625183653808,60,56,Current,Current,none,0,0.0,0.0,0.0,0,0.0,0.0,0,659
34028,2008-01-01,2007-01-01,12,2007,50649.0,50649.0,981.5802238983721,0.11672014166547719,72,60,Current,Current,none,0,0.0,0.0,0.0,0,0.0,0.0,0,888
34048,2008-01-01,2004-06-01,43,2004,75212.0,75212.0,1669.74662634035,0.11913051751535036,60,17,Current,Current,none,0,0.0,0.0,0.0,0,0.0,0.0,0,838
34051,2008-01-01,2004-08-01,41,2004,76775.0,76775.0,1507.578576728471,0.12165419254880423,72,31,Current,Current,none,0,0.0,0.0,0.0,0,0.0,0.0,0,362
34058,2008-01-01,2007-08-01,5,2007,125944.0,125944.0,2823.982275313959,0.123515860805952,60,55,Current,Current,none,0,0.0,0.0,0.0,0,0.0,0.0,0,875
34060,2008-01-01,2008-01-01,0,2008,38939.0,38939.0,836.2039132258321,0.10461260566788111,60,60,Current,Current,none,0,0.0,0.0,0.0,0,0.0,0.0,0,320
34061,2008-01-01,2002-09-01,64,2002,88514.0,88514.0,1672.4242732142286,0.1072683430402619,72,8,Current,Current,none,0,0.0,0.0,0.0,0,0.0,0.0,0,744
34074,2008-01-01,2006-07-01,18,2006,92141.0,92141.0,1964.374883933371,0.10146553615549686,60,42,Current,Current,none,0,0.0,0.0,0.0,0,0.0,0.0,0,931
34075,2008-01-01,2004-04-01,45,2004,83389.0,83389.0,1683.1074347831802,0.0780627264382101,60,15,Current,Current,none,0,0.0,0.0,0.0,0,0.0,0.0,0,559
34076,2008-01-01,2002-10-01,63,2002,78221.0,78221.0,1358.3517975045543,0.0765561406621228,72,9,Current,Current,none,0,0.0,0.0,0.0,0,0.0,0.0,0,706
34100,2008-01-01,2007-02-01,11,2007,15362.0,15362.0,503.6428570680514,0.11097649306428689,36,25,Current,Current,none,0,0.0,0.0,0.0,0,0.0,0.0,0,687
34106,2008-01-01,2006-01-01,24,2006,113186.0,113186.0,2775.297908684722,0.08227385902948474,48,24,Current,Current,none,0,0.0,0.0,0.0,0,0.0,0.0,0,701
34112,2008-01-01,2007-04-01,9,2007,81480.0,81480.0,2428.9831212646613,0.1883057698714404,48,39,Current,Current,none,0,0.0,0.0,0.0,0,0.0,0.0,0,290
34115,2008-01-01,2004-02-01,47,2004,33069.0,33069.0,688.2635454256379,0.09112408413198354,60,13,Current,Current,none,0,0.0,0.0,0.0,0,0.0,0.0,0,598
34120,2008-01-01,2007-06-01,7,2007,178580.0,178580.0,3945.684586366434,0.11703234332132184,60,53,Current,Current,none,0,0.0,0.0,0.0,0,0.0,0.0,0,771
34122,2008-01-01,2004-07-01,42,2004,41252.0,41252.0,872.7522595478564,0.09815963889365244,60,18,Current,Current,none,0,0.0,0.0,0.0,0,0.0,0.0,0,615
34125,2008-01-01,2003-04-01,57,2003,100874.0,100874.0,2537.1728006957387,0.17554870949854912,60,3,30 DPD,Delinquent,none,0,0.0,0.0,0.0,1,0.0,0.0,0,481
34128,2008-01-01,2002-02-01,71,2002,325131.0,325131.0,6435.805467715976,0.12468157142246154,72,1,Current,Current,none,0,0.0,0.0,0.0,0,0.0,0.0,0,233
34130,2008-01-01,2008-01-01,0,2008,54870.0,54870.0,1166.3985215308464,0.10021227114590751,60,60,Current,Current,none,0,0.0,0.0,0.0,0,0.0,0.0,0,456
34133,2008-01-01,2007-03-01,10,2007,79415.0,79415.0,2087.751736084407,0.11908915639006427,48,38,Current,Current,none,0,0.0,0.0,0.0,0,0.0,0.0,0,204
34145,2008-01-01,2004-03-01,46,2004,23152.0,23152.0,504.3372187367438,0.11082808194266688,60,14,Current,Current,none,0,0.0,0.0,0.0,0,0.0,0.0,0,787
34153,2008-01-01,2004-03-01,46,2004,48026.0,48026.0,824.5582388740651,0.07249358394065422,72,26,Current,Current,none,0,0.0,0.0,0.0,0,0.0,0.0,0,595
34169,2008-01-01,2005-03-01,34,2005,28978.0,28978.0,717.4968190851346,0.08736375983633338,48,14,Current,Current,none,0,0.0,0.0,0.0,0,0.0,0.0,0,864
34170,2008-01-01,2004-11-01,38,2004,41188.0,41188.0,770.7840914446168,0.10371650703864238,72,34,Current,Current,none,0,0.0,0.0,0.0,0,0.0,0.0,0,934
34172,2008-01-01,2005-12-01,25,2005,45092.0,45092.0,838.6803942162622,0.10145543543076789,72,47,Current,Current,none,0,0.0,0.0,0.0,0,0.0,0.0,0,304
34202,2008-01-01,2004-03-01,46,2004,12565.0,12565.0,289.19473006277565,0.13511742072826297,60,14,Current,Current,none,0,0.0,0.0,0.0,0,0.0,0.0,0,277
34224,2008-01-01,2005-06-01,31,2005,49583.0,49583.0,1241.1925189553583,0.09310254111035188,48,17,Current,Current,none,0,0.0,0.0,0.0,0,0.0,0.0,0,930
34227,2008-01-01,2005-10-01,27,2005,76739.0,76739.0,1558.4249886287628,0.0806626430382938,60,33,Current,Current,none,0,0.0,0.0,0.0,0,0.0,0.0,0,961
34232,2008-01-01,2003-12-01,49,2003,59110.0,59110.0,1294.2598679557314,0.11306891357249259,60,11,Current,Current,none,0,0.0,0.0,0.0,0,0.0,0.0,0,230
34236,2008-01-01,2004-05-01,44,2004,73358.0,73358.0,1567.9342202200853,0.10257024015900404,60,16,30 DPD,Delinquent,none,0,0.0,0.0,0.0,1,0.0,0.0,0,382
34237,2008-01-01,2007-02-01,11,2007,19268.0,19268.0,481.23122534059735,0.09190655886923055,48,37,Current,Current,none,0,0.0,0.0,0.0,0,0.0,0.0,0,393
34239,2008-01-01,2003-08-01,53,2003,39644.0,39644.0,888.1119869645735,0.12311500389159354,60,7,Current,Current,none,0,0.0,0.0,0.0,0,0.0,0.0,0,534
34241,2008-01-01,2002-12-01,61,2002,85547.0,85547.0,1601.9358240891058,0.10395295324195765,72,11,Current,Current,none,0,0.0,0.0,0.0,0,0.0,0.0,0,484
34257,2008-01-01,2006-08-01,17,2006,33975.0,33975.0,895.7565376961389,0.120637900791218,48,31,Current,Current,none,0,0.0,0.0,0.0,0,0.0,0.0,0,317
34262,2008-01-01,2006-11-01,14,2006,12369.0,12369.0,308.58975202222126,0.09133838307734961,48,34,Current,Current,none,0,0.0,0.0,0.0,0,0.0,0.0,0,746
34283,2008-01-01,2005-03-01,34,2005,232119.0,232119.0,5057.834423716244,0.11095006743432838,60,26,Current,Current,none,0,0.0,0.0,0.0,0,0.0,0.0,0,226
34286,2008-01-01,2007-11-01,2,2007,45675.0,45675.0,1392.3940323041252,0.06138689208534818,36,34,Current,Current,none,0,0.0,0.0,0.0,0,0.0,0.0,0,917
34287,2008-01-01,2007-04-01,9,2007,53514.0,53514.0,1141.7050061069049,0.10177926353797077,60,51,Current,Current,none,0,0.0,0.0,0.0,0,0.0,0.0,0,831
34292,2008-01-01,2003-06-01,55,2003,37896.0,37896.0,851.8795594509232,0.12463555114665917,60,5,Current,Current,none,0,0.0,0.0,0.0,0,0.0,0.0,0,499
34302,2008-01-01,2007-03-01,10,2007,102029.0,102029.0,2095.2895262007883,0.0854082994211828,60,50,Current,Current,none,0,0.0,0.0,0.0,0,0.0,0.0,0,683
34309,2008-01-01,2005-12-01,25,2005,81605.0,81605.0,2252.659019633399,0.14552479253816278,48,23,Current,Current,none,0,0.0,0.0,0.0,0,0.0,0.0,0,824
34321,2008-01-01,2007-01-01,12,2007,41941.0,41941.0,1491.439330064548,0.16814376513693285,36,24,Current,Current,none,0,0.0,0.0,0.0,0,0.0,0.0,0,974
34345,2008-01-01,2004-11-01,38,2004,38659.0,38659.0,825.0342490324093,0.10191360113765138,60,22,Current,Current,none,0,0.0,0.0,0.0,0,0.0,0.0,0,407
34346,2008-01-01,2007-11-01,2,2007,108438.0,108438.0,2182.179538832061,0.07680334105466403,60,58,Current,Current,none,0,0.0,0.0,0.0,0,0.0,0.0,0,894
34357,2008-01-01,2006-09-01,16,2006,35224.0,35224.0,763.5577818645445,0.10869106995373704,60,44,Current,Current,none,0,0.0,0.0,0.0,0,0.0,0.0,0,874
34361,2008-01-01,2004-07-01,42,2004,67735.0,67735.0,1401.8899766014338,0.0887282016378587,60,18,Current,Current,none,0,0.0,0.0,0.0,0,0.0,0.0,0,177
34363,2008-01-01,2003-05-01,56,2003,183614.0,183614.0,3869.2108799226585,0.09644457705161334,60,4,Current,Current,none,0,0.0,0.0,0.0,0,0.0,0.0,0,247
34370,2008-01-01,2007-05-01,8,2007,16910.0,16910.0,365.65074681682125,0.10760843897126308,60,52,Current,Current,none,0,0.0,0.0,0.0,0,0.0,0.0,0,102
34376,2008-01-01,2007-02-01,11,2007,26986.0,26986.0,480.6834215253545,0.08568905324461962,72,61,Current,Current,none,0,0.0,0.0,0.0,0,0.0,0.0,0,460
34391,2008-01-01,2006-06-01,19,2006,66400.0,66400.0,2139.238116790826,0.09893995350375834,36,17,Current,Current,none,0,0.0,0.0,0.0,0,0.0,0.0,0,455
34408,2008-01-01,2007-11-01,2,2007,99638.0,99638.0,2039.3884714686085,0.08399189614458752,60,58,Current,Current,none,0,0.0,0.0,0.0,0,0.0,0.0,0,472
34409,2008-01-01,2006-11-01,14,2006,67126.0,67126.0,2197.5106260952516,0.10996586785858586,36,22,Current,Current,none,0,0.0,0.0,0.0,0,0.0,0.0,0,302
34420,2008-01-01,2005-07-01,30,2005,45607.0,45607.0,881.7400306367664,0.11581868905845075,72,42,Current,Current,none,0,0.0,0.0,0.0,0,0.0,0.0,0,631
34434,2008-01-01,2006-11-01,14,2006,29238.0,29238.0,749.1455574479619,0.10539221747845436,48,34,Current,Current,none,0,0.0,0.0,0.0,0,0.0,0.0,0,346
34439,2008-01-01,2002-12-01,61,2002,39595.0,39595.0,744.5480824832197,0.10549413045118261,72,11,Current,Current,none,0,0.0,0.0,0.0,0,0.0,0.0,0,773
34440,2008-01-01,2007-05-01,8,2007,51001.0,51001.0,991.0796411853355,0.11773396205747051,72,64,Current,Current,none,0,0.0,0.0,0.0,0,0.0,0.0,0,325
34455,2008-01-01,2005-06-01,31,2005,48420.0,48420.0,1064.4235287001698,0.11481134805929805,60,29,Current,Current,none,0,0.0,0.0,0.0,0,0.0,0.0,0,159
34475,2008-01-01,2004-07-01,42,2004,83116.0,83116.0,1796.755478138741,0.10748974635372112,60,18,Current,Current,none,0,0.0,0.0,0.0,0,0.0,0.0,0,836
34482,2008-01-01,2005-09-01,28,2005,23810.0,23810.0,517.4349666070441,0.10978763940260992,60,32,Current,Current,none,0,0.0,0.0,0.0,0,0.0,0.0,0,854
34486,2008-01-01,2006-09-01,16,2006,55908.0,55908.0,1804.8943143989454,0.10034298311651406,36,20,Current,Current,none,0,0.0,0.0,0.0,0,0.0,0.0,0,542
34488,2008-01-01,2007-04-01,9,2007,20451.0,20451.0,507.26404251160824,0.16909377958252328,60,51,Current,Current,none,0,0.0,0.0,0.0,0,0.0,0.0,0,929
34507,2008-01-01,2004-11-01,38,2004,85882.0,85882.0,2120.554992267171,0.08591436646369802,48,10,Current,Current,none,0,0.0,0.0,0.0,0,0.0,0.0,0,883
34518,2008-01-01,2007-06-01,7,2007,84863.0,84863.0,1897.0669649099318,0.12217404089704162,60,53,Current,Current,none,0,0.0,0.0,0.0,0,0.0,0.0,0,499
34523,2008-01-01,2004-10-01,39,2004,81619.0,81619.0,1974.689364965261,0.15766171214402044,60,21,Current,Current,none,0,0.0,0.0,0.0,0,0.0,0.0,0,823
34528,2008-01-01,2006-12-01,13,2006,217726.0,217726.0,5100.418532073122,0.19085775516773631,72,59,Current,Current,none,0,0.0,0.0,0.0,0,0.0,0.0,0,296
34532,2008-01-01,2007-08-01,5,2007,70429.0,70429.0,1435.4315450157649,0.08218771980072972,60,55,Current,Current,none,0,0.0,0.0,0.0,0,0.0,0.0,0,983
34536,2008-01-01,2002-07-01,66,2002,80645.0,80645.0,1406.3732847519454,0.07806814616122901,72,6,Current,Current,none,0,0.0,0.0,0.0,0,0.0,0.0,0,501
34553,2008-01-01,2007-05-01,8,2007,33698.0,33698.0,730.3976229316589,0.1086429358954586,60,52,Current,Current,none,0,0.0,0.0,0.0,0,0.0,0.0,0,127
34559,2008-01-01,2006-04-01,21,2006,46460.0,46460.0,1148.0353270938017,0.08630978935546484,48,27,Current,Current,none,0,0.0,0.0,0.0,0,0.0,0.0,0,914
34562,2008-01-01,2003-04-01,57,2003,24601.0,24601.0,495.7032045698819,0.07734812369940797,60,3,Current,Current,none,0,0.0,0.0,0.0,0,0.0,0.0,0,492
34570,2008-01-01,2007-09-01,4,2007,79357.0,79357.0,1919.8843183364738,0.07530215303101803,48,44,Current,Current,none,0,0.0,0.0,0.0,0,0.0,0.0,0,386
34578,2008-01-01,2003-10-01,51,2003,125281.0,125281.0,2568.886243013561,0.08476059245928697,60,9,Current,Current,none,0,0.0,0.0,0.0,0,0.0,0.0,0,665
34583,2008-01-01,2004-08-01,41,2004,15789.0,15789.0,401.0281981062519,0.10076243315554081,48,7,Current,Current,none,0,0.0,0.0,0.0,0,0.0,0.0,0,311
34585,2008-01-01,2004-08-01,41,2004,74274.0,74274.0,1316.8257649248887,0.0840020662978875,72,31,Current,Current,none,0,0.0,0.0,0.0,0,0.0,0.0,0,748
34611,2008-01-01,2006-10-01,15,2006,180046.0,180046.0,3794.4511955121216,0.0964930196108392,60,45,Current,Current,none,0,0.0,0.0,0.0,0,0.0,0.0,0,896
34618,2008-01-01,2005-09-01,28,2005,40808.0,40808.0,890.2729537253243,0.16225415216161537,72,44,Current,Current,none,0,0.0,0.0,0.0,0,0.0,0.0,0,850
34635,2008-01-01,2005-02-01,35,2005,37450.0,37450.0,910.2846992203054,0.15978561350236506,60,25,Current,Current,none,0,0.0,0.0,0.0,0,0.0,0.0,0,565
34636,2008-01-01,2007-11-01,2,2007,76200.0,76200.0,1672.200036521562,0.11404875577132315,60,58,Current,Current,none,0,0.0,0.0,0.0,0,0.0,0.0,0,703
34654,2008-01-01,2007-08-01,5,2007,56157.0,56157.0,1491.4921496353695,0.12458116743171993,48,43,Current,Current,none,0,0.0,0.0,0.0,0,0.0,0.0,0,852
34658,2008-01-01,2007-02-01,11,2007,16594.0,16594.0,360.22741355143455,0.10931531825233597,60,49,Current,Current,none,0,0.0,0.0,0.0,0,0.0,0.0,0,781
34663,2008-01-01,2007-10-01,3,2007,39763.0,39763.0,694.5162205898014,0.07862940931040775,72,69,Current,Current,none,0,0.0,0.0,0.0,0,0.0,0.0,0,417
34670,2008-01-01,2004-07-01,42,2004,182321.0,182321.0,3179.499732821606,0.07806726903958772,72,30,Current,Current,none,0,0.0,0.0,0.0,0,0.0,0.0,0,763
34677,2008-01-01,2007-08-01,5,2007,80776.0,80776.0,1885.9162432565433,0.14152681662197666,60,55,Current,Current,none,0,0.0,0.0,0.0,0,0.0,0.0,0,379
34679,2008-01-01,2002-03-01,70,2002,43909.0,43909.0,900.4264268009545,0.1381469991072421,72,2,Current,Current,none,0,0.0,0.0,0.0,0,0.0,0.0,0,220
34682,2008-01-01,2007-09-01,4,2007,19835.0,19835.0,667.6955232643204,0.1293466606382744,36,32,Current,Current,none,0,0.0,0.0,0.0,0,0.0,0.0,0,219
34684,2008-01-01,2006-09-01,16,2006,30271.0,30271.0,552.7189778246405,0.09468681664358176,72,56,Current,Current,none,0,0.0,0.0,0.0,0,0.0,0.0,0,660
34687,2008-01-01,2007-06-01,7,2007,53295.0,53295.0,936.552363794852,0.08081347908167574,72,65,Current,Current,none,0,0.0,0.0,0.0,0,0.0,0.0,0,933
34694,2008-01-01,2005-01-01,36,2005,41604.0,41604.0,1348.027639717816,0.10285502537689409,36,0,Current,Paid off,payoff,0,0.0,0.0,0.0,0,0.0,0.0,0,823
34696,2008-01-01,2007-09-01,4,2007,68091.0,68091.0,1395.7777416326883,0.08463016245619187,60,56,Current,Current,none,0,0.0,0.0,0.0,0,0.0,0.0,0,212
34698,2008-01-01,2006-12-01,13,2006,16737.0,16737.0,423.61394271320404,0.0989049826127267,48,35,Current,Current,none,0,0.0,0.0,0.0,0,0.0,0.0,0,724
34702,2008-01-01,2003-04-01,57,2003,97840.0,97840.0,2402.9153382206114,0.16453441777726194,60,3,Current,Current,none,0,0.0,0.0,0.0,0,0.0,0.0,0,425
34737,2008-01-01,2005-02-01,35,2005,67091.0,67091.0,1394.6046348019095,0.0905850647969073,60,25,Current,Current,none,0,0.0,0.0,0.0,0,0.0,0.0,0,756
34746,2008-01-01,2004-09-01,40,2004,36989.0,36989.0,785.8068341105235,0.099944996743779,60,20,Current,Current,none,0,0.0,0.0,0.0,0,0.0,0.0,0,644
34757,2008-01-01,2006-06-01,19,2006,59298.0,59298.0,1498.0609302982286,0.09792945189385746,48,29,Current,Current,none,0,0.0,0.0,0.0,0,0.0,0.0,0,802
34762,2008-01-01,2007-11-01,2,2007,119545.0,119545.0,2227.476588669253,0.10212061218929641,72,70,Current,Current,none,0,0.0,0.0,0.0,0,0.0,0.0,0,609
34771,2008-01-01,2004-05-01,44,2004,40167.0,40167.0,1035.860145055688,0.10883194998007686,48,4,Current,Current,none,0,0.0,0.0,0.0,0,0.0,0.0,0,779
34772,2008-01-01,2002-06-01,67,2002,53722.0,53722.0,948.0573745610095,0.08233494719071818,72,5,Current,Current,none,0,0.0,0.0,0.0,0,0.0,0.0,0,170
34773,2008-01-01,2004-03-01,46,2004,43699.0,43699.0,859.9412312383807,0.06739956095771085,60,14,Current,Current,none,0,0.0,0.0,0.0,0,0.0,0.0,0,367
34778,2008-01-01,2007-03-01,10,2007,33445.0,33445.0,811.6549915713232,0.07691457124224019,48,38,Current,Current,none,0,0.0,0.0,0.0,0,0.0,0.0,0,518
34785,2008-01-01,2006-12-01,13,2006,139401.0,139401.0,3058.04017245916,0.11389159335063886,60,47,Current,Current,none,0,0.0,0.0,0.0,0,0.0,0.0,0,622
34796,2008-01-01,2005-01-01,36,2005,92510.0,92510.0,2777.0633467177795,0.05107222060734749,36,0,Current,Matured,matured,0,0.0,0.0,0.0,0,0.0,0.0,0,924
34803,2008-01-01,2007-04-01,9,2007,24236.0,24236.0,485.09186484774995,0.07452413887962706,60,51,Current,Current,none,0,0.0,0.0,0.0,0,0.0,0.0,0,599
34816,2008-01-01,2005-08-01,29,2005,32930.0,32930.0,728.552455640002,0.11761825096979503,60,31,Current,Current,none,0,0.0,0.0,0.0,0,0.0,0.0,0,631
34834,2008-01-01,2007-09-01,4,2007,42156.0,42156.0,1056.741454470141,0.09383213947077491,48,44,Current,Current,none,0,0.0,0.0,0.0,0,0.0,0.0,0,521
34835,2008-01-01,2005-03-01,34,2005,23243.0,23243.0,631.8186358219417,0.13713905548384567,48,14,Current,Current,none,0,0.0,0.0,0.0,0,0.0,0.0,0,967
34842,2008-01-01,2007-09-01,4,2007,83047.0,83047.0,2076.0061494564006,0.1726996794352876,60,56,Current,Current,none,0,0.0,0.0,0.0,0,0.0,0.0,0,309
34843,2008-01-01,2003-10-01,51,2003,204590.0,204590.0,4822.833168826246,0.1458598497689173,60,9,Current,Current,none,0,0.0,0.0,0.0,0,0.0,0.0,0,692
34844,2008-01-01,2005-05-01,32,2005,47952.0,47952.0,987.4781215832965,0.08658596909993235,60,28,Current,Current,none,0,0.0,0.0,0.0,0,0.0,0.0,0,929
34848,2008-01-01,2007-02-01,11,2007,34383.0,34383.0,825.3057804688735,0.15405495598251628,60,49,Current,Current,none,0,0.0,0.0,0.0,0,0.0,0.0,0,378
34851,2008-01-01,2007-05-01,8,2007,52350.0,52350.0,1739.8710315310113,0.12044062303741304,36,28,Current,Current,none,0,0.0,0.0,0.0,0,0.0,0.0,0,446
34853,2008-01-01,2006-08-01,17,2006,49155.0,49155.0,1005.0709999582208,0.08355532523352395,60,43,Current,Current,none,0,0.0,0.0,0.0,0,0.0,0.0,0,466
34880,2008-01-01,2007-05-01,8,2007,15000.0,15000.0,265.84819050970935,0.08387827364674752,72,64,Current,Current,none,0,0.0,0.0,0.0,0,0.0,0.0,0,401
34887,2008-01-01,2007-01-01,12,2007,90960.0,90960.0,2272.810257003149,0.09214292344222208,48,36,Current,Current,none,0,0.0,0.0,0.0,0,0.0,0.0,0,602
34892,2008-01-01,2003-02-01,59,2003,39152.0,39152.0,824.1096731477727,0.0959635484678369,60,1,Current,Current,none,0,0.0,0.0,0.0,0,0.0,0.0,0,166
34897,2008-01-01,2007-11-01,2,2007,149516.0,149516.0,3554.8111525144623,0.1497242196610679,60,58,Current,Current,none,0,0.0,0.0,0.0,0,0.0,0.0,0,878
34900,2008-01-01,2007-04-01,9,2007,42122.0,42122.0,1339.5036527278255,0.0900180132289003,36,27,Current,Current,none,0,0.0,0.0,0.0,0,0.0,0.0,0,839
34902,2008-01-01,2004-03-01,46,2004,43223.0,43223.0,1075.30221109069,0.08985187843662873,48,2,Current,Current,none,0,0.0,0.0,0.0,0,0.0,0.0,0,484
34913,2008-01-01,2006-10-01,15,2006,98864.0,98864.0,3365.6841289423096,0.13723678061040515,36,21,Current,Current,none,0,0.0,0.0,0.0,0,0.0,0.0,0,595
34917,2008-01-01,2007-09-01,4,2007,30108.0,30108.0,709.9311883234014,0.06205771399841603,48,44,Current,Current,none,0,0.0,0.0,0.0,0,0.0,0.0,0,548
34918,2008-01-01,2006-04-01,21,2006,25827.0,25827.0,681.0728426759322,0.12074797066272815,48,27,Current,Current,none,0,0.0,0.0,0.0,0,0.0,0.0,0,172
34925,2008-01-01,2004-11-01,38,2004,21554.0,21554.0,545.7236670712273,0.17862900377581115,60,22,Current,Current,none,0,0.0,0.0,0.0,0,0.0,0.0,0,452
34928,2008-01-01,2005-08-01,29,2005,25700.0,25700.0,582.7033323894135,0.12843973665024988,60,31,Current,Current,none,0,0.0,0.0,0.0,0,0.0,0.0,0,827
34934,2008-01-01,2007-02-01,11,2007,50411.0,50411.0,1047.3618690067183,0.09037283825869523,60,49,Current,Current,none,0,0.0,0.0,0.0,0,0.0,0.0,0,383
34948,2008-01-01,2006-09-01,16,2006,61028.0,61028.0,1496.6704493396853,0.08237001243167592,48,32,Current,Current,none,0,0.0,0.0,0.0,0,0.0,0.0,0,774
34987,2008-01-01,2005-08-01,29,2005,42279.0,42279.0,912.9747917832512,0.10701890703345397,60,31,Current,Current,none,0,0.0,0.0,0.0,0,0.0,0.0,0,584
34990,2008-01-01,2007-10-01,3,2007,63773.0,63773.0,1142.7761120678229,0.0878584686847318,72,69,Current,Current,none,0,0.0,0.0,0.0,0,0.0,0.0,0,105
34992,2008-01-01,2004-03-01,46,2004,30366.0,30366.0,684.9519945946911,0.12615136384558914,60,14,Current,Current,none,0,0.0,0.0,0.0,0,0.0,0.0,0,922
35002,2008-01-01,2006-12-01,13,2006,96351.0,96351.0,2539.3473093502244,0.1204344862962266,48,35,Current,Current,none,0,0.0,0.0,0.0,0,0.0,0.0,0,360
35012,2008-01-01,2004-07-01,42,2004,248941.0,248941.0,5808.3479723443015,0.14123307003605362,60,18,Current,Current,none,0,0.0,0.0,0.0,0,0.0,0.0,0,871
35014,2008-01-01,2004-03-01,46,2004,115959.0,115959.0,2323.142844855588,0.07492057454443317,60,14,Current,Current,none,0,0.0,0.0,0.0,0,0.0,0.0,0,211
35034,2008-01-01,2007-03-01,10,2007,101187.0,101187.0,2030.7903063870574,0.0756673506461698,60,50,Current,Current,none,0,0.0,0.0,0.0,0,0.0,0.0,0,423
35038,2008-01-01,2007-02-01,11,2007,41038.0,41038.0,1363.0323528688346,0.1199915852956546,36,25,Current,Current,none,0,0.0,0.0,0.0,0,0.0,0.0,0,429
35050,2008-01-01,2004-08-01,41,2004,22680.0,22680.0,412.5036650322634,0.09326467976554863,72,31,Current,Current,none,0,0.0,0.0,0.0,0,0.0,0.0,0,821
35061,2008-01-01,2005-06-01,31,2005,11088.0,11088.0,221.7502001188294,0.07418233726778908,60,29,Current,Current,none,0,0.0,0.0,0.0,0,0.0,0.0,0,394
35072,2008-01-01,2004-03-01,46,2004,22314.0,22314.0,576.120478787287,0.10944935846920556,48,2,Current,Current,none,0,0.0,0.0,0.0,0,0.0,0.0,0,512
35080,2008-01-01,2004-05-01,44,2004,49656.0,49656.0,1259.737170286885,0.10013951489555589,48,4,Current,Current,none,0,0.0,0.0,0.0,0,0.0,0.0,0,353
35081,2008-01-01,2006-10-01,15,2006,22234.0,22234.0,559.2611573975679,0.09563393855050861,48,33,Current,Current,none,0,0.0,0.0,0.0,0,0.0,0.0,0,904
35082,2008-01-01,2006-09-01,16,2006,43942.0,43942.0,736.7604560074285,0.06409044085185917,72,56,Current,Current,none,0,0.0,0.0,0.0,0,0.0,0.0,0,282
35114,2008-01-01,2004-02-01,47,2004,54402.0,54402.0,1426.2981441232682,0.1176326792078553,48,1,Current,Current,none,0,0.0,0.0,0.0,0,0.0,0.0,0,811
35115,2008-01-01,2003-03-01,58,2003,45218.0,45218.0,963.4458103215458,0.1529709416000429,72,14,Current,Current,none,0,0.0,0.0,0.0,0,0.0,0.0,0,690
35123,2008-01-01,2006-06-01,19,2006,52802.0,52802.0,1616.252052767674,0.06413561412581635,36,17,Current,Current,none,0,0.0,0.0,0.0,0,0.0,0.0,0,495
35130,2008-01-01,2004-06-01,43,2004,64835.0,64835.0,1772.226179242643,0.1401580508607278,48,5,Current,Current,none,0,0.0,0.0,0.0,0,0.0,0.0,0,611
35133,2008-01-01,2005-09-01,28,2005,39200.0,39200.0,1025.4378087042232,0.11643480857471045,48,20,Current,Current,none,0,0.0,0.0,0.0,0,0.0,0.0,0,222
35134,2008-01-01,2006-04-01,21,2006,30272.0,30272.0,632.3807782355534,0.09270650945998492,60,39,Current,Current,none,0,0.0,0.0,0.0,0,0.0,0.0,0,881
35137,2008-01-01,2006-05-01,20,2006,71797.0,71797.0,1380.7522890032621,0.11383994974012718,72,52,Current,Current,none,0,0.0,0.0,0.0,0,0.0,0.0,0,192
35140,2008-01-01,2005-03-01,34,2005,72691.0,72691.0,1563.608027964286,0.10533175771908837,60,26,Current,Current,none,0,0.0,0.0,0.0,0,0.0,0.0,0,534
35143,2008-01-01,2007-10-01,3,2007,44594.0,44594.0,1145.3531797160945,0.1066682217915826,48,45,Current,Current,none,0,0.0,0.0,0.0,0,0.0,0.0,0,817
35153,2008-01-01,2006-12-01,13,2006,117036.0,117036.0,3113.9441211691055,0.12554113250795734,48,35,Current,Current,none,0,0.0,0.0,0.0,0,0.0,0.0,0,588
35155,2008-01-01,2006-10-01,15,2006,141254.0,141254.0,4564.744569845276,0.10103625338519238,36,21,Current,Current,none,0,0.0,0.0,0.0,0,0.0,0.0,0,799
35160,2008-01-01,2004-06-01,43,2004,28379.0,28379.0,583.186989716067,0.08569302108582974,60,17,Current,Current,none,0,0.0,0.0,0.0,0,0.0,0.0,0,731
35162,2008-01-01,2005-03-01,34,2005,90172.0,90172.0,2017.4048673416999,0.12253679701718909,60,26,Current,Current,none,0,0.0,0.0,0.0,0,0.0,0.0,0,284
35170,2008-01-01,2007-06-01,7,2007,90220.0,90220.0,2143.1323951531713,0.14932504529495724,60,53,Current,Current,none,0,0.0,0.0,0.0,0,0.0,0.0,0,256
35180,2008-01-01,2006-05-01,20,2006,33909.0,33909.0,793.5741563257021,0.14259595891097201,60,40,Current,Current,none,0,0.0,0.0,0.0,0,0.0,0.0,0,116
35199,2008-01-01,2007-06-01,7,2007,169485.0,169485.0,4145.160534488807,0.16261818665430647,60,53,Current,Current,none,0,0.0,0.0,0.0,0,0.0,0.0,0,220
35201,2008-01-01,2005-01-01,36,2005,70002.0,70002.0,1874.15000722853,0.12889746405238162,48,12,Current,Current,none,0,0.0,0.0,0.0,0,0.0,0.0,0,808
35208,2008-01-01,2006-10-01,15,2006,96336.0,96336.0,3005.661133134767,0.07703514268702145,36,21,Current,Current,none,0,0.0,0.0,0.0,0,0.0,0.0,0,784
35209,2008-01-01,2008-01-01,0,2008,87449.0,87449.0,1893.939798732829,0.10829821009391355,60,60,Current,Current,none,0,0.0,0.0,0.0,0,0.0,0.0,0,529
35210,2008-01-01,2004-03-01,46,2004,164552.0,164552.0,3186.210281486912,0.11638935432454624,72,26,Current,Current,none,0,0.0,0.0,0.0,0,0.0,0.0,0,341
35218,2008-01-01,2005-04-01,33,2005,44231.0,44231.0,861.4321377954016,0.06306745461865276,60,27,Current,Current,none,0,0.0,0.0,0.0,0,0.0,0.0,0,911
35225,2008-01-01,2005-08-01,29,2005,18195.0,18195.0,650.4399264327901,0.17191844252924784,36,7,Current,Current,none,0,0.0,0.0,0.0,0,0.0,0.0,0,833
35228,2008-01-01,2004-02-01,47,2004,39204.0,39204.0,833.9399117216611,0.10050307968403484,60,13,Current,Current,none,0,0.0,0.0,0.0,0,0.0,0.0,0,671
35235,2008-01-01,2006-05-01,20,2006,68291.0,68291.0,1177.1372184696281,0.07390375808902003,72,52,Current,Current,none,0,0.0,0.0,0.0,0,0.0,0.0,0,411
35237,2008-01-01,2004-12-01,37,2004,108313.0,108313.0,2632.781110236748,0.0777438591201303,48,11,Current,Current,none,0,0.0,0.0,0.0,0,0.0,0.0,0,399
35240,2008-01-01,2004-06-01,43,2004,59790.0,59790.0,1493.425116333389,0.09195216346128703,48,5,Current,Current,none,0,0.0,0.0,0.0,0,0.0,0.0,0,865
35241,2008-01-01,2006-05-01,20,2006,68476.0,68476.0,1544.5918723387072,0.12615423410150348,60,40,Current,Current,none,0,0.0,0.0,0.0,0,0.0,0.0,0,289
35245,2008-01-01,2005-11-01,26,2005,82849.0,82849.0,2303.5927014166878,0.1494862611715144,48,22,Current,Current,none,0,0.0,0.0,0.0,0,0.0,0.0,0,802
35248,2008-01-01,2007-03-01,10,2007,51945.0,51945.0,1283.7688301149865,0.08639045030755296,48,38,Current,Current,none,0,0.0,0.0,0.0,0,0.0,0.0,0,842
35252,2008-01-01,2007-08-01,5,2007,36457.0,36457.0,1153.1933143801682,0.08638174326765889,36,31,Current,Current,none,0,0.0,0.0,0.0,0,0.0,0.0,0,672
35257,2008-01-01,2007-05-01,8,2007,124256.0,124256.0,2592.2398237408247,0.09213423857094231,60,52,Current,Current,none,0,0.0,0.0,0.0,0,0.0,0.0,0,950
35268,2008-01-01,2002-10-01,63,2002,72593.0,72593.0,1227.0663440960707,0.06695925727184371,72,9,Current,Current,none,0,0.0,0.0,0.0,0,0.0,0.0,0,955
35278,2008-01-01,2007-12-01,1,2007,28746.0,28746.0,518.3617548733287,0.09013993301534784,72,71,Current,Current,none,0,0.0,0.0,0.0,0,0.0,0.0,0,616
35283,2008-01-01,2007-02-01,11,2007,144548.0,144548.0,3616.3351394255014,0.0928004579749252,48,37,Current,Current,none,0,0.0,0.0,0.0,0,0.0,0.0,0,510
35293,2008-01-01,2006-03-01,22,2006,100611.0,100611.0,2246.7843737305066,0.12171874346838775,60,38,Current,Current,none,0,0.0,0.0,0.0,0,0.0,0.0,0,932
35308,2008-01-01,2005-11-01,26,2005,61181.0,61181.0,1128.8629859456987,0.09851822862328316,72,46,Current,Current,none,0,0.0,0.0,0.0,0,0.0,0.0,0,848
35312,2008-01-01,2006-10-01,15,2006,46716.0,46716.0,1671.0832427218593,0.17237644273839392,36,21,Current,Current,none,0,0.0,0.0,0.0,0,0.0,0.0,0,990
35314,2008-01-01,2005-03-01,34,2005,75655.0,75655.0,1833.3077740070846,0.07614716182164759,48,14,Current,Current,none,0,0.0,0.0,0.0,0,0.0,0.0,0,674
35322,2008-01-01,2005-05-01,32,2005,40447.0,40447.0,945.197219140097,0.14193681265247485,60,28,Current,Current,none,0,0.0,0.0,0.0,0,0.0,0.0,0,579
35329,2008-01-01,2004-12-01,37,2004,34187.0,34187.0,578.4921875487046,0.06733673134930222,72,35,Current,Current,none,0,0.0,0.0,0.0,0,0.0,0.0,0,811
35345,2008-01-01,2004-04-01,45,2004,62497.0,62497.0,1383.7595466181274,0.11795441077399439,60,15,Current,Current,none,0,0.0,0.0,0.0,0,0.0,0.0,0,404
35346,2008-01-01,2006-09-01,16,2006,51683.0,51683.0,1040.0043505921365,0.07678239228996253,60,44,Current,Current,none,0,0.0,0.0,0.0,0,0.0,0.0,0,634
35360,2008-01-01,2004-09-01,40,2004,15615.0,15615.0,372.2674439885194,0.1509604354553206,60,20,Current,Current,none,0,0.0,0.0,0.0,0,0.0,0.0,0,939
35364,2008-01-01,2002-07-01,66,2002,39447.0,39447.0,861.6045325750769,0.162723754797175,72,6,Current,Current,none,0,0.0,0.0,0.0,0,0.0,0.0,0,977
35392,2008-01-01,2004-12-01,37,2004,130747.0,130747.0,2837.2289484475536,0.10915178367230192,60,23,Current,Current,none,0,0.0,0.0,0.0,0,0.0,0.0,0,778
35393,2008-01-01,2004-04-01,45,2004,84445.0,84445.0,2102.919093128787,0.09037443072035108,48,3,Current,Current,none,0,0.0,0.0,0.0,0,0.0,0.0,0,359
35400,2008-01-01,2006-11-01,14,2006,43641.0,43641.0,1186.5816349794322,0.13726756956088962,48,34,Current,Current,none,0,0.0,0.0,0.0,0,0.0,0.0,0,836
35403,2008-01-01,2004-11-01,38,2004,48201.0,48201.0,846.5481995863755,0.08060664288865917,72,34,Current,Current,none,0,0.0,0.0,0.0,0,0.0,0.0,0,541
35405,2008-01-01,2006-03-01,22,2006,83127.0,83127.0,2121.889654211157,0.103393769530546,48,26,Current,Current,none,0,0.0,0.0,0.0,0,0.0,0.0,0,449
35410,2008-01-01,2007-11-01,2,2007,29038.0,29038.0,668.7944634192106,0.13542405954092482,60,58,Current,Current,none,0,0.0,0.0,0.0,0,0.0,0.0,0,143
35419,2008-01-01,2007-03-01,10,2007,15354.0,15354.0,347.1996103723549,0.12725840441640304,60,50,Current,Current,none,0,0.0,0.0,0.0,0,0.0,0.0,0,324
35424,2008-01-01,2004-10-01,39,2004,55647.0,55647.0,1043.6682001288907,0.10453128736381034,72,33,Current,Current,none,0,0.0,0.0,0.0,0,0.0,0.0,0,849
35431,2008-01-01,2007-07-01,6,2007,58004.0,58004.0,1264.6392966274377,0.11120613003281093,60,54,Current,Current,none,0,0.0,0.0,0.0,0,0.0,0.0,0,285
35433,2008-01-01,2006-05-01,20,2006,73195.0,73195.0,1402.8305063019832,0.05639592285779202,60,40,Current,Current,none,0,0.0,0.0,0.0,0,0.0,0.0,0,833
35439,2008-01-01,2003-02-01,59,2003,42086.0,42086.0,1051.5009658941362,0.1724514350443608,60,1,Current,Current,none,0,0.0,0.0,0.0,0,0.0,0.0,0,250
35446,2008-01-01,2004-03-01,46,2004,39424.0,39424.0,791.7273655738855,0.07593418246976054,60,14,Current,Current,none,0,0.0,0.0,0.0,0,0.0,0.0,0,186
35451,2008-01-01,2005-02-01,35,2005,54568.0,54568.0,1098.0554048261574,0.0767812020670042,60,25,Current,Current,none,0,0.0,0.0,0.0,0,0.0,0.0,0,541
35457,2008-01-01,2007-01-01,12,2007,82453.0,82453.0,1848.0184576920178,0.1729845166206142,72,60,Current,Current,none,0,0.0,0.0,0.0,0,0.0,0.0,0,196
35461,2008-01-01,2003-03-01,58,2003,97513.0,97513.0,2028.4862553991807,0.09090311338956382,60,2,Current,Current,none,0,0.0,0.0,0.0,0,0.0,0.0,0,622
35463,2008-01-01,2006-12-01,13,2006,141468.0,141468.0,3689.054591266308,0.11475310766590051,48,35,Current,Current,none,0,0.0,0.0,0.0,0,0.0,0.0,0,926
35472,2008-01-01,2007-08-01,5,2007,19004.0,19004.0,466.6172361199579,0.1644219308744092,60,55,Current,Current,none,0,0.0,0.0,0.0,0,0.0,0.0,0,976
35475,2008-01-01,2007-08-01,5,2007,177811.0,177811.0,3952.327594867028,0.11966828998988166,60,55,Current,Current,none,0,0.0,0.0,0.0,0,0.0,0.0,0,901
35492,2008-01-01,2007-03-01,10,2007,48430.0,48430.0,1140.5686771606752,0.1454329028884962,60,50,30 DPD,Delinquent,none,0,0.0,0.0,0.0,1,0.0,0.0,0,220
35494,2008-01-01,2004-06-01,43,2004,44427.0,44427.0,754.0424040040998,0.06840699567015496,72,29,Current,Current,none,0,0.0,0.0,0.0,0,0.0,0.0,0,578
35512,2008-01-01,2005-10-01,27,2005,73018.0,73018.0,1856.676634635035,0.10135397325139944,48,21,Current,Paid off,payoff,0,0.0,0.0,0.0,0,0.0,0.0,0,594
35514,2008-01-01,2007-04-01,9,2007,38418.0,38418.0,1245.4282690360785,0.10320420611366159,36,27,Current,Current,none,0,0.0,0.0,0.0,0,0.0,0.0,0,464
35528,2008-01-01,2003-08-01,53,2003,40462.0,40462.0,834.7714609393106,0.08737108861187329,60,7,Current,Current,none,0,0.0,0.0,0.0,0,0.0,0.0,0,656
35539,2008-01-01,2006-12-01,13,2006,71491.0,71491.0,1816.1325878366822,0.10085477959936696,48,35,Current,Current,none,0,0.0,0.0,0.0,0,0.0,0.0,0,125
35544,2008-01-01,2003-03-01,58,2003,32607.0,32607.0,707.7481119654866,0.10925733638810721,60,2,Current,Current,none,0,0.0,0.0,0.0,0,0.0,0.0,0,735
35554,2008-01-01,2004-09-01,40,2004,191656.0,191656.0,4994.239081200139,0.11437192607777376,48,8,Current,Current,none,0,0.0,0.0,0.0,0,0.0,0.0,0,556
35557,2008-01-01,2006-12-01,13,2006,119569.0,119569.0,2736.0004772110756,0.13251818747382046,60,47,Current,Current,none,0,0.0,0.0,0.0,0,0.0,0.0,0,898
35575,2008-01-01,2003-04-01,57,2003,25475.0,25475.0,490.22448883459475,0.05807365721680119,60,3,Current,Current,none,0,0.0,0.0,0.0,0,0.0,0.0,0,524
35581,2008-01-01,2007-12-01,1,2007,78750.0,78750.0,1817.347286262022,0.13631068366330096,60,59,Current,Current,none,0,0.0,0.0,0.0,0,0.0,0.0,0,428
35582,2008-01-01,2003-07-01,54,2003,50398.0,50398.0,1086.9263825604137,0.10647125311328406,60,6,Current,Current,none,0,0.0,0.0,0.0,0,0.0,0.0,0,501
35586,2008-01-01,2003-07-01,54,2003,143588.0,143588.0,3373.668679907048,0.14437095715874795,60,6,Current,Current,none,0,0.0,0.0,0.0,0,0.0,0.0,0,856
35597,2008-01-01,2006-11-01,14,2006,33511.0,33511.0,876.0197757763705,0.11606941046765773,48,34,Current,Current,none,0,0.0,0.0,0.0,0,0.0,0.0,0,674
35599,2008-01-01,2008-01-01,0,2008,20684.0,20684.0,505.1894974657417,0.08023954749331763,48,48,Current,Current,none,0,0.0,0.0,0.0,0,0.0,0.0,0,865
35601,2008-01-01,2008-01-01,0,2008,59684.0,59684.0,1986.9623250689788,0.12161238893971824,36,36,Current,Current,none,0,0.0,0.0,0.0,0,0.0,0.0,0,971
35607,2008-01-01,2003-03-01,58,2003,187427.0,187427.0,3970.56792774049,0.09873001355830759,60,2,Current,Current,none,0,0.0,0.0,0.0,0,0.0,0.0,0,109
35610,2008-01-01,2003-02-01,59,2003,43492.0,43492.0,896.7907761059349,0.08713682036964622,60,1,Current,Current,none,0,0.0,0.0,0.0,0,0.0,0.0,0,431
35617,2008-01-01,2006-01-01,24,2006,46192.0,46192.0,1548.213028477414,0.12631863944313657,36,12,Current,Current,none,0,0.0,0.0,0.0,0,0.0,0.0,0,361
35628,2008-01-01,2007-12-01,1,2007,33817.0,33817.0,1118.9790033187626,0.11737858725502448,36,35,Current,Current,none,0,0.0,0.0,0.0,0,0.0,0.0,0,391
35632,2008-01-01,2006-07-01,18,2006,86507.0,86507.0,2150.5179304445837,0.17012815680112817,60,42,Current,Current,none,0,0.0,0.0,0.0,0,0.0,0.0,0,825
35645,2008-01-01,2003-11-01,50,2003,86673.0,86673.0,1642.4623877154856,0.10835840223397075,72,22,Current,Current,none,0,0.0,0.0,0.0,0,0.0,0.0,0,604
35658,2008-01-01,2003-12-01,49,2003,114433.0,114433.0,2155.6237215885108,0.10614922452605495,72,23,Current,Current,none,0,0.0,0.0,0.0,0,0.0,0.0,0,586
35660,2008-01-01,2006-07-01,18,2006,134781.0,134781.0,2821.3256032526133,0.14607912242341067,72,54,Current,Current,none,0,0.0,0.0,0.0,0,0.0,0.0,0,938
35664,2008-01-01,2005-03-01,34,2005,195487.0,195487.0,5428.036275970461,0.14873640698098042,48,14,Current,Current,none,0,0.0,0.0,0.0,0,0.0,0.0,0,210
35665,2008-01-01,2007-05-01,8,2007,26808.0,26808.0,467.60878848089317,0.07814659919121415,72,64,Current,Current,none,0,0.0,0.0,0.0,0,0.0,0.0,0,236
35680,2008-01-01,2007-07-01,6,2007,150662.0,150662.0,3594.6098922690244,0.06811245220820054,48,42,Current,Current,none,0,0.0,0.0,0.0,0,0.0,0.0,0,813
35691,2008-01-01,2006-07-01,18,2006,77536.0,77536.0,1743.3171803964271,0.12472534622867842,60,42,Current,Current,none,0,0.0,0.0,0.0,0,0.0,0.0,0,253
35697,2008-01-01,2007-02-01,11,2007,25682.0,25682.0,587.2879318938998,0.1322357463283079,60,49,Current,Current,none,0,0.0,0.0,0.0,0,0.0,0.0,0,726
35710,2008-01-01,2005-02-01,35,2005,69632.0,69632.0,1219.9049694791693,0.07971474047849188,72,37,Current,Current,none,0,0.0,0.0,0.0,0,0.0,0.0,0,660
35711,2008-01-01,2005-07-01,30,2005,36614.0,36614.0,1163.8001412229396,0.08969758219169119,36,6,Current,Current,none,0,0.0,0.0,0.0,0,0.0,0.0,0,262
35712,2008-01-01,2006-10-01,15,2006,43536.0,43536.0,970.2556695253849,0.12082745341185705,60,45,Current,Current,none,0,0.0,0.0,0.0,0,0.0,0.0,0,606
35720,2008-01-01,2007-07-01,6,2007,70443.0,70443.0,1417.59592840386,0.07680882030292238,60,54,Current,Current,none,0,0.0,0.0,0.0,0,0.0,0.0,0,883
35727,2008-01-01,2007-10-01,3,2007,18329.0,18329.0,482.89596351577256,0.12024786582727631,48,45,Current,Current,none,0,0.0,0.0,0.0,0,0.0,0.0,0,838
35733,2008-01-01,2007-09-01,4,2007,111094.0,111094.0,2647.796580737442,0.06757374953878352,48,44,Current,Current,none,0,0.0,0.0,0.0,0,0.0,0.0,0,341
35741,2008-01-01,2003-04-01,57,2003,35623.0,35623.0,794.3497721522361,0.12107460937460393,60,3,Current,Current,none,0,0.0,0.0,0.0,0,0.0,0.0,0,151
35744,2008-01-01,2004-06-01,43,2004,33289.0,33289.0,715.4843204814496,0.10498415502710878,60,17,Current,Current,none,0,0.0,0.0,0.0,0,0.0,0.0,0,786
35754,2008-01-01,2003-08-01,53,2003,69044.0,69044.0,1360.0212331282237,0.06780690873729793,60,7,Current,Current,none,0,0.0,0.0,0.0,0,0.0,0.0,0,627
35762,2008-01-01,2007-08-01,5,2007,61716.0,61716.0,1495.061460809075,0.15824411830848303,60,55,Current,Current,none,0,0.0,0.0,0.0,0,0.0,0.0,0,304
35766,2008-01-01,2005-09-01,28,2005,34717.0,34717.0,825.3498693810341,0.06627173776851676,48,20,Current,Current,none,0,0.0,0.0,0.0,0,0.0,0.0,0,615
35770,2008-01-01,2005-04-01,33,2005,51419.0,51419.0,1269.434766787231,0.08584143554227548,48,15,Current,Current,none,0,0.0,0.0,0.0,0,0.0,0.0,0,399
35783,2008-01-01,2004-10-01,39,2004,95880.0,95880.0,1762.1068143115197,0.09706656964995802,72,33,Current,Current,none,0,0.0,0.0,0.0,0,0.0,0.0,0,303
35786,2008-01-01,2005-02-01,35,2005,17679.0,17679.0,655.0031812276554,0.1977646998032194,36,1,30 DPD,Delinquent,none,0,0.0,0.0,0.0,1,0.0,0.0,0,396
35799,2008-01-01,2007-09-01,4,2007,31362.0,31362.0,573.71618473914,0.09537293724280972,72,68,Current,Current,none,0,0.0,0.0,0.0,0,0.0,0.0,0,666
35822,2008-01-01,2003-05-01,56,2003,38988.0,38988.0,906.7080092118497,0.13976518638875043,60,4,Current,Current,none,0,0.0,0.0,0.0,0,0.0,0.0,0,799
35842,2008-01-01,2003-08-01,53,2003,75150.0,75150.0,1401.808427680991,0.10252599090344888,72,19,Current,Current,none,0,0.0,0.0,0.0,0,0.0,0.0,0,479
35843,2008-01-01,2005-01-01,36,2005,13486.0,13486.0,322.06245561691316,0.151737748093208,60,24,Current,Current,none,0,0.0,0.0,0.0,0,0.0,0.0,0,671
35847,2008-01-01,2003-03-01,58,2003,41200.0,41200.0,924.0682005306364,0.12364027711497992,60,2,Current,Current,none,0,0.0,0.0,0.0,0,0.0,0.0,0,374
35854,2008-01-01,2006-01-01,24,2006,64938.0,64938.0,2155.447289585304,0.11954092940422807,36,12,Current,Current,none,0,0.0,0.0,0.0,0,0.0,0.0,0,710
35855,2008-01-01,2004-07-01,42,2004,56704.0,56704.0,1309.1590003417941,0.13650772676130066,60,18,Current,Current,none,0,0.0,0.0,0.0,0,0.0,0.0,0,833
35858,2008-01-01,2005-01-01,36,2005,53310.0,53310.0,1126.4444084728912,0.14972491102950936,72,36,Current,Current,none,0,0.0,0.0,0.0,0,0.0,0.0,0,145
35861,2008-01-01,2004-12-01,37,2004,97372.0,97372.0,1936.6462794207937,0.0718616575680527,60,23,Current,Current,none,0,0.0,0.0,0.0,0,0.0,0.0,0,424
35886,2008-01-01,2004-02-01,47,2004,87579.0,87579.0,1815.532924022135,0.08942028769565076,60,13,Current,Current,none,0,0.0,0.0,0.0,0,0.0,0.0,0,102
35901,2008-01-01,2006-08-01,17,2006,53336.0,53336.0,1447.1144184971831,0.13611592766929265,48,31,Current,Current,none,0,0.0,0.0,0.0,0,0.0,0.0,0,189
35907,2008-01-01,2005-03-01,34,2005,33915.0,33915.0,703.6339324832127,0.08976564567836845,60,26,Current,Current,none,0,0.0,0.0,0.0,0,0.0,0.0,0,918
35940,2008-01-01,2007-10-01,3,2007,71303.0,71303.0,1304.8446984254708,0.09550561672556887,72,69,Current,Current,none,0,0.0,0.0,0.0,0,0.0,0.0,0,274
35956,2008-01-01,2005-09-01,28,2005,45491.0,45491.0,929.7600156835745,0.1368665514413695,72,44,Current,Current,none,0,0.0,0.0,0.0,0,0.0,0.0,0,180
35964,2008-01-01,2005-08-01,29,2005,75293.0,75293.0,1495.8898040474246,0.07140558374055289,60,31,Current,Current,none,0,0.0,0.0,0.0,0,0.0,0.0,0,179
35971,2008-01-01,2007-04-01,9,2007,38929.0,38929.0,666.3461714352596,0.07141348483717527,72,63,Current,Current,none,0,0.0,0.0,0.0,0,0.0,0.0,0,424
35975,2008-01-01,2005-11-01,26,2005,52938.0,52938.0,920.8217098360823,0.07714861350138875,72,46,Current,Current,none,0,0.0,0.0,0.0,0,0.0,0.0,0,795
35976,2008-01-01,2004-01-01,48,2004,50719.0,50719.0,1138.5252456571313,0.1240117822338179,60,12,Current,Current,none,0,0.0,0.0,0.0,0,0.0,0.0,0,692
35981,2008-01-01,2004-05-01,44,2004,47018.0,47018.0,1325.9199006605584,0.15726223563975686,48,4,Current,Current,none,0,0.0,0.0,0.0,0,0.0,0.0,0,934
35990,2008-01-01,2005-02-01,35,2005,31666.0,31666.0,823.4302847608358,0.11324944566190445,48,13,Current,Current,none,0,0.0,0.0,0.0,0,0.0,0.0,0,674
35991,2008-01-01,2007-07-01,6,2007,128841.0,128841.0,2515.483072941872,0.11949484626992167,72,66,Current,Current,none,0,0.0,0.0,0.0,0,0.0,0.0,0,713
35994,2008-01-01,2007-07-01,6,2007,33372.0,33372.0,592.2104608798022,0.08433630714416389,72,66,Current,Current,none,0,0.0,0.0,0.0,0,0.0,0.0,0,979
35997,2008-01-01,2005-11-01,26,2005,97748.0,97748.0,2344.5724662086786,0.07085402028676273,48,22,Current,Current,none,0,0.0,0.0,0.0,0,0.0,0.0,0,496
36013,2008-01-01,2003-08-01,53,2003,36797.0,36797.0,860.5352309191078,0.14226831684876515,60,7,Current,Current,none,0,0.0,0.0,0.0,0,0.0,0.0,0,499
36017,2008-01-01,2007-10-01,3,2007,74549.0,74549.0,1257.5586411748916,0.06623697448670503,72,69,Current,Current,none,0,0.0,0.0,0.0,0,0.0,0.0,0,461
36040,2008-01-01,2005-01-01,36,2005,196643.0,196643.0,5158.703879715365,0.11796143064784613,48,12,Current,Current,none,0,0.0,0.0,0.0,0,0.0,0.0,0,183
36055,2008-01-01,2005-09-01,28,2005,24100.0,24100.0,648.2725376290954,0.13144510057631326,48,20,Current,Current,none,0,0.0,0.0,0.0,0,0.0,0.0,0,142
36061,2008-01-01,2007-12-01,1,2007,54054.0,54054.0,953.9647388247445,0.08235321621257544,72,71,Current,Current,none,0,0.0,0.0,0.0,0,0.0,0.0,0,488
36080,2008-01-01,2004-05-01,44,2004,60458.0,60458.0,1315.539304244469,0.11034348950013786,60,16,Current,Current,none,0,0.0,0.0,0.0,0,0.0,0.0,0,738
36082,2008-01-01,2005-06-01,31,2005,44965.0,44965.0,1492.439623306558,0.11951479627714388,36,5,Current,Current,none,0,0.0,0.0,0.0,0,0.0,0.0,0,536
36085,2008-01-01,2005-06-01,31,2005,73767.0,73767.0,1630.7586154424807,0.11727292797360622,60,29,Current,Current,none,0,0.0,0.0,0.0,0,0.0,0.0,0,395
36091,2008-01-01,2007-01-01,12,2007,45397.0,45397.0,1170.3906790602998,0.10867521015839543,48,36,Current,Current,none,0,0.0,0.0,0.0,0,0.0,0.0,0,655
36096,2008-01-01,2005-03-01,34,2005,71461.0,71461.0,1536.4034308035366,0.10512084088747169,60,26,Current,Current,none,0,0.0,0.0,0.0,0,0.0,0.0,0,424
36097,2008-01-01,2007-10-01,3,2007,19443.0,19443.0,436.3094832281544,0.12386872197864447,60,57,Current,Current,none,0,0.0,0.0,0.0,0,0.0,0.0,0,727
36101,2008-01-01,2007-12-01,1,2007,117022.0,117022.0,4026.090122457959,0.14466327077009777,36,35,Current,Current,none,0,0.0,0.0,0.0,0,0.0,0.0,0,565
36105,2008-01-01,2002-11-01,62,2002,34331.0,34331.0,634.2545084497712,0.0989848761994714,72,10,Current,Current,none,0,0.0,0.0,0.0,0,0.0,0.0,0,759
36106,2008-01-01,2004-09-01,40,2004,33940.0,33940.0,901.9567625573733,0.12489948658219713,48,8,Current,Current,none,0,0.0,0.0,0.0,0,0.0,0.0,0,264
36108,2008-01-01,2005-06-01,31,2005,24286.0,24286.0,417.3883229118304,0.07285388109485323,72,41,Current,Current,none,0,0.0,0.0,0.0,0,0.0,0.0,0,186
36111,2008-01-01,2007-09-01,4,2007,14422.0,14422.0,350.9718857668498,0.07835688908203903,48,44,Current,Current,none,0,0.0,0.0,0.0,0,0.0,0.0,0,806
36119,2008-01-01,2005-02-01,35,2005,32381.0,32381.0,730.2580901079425,0.12606324437534977,60,25,Current,Current,none,0,0.0,0.0,0.0,0,0.0,0.0,0,111
36122,2008-01-01,2006-10-01,15,2006,66000.0,66000.0,1498.8429473168999,0.12915307504174764,60,45,Current,Current,none,0,0.0,0.0,0.0,0,0.0,0.0,0,471
36147,2008-01-01,2007-01-01,12,2007,38746.0,38746.0,779.9595106024033,0.07693582121635778,60,48,Current,Current,none,0,0.0,0.0,0.0,0,0.0,0.0,0,669
36148,2008-01-01,2007-12-01,1,2007,40858.0,40858.0,843.2933337321787,0.08754922673940684,60,59,Current,Current,none,0,0.0,0.0,0.0,0,0.0,0.0,0,868
36158,2008-01-01,2005-08-01,29,2005,82110.0,82110.0,1776.0461790562276,0.10774400396071232,60,31,Current,Current,none,0,0.0,0.0,0.0,0,0.0,0.0,0,982
36161,2008-01-01,2006-05-01,20,2006,80159.0,80159.0,2010.2648520411888,0.09406409973265302,48,28,Current,Current,none,0,0.0,0.0,0.0,0,0.0,0.0,0,797
36175,2008-01-01,2006-09-01,16,2006,22367.0,22367.0,512.5948029437266,0.1332046587741467,60,44,Current,Current,none,0,0.0,0.0,0.0,0,0.0,0.0,0,950
36183,2008-01-01,2006-05-01,20,2006,25620.0,25620.0,707.0203683596224,0.14536621121058046,48,28,Current,Current,none,0,0.0,0.0,0.0,0,0.0,0.0,0,386
36185,2008-01-01,2003-04-01,57,2003,32016.0,32016.0,633.1988386795484,0.12435829851572364,72,15,Current,Current,none,0,0.0,0.0,0.0,0,0.0,0.0,0,134
36186,2008-01-01,2005-11-01,26,2005,29470.0,29470.0,571.4330479549225,0.06123610015052024,60,34,Current,Current,none,0,0.0,0.0,0.0,0,0.0,0.0,0,663
36199,2008-01-01,2003-03-01,58,2003,60333.0,60333.0,1275.2254136216027,0.0977488719895673,60,2,Current,Current,none,0,0.0,0.0,0.0,0,0.0,0.0,0,733
36201,2008-01-01,2003-04-01,57,2003,86637.0,86637.0,1892.7789376928959,0.11209874097174685,60,3,Current,Current,none,0,0.0,0.0,0.0,0,0.0,0.0,0,459
36202,2008-01-01,2005-11-01,26,2005,84659.0,84659.0,1896.9201019610966,0.12320207277940265,60,34,Current,Current,none,0,0.0,0.0,0.0,0,0.0,0.0,0,767
36213,2008-01-01,2003-03-01,58,2003,49498.0,49498.0,1069.0058442765664,0.10707731538635265,60,2,Current,Current,none,0,0.0,0.0,0.0,0,0.0,0.0,0,505
36258,2008-01-01,2007-05-01,8,2007,50076.0,50076.0,1194.7264758490842,0.15130079514978728,60,52,Current,Current,none,0,0.0,0.0,0.0,0,0.0,0.0,0,878
36281,2008-01-01,2005-03-01,34,2005,36978.0,36978.0,1346.266024129666,0.18506952292561324,36,2,Current,Current,none,0,0.0,0.0,0.0,0,0.0,0.0,0,715
36292,2008-01-01,2007-01-01,12,2007,222286.0,222286.0,4930.7506680976485,0.11876346052775846,60,48,Current,Current,none,0,0.0,0.0,0.0,0,0.0,0.0,0,870
36303,2008-01-01,2007-07-01,6,2007,21011.0,21011.0,555.7050181452055,0.12232813891685122,48,42,Current,Current,none,0,0.0,0.0,0.0,0,0.0,0.0,0,362
36307,2008-01-01,2005-08-01,29,2005,60769.0,60769.0,1337.148764706133,0.16564448166809254,72,43,Current,Current,none,0,0.0,0.0,0.0,0,0.0,0.0,0,611
36328,2008-01-01,2007-03-01,10,2007,18236.0,18236.0,478.1779214130121,0.11771217309289889,48,38,Current,Current,none,0,0.0,0.0,0.0,0,0.0,0.0,0,156
36350,2008-01-01,2007-04-01,9,2007,44554.0,44554.0,782.2324901316691,0.08048544456467352,72,63,Current,Current,none,0,0.0,0.0,0.0,0,0.0,0.0,0,733
36358,2008-01-01,2005-04-01,33,2005,36079.0,36079.0,1157.5391944808086,0.09608005247495222,36,3,Current,Current,none,0,0.0,0.0,0.0,0,0.0,0.0,0,235
36369,2008-01-01,2005-02-01,35,2005,44787.0,44787.0,779.7443855801979,0.07747196015536466,72,37,Current,Current,none,0,0.0,0.0,0.0,0,0.0,0.0,0,387
36371,2008-01-01,2005-01-01,36,2005,96080.0,96080.0,2637.0938400060627,0.14239671569991993,48,12,Current,Current,none,0,0.0,0.0,0.0,0,0.0,0.0,0,705
36373,2008-01-01,2006-07-01,18,2006,47743.0,47743.0,1116.5120153172372,0.14226567936055529,60,42,Current,Current,none,0,0.0,0.0,0.0,0,0.0,0.0,0,291
36388,2008-01-01,2003-03-01,58,2003,53366.0,53366.0,1076.3916708721597,0.13181432142333854,72,14,Current,Current,none,0,0.0,0.0,0.0,0,0.0,0.0,0,205
36394,2008-01-01,2002-11-01,62,2002,30357.0,30357.0,548.0340929360616,0.09055254592069284,72,10,Current,Current,none,0,0.0,0.0,0.0,0,0.0,0.0,0,368
36404,2008-01-01,2007-01-01,12,2007,40226.0,40226.0,1374.5226838565688,0.1398430339816396,36,24,Current,Current,none,0,0.0,0.0,0.0,0,0.0,0.0,0,261
36410,2008-01-01,2005-10-01,27,2005,74406.0,74406.0,1768.7346206181544,0.14964686743731506,60,33,Current,Current,none,0,0.0,0.0,0.0,0,0.0,0.0,0,298
36411,2008-01-01,2005-06-01,31,2005,47385.0,47385.0,1471.4004186121235,0.07381948835316803,36,5,Current,Current,none,0,0.0,0.0,0.0,0,0.0,0.0,0,733
36415,2008-01-01,2003-08-01,53,2003,66600.0,66600.0,1452.9506005883463,0.11147540386318235,60,7,Current,Current,none,0,0.0,0.0,0.0,0,0.0,0.0,0,404
36433,2008-01-01,2006-06-01,19,2006,186937.0,186937.0,6055.268672158352,0.1026560028398458,36,17,Current,Current,none,0,0.0,0.0,0.0,0,0.0,0.0,0,660
36440,2008-01-01,2006-06-01,19,2006,58652.0,58652.0,1080.1080562860063,0.09780892701291173,72,53,Current,Current,none,0,0.0,0.0,0.0,0,0.0,0.0,0,877
36443,2008-01-01,2005-08-01,29,2005,23230.0,23230.0,652.3848448144443,0.15497767272029772,48,19,Current,Current,none,0,0.0,0.0,0.0,0,0.0,0.0,0,191
36473,2008-01-01,2005-01-01,36,2005,22679.0,22679.0,403.19831286247506,0.08500208526676473,72,36,Current,Current,none,0,0.0,0.0,0.0,0,0.0,0.0,0,639
36479,2008-01-01,2003-07-01,54,2003,41007.0,41007.0,785.1391919737979,0.055980836953562645,60,6,Current,Current,none,0,0.0,0.0,0.0,0,0.0,0.0,0,458
36484,2008-01-01,2005-09-01,28,2005,75095.0,75095.0,1368.1961263816538,0.09389662070414659,72,44,Current,Current,none,0,0.0,0.0,0.0,0,0.0,0.0,0,735
36491,2008-01-01,2003-11-01,50,2003,44655.0,44655.0,933.8872542071246,0.09318729008128808,60,10,Current,Current,none,0,0.0,0.0,0.0,0,0.0,0.0,0,942
36498,2008-01-01,2005-07-01,30,2005,49899.0,49899.0,1417.1295412461077,0.16116454562525204,48,18,Current,Current,none,0,0.0,0.0,0.0,0,0.0,0.0,0,414
36502,2008-01-01,2006-02-01,23,2006,96224.0,96224.0,2595.439325389616,0.13292482054317767,48,25,Current,Current,none,0,0.0,0.0,0.0,0,0.0,0.0,0,360
36508,2008-01-01,2006-10-01,15,2006,41602.0,41602.0,1289.3726273971274,0.07253306238768382,36,21,Current,Current,none,0,0.0,0.0,0.0,0,0.0,0.0,0,409
36513,2008-01-01,2005-06-01,31,2005,41482.0,41482.0,1136.1419884443396,0.1412415018431677,48,17,Current,Current,none,0,0.0,0.0,0.0,0,0.0,0.0,0,740
36516,2008-01-01,2006-11-01,14,2006,66006.0,66006.0,1418.1317233059754,0.10481811219507162,60,46,Current,Current,none,0,0.0,0.0,0.0,0,0.0,0.0,0,449
36517,2008-01-01,2004-08-01,41,2004,54887.0,54887.0,1303.726378928546,0.149294573495666,60,19,Current,Current,none,0,0.0,0.0,0.0,0,0.0,0.0,0,986
36529,2008-01-01,2003-09-01,52,2003,40509.0,40509.0,855.8863310871611,0.14969218684526805,72,20,Current,Current,none,0,0.0,0.0,0.0,0,0.0,0.0,0,865
36536,2008-01-01,2006-09-01,16,2006,63364.0,63364.0,1376.1010739688888,0.16046401131541707,72,56,Current,Current,none,0,0.0,0.0,0.0,0,0.0,0.0,0,355
36539,2008-01-01,2007-01-01,12,2007,44595.0,44595.0,958.9710989313912,0.10520394730635012,60,48,Current,Current,none,0,0.0,0.0,0.0,0,0.0,0.0,0,174
36544,2008-01-01,2005-09-01,28,2005,7541.0,7541.0,166.70989220207824,0.11727785111775599,60,32,Current,Current,none,0,0.0,0.0,0.0,0,0.0,0.0,0,676
36558,2008-01-01,2006-07-01,18,2006,71752.0,71752.0,2408.882430820053,0.12747245208463215,36,18,Current,Current,none,0,0.0,0.0,0.0,0,0.0,0.0,0,408
36569,2008-01-01,2005-12-01,25,2005,90889.0,90889.0,1958.686978223309,0.10613803176239855,60,35,Current,Current,none,0,0.0,0.0,0.0,0,0.0,0.0,0,722
36593,2008-01-01,2004-07-01,42,2004,62404.0,62404.0,1131.3192500602609,0.09208023350414157,72,30,Current,Current,none,0,0.0,0.0,0.0,0,0.0,0.0,0,592
36595,2008-01-01,2006-03-01,22,2006,89268.0,89268.0,2269.961434884146,0.1013738584566153,48,26,Current,Current,none,0,0.0,0.0,0.0,0,0.0,0.0,0,229
36604,2008-01-01,2004-11-01,38,2004,53141.0,53141.0,1143.60916473734,0.10553230882586918,60,22,Current,Current,none,0,0.0,0.0,0.0,0,0.0,0.0,0,102
36620,2008-01-01,2003-02-01,59,2003,87257.0,87257.0,1496.3334893855088,0.07206999355099311,72,13,Current,Current,none,0,0.0,0.0,0.0,0,0.0,0.0,0,883
36624,2008-01-01,2006-05-01,20,2006,40107.0,40107.0,1135.8127532253282,0.15959541170662755,48,28,Current,Current,none,0,0.0,0.0,0.0,0,0.0,0.0,0,357
36628,2008-01-01,2007-04-01,9,2007,175278.0,175278.0,4433.356503495799,0.09855585525507987,48,39,Current,Current,none,0,0.0,0.0,0.0,0,0.0,0.0,0,122
36630,2008-01-01,2005-03-01,34,2005,69748.0,69748.0,1595.0899596909346,0.13226773462395094,60,26,Current,Current,none,0,0.0,0.0,0.0,0,0.0,0.0,0,112
36633,2008-01-01,2002-09-01,64,2002,258354.0,258354.0,5028.648264249036,0.11834390029159957,72,8,Current,Current,none,0,0.0,0.0,0.0,0,0.0,0.0,0,589
36641,2008-01-01,2007-10-01,3,2007,76214.0,76214.0,1536.6322547816928,0.13166470934670643,72,69,Current,Current,none,0,0.0,0.0,0.0,0,0.0,0.0,0,927
36655,2008-01-01,2005-05-01,32,2005,71603.0,71603.0,1943.9298657878876,0.1364497971904628,48,16,Current,Current,none,0,0.0,0.0,0.0,0,0.0,0.0,0,969
36661,2008-01-01,2006-06-01,19,2006,17468.0,17468.0,342.9679777822362,0.12161105113789183,72,53,Current,Current,none,0,0.0,0.0,0.0,0,0.0,0.0,0,184
36676,2008-01-01,2004-12-01,37,2004,48206.0,48206.0,969.4710711919719,0.07653569319244746,60,23,Current,Current,none,0,0.0,0.0,0.0,0,0.0,0.0,0,680
36677,2008-01-01,2007-10-01,3,2007,97171.0,97171.0,1753.7762426319812,0.09045948491873568,72,69,Current,Current,none,0,0.0,0.0,0.0,0,0.0,0.0,0,188
36690,2008-01-01,2006-07-01,18,2006,119839.0,119839.0,3947.901845860801,0.11431380653159852,36,18,Current,Current,none,0,0.0,0.0,0.0,0,0.0,0.0,0,477
36710,2008-01-01,2004-10-01,39,2004,72728.0,72728.0,1455.3158008816283,0.0744198649464094,60,21,Current,Paid off,payoff,0,0.0,0.0,0.0,0,0.0,0.0,0,928
36716,2008-01-01,2005-11-01,26,2005,135392.0,135392.0,3299.285777713905,0.07905088767682374,48,22,Current,Current,none,0,0.0,0.0,0.0,0,0.0,0.0,0,488
36724,2008-01-01,2006-01-01,24,2006,51343.0,51343.0,991.9340973147608,0.11555385121801516,72,48,Current,Current,none,0,0.0,0.0,0.0,0,0.0,0.0,0,141
36730,2008-01-01,2006-12-01,13,2006,59239.0,59239.0,2079.9306627686838,0.1590638674245092,36,23,Current,Current,none,0,0.0,0.0,0.0,0,0.0,0.0,0,974
36737,2008-01-01,2005-12-01,25,2005,39555.0,39555.0,955.8164762628173,0.15709998752603704,60,35,Current,Current,none,0,0.0,0.0,0.0,0,0.0,0.0,0,225
36741,2008-01-01,2004-06-01,43,2004,111951.0,111951.0,2524.6993618883803,0.12605873055065173,60,17,Current,Current,none,0,0.0,0.0,0.0,0,0.0,0.0,0,359
36750,2008-01-01,2007-09-01,4,2007,113433.0,113433.0,3696.1293301410633,0.10673363643853179,36,32,Current,Current,none,0,0.0,0.0,0.0,0,0.0,0.0,0,744
36762,2008-01-01,2003-12-01,49,2003,27593.0,27593.0,577.4255194788554,0.0934567080765755,60,11,Current,Current,none,0,0.0,0.0,0.0,0,0.0,0.0,0,776
36770,2008-01-01,2005-08-01,29,2005,39851.0,39851.0,861.8642903127716,0.10768536791608334,60,31,Current,Current,none,0,0.0,0.0,0.0,0,0.0,0.0,0,103
36782,2008-01-01,2006-05-01,20,2006,48471.0,48471.0,1270.0290857642974,0.1173075772803673,48,28,Current,Current,none,0,0.0,0.0,0.0,0,0.0,0.0,0,669
36787,2008-01-01,2004-06-01,43,2004,106671.0,106671.0,2110.8809527679764,0.06973514489608831,60,17,Current,Current,none,0,0.0,0.0,0.0,0,0.0,0.0,0,182
36788,2008-01-01,2006-08-01,17,2006,79869.0,79869.0,1785.1944165090265,0.12211613869103052,60,43,Current,Current,none,0,0.0,0.0,0.0,0,0.0,0.0,0,350
36809,2008-01-01,2005-07-01,30,2005,39586.0,39586.0,1303.0689984711075,0.11376749755760879,36,6,Current,Current,none,0,0.0,0.0,0.0,0,0.0,0.0,0,235
36819,2008-01-01,2006-10-01,15,2006,77291.0,77291.0,1558.6834229555275,0.07769852273266077,60,45,Current,Current,none,0,0.0,0.0,0.0,0,0.0,0.0,0,838
36822,2008-01-01,2005-12-01,25,2005,72126.0,72126.0,1477.1381577056432,0.13764723013627528,72,47,Current,Current,none,0,0.0,0.0,0.0,0,0.0,0.0,0,977
36832,2008-01-01,2006-07-01,18,2006,14110.0,14110.0,252.2695184937061,0.0870358400611784,72,54,Current,Current,none,0,0.0,0.0,0.0,0,0.0,0.0,0,652
36843,2008-01-01,2006-07-01,18,2006,132456.0,132456.0,4266.666887476237,0.09882300807297519,36,18,Current,Current,none,0,0.0,0.0,0.0,0,0.0,0.0,0,356
36844,2008-01-01,2005-05-01,32,2005,95205.0,95205.0,2016.7597954851174,0.09870413531919862,60,28,Current,Current,none,0,0.0,0.0,0.0,0,0.0,0.0,0,539
36846,2008-01-01,2007-10-01,3,2007,17127.0,17127.0,345.7703462204672,0.07816339317702356,60,57,Current,Current,none,0,0.0,0.0,0.0,0,0.0,0.0,0,577
36856,2008-01-01,2007-01-01,12,2007,31695.0,31695.0,786.926060480317,0.0887995938797042,48,36,Current,Current,none,0,0.0,0.0,0.0,0,0.0,0.0,0,659
36857,2008-01-01,2006-08-01,17,2006,43218.0,43218.0,1421.0443388358135,0.11299737989844234,36,19,Current,Current,none,0,0.0,0.0,0.0,0,0.0,0.0,0,180
36864,2008-01-01,2005-10-01,27,2005,135049.0,135049.0,2666.0651883648798,0.06873278251383982,60,33,Current,Current,none,0,0.0,0.0,0.0,0,0.0,0.0,0,610
36865,2008-01-01,2005-02-01,35,2005,57999.0,57999.0,1574.0011304116708,0.1362436215505086,48,13,Current,Current,none,0,0.0,0.0,0.0,0,0.0,0.0,0,893
36890,2008-01-01,2004-07-01,42,2004,65189.0,65189.0,1266.4568134252977,0.062032729095367035,60,18,Current,Current,none,0,0.0,0.0,0.0,0,0.0,0.0,0,552
36902,2008-01-01,2005-05-01,32,2005,53443.0,53443.0,1150.4575185303697,0.10566411383503883,60,28,Current,Current,none,0,0.0,0.0,0.0,0,0.0,0.0,0,169
36914,2008-01-01,2007-08-01,5,2007,123585.0,123585.0,2631.95914693664,0.1010095427711331,60,55,Current,Current,none,0,0.0,0.0,0.0,0,0.0,0.0,0,627
36920,2008-01-01,2007-08-01,5,2007,77301.0,77301.0,1918.9536421269145,0.08872267619078567,48,43,Current,Current,none,0,0.0,0.0,0.0,0,0.0,0.0,0,702
36932,2008-01-01,2004-04-01,45,2004,51029.0,51029.0,1267.9111744164627,0.08919582250745682,48,3,Current,Current,none,0,0.0,0.0,0.0,0,0.0,0.0,0,279
36933,2008-01-01,2006-04-01,21,2006,240748.0,240748.0,4399.219604384107,0.09496881044382277,72,51,Current,Current,none,0,0.0,0.0,0.0,0,0.0,0.0,0,239
36935,2008-01-01,2005-01-01,36,2005,25774.0,25774.0,592.4738239410314,0.13456160706962236,60,24,Current,Current,none,0,0.0,0.0,0.0,0,0.0,0.0,0,364
36956,2008-01-01,2003-12-01,49,2003,13547.0,13547.0,312.2050681651858,0.13570275947582414,60,11,Current,Current,none,0,0.0,0.0,0.0,0,0.0,0.0,0,581
36964,2008-01-01,2003-02-01,59,2003,151026.0,151026.0,2884.703152880782,0.05499010660642608,60,1,Current,Current,none,0,0.0,0.0,0.0,0,0.0,0.0,0,801
36965,2008-01-01,2006-07-01,18,2006,114832.0,114832.0,2735.5313173049094,0.06731842996885398,48,30,Current,Current,none,0,0.0,0.0,0.0,0,0.0,0.0,0,531
36969,2008-01-01,2004-05-01,44,2004,71624.0,71624.0,1974.026498718469,0.1446630463734282,48,4,Current,Current,none,0,0.0,0.0,0.0,0,0.0,0.0,0,514
36974,2008-01-01,2007-02-01,11,2007,35152.0,35152.0,851.5556916794756,0.1582459491776618,60,49,Current,Current,none,0,0.0,0.0,0.0,0,0.0,0.0,0,696
36980,2008-01-01,2007-05-01,8,2007,144489.0,144489.0,4011.2056980770785,0.1486294262367167,48,40,Current,Current,none,0,0.0,0.0,0.0,0,0.0,0.0,0,885
36984,2008-01-01,2003-12-01,49,2003,306964.0,306964.0,6803.8263061129,0.11842420961403742,60,11,Current,Current,none,0,0.0,0.0,0.0,0,0.0,0.0,0,577
36994,2008-01-01,2006-04-01,21,2006,34253.0,34253.0,939.8367006336246,0.1422222937920185,48,27,Current,Current,none,0,0.0,0.0,0.0,0,0.0,0.0,0,667
36995,2008-01-01,2006-09-01,16,2006,64161.0,64161.0,1285.8336332798808,0.12936745076378456,72,56,Current,Current,none,0,0.0,0.0,0.0,0,0.0,0.0,0,529
36999,2008-01-01,2007-10-01,3,2007,47849.0,47849.0,1689.4663142514255,0.16305992394001337,36,33,Current,Current,none,0,0.0,0.0,0.0,0,0.0,0.0,0,823
37007,2008-01-01,2008-01-01,0,2008,110935.0,110935.0,2437.6348922194743,0.1146201383816553,60,60,Current,Current,none,0,0.0,0.0,0.0,0,0.0,0.0,0,876
37009,2008-01-01,2007-01-01,12,2007,18622.0,18622.0,456.5724138345823,0.082233611478321,48,36,Current,Current,none,0,0.0,0.0,0.0,0,0.0,0.0,0,229
37028,2008-01-01,2005-05-01,32,2005,167693.0,167693.0,2976.8390876191784,0.08445811435798768,72,40,Current,Current,none,0,0.0,0.0,0.0,0,0.0,0.0,0,218
37037,2008-01-01,2006-12-01,13,2006,72745.0,72745.0,1743.3906424854424,0.1533432172691313,60,47,Current,Current,none,0,0.0,0.0,0.0,0,0.0,0.0,0,703
37046,2008-01-01,2006-12-01,13,2006,116096.0,116096.0,3755.072621937594,0.10164656690546783,36,23,Current,Current,none,0,0.0,0.0,0.0,0,0.0,0.0,0,235
37049,2008-01-01,2004-06-01,43,2004,42638.0,42638.0,755.2841005200822,0.08368817211884616,72,29,Current,Current,none,0,0.0,0.0,0.0,0,0.0,0.0,0,275
37054,2008-01-01,2006-02-01,23,2006,46587.0,46587.0,948.5919416650402,0.13542813649529306,72,49,Current,Current,none,0,0.0,0.0,0.0,0,0.0,0.0,0,610
37063,2008-01-01,2006-05-01,20,2006,59767.0,59767.0,1448.1644487436922,0.07609782588201253,48,28,Current,Current,none,0,0.0,0.0,0.0,0,0.0,0.0,0,592
37068,2008-01-01,2003-11-01,50,2003,36199.0,36199.0,762.4870810907152,0.09626554132473691,60,10,Current,Current,none,0,0.0,0.0,0.0,0,0.0,0.0,0,618
37074,2008-01-01,2005-03-01,34,2005,26605.0,26605.0,559.5947038406648,0.09564592786784065,60,26,Current,Current,none,0,0.0,0.0,0.0,0,0.0,0.0,0,233
37076,2008-01-01,2007-12-01,1,2007,91447.0,91447.0,2349.9794330978643,0.10695134068163742,48,47,Current,Current,none,0,0.0,0.0,0.0,0,0.0,0.0,0,843
37079,2008-01-01,2005-12-01,25,2005,56831.0,56831.0,1786.1563065196885,0.08201188358398544,36,11,Current,Current,none,0,0.0,0.0,0.0,0,0.0,0.0,0,168
37096,2008-01-01,2007-03-01,10,2007,61461.0,61461.0,1248.454148593334,0.08076339419672945,60,50,Current,Current,none,0,0.0,0.0,0.0,0,0.0,0.0,0,962
37097,2008-01-01,2007-06-01,7,2007,31866.0,31866.0,1005.5354288838506,0.08473196922495765,36,29,Current,Current,none,0,0.0,0.0,0.0,0,0.0,0.0,0,498
37106,2008-01-01,2004-08-01,41,2004,79530.0,79530.0,1969.8442357907618,0.08754361235936028,48,7,Current,Current,none,0,0.0,0.0,0.0,0,0.0,0.0,0,222
37115,2008-01-01,2006-02-01,23,2006,106905.0,106905.0,2443.2429830322258,0.13197567866721022,60,37,Current,Current,none,0,0.0,0.0,0.0,0,0.0,0.0,0,345
37117,2008-01-01,2007-04-01,9,2007,82997.0,82997.0,2342.0936521441354,0.1576293769557347,48,39,Current,Current,none,0,0.0,0.0,0.0,0,0.0,0.0,0,972
37124,2008-01-01,2006-12-01,13,2006,55929.0,55929.0,1845.5118938982152,0.11544985905933637,36,23,Current,Current,none,0,0.0,0.0,0.0,0,0.0,0.0,0,957
37126,2008-01-01,2007-05-01,8,2007,46949.0,46949.0,1195.0639393519293,0.10191217527173949,48,40,Current,Current,none,0,0.0,0.0,0.0,0,0.0,0.0,0,563
37133,2008-01-01,2007-01-01,12,2007,34013.0,34013.0,836.5502374261262,0.08387055971501178,48,36,Current,Current,none,0,0.0,0.0,0.0,0,0.0,0.0,0,468
37134,2008-01-01,2003-01-01,60,2003,42132.0,42132.0,852.3829367348928,0.07905603797474484,60,0,Current,Matured,matured,0,0.0,0.0,0.0,0,0.0,0.0,0,860
37141,2008-01-01,2003-11-01,50,2003,45759.0,45759.0,947.3676777451807,0.14182179375346474,72,22,Current,Current,none,0,0.0,0.0,0.0,0,0.0,0.0,0,720
37145,2008-01-01,2004-12-01,37,2004,40192.0,40192.0,1006.0619836122273,0.09307686317288753,48,11,Current,Current,none,0,0.0,0.0,0.0,0,0.0,0.0,0,865
37148,2008-01-01,2007-11-01,2,2007,46113.0,46113.0,1093.061091447793,0.06476180042034804,48,46,Current,Current,none,0,0.0,0.0,0.0,0,0.0,0.0,0,906
37156,2008-01-01,2006-03-01,22,2006,67382.0,67382.0,2371.1886189269717,0.16067238863284553,36,14,Current,Current,none,0,0.0,0.0,0.0,0,0.0,0.0,0,444
37162,2008-01-01,2003-05-01,56,2003,200077.0,200077.0,4655.533101585757,0.14000879959554688,60,4,Current,Current,none,0,0.0,0.0,0.0,0,0.0,0.0,0,602
37170,2008-01-01,2007-11-01,2,2007,158348.0,158348.0,3009.959967847944,0.10950065079254458,72,70,Current,Current,none,0,0.0,0.0,0.0,0,0.0,0.0,0,452
37173,2008-01-01,2005-01-01,36,2005,32291.0,32291.0,1048.4738688037194,0.10430195631379113,36,0,Current,Matured,matured,0,0.0,0.0,0.0,0,0.0,0.0,0,713
37186,2008-01-01,2006-11-01,14,2006,123923.0,123923.0,3061.2958064004238,0.0861621866831698,48,34,Current,Current,none,0,0.0,0.0,0.0,0,0.0,0.0,0,650
37207,2008-01-01,2006-04-01,21,2006,83567.0,83567.0,1875.2803973051532,0.12386874839483422,60,39,Current,Current,none,0,0.0,0.0,0.0,0,0.0,0.0,0,168
37214,2008-01-01,2003-01-01,60,2003,32692.0,32692.0,701.5203238200193,0.10428445333034479,60,0,Current,Matured,matured,0,0.0,0.0,0.0,0,0.0,0.0,0,334
37225,2008-01-01,2007-08-01,5,2007,110648.0,110648.0,3177.7103932792734,0.16736882992594693,48,43,Current,Current,none,0,0.0,0.0,0.0,0,0.0,0.0,0,685
37239,2008-01-01,2004-09-01,40,2004,93119.0,93119.0,2337.74249336928,0.09461787597179029,48,8,Current,Current,none,0,0.0,0.0,0.0,0,0.0,0.0,0,323
37253,2008-01-01,2004-03-01,46,2004,19329.0,19329.0,519.3189911330176,0.13080262071370238,48,2,Current,Current,none,0,0.0,0.0,0.0,0,0.0,0.0,0,553
37255,2008-01-01,2005-10-01,27,2005,30180.0,30180.0,606.6239883879277,0.07630875683965592,60,33,Current,Current,none,0,0.0,0.0,0.0,0,0.0,0.0,0,668
37279,2008-01-01,2006-02-01,23,2006,207885.0,207885.0,3572.0650634130607,0.07278162937416326,72,49,Current,Current,none,0,0.0,0.0,0.0,0,0.0,0.0,0,596
37289,2008-01-01,2007-12-01,1,2007,177116.0,177116.0,5044.213892354331,0.16271881820203166,48,47,Current,Current,none,0,0.0,0.0,0.0,0,0.0,0.0,0,951
37292,2008-01-01,2007-11-01,2,2007,104100.0,104100.0,1799.3731988515894,0.07489534863691699,72,70,Current,Paid off,payoff,0,0.0,0.0,0.0,0,0.0,0.0,0,612
37298,2008-01-01,2006-12-01,13,2006,126080.0,126080.0,2569.4860722795333,0.08215751701550064,60,47,Current,Current,none,0,0.0,0.0,0.0,0,0.0,0.0,0,257
37305,2008-01-01,2003-10-01,51,2003,24578.0,24578.0,534.2958483551877,0.10992703897065949,60,9,Current,Current,none,0,0.0,0.0,0.0,0,0.0,0.0,0,247
37311,2008-01-01,2002-06-01,67,2002,49758.0,49758.0,863.8739222824008,0.07647259000165495,72,5,Current,Current,none,0,0.0,0.0,0.0,0,0.0,0.0,0,630
37315,2008-01-01,2006-12-01,13,2006,24751.0,24751.0,788.2309961434574,0.0910029177746846,36,23,Current,Current,none,0,0.0,0.0,0.0,0,0.0,0.0,0,234
37327,2008-01-01,2006-09-01,16,2006,33251.0,33251.0,695.43433537894,0.09321402516991097,60,44,Current,Current,none,0,0.0,0.0,0.0,0,0.0,0.0,0,505
37335,2008-01-01,2005-03-01,34,2005,40171.0,40171.0,848.9873764179903,0.0977057652295691,60,26,Current,Current,none,0,0.0,0.0,0.0,0,0.0,0.0,0,118
37365,2008-01-01,2005-08-01,29,2005,57653.0,57653.0,1154.7274700168166,0.1291433846614627,72,43,Current,Current,none,0,0.0,0.0,0.0,0,0.0,0.0,0,181
37371,2008-01-01,2006-08-01,17,2006,67311.0,67311.0,1894.2063933105533,0.15610338564233225,48,31,Current,Current,none,0,0.0,0.0,0.0,0,0.0,0.0,0,405
37389,2008-01-01,2004-06-01,43,2004,26483.0,26483.0,577.1955393697631,0.11105242852828257,60,17,Current,Current,none,0,0.0,0.0,0.0,0,0.0,0.0,0,724
37390,2008-01-01,2005-08-01,29,2005,46227.0,46227.0,1103.5154226137329,0.1515556154180577,60,31,Current,Current,none,0,0.0,0.0,0.0,0,0.0,0.0,0,905
37406,2008-01-01,2006-04-01,21,2006,47389.0,47389.0,1114.133931793227,0.1446570010006753,60,39,Current,Current,none,0,0.0,0.0,0.0,0,0.0,0.0,0,950
37416,2008-01-01,2005-03-01,34,2005,102516.0,102516.0,1792.8110524235983,0.07907499950981398,72,38,Current,Current,none,0,0.0,0.0,0.0,0,0.0,0.0,0,408
37419,2008-01-01,2003-02-01,59,2003,129163.0,129163.0,2838.51720083724,0.11467392127617618,60,1,Current,Current,none,0,0.0,0.0,0.0,0,0.0,0.0,0,520
37444,2008-01-01,2007-12-01,1,2007,97433.0,97433.0,2061.1426424242095,0.09811596867361264,60,59,Current,Current,none,0,0.0,0.0,0.0,0,0.0,0.0,0,876
37447,2008-01-01,2004-05-01,44,2004,37613.0,37613.0,1068.3054138326934,0.16121523560692247,48,4,Current,Current,none,0,0.0,0.0,0.0,0,0.0,0.0,0,605
37455,2008-01-01,2004-04-01,45,2004,123516.0,123516.0,3256.509146683217,0.12063612446815006,48,3,Current,Current,none,0,0.0,0.0,0.0,0,0.0,0.0,0,122
37466,2008-01-01,2003-05-01,56,2003,53017.0,53017.0,1059.094771173992,0.07370595294100585,60,4,Current,Current,none,0,0.0,0.0,0.0,0,0.0,0.0,0,861
37471,2008-01-01,2007-05-01,8,2007,16555.0,16555.0,517.5802490245896,0.07843644417784139,36,28,Current,Current,none,0,0.0,0.0,0.0,0,0.0,0.0,0,290
37487,2008-01-01,2007-06-01,7,2007,156159.0,156159.0,5005.558336052446,0.09545539713650474,36,29,Current,Current,none,0,0.0,0.0,0.0,0,0.0,0.0,0,446
37490,2008-01-01,2005-06-01,31,2005,84196.0,84196.0,1829.772335978998,0.16073440754124194,72,41,Current,Current,none,0,0.0,0.0,0.0,0,0.0,0.0,0,500
37501,2008-01-01,2006-02-01,23,2006,38600.0,38600.0,843.5962975483897,0.11225051270874667,60,37,Current,Current,none,0,0.0,0.0,0.0,0,0.0,0.0,0,620
37505,2008-01-01,2007-07-01,6,2007,73327.0,73327.0,1541.2997617677315,0.14768579485589003,72,66,Current,Current,none,0,0.0,0.0,0.0,0,0.0,0.0,0,414
37517,2008-01-01,2003-03-01,58,2003,49320.0,49320.0,1101.029993468608,0.12157677081840984,60,2,Current,Current,none,0,0.0,0.0,0.0,0,0.0,0.0,0,883
37519,2008-01-01,2004-07-01,42,2004,38834.0,38834.0,761.0588617966102,0.12091381599610852,72,30,Current,Current,none,0,0.0,0.0,0.0,0,0.0,0.0,0,103
37523,2008-01-01,2005-06-01,31,2005,12037.0,12037.0,265.28147674343813,0.11592029460797935,60,29,Current,Current,none,0,0.0,0.0,0.0,0,0.0,0.0,1,728
37533,2008-01-01,2004-02-01,47,2004,16651.0,16651.0,361.31031055099334,0.10912909953700312,60,13,Current,Current,none,0,0.0,0.0,0.0,0,0.0,0.0,0,992
37535,2008-01-01,2004-12-01,37,2004,26519.0,26519.0,589.4962461762644,0.11969827321735374,60,23,Current,Current,none,0,0.0,0.0,0.0,0,0.0,0.0,0,193
37540,2008-01-01,2003-04-01,57,2003,17271.0,17271.0,359.94386830057243,0.09169960601380797,60,3,Current,Current,none,0,0.0,0.0,0.0,0,0.0,0.0,0,642
37545,2008-01-01,2006-11-01,14,2006,12467.0,12467.0,406.7826907184471,0.10767567121141143,36,22,Current,Current,none,0,0.0,0.0,0.0,0,0.0,0.0,0,206
37550,2008-01-01,2006-03-01,22,2006,96021.0,96021.0,3029.4127556514363,0.08461026391767941,36,14,Current,Current,none,0,0.0,0.0,0.0,0,0.0,0.0,0,376
37555,2008-01-01,2005-08-01,29,2005,24175.0,24175.0,467.7037833330096,0.06029644323561449,60,31,Current,Current,none,0,0.0,0.0,0.0,0,0.0,0.0,0,332
37562,2008-01-01,2007-09-01,4,2007,133527.0,133527.0,3383.5470927636466,0.09952540018866407,48,44,Current,Current,none,0,0.0,0.0,0.0,0,0.0,0.0,0,519
37567,2008-01-01,2006-06-01,19,2006,29397.0,29397.0,918.3643038235434,0.07791064437036965,36,17,Current,Current,none,0,0.0,0.0,0.0,0,0.0,0.0,0,766
37588,2008-01-01,2004-05-01,44,2004,18129.0,18129.0,363.60845692584155,0.07539512109263746,60,16,Current,Current,none,0,0.0,0.0,0.0,0,0.0,0.0,0,625
37592,2008-01-01,2005-05-01,32,2005,21434.0,21434.0,457.38694216413353,0.1018729345370534,60,28,Current,Current,none,0,0.0,0.0,0.0,0,0.0,0.0,0,963
37596,2008-01-01,2005-05-01,32,2005,31909.0,31909.0,1059.3585962538123,0.11968709492785068,36,4,Current,Current,none,0,0.0,0.0,0.0,0,0.0,0.0,0,804
37610,2008-01-01,2005-12-01,25,2005,70902.0,70902.0,1756.4884529457586,0.08764709184017178,48,23,Current,Current,none,0,0.0,0.0,0.0,0,0.0,0.0,0,896
37620,2008-01-01,2006-11-01,14,2006,27039.0,27039.0,679.22218384378,0.1749607810362984,60,46,Current,Current,none,0,0.0,0.0,0.0,0,0.0,0.0,0,237
37631,2008-01-01,2006-06-01,19,2006,53433.0,53433.0,1215.4351134204744,0.12987940428318212,60,41,Current,Current,none,0,0.0,0.0,0.0,0,0.0,0.0,0,594
37632,2008-01-01,2004-03-01,46,2004,72313.0,72313.0,2062.8167404652468,0.16362389711649034,48,2,Current,Current,none,0,0.0,0.0,0.0,0,0.0,0.0,0,394
37640,2008-01-01,2004-07-01,42,2004,48217.0,48217.0,873.4532293395205,0.09180090035096646,72,30,Current,Current,none,0,0.0,0.0,0.0,0,0.0,0.0,0,271
37641,2008-01-01,2006-03-01,22,2006,34410.0,34410.0,652.6932438268485,0.10871106986979533,72,50,Current,Current,none,0,0.0,0.0,0.0,0,0.0,0.0,0,305
37645,2008-01-01,2003-07-01,54,2003,90181.0,90181.0,1993.8286349128173,0.11731864503440288,60,6,Current,Current,none,0,0.0,0.0,0.0,0,0.0,0.0,0,795
37656,2008-01-01,2003-07-01,54,2003,39452.0,39452.0,837.5039323004509,0.09962154083997155,60,6,Current,Current,none,0,0.0,0.0,0.0,0,0.0,0.0,0,456
37664,2008-01-01,2005-03-01,34,2005,34696.0,34696.0,789.5695459740563,0.1300725837582345,60,26,Current,Current,none,0,0.0,0.0,0.0,0,0.0,0.0,0,714
37665,2008-01-01,2007-08-01,5,2007,47579.0,47579.0,1522.3991394285467,0.09423693250271882,36,31,Current,Current,none,0,0.0,0.0,0.0,0,0.0,0.0,0,421
37681,2008-01-01,2006-08-01,17,2006,53951.0,53951.0,1092.9966586093287,0.07963775148237393,60,43,Current,Current,none,0,0.0,0.0,0.0,0,0.0,0.0,0,127
37702,2008-01-01,2008-01-01,0,2008,78417.0,78417.0,1912.3996441045642,0.16130714372514177,60,60,Current,Current,none,0,0.0,0.0,0.0,0,0.0,0.0,0,222
37704,2008-01-01,2006-03-01,22,2006,35572.0,35572.0,1245.9426583893044,0.15734179260371145,36,14,Current,Current,none,0,0.0,0.0,0.0,0,0.0,0.0,0,667
37723,2008-01-01,2007-05-01,8,2007,50137.0,50137.0,1611.739059182526,0.09743079920777037,36,28,Current,Current,none,0,0.0,0.0,0.0,0,0.0,0.0,0,194
37737,2008-01-01,2007-04-01,9,2007,76328.0,76328.0,2387.0340517542018,0.07863369741197887,36,27,Current,Current,none,0,0.0,0.0,0.0,0,0.0,0.0,0,910
37745,2008-01-01,2006-12-01,13,2006,277118.0,277118.0,5057.718766546024,0.09452904573424575,72,59,Current,Current,none,0,0.0,0.0,0.0,0,0.0,0.0,0,516
37746,2008-01-01,2008-01-01,0,2008,37962.0,37962.0,836.5288948656328,0.11586294658571729,60,60,Current,Current,none,0,0.0,0.0,0.0,0,0.0,0.0,0,947
37749,2008-01-01,2005-09-01,28,2005,12062.0,12062.0,243.0879443638778,0.07742123683117769,60,32,Current,Current,none,0,0.0,0.0,0.0,0,0.0,0.0,0,285
37761,2008-01-01,2006-01-01,24,2006,37198.0,37198.0,935.8983772238595,0.17569671622534772,60,36,Current,Current,none,0,0.0,0.0,0.0,0,0.0,0.0,0,121
37764,2008-01-01,2006-01-01,24,2006,42370.0,42370.0,1057.1691748497399,0.09138563682344869,48,24,Current,Current,none,0,0.0,0.0,0.0,0,0.0,0.0,0,439
37774,2008-01-01,2004-12-01,37,2004,118757.0,118757.0,3245.9277392656463,0.14012041262274763,48,11,Current,Current,none,0,0.0,0.0,0.0,0,0.0,0.0,0,565
37789,2008-01-01,2006-12-01,13,2006,40599.0,40599.0,1024.7629064981793,0.09746650978281321,48,35,Current,Current,none,0,0.0,0.0,0.0,0,0.0,0.0,0,601
37791,2008-01-01,2005-01-01,36,2005,41035.0,41035.0,842.7763529048051,0.13873358648258652,72,36,Current,Current,none,0,0.0,0.0,0.0,0,0.0,0.0,0,403
37793,2008-01-01,2006-10-01,15,2006,26645.0,26645.0,511.1841774224567,0.056813807757009185,60,45,Current,Current,none,0,0.0,0.0,0.0,0,0.0,0.0,0,663
37794,2008-01-01,2006-07-01,18,2006,124048.0,124048.0,2585.766876480897,0.09178079920672591,60,42,Current,Current,none,0,0.0,0.0,0.0,0,0.0,0.0,0,843
37799,2008-01-01,2006-11-01,14,2006,76878.0,76878.0,1848.9598685183562,0.1549504054702793,60,46,Current,Current,none,0,0.0,0.0,0.0,0,0.0,0.0,0,332
37800,2008-01-01,2003-04-01,57,2003,85074.0,85074.0,1998.8911208691775,0.14437926310874405,60,3,Current,Current,none,0,0.0,0.0,0.0,0,0.0,0.0,0,492
37808,2008-01-01,2008-01-01,0,2008,53891.0,53891.0,1133.0348668117376,0.0954644465811674,60,60,Current,Current,none,0,0.0,0.0,0.0,0,0.0,0.0,0,381
37816,2008-01-01,2005-08-01,29,2005,50606.0,50606.0,1089.092165095138,0.10554702078417935,60,31,Current,Current,none,0,0.0,0.0,0.0,0,0.0,0.0,0,382
37828,2008-01-01,2003-04-01,57,2003,82220.0,82220.0,1743.0042342565712,0.0990284710595558,60,3,Current,Current,none,0,0.0,0.0,0.0,0,0.0,0.0,0,929
37833,2008-01-01,2003-12-01,49,2003,40438.0,40438.0,1016.8623328819652,0.17544351003530928,60,11,Current,Current,none,0,0.0,0.0,0.0,0,0.0,0.0,0,393
37837,2008-01-01,2005-08-01,29,2005,51011.0,51011.0,1253.711840411289,0.1648645973665445,60,31,Current,Current,none,0,0.0,0.0,0.0,0,0.0,0.0,0,875
37838,2008-01-01,2006-05-01,20,2006,44176.0,44176.0,1409.0839746319461,0.09208902219899581,36,16,Current,Current,none,0,0.0,0.0,0.0,0,0.0,0.0,0,447
37842,2008-01-01,2005-02-01,35,2005,51930.0,51930.0,1280.8648871779442,0.0853582429226477,48,13,Current,Current,none,0,0.0,0.0,0.0,0,0.0,0.0,0,986
37843,2008-01-01,2006-06-01,19,2006,153691.0,153691.0,2819.055433842644,0.09635108111953868,72,53,Current,Current,none,0,0.0,0.0,0.0,0,0.0,0.0,0,239
37857,2008-01-01,2005-12-01,25,2005,44959.0,44959.0,774.5526706461156,0.07371548506178244,72,47,Current,Current,none,0,0.0,0.0,0.0,0,0.0,0.0,0,861
37872,2008-01-01,2004-10-01,39,2004,31544.0,31544.0,579.1027110859445,0.09667432072371814,72,33,Current,Current,none,0,0.0,0.0,0.0,0,0.0,0.0,0,157
37888,2008-01-01,2002-10-01,63,2002,76334.0,76334.0,1335.0764616190602,0.07911237493015788,72,9,Current,Current,none,0,0.0,0.0,0.0,0,0.0,0.0,0,550
37891,2008-01-01,2006-12-01,13,2006,42123.0,42123.0,894.2237741606656,0.09963057326244389,60,47,Current,Current,none,0,0.0,0.0,0.0,0,0.0,0.0,0,517
37899,2008-01-01,2006-03-01,22,2006,79713.0,79713.0,1474.8620537653164,0.09953013582906771,72,50,Current,Current,none,0,0.0,0.0,0.0,0,0.0,0.0,0,973
37900,2008-01-01,2006-07-01,18,2006,146894.0,146894.0,2992.144148992386,0.08194090346061635,60,42,Current,Current,none,0,0.0,0.0,0.0,0,0.0,0.0,0,318
37902,2008-01-01,2006-01-01,24,2006,37816.0,37816.0,881.4305841983332,0.1407741169564191,60,36,Current,Current,none,0,0.0,0.0,0.0,0,0.0,0.0,0,250
37907,2008-01-01,2007-08-01,5,2007,73464.0,73464.0,1447.8069782269808,0.12302213057676539,72,67,Current,Current,none,0,0.0,0.0,0.0,0,0.0,0.0,0,251
37912,2008-01-01,2004-10-01,39,2004,31610.0,31610.0,568.4729338992156,0.08916167866100294,72,33,Current,Current,none,0,0.0,0.0,0.0,0,0.0,0.0,0,278
37930,2008-01-01,2006-08-01,17,2006,18400.0,18400.0,388.48127275834275,0.1494123407595207,72,55,Current,Current,none,0,0.0,0.0,0.0,0,0.0,0.0,0,720
37932,2008-01-01,2006-10-01,15,2006,62608.0,62608.0,1143.9615604355106,0.09494244154366281,72,57,Current,Current,none,0,0.0,0.0,0.0,0,0.0,0.0,0,180
37935,2008-01-01,2004-03-01,46,2004,73048.0,73048.0,1881.1059437894016,0.10806475620368153,48,2,Current,Current,none,0,0.0,0.0,0.0,0,0.0,0.0,0,283
37947,2008-01-01,2005-04-01,33,2005,100127.0,100127.0,3245.5681353735945,0.10313374805184683,36,3,Current,Current,none,0,0.0,0.0,0.0,0,0.0,0.0,0,608
37958,2008-01-01,2007-11-01,2,2007,19485.0,19485.0,630.7760661260869,0.10223864537610597,36,34,Current,Current,none,0,0.0,0.0,0.0,0,0.0,0.0,0,852
37962,2008-01-01,2003-02-01,59,2003,69086.0,69086.0,1543.5971312465945,0.12195023565596559,60,1,Current,Current,none,0,0.0,0.0,0.0,0,0.0,0.0,0,497
37966,2008-01-01,2007-05-01,8,2007,48974.0,48974.0,941.8040375979076,0.11382748462100115,72,64,Current,Current,none,0,0.0,0.0,0.0,0,0.0,0.0,0,698
37969,2008-01-01,2006-03-01,22,2006,19317.0,19317.0,377.43173270625465,0.1197816182543439,72,50,Current,Current,none,0,0.0,0.0,0.0,0,0.0,0.0,0,154
37973,2008-01-01,2006-05-01,20,2006,35580.0,35580.0,711.4067776778749,0.07408653614419541,60,40,Current,Current,none,0,0.0,0.0,0.0,0,0.0,0.0,0,390
37977,2008-01-01,2005-09-01,28,2005,104101.0,104101.0,2149.311843460946,0.08768970967655934,60,32,Current,Current,none,0,0.0,0.0,0.0,0,0.0,0.0,0,413
37985,2008-01-01,2005-06-01,31,2005,41829.0,41829.0,869.895135678554,0.09078470697542934,60,29,Current,Current,none,0,0.0,0.0,0.0,0,0.0,0.0,0,359
38007,2008-01-01,2005-05-01,32,2005,105403.0,105403.0,2093.183155119321,0.12590943394260845,72,40,Current,Current,none,0,0.0,0.0,0.0,0,0.0,0.0,0,920
38018,2008-01-01,2007-06-01,7,2007,19966.0,19966.0,407.63776879416133,0.08292348558193784,60,53,Current,Current,none,0,0.0,0.0,0.0,0,0.0,0.0,0,855
38039,2008-01-01,2007-05-01,8,2007,75629.0,75629.0,2418.0056034982226,0.0936940387933237,36,28,Current,Current,none,0,0.0,0.0,0.0,0,0.0,0.0,0,356
38042,2008-01-01,2005-06-01,31,2005,47309.0,47309.0,1185.5541686533697,0.0936727362832117,48,17,Current,Current,none,0,0.0,0.0,0.0,0,0.0,0.0,0,888
38044,2008-01-01,2007-10-01,3,2007,79331.0,79331.0,2579.7345307423802,0.10534298281586808,36,33,Current,Current,none,0,0.0,0.0,0.0,0,0.0,0.0,0,515
38047,2008-01-01,2003-10-01,51,2003,39167.0,39167.0,816.1477141935122,0.09163170639571744,60,9,Current,Current,none,0,0.0,0.0,0.0,0,0.0,0.0,0,323
38049,2008-01-01,2004-07-01,42,2004,73114.0,73114.0,1707.1399157803032,0.14155632907243185,60,18,Current,Current,none,0,0.0,0.0,0.0,0,0.0,0.0,0,485
38066,2008-01-01,2006-03-01,22,2006,23341.0,23341.0,480.33123462898294,0.08629211460974051,60,38,Current,Current,none,0,0.0,0.0,0.0,0,0.0,0.0,0,967
38067,2008-01-01,2003-07-01,54,2003,67180.0,67180.0,1421.2875019955075,0.1502097941104363,72,18,Current,Current,none,0,0.0,0.0,0.0,0,0.0,0.0,0,190
38077,2008-01-01,2007-04-01,9,2007,94055.0,94055.0,2982.9590795683403,0.08817903831966951,36,27,Current,Current,none,0,0.0,0.0,0.0,0,0.0,0.0,0,381
38082,2008-01-01,2007-11-01,2,2007,64857.0,64857.0,1809.4375516902255,0.15134309798746484,48,46,Current,Current,none,0,0.0,0.0,0.0,0,0.0,0.0,0,159
38104,2008-01-01,2005-09-01,28,2005,129150.0,129150.0,3070.7477887624214,0.14974599660257476,60,32,Current,Current,none,0,0.0,0.0,0.0,0,0.0,0.0,0,936
38105,2008-01-01,2006-11-01,14,2006,74168.0,74168.0,1425.8168080873088,0.11370045457499264,72,58,Current,Current,none,0,0.0,0.0,0.0,0,0.0,0.0,0,702
38107,2008-01-01,2006-01-01,24,2006,62853.0,62853.0,1608.5391679465972,0.10476604512300419,48,24,Current,Current,none,0,0.0,0.0,0.0,0,0.0,0.0,0,737
38112,2008-01-01,2007-12-01,1,2007,100431.0,100431.0,2603.304781233293,0.1115596011624522,48,47,Current,Current,none,0,0.0,0.0,0.0,0,0.0,0.0,0,968
38113,2008-01-01,2006-05-01,20,2006,56691.0,56691.0,1109.2736435615059,0.12032341387417991,72,52,Current,Current,none,0,0.0,0.0,0.0,0,0.0,0.0,0,735
38115,2008-01-01,2004-04-01,45,2004,51941.0,51941.0,1127.9330246082202,0.1094631330734222,60,15,Current,Current,none,0,0.0,0.0,0.0,0,0.0,0.0,0,805
38116,2008-01-01,2003-11-01,50,2003,163692.0,163692.0,3547.190104484055,0.10854447320267033,60,10,Current,Current,none,0,0.0,0.0,0.0,0,0.0,0.0,0,370
38121,2008-01-01,2008-01-01,0,2008,21731.0,21731.0,500.1422436627335,0.13510296425973775,60,60,Current,Current,none,0,0.0,0.0,0.0,0,0.0,0.0,0,367
38125,2008-01-01,2005-06-01,31,2005,31409.0,31409.0,813.5738948673087,0.11117399432722068,48,17,Current,Current,none,0,0.0,0.0,0.0,0,0.0,0.0,0,922
38135,2008-01-01,2004-04-01,45,2004,114247.0,114247.0,2777.897350672724,0.07790791370582927,48,3,Current,Current,none,0,0.0,0.0,0.0,0,0.0,0.0,0,828
38140,2008-01-01,2004-09-01,40,2004,56685.0,56685.0,1440.0654981132002,0.10087657959126577,48,8,Current,Current,none,0,0.0,0.0,0.0,0,0.0,0.0,0,750
38145,2008-01-01,2007-08-01,5,2007,78163.0,78163.0,1690.0692787986209,0.10758883896677604,60,55,Current,Current,none,0,0.0,0.0,0.0,0,0.0,0.0,0,870
38148,2008-01-01,2003-12-01,49,2003,104622.0,104622.0,1987.3729530302267,0.10925115681495487,72,23,Current,Current,none,0,0.0,0.0,0.0,0,0.0,0.0,0,665
38151,2008-01-01,2007-05-01,8,2007,104894.0,104894.0,2238.815031279334,0.10195962798026187,60,52,Current,Current,none,0,0.0,0.0,0.0,0,0.0,0.0,0,677
38157,2008-01-01,2007-04-01,9,2007,40714.0,40714.0,1299.9835217639206,0.09278790008385855,36,27,Current,Current,none,0,0.0,0.0,0.0,0,0.0,0.0,0,710
38160,2008-01-01,2004-01-01,48,2004,22556.0,22556.0,560.237037858545,0.08900041753894522,48,0,Current,Matured,matured,0,0.0,0.0,0.0,0,0.0,0.0,0,432
38172,2008-01-01,2006-08-01,17,2006,178810.0,178810.0,3877.4074657331976,0.10883786567348337,60,43,Current,Current,none,0,0.0,0.0,0.0,0,0.0,0.0,0,250
38189,2008-01-01,2003-10-01,51,2003,92188.0,92188.0,1953.2755980353222,0.09879819588744848,60,9,Current,Current,none,0,0.0,0.0,0.0,0,0.0,0.0,0,325
38194,2008-01-01,2007-04-01,9,2007,81970.0,81970.0,1767.2899464859163,0.10633724211711261,60,51,Current,Current,none,0,0.0,0.0,0.0,0,0.0,0.0,0,732
38209,2008-01-01,2004-04-01,45,2004,50016.0,50016.0,1178.4620475269476,0.14564036875033304,60,15,Current,Current,none,0,0.0,0.0,0.0,0,0.0,0.0,0,767
38219,2008-01-01,2005-01-01,36,2005,47093.0,47093.0,1620.2797725111532,0.144691992479077,36,0,Current,Matured,matured,0,0.0,0.0,0.0,0,0.0,0.0,0,886
38231,2008-01-01,2007-07-01,6,2007,26356.0,26356.0,830.9535697846528,0.08414772829444296,36,30,Current,Current,none,0,0.0,0.0,0.0,0,0.0,0.0,0,522
38235,2008-01-01,2002-02-01,71,2002,141024.0,141024.0,2498.208900189746,0.08370660915234523,72,1,Current,Current,none,0,0.0,0.0,0.0,0,0.0,0.0,0,304
38236,2008-01-01,2003-06-01,55,2003,59488.0,59488.0,1196.6985760012742,0.07665398512863364,60,5,Current,Current,none,0,0.0,0.0,0.0,0,0.0,0.0,0,820
38237,2008-01-01,2005-08-01,29,2005,34946.0,34946.0,961.995017067351,0.14400976324026427,48,19,Current,Current,none,0,0.0,0.0,0.0,0,0.0,0.0,0,198
38240,2008-01-01,2006-07-01,18,2006,96889.0,96889.0,2113.698950144739,0.11146740027460601,60,42,Current,Current,none,0,0.0,0.0,0.0,0,0.0,0.0,0,504
38257,2008-01-01,2007-02-01,11,2007,22283.0,22283.0,395.76568225983027,0.08464432179719679,72,61,Current,Current,none,0,0.0,0.0,0.0,0,0.0,0.0,0,857
38261,2008-01-01,2006-01-01,24,2006,43886.0,43886.0,815.7247182255259,0.10121875401870427,72,48,Current,Current,none,0,0.0,0.0,0.0,0,0.0,0.0,0,491
38268,2008-01-01,2004-08-01,41,2004,73932.0,73932.0,1443.8383367079944,0.11959763288380171,72,31,Current,Current,none,0,0.0,0.0,0.0,0,0.0,0.0,0,499
38269,2008-01-01,2004-06-01,43,2004,60846.0,60846.0,1623.2885783660772,0.12699601686309417,48,5,Current,Current,none,0,0.0,0.0,0.0,0,0.0,0.0,0,355
38284,2008-01-01,2007-02-01,11,2007,19834.0,19834.0,543.6993627271379,0.14171316519952368,48,37,Current,Current,none,0,0.0,0.0,0.0,0,0.0,0.0,0,103
38296,2008-01-01,2007-03-01,10,2007,37523.0,37523.0,952.9407631373317,0.10069924301508694,48,38,Current,Current,none,0,0.0,0.0,0.0,0,0.0,0.0,0,535
38301,2008-01-01,2007-04-01,9,2007,56683.0,56683.0,1900.8075332293918,0.12667446345729838,36,27,Current,Current,none,0,0.0,0.0,0.0,0,0.0,0.0,0,932
38303,2008-01-01,2005-05-01,32,2005,19737.0,19737.0,379.3210887764763,0.11359620833305707,72,40,Current,Current,none,0,0.0,0.0,0.0,0,0.0,0.0,0,732
38318,2008-01-01,2004-07-01,42,2004,22028.0,22028.0,442.8845110415221,0.07642063699669843,60,18,Current,Current,none,0,0.0,0.0,0.0,0,0.0,0.0,0,611
38320,2008-01-01,2005-07-01,30,2005,72149.0,72149.0,2258.4722078510654,0.07927411950930759,36,6,Current,Current,none,0,0.0,0.0,0.0,0,0.0,0.0,0,482
38337,2008-01-01,2004-01-01,48,2004,58270.0,58270.0,1203.954605816354,0.08800477139231885,60,12,Current,Current,none,0,0.0,0.0,0.0,0,0.0,0.0,0,681
38340,2008-01-01,2005-12-01,25,2005,71883.0,71883.0,1679.9084486135648,0.14196093765458417,60,35,Current,Current,none,0,0.0,0.0,0.0,0,0.0,0.0,0,193
38353,2008-01-01,2003-10-01,51,2003,75233.0,75233.0,1709.02218217222,0.12928308257704169,60,9,Current,Current,none,0,0.0,0.0,0.0,0,0.0,0.0,0,414
38371,2008-01-01,2006-05-01,20,2006,20749.0,20749.0,419.67758806816715,0.13287948996924379,72,52,Current,Current,none,0,0.0,0.0,0.0,0,0.0,0.0,0,892
38378,2008-01-01,2007-07-01,6,2007,28935.0,28935.0,689.8980224491569,0.15101093509576088,60,54,Current,Current,none,0,0.0,0.0,0.0,0,0.0,0.0,0,383
38379,2008-01-01,2007-01-01,12,2007,122460.0,122460.0,3058.2834386471236,0.17225030446820883,60,48,Current,Current,none,0,0.0,0.0,0.0,0,0.0,0.0,0,129
38380,2008-01-01,2005-12-01,25,2005,73260.0,73260.0,2064.902851194292,0.15698201206469697,48,23,30 DPD,Delinquent,none,0,0.0,0.0,0.0,1,0.0,0.0,0,822
38403,2008-01-01,2005-11-01,26,2005,48325.0,48325.0,1161.1173132415704,0.15450884443299018,60,34,Current,Current,none,0,0.0,0.0,0.0,0,0.0,0.0,0,342
38412,2008-01-01,2005-06-01,31,2005,59732.0,59732.0,1149.35505548552,0.05804149558433672,60,29,Current,Current,none,0,0.0,0.0,0.0,0,0.0,0.0,0,165
38417,2008-01-01,2006-10-01,15,2006,173128.0,173128.0,4645.528456060712,0.1301091255876914,48,33,Current,Current,none,0,0.0,0.0,0.0,0,0.0,0.0,0,924
38425,2008-01-01,2004-10-01,39,2004,66955.0,66955.0,1856.582756143199,0.14798699544401872,48,9,Current,Current,none,0,0.0,0.0,0.0,0,0.0,0.0,0,195
38440,2008-01-01,2007-11-01,2,2007,53736.0,53736.0,1172.264103459983,0.11145882821850184,60,58,Current,Current,none,0,0.0,0.0,0.0,0,0.0,0.0,0,359
38443,2008-01-01,2002-01-01,72,2002,100645.0,100645.0,1876.8998232490385,0.10243200415418603,72,0,Current,Matured,matured,0,0.0,0.0,0.0,0,0.0,0.0,0,444
38455,2008-01-01,2003-08-01,53,2003,39231.0,39231.0,874.7045342236501,0.12102460413296197,60,7,Current,Current,none,0,0.0,0.0,0.0,0,0.0,0.0,0,996
38463,2008-01-01,2004-08-01,41,2004,56473.0,56473.0,1247.0454942961758,0.11678161392302613,60,19,Current,Current,none,0,0.0,0.0,0.0,0,0.0,0.0,0,721
38476,2008-01-01,2003-01-01,60,2003,33158.0,33158.0,666.8597259695154,0.07654775483054835,60,0,Current,Matured,matured,0,0.0,0.0,0.0,0,0.0,0.0,0,537
38485,2008-01-01,2006-12-01,13,2006,132922.0,132922.0,4045.796224657613,0.06034056685169333,36,23,Current,Current,none,0,0.0,0.0,0.0,0,0.0,0.0,0,795
38490,2008-01-01,2005-08-01,29,2005,51172.0,51172.0,850.4314012462615,0.060977661413444115,72,43,Current,Current,none,0,0.0,0.0,0.0,0,0.0,0.0,0,627
38506,2008-01-01,2007-09-01,4,2007,37520.0,37520.0,760.0533776742928,0.13346198096085093,72,68,Current,Current,none,0,0.0,0.0,0.0,0,0.0,0.0,0,548
38512,2008-01-01,2003-10-01,51,2003,24305.0,24305.0,476.19877334312446,0.06556504985839541,60,9,Current,Current,none,0,0.0,0.0,0.0,0,0.0,0.0,0,319
38513,2008-01-01,2005-09-01,28,2005,83001.0,83001.0,1422.006560978357,0.07173421328959188,72,44,Current,Current,none,0,0.0,0.0,0.0,0,0.0,0.0,0,755
38517,2008-01-01,2005-11-01,26,2005,60334.0,60334.0,1239.1048041696877,0.08543331370042967,60,34,Current,Current,none,0,0.0,0.0,0.0,0,0.0,0.0,0,651
38522,2008-01-01,2002-07-01,66,2002,30854.0,30854.0,529.6565065016699,0.0724426879842176,72,6,Current,Current,none,0,0.0,0.0,0.0,0,0.0,0.0,0,928
38525,2008-01-01,2003-08-01,53,2003,70838.0,70838.0,1256.789954367228,0.08425535578376997,72,19,Current,Current,none,0,0.0,0.0,0.0,0,0.0,0.0,0,479
38532,2008-01-01,2005-09-01,28,2005,101316.0,101316.0,2559.8921800620683,0.09799526573354725,48,20,Current,Current,none,0,0.0,0.0,0.0,0,0.0,0.0,0,378
38534,2008-01-01,2002-10-01,63,2002,198585.0,198585.0,3844.833142706054,0.11635468948860739,72,9,Current,Current,none,0,0.0,0.0,0.0,0,0.0,0.0,0,807
38547,2008-01-01,2002-10-01,63,2002,57390.0,57390.0,1142.218691122237,0.12674552505815836,72,9,Current,Current,none,0,0.0,0.0,0.0,0,0.0,0.0,0,500
38549,2008-01-01,2006-09-01,16,2006,55180.0,55180.0,1162.7326892366916,0.09642632226796607,60,44,Current,Current,none,0,0.0,0.0,0.0,0,0.0,0.0,0,913
38551,2008-01-01,2004-09-01,40,2004,43901.0,43901.0,1075.602395910045,0.0818665929029865,48,8,Current,Current,none,0,0.0,0.0,0.0,0,0.0,0.0,0,745
38553,2008-01-01,2005-05-01,32,2005,25337.0,25337.0,835.39489382077,0.1149019211039249,36,4,Current,Current,none,0,0.0,0.0,0.0,0,0.0,0.0,0,850
38554,2008-01-01,2003-11-01,50,2003,32828.0,32828.0,769.7910569804038,0.14348310322679908,60,10,Current,Current,none,0,0.0,0.0,0.0,0,0.0,0.0,0,937
38569,2008-01-01,2004-01-01,48,2004,47202.0,47202.0,997.3308091798617,0.09759688161879795,60,12,Current,Current,none,0,0.0,0.0,0.0,0,0.0,0.0,0,542
38572,2008-01-01,2003-12-01,49,2003,32287.0,32287.0,672.6099626201967,0.09152039073647031,60,11,Current,Current,none,0,0.0,0.0,0.0,0,0.0,0.0,0,128
38580,2008-01-01,2007-02-01,11,2007,32635.0,32635.0,808.4606025984375,0.08763315604247218,48,37,Current,Current,none,0,0.0,0.0,0.0,0,0.0,0.0,0,362
38587,2008-01-01,2005-10-01,27,2005,40818.0,40818.0,1252.7439395185024,0.06592160683905661,36,9,Current,Current,none,0,0.0,0.0,0.0,0,0.0,0.0,0,699
38596,2008-01-01,2007-02-01,11,2007,81938.0,81938.0,2251.2988511026842,0.14296888949311576,48,37,Current,Current,none,0,0.0,0.0,0.0,0,0.0,0.0,0,733
38600,2008-01-01,2008-01-01,0,2008,76830.0,76830.0,1838.8441354881752,0.06973460997511362,48,48,Current,Current,none,0,0.0,0.0,0.0,0,0.0,0.0,0,437
38610,2008-01-01,2007-04-01,9,2007,129605.0,129605.0,2710.067834587632,0.0931221446003102,60,51,Current,Current,none,0,0.0,0.0,0.0,0,0.0,0.0,0,762
38617,2008-01-01,2005-12-01,25,2005,75806.0,75806.0,1571.4124793404048,0.08940303246907247,60,35,Current,Current,none,0,0.0,0.0,0.0,0,0.0,0.0,0,250
38629,2008-01-01,2006-07-01,18,2006,52748.0,52748.0,1453.2114291078142,0.14444703498384956,48,30,Current,Current,none,0,0.0,0.0,0.0,0,0.0,0.0,0,958
38645,2008-01-01,2003-02-01,59,2003,121999.0,121999.0,2728.943313455755,0.12245234629692589,60,1,Current,Current,none,0,0.0,0.0,0.0,0,0.0,0.0,0,937
38653,2008-01-01,2004-10-01,39,2004,127031.0,127031.0,3577.46321093017,0.15651527413386435,48,9,Current,Current,none,0,0.0,0.0,0.0,0,0.0,0.0,0,673
38654,2008-01-01,2004-06-01,43,2004,56882.0,56882.0,1241.4571274937878,0.11165662223077888,60,17,Current,Current,none,0,0.0,0.0,0.0,0,0.0,0.0,0,162
