account_id,performance_date,origination_date,months_on_book,vintage,original_balance,current_balance,scheduled_payment,interest_rate,original_term,remaining_term,delinquency_bucket,status,terminal_event,default_flag,recovery_amount,loss_amount,exposure_at_default,delinquency_state,current_ltv,property_value_current,cltv,lgd_realised,workout_months,foreclosure_referral_flag,appraisal_vendor_code
1,2008-01-01,1998-06-01,115,1998,165720.0,165720.0,691.8555230382929,0.029234104829719176,360,245,Current,Current,none,0,0.0,0.0,0.0,0,46.81626,353979.6,59.51626,0.0,0.0,0,382
4,2008-01-01,1998-06-01,115,1998,737554.0,737554.0,3649.4959000516396,0.04298965035230523,360,245,Current,Current,none,0,0.0,0.0,0.0,0,32.634308,2.2600572e+06,37.234306,0.0,0.0,0,731
5,2008-01-01,2005-07-01,30,2005,934902.0,934902.0,3893.952524000952,0.02905212745908824,360,330,Current,Current,none,0,0.0,0.0,0.0,0,79.378296,1.1777804e+06,85.2783,0.0,0.0,0,891
7,2008-01-01,1994-12-01,157,1994,85710.0,85710.0,425.6504688096826,0.043297015843455425,360,203,Current,Current,none,0,0.0,0.0,0.0,0,29.02123,295335.5,29.121231,0.0,0.0,0,162
8,2008-01-01,2000-02-01,95,2000,297639.0,297639.0,1297.0989311912097,0.032607406965734206,360,265,Current,Current,none,0,0.0,0.0,0.0,0,39.09357,761350.25,39.793568,0.0,0.0,0,272
9,2008-01-01,1997-11-01,122,1997,339881.0,339881.0,1451.2381830670333,0.030994072417211204,360,238,Current,Current,none,0,0.0,0.0,0.0,0,28.25683,1.2028278e+06,28.85683,0.0,0.0,0,428
11,2008-01-01,2006-04-01,21,2006,324209.0,324209.0,1473.0821203339935,0.035949545497570144,360,339,Current,Current,none,0,0.0,0.0,0.0,0,103.91362,311998.56,111.21362,0.0,0.0,1,352
15,2008-01-01,2004-08-01,41,2004,237401.0,237401.0,853.9278254793415,0.018,360,319,Current,Current,none,0,0.0,0.0,0.0,0,74.26545,319665.47,76.66545,0.0,0.0,0,262
18,2008-01-01,2007-05-01,8,2007,77152.0,77152.0,456.16219765556434,0.05870517223754552,360,352,Current,Current,none,0,0.0,0.0,0.0,0,101.10698,76307.29,105.50698,0.0,0.0,0,739
20,2008-01-01,1998-02-01,119,1998,250439.0,250439.0,900.8253153323736,0.018,360,241,Current,Current,none,0,0.0,0.0,0.0,0,32.380413,773427.44,32.680412,0.0,0.0,0,650
26,2008-01-01,2003-01-01,60,2003,185871.0,185871.0,668.5751907096883,0.018,360,300,Current,Current,none,0,0.0,0.0,0.0,0,54.620167,340297.38,54.820168,0.0,0.0,0,806
29,2008-01-01,2005-07-01,30,2005,491737.0,491737.0,3575.450330578023,0.03747657288321333,180,150,Current,Current,none,0,0.0,0.0,0.0,0,77.24119,636625.3,79.841194,0.0,0.0,0,785
30,2008-01-01,2006-07-01,18,2006,440188.0,440188.0,3690.4153150247375,0.0589830532101584,180,162,Current,Current,none,0,0.0,0.0,0.0,0,100.46361,438156.7,113.163605,0.0,0.0,0,952
37,2008-01-01,2000-10-01,87,2000,124872.0,124872.0,804.0210268192465,0.020079784570752192,180,93,Current,Current,none,0,0.0,0.0,0.0,0,48.488,257531.77,51.688,0.0,0.0,0,797
39,2008-01-01,2000-05-01,92,2000,133350.0,133350.0,482.7600184081332,0.018471885786972366,360,268,Current,Current,none,0,0.0,0.0,0.0,0,33.339306,399978.34,33.539307,0.0,0.0,0,647
42,2008-01-01,1996-08-01,137,1996,310801.0,310801.0,1273.8985924576123,0.027808286098029992,360,223,Current,Current,none,0,0.0,0.0,0.0,0,36.620773,848701.3,45.520775,0.0,0.0,0,633
44,2008-01-01,2004-01-01,48,2004,247498.0,247498.0,1031.3049602871376,0.02908629902240565,360,312,Current,Current,none,0,0.0,0.0,0.0,0,66.53788,371965.56,69.237885,0.0,0.0,0,173
47,2008-01-01,2006-09-01,16,2006,282835.0,282835.0,1196.4223180846639,0.030260579316122218,360,344,Current,Current,none,0,0.0,0.0,0.0,0,88.28915,320350.8,100.78915,0.0,0.0,0,271
51,2008-01-01,1995-03-01,154,1995,538909.0,538909.0,1984.4886852677078,0.019724216097271704,360,206,Current,Current,none,0,0.0,0.0,0.0,0,29.488947,1.8274949e+06,31.288946,0.0,0.0,0,812
52,2008-01-01,1998-08-01,113,1998,563663.0,563663.0,2179.0326570684083,0.023347756337032642,360,247,Current,Current,none,0,0.0,0.0,0.0,0,32.698837,1.7238015e+06,33.498837,0.0,0.0,0,690
54,2008-01-01,2001-11-01,74,2001,319580.0,319580.0,1250.203807233484,0.02424411660131833,360,286,Current,Current,none,0,0.0,0.0,0.0,0,39.001446,819405.56,41.201447,0.0,0.0,0,807
57,2008-01-01,2007-03-01,10,2007,579447.0,579447.0,3949.1603920026164,0.028112390948909615,180,170,Current,Current,none,0,0.0,0.0,0.0,0,70.18121,825644.06,78.18121,0.0,0.0,0,929
58,2008-01-01,1993-12-01,169,1993,178778.0,178778.0,1080.3644266533613,0.06073823807272144,360,191,Current,Current,none,0,0.0,0.0,0.0,0,23.697752,754409.1,23.797752,0.0,0.0,0,653
61,2008-01-01,2006-06-01,19,2006,389839.0,389839.0,3168.833746849489,0.0542023831744942,180,161,Current,Current,none,0,0.0,0.0,0.0,0,104.4223,373329.25,113.4223,0.0,0.0,0,631
63,2008-01-01,2005-07-01,30,2005,188848.0,188848.0,840.0077405355282,0.03423877763428105,360,330,Current,Current,none,0,0.0,0.0,0.0,0,79.58183,237300.39,82.78184,0.0,0.0,0,390
64,2008-01-01,2004-05-01,44,2004,310791.0,310791.0,1117.910551381629,0.018,360,316,Current,Current,none,0,0.0,0.0,0.0,0,46.474995,668727.4,46.774994,0.0,0.0,0,876
66,2008-01-01,1999-02-01,107,1999,292527.0,292527.0,1052.2152181498618,0.018,360,253,Current,Current,none,0,0.0,0.0,0.0,0,46.414997,630242.44,46.414997,0.0,0.0,0,473
68,2008-01-01,2005-09-01,28,2005,139466.0,139466.0,636.4082165358167,0.03629734552760557,360,332,Current,Current,none,0,0.0,0.0,0.0,0,85.85957,162435.0,88.55957,0.0,0.0,0,291
69,2008-01-01,2002-05-01,68,2002,124367.0,124367.0,571.1778996730204,0.03682045323099654,360,292,Current,Current,none,0,0.0,0.0,0.0,0,50.411884,246701.75,50.711884,0.0,0.0,0,558
71,2008-01-01,2000-09-01,88,2000,137926.0,137926.0,542.3436629079798,0.024632627670248756,360,272,Current,Current,none,0,0.0,0.0,0.0,0,40.769123,338309.94,41.369125,0.0,0.0,0,793
76,2008-01-01,1996-05-01,140,1996,129308.0,129308.0,468.22935469008314,0.01848791414542071,360,220,Current,Current,none,0,0.0,0.0,0.0,0,40.50913,319207.06,41.30913,0.0,0.0,0,687
80,2008-01-01,1997-01-01,132,1997,418247.0,418247.0,1504.4281667864002,0.018,360,228,Current,Current,none,0,0.0,0.0,0.0,0,35.39861,1.1815351e+06,38.39861,0.0,0.0,0,510
81,2008-01-01,1994-02-01,167,1994,286657.0,286657.0,1430.002369773035,0.04367701325835788,360,193,Current,Current,none,0,0.0,0.0,0.0,0,27.930653,1.0263169e+06,28.030653,0.0,0.0,0,529
83,2008-01-01,2003-07-01,54,2003,515338.0,515338.0,1853.6630331248518,0.018,360,306,Current,Current,none,0,0.0,0.0,0.0,0,74.92807,687776.94,75.32807,0.0,0.0,0,211
90,2008-01-01,2004-11-01,38,2004,136038.0,136038.0,632.7494725882833,0.03785406861166402,360,322,Current,Current,none,0,0.0,0.0,0.0,0,87.09066,156202.75,89.79066,0.0,0.0,0,672
91,2008-01-01,1993-08-01,173,1993,199831.0,199831.0,805.7843148369573,0.026551169838057814,360,187,Current,Current,none,0,0.0,0.0,0.0,0,19.227215,1.03931325e+06,19.327215,0.0,0.0,0,218
95,2008-01-01,2006-10-01,15,2006,303094.0,303094.0,1536.6050479479256,0.04504842822685972,360,345,Current,Current,none,0,0.0,0.0,0.0,0,93.706985,323448.66,100.50699,0.0,0.0,0,105
96,2008-01-01,2003-12-01,49,2003,640721.0,640721.0,5063.090996714648,0.04988942503716755,180,131,Current,Current,none,0,0.0,0.0,0.0,0,52.071983,1.2304525e+06,53.47198,0.0,0.0,0,903
100,2008-01-01,1993-09-01,172,1993,115021.0,115021.0,537.4758389406165,0.038233041369645594,360,188,Current,Paid off,payoff,0,0.0,0.0,0.0,0,37.436565,307242.38,37.936565,0.0,0.0,0,695
102,2008-01-01,2004-04-01,45,2004,273018.0,273018.0,1010.1783609284743,0.02007693273846374,360,315,Current,Current,none,0,0.0,0.0,0.0,0,76.731766,355808.3,83.13177,0.0,0.0,0,971
103,2008-01-01,2004-04-01,45,2004,529450.0,529450.0,2257.083822929814,0.03086937976550368,360,315,Current,Current,none,0,0.0,0.0,0.0,0,62.718395,844170.2,63.318394,0.0,0.0,0,131
104,2008-01-01,1993-02-01,179,1993,439996.0,439996.0,1905.719603580402,0.032119736539764084,360,181,Current,Current,none,0,0.0,0.0,0.0,0,32.792645,1.3417521e+06,57.192646,0.0,0.0,0,167
111,2008-01-01,2005-11-01,26,2005,261576.0,261576.0,1263.5348401108774,0.04097389195201939,360,334,Current,Current,none,0,0.0,0.0,0.0,0,91.7936,284961.03,107.093605,0.0,0.0,0,427
117,2008-01-01,1993-06-01,175,1993,247825.0,247825.0,891.4227966580505,0.018,360,185,Current,Current,none,0,0.0,0.0,0.0,0,32.895683,753366.4,32.895683,0.0,0.0,0,221
122,2008-01-01,1997-11-01,122,1997,99220.0,99220.0,374.9262640643741,0.021639855246247824,360,238,Current,Current,none,0,0.0,0.0,0.0,0,45.423615,218432.64,51.723614,0.0,0.0,0,498
130,2008-01-01,2003-06-01,55,2003,328966.0,328966.0,2448.4998223645516,0.04091901962024902,180,125,Current,Current,none,0,0.0,0.0,0.0,0,56.926437,577879.1,68.62644,0.0,0.0,0,735
131,2008-01-01,1997-02-01,131,1997,633326.0,633326.0,2278.064094083553,0.018,360,229,Current,Current,none,0,0.0,0.0,0.0,0,45.297157,1.3981584e+06,46.297157,0.0,0.0,0,556
132,2008-01-01,1993-10-01,171,1993,185547.0,185547.0,1244.3912027766855,0.025821006007924748,180,9,Current,Current,none,0,0.0,0.0,0.0,0,35.322155,525299.2,37.722153,0.0,0.0,0,311
135,2008-01-01,1995-02-01,155,1995,89313.0,89313.0,413.30601236675085,0.037437552791278424,360,205,Current,Current,none,0,0.0,0.0,0.0,0,35.95658,248391.25,36.15658,0.0,0.0,0,898
149,2008-01-01,2002-02-01,71,2002,743779.0,743779.0,2809.8937472799207,0.021622569205473865,360,289,Current,Current,none,0,0.0,0.0,0.0,0,51.80334,1.4357741e+06,75.00334,0.0,0.0,0,295
151,2008-01-01,2006-02-01,23,2006,273852.0,273852.0,2055.472549694418,0.04216377932056952,180,157,Current,Current,none,0,0.0,0.0,0.0,0,88.375145,309874.44,96.27515,0.0,0.0,0,933
153,2008-01-01,1997-11-01,122,1997,302436.0,302436.0,1491.8825796889473,0.04273023535512051,360,238,Current,Current,none,0,0.0,0.0,0.0,0,44.461464,680220.5,53.761467,0.0,0.0,0,565
155,2008-01-01,1998-04-01,117,1998,117384.0,117384.0,432.34274949795366,0.019738845503798105,360,243,Current,Current,none,0,0.0,0.0,0.0,0,39.031033,300745.3,39.531033,0.0,0.0,0,919
162,2008-01-01,2003-08-01,53,2003,506920.0,506920.0,1929.0186083932736,0.0221644907946998,360,307,Current,Current,none,0,0.0,0.0,0.0,0,65.40906,774999.75,65.40906,0.0,0.0,0,476
168,2008-01-01,1993-01-01,180,1993,567588.0,567588.0,2548.8277259253555,0.035003281290080505,360,180,Current,Current,none,0,0.0,0.0,0.0,0,36.26034,1.5653135e+06,38.96034,0.0,0.0,0,229
177,2008-01-01,2002-10-01,63,2002,204573.0,204573.0,900.2666541897256,0.03338369876425098,360,297,Current,Current,none,0,0.0,0.0,0.0,0,63.925766,320016.5,72.72577,0.0,0.0,0,651
178,2008-01-01,1999-03-01,106,1999,411285.0,411285.0,1479.385957524488,0.018,360,254,Current,Current,none,0,0.0,0.0,0.0,0,42.62561,964877.7,43.82561,0.0,0.0,0,485
179,2008-01-01,2002-12-01,61,2002,445351.0,445351.0,1680.3043189385355,0.021526347168640225,360,299,Current,Current,none,0,0.0,0.0,0.0,0,53.66255,829910.25,57.16255,0.0,0.0,0,101
181,2008-01-01,2007-10-01,3,2007,251590.0,251590.0,1119.987760943735,0.03430315211989403,360,357,Current,Current,none,0,0.0,0.0,0.0,0,93.8099,268191.3,102.20989,0.0,0.0,0,703
182,2008-01-01,2006-06-01,19,2006,128016.0,128016.0,661.5418139513115,0.046688127369272116,360,341,Current,Current,none,0,0.0,0.0,0.0,0,100.10733,127878.75,111.90733,0.0,0.0,0,801
185,2008-01-01,2004-05-01,44,2004,172588.0,172588.0,729.9019613172753,0.030243018647827646,360,316,Current,Current,none,0,0.0,0.0,0.0,0,63.642994,271181.47,64.342995,0.0,0.0,0,850
186,2008-01-01,2006-02-01,23,2006,290874.0,290874.0,1855.4649172599588,0.06588402812270298,360,337,30 DPD,Delinquent,none,0,0.0,0.0,0.0,1,86.57157,335992.5,92.47157,0.0,0.0,0,498
188,2008-01-01,2001-07-01,78,2001,441617.0,441617.0,2367.3712863928818,0.04987679118717789,360,282,Current,Current,none,0,0.0,0.0,0.0,0,43.06686,1.0254219e+06,50.56686,0.0,0.0,0,179
194,2008-01-01,1998-07-01,114,1998,245955.0,245955.0,1143.2100120021728,0.03779736010706656,360,246,Current,Current,none,0,0.0,0.0,0.0,0,42.275345,581793.0,62.175343,0.0,0.0,0,585
195,2008-01-01,1999-02-01,107,1999,199547.0,199547.0,921.2138370679717,0.03724195410029193,360,253,Current,Current,none,0,0.0,0.0,0.0,0,47.3933,421044.75,52.8933,0.0,0.0,0,978
196,2008-01-01,2000-09-01,88,2000,413048.0,413048.0,2418.9289954501533,0.0578234180970598,360,272,Current,Current,none,0,0.0,0.0,0.0,0,53.231575,775945.5,53.531574,0.0,0.0,0,132
205,2008-01-01,2003-01-01,60,2003,231992.0,231992.0,914.315042340967,0.024806367628106687,360,300,Current,Current,none,0,0.0,0.0,0.0,0,37.607327,616879.75,51.107327,0.0,0.0,0,128
208,2008-01-01,2002-10-01,63,2002,469817.0,469817.0,1842.6137436931983,0.0244366534279963,360,297,Current,Current,none,0,0.0,0.0,0.0,0,47.114838,997174.2,50.114838,0.0,0.0,0,349
211,2008-01-01,1997-09-01,124,1997,274571.0,274571.0,1172.4886622323497,0.03100170757853373,360,236,Current,Current,none,0,0.0,0.0,0.0,0,28.303486,970096.06,28.403486,0.0,0.0,0,796
214,2008-01-01,2006-01-01,24,2006,168112.0,168112.0,1322.6504513065606,0.04922597198859163,180,156,Current,Current,none,0,0.0,0.0,0.0,0,89.84533,187112.67,98.14533,0.0,0.0,0,713
220,2008-01-01,1998-10-01,111,1998,154742.0,154742.0,792.8322033150672,0.045951988110983555,360,249,Current,Current,none,0,0.0,0.0,0.0,0,48.021534,322234.6,67.52154,0.0,0.0,0,215
222,2008-01-01,1998-08-01,113,1998,288244.0,288244.0,1351.704508662301,0.03852386687176664,360,247,Current,Current,none,0,0.0,0.0,0.0,0,46.056202,625852.75,53.756203,0.0,0.0,1,170
223,2008-01-01,2004-02-01,47,2004,220425.0,220425.0,945.4734173247421,0.03135225655196134,360,313,Current,Current,none,0,0.0,0.0,0.0,0,69.90319,315328.97,73.303185,0.0,0.0,0,963
227,2008-01-01,1994-03-01,166,1994,266880.0,266880.0,1136.7554874520183,0.030802153958080492,360,194,Current,Current,none,0,0.0,0.0,0.0,0,43.324142,616007.56,55.824142,0.0,0.0,0,972
229,2008-01-01,2007-07-01,6,2007,722027.0,722027.0,2868.912705690072,0.02542641227537341,360,354,Current,Current,none,0,0.0,0.0,0.0,0,88.657265,814402.56,99.75726,0.0,0.0,0,525
231,2008-01-01,2005-10-01,27,2005,292757.0,292757.0,1053.0425246896837,0.018,360,333,Current,Current,none,0,0.0,0.0,0.0,0,61.54347,475691.4,75.54347,0.0,0.0,0,479
232,2008-01-01,1997-04-01,129,1997,674386.0,674386.0,2929.5281370044545,0.032352885577106,360,231,Current,Current,none,0,0.0,0.0,0.0,0,41.400967,1.6289136e+06,62.00097,0.0,0.0,0,519
233,2008-01-01,2003-07-01,54,2003,208563.0,208563.0,975.4819029308949,0.038308576213973766,360,306,Current,Current,none,0,0.0,0.0,0.0,0,65.08983,320423.34,69.18983,0.0,0.0,0,742
236,2008-01-01,1993-11-01,170,1993,598582.0,598582.0,4550.408879198558,0.04406002733424733,180,10,Current,Current,none,0,0.0,0.0,0.0,0,27.279156,2.1942835e+06,29.979155,0.0,0.0,0,344
237,2008-01-01,2004-11-01,38,2004,195781.0,195781.0,918.7569315355815,0.038582216563383134,360,322,Current,Current,none,0,0.0,0.0,0.0,0,47.68812,410544.6,52.78812,0.0,0.0,0,577
238,2008-01-01,1996-11-01,134,1996,133242.0,133242.0,647.9781550527437,0.041536673548025656,360,226,Current,Current,none,0,0.0,0.0,0.0,0,36.0934,369158.9,38.3934,0.0,0.0,0,776
239,2008-01-01,2003-11-01,50,2003,169730.0,169730.0,650.043438998778,0.02264513334134809,360,310,Current,Current,none,0,0.0,0.0,0.0,0,49.72267,341353.34,49.72267,0.0,0.0,0,700
246,2008-01-01,1997-03-01,130,1997,600699.0,600699.0,2160.7052659323886,0.018,360,230,Current,Current,none,0,0.0,0.0,0.0,0,45.712543,1.3140792e+06,72.81254,0.0,0.0,0,851
248,2008-01-01,2006-11-01,14,2006,298589.0,298589.0,1482.16527336809,0.04325837605853604,360,346,Current,Paid off,payoff,0,0.0,0.0,0.0,0,82.328445,362680.25,95.12844,0.0,0.0,0,226
250,2008-01-01,1999-12-01,97,1999,279905.0,279905.0,1256.3313771639705,0.03496369660813557,360,263,Current,Current,none,0,0.0,0.0,0.0,0,30.838182,907657.25,37.03818,0.0,0.0,0,541
254,2008-01-01,2004-08-01,41,2004,48696.0,48696.0,191.57631461984138,0.024671067066814985,360,319,Current,Current,none,0,0.0,0.0,0.0,0,57.991787,83970.51,58.39179,0.0,0.0,0,160
256,2008-01-01,1997-10-01,123,1997,507044.0,507044.0,1900.2024710734931,0.02102393885106718,360,237,Current,Current,none,0,0.0,0.0,0.0,0,30.052586,1.6871894e+06,30.052586,0.0,0.0,0,420
258,2008-01-01,1994-10-01,159,1994,520671.0,520671.0,1930.203567965374,0.020218809418848103,360,201,Current,Current,none,0,0.0,0.0,0.0,0,20.88854,2.4926155e+06,20.88854,0.0,0.0,0,885
260,2008-01-01,2001-07-01,78,2001,453700.0,453700.0,2632.755039435961,0.05698185392769784,360,282,Current,Current,none,0,0.0,0.0,0.0,0,45.871212,989073.5,46.271214,0.0,0.0,0,358
264,2008-01-01,2002-08-01,65,2002,748462.0,748462.0,3661.4737059433282,0.04203126635415633,360,295,Current,Current,none,0,0.0,0.0,0.0,0,49.06823,1.5253495e+06,53.26823,0.0,0.0,0,437
267,2008-01-01,1995-09-01,148,1995,389706.0,389706.0,2026.2294142806227,0.047216178756150654,360,212,Current,Current,none,0,0.0,0.0,0.0,0,30.816927,1.2645842e+06,31.816927,0.0,0.0,0,151
268,2008-01-01,2000-10-01,87,2000,83988.0,83988.0,321.87681360172854,0.022694997193134354,360,273,Current,Current,none,0,0.0,0.0,0.0,0,32.11543,261519.17,32.515427,0.0,0.0,0,380
270,2008-01-01,1997-09-01,124,1997,254914.0,254914.0,1251.0689929640066,0.04230189274274103,360,236,Current,Current,none,0,0.0,0.0,0.0,0,46.112988,552803.06,51.712986,0.0,0.0,0,803
272,2008-01-01,2007-09-01,4,2007,187547.0,187547.0,714.643360634483,0.022264807070359133,360,356,Current,Current,none,0,0.0,0.0,0.0,0,58.63345,319863.5,68.633446,0.0,0.0,0,467
276,2008-01-01,2002-06-01,67,2002,418278.0,418278.0,2259.0590876731094,0.050533286241719336,360,293,Current,Current,none,0,0.0,0.0,0.0,0,65.85939,635107.56,66.75939,0.0,0.0,0,983
278,2008-01-01,2004-03-01,46,2004,200504.0,200504.0,795.5904495379726,0.02532165908631878,360,314,Current,Current,none,0,0.0,0.0,0.0,0,67.71231,296111.6,72.71231,0.0,0.0,0,761
279,2008-01-01,2003-05-01,56,2003,302070.0,302070.0,2347.9722288744524,0.04739574952505099,180,124,Current,Current,none,0,0.0,0.0,0.0,0,64.65718,467187.06,64.957184,0.0,0.0,0,628
283,2008-01-01,2000-12-01,85,2000,221386.0,221386.0,857.7920030447302,0.023519073072793693,360,275,Current,Current,none,0,0.0,0.0,0.0,0,36.31148,609685.94,37.211483,0.0,0.0,0,308
284,2008-01-01,2003-06-01,55,2003,109868.0,109868.0,603.8126826607133,0.0520759437396334,360,305,Current,Current,none,0,0.0,0.0,0.0,0,66.505035,165202.53,70.40503,0.0,0.0,0,363
289,2008-01-01,2002-01-01,72,2002,553802.0,553802.0,1992.017462462712,0.018,360,288,Current,Current,none,0,0.0,0.0,0.0,0,46.55371,1.189598e+06,46.85371,0.0,0.0,0,638
292,2008-01-01,2001-10-01,75,2001,271594.0,271594.0,1338.165938426937,0.0426311888080696,360,285,Current,Current,none,0,0.0,0.0,0.0,0,62.6158,433746.75,63.1158,0.0,0.0,0,520
294,2008-01-01,2007-05-01,8,2007,463105.0,463105.0,2308.061017569466,0.043597854776640604,360,352,Current,Current,none,0,0.0,0.0,0.0,0,92.07008,502991.84,96.37008,0.0,0.0,0,312
303,2008-01-01,2001-08-01,77,2001,586795.0,586795.0,3830.5782818663297,0.022008051284868952,180,103,Current,Current,none,0,0.0,0.0,0.0,0,42.076687,1.3945846e+06,44.67669,0.0,0.0,0,815
306,2008-01-01,1996-02-01,143,1996,280135.0,280135.0,1087.4678188335085,0.023660950922940995,360,217,Current,Current,none,0,0.0,0.0,0.0,0,29.78546,940509.25,31.38546,0.0,0.0,0,644
314,2008-01-01,2007-02-01,11,2007,139264.0,139264.0,625.780597237691,0.03505440372704814,360,349,Current,Current,none,0,0.0,0.0,0.0,0,84.04732,165697.14,89.34731,0.0,0.0,0,153
318,2008-01-01,2003-02-01,59,2003,258198.0,258198.0,981.1005029917707,0.022054914763205234,360,301,Current,Current,none,0,0.0,0.0,0.0,0,62.184208,415214.75,72.98421,0.0,0.0,0,657
320,2008-01-01,2006-12-01,13,2006,374219.0,374219.0,1718.2131839568967,0.036798923612293706,360,347,Current,Current,none,0,0.0,0.0,0.0,0,71.75919,521492.75,83.25919,0.0,0.0,0,826
322,2008-01-01,2007-01-01,12,2007,294244.0,294244.0,1412.3790393494091,0.040448170382063414,360,348,Current,Current,none,0,0.0,0.0,0.0,0,93.026276,316302.03,99.32628,0.0,0.0,0,658
327,2008-01-01,1997-01-01,132,1997,293004.0,293004.0,1931.5436458650267,0.02338658986058432,180,48,Current,Current,none,0,0.0,0.0,0.0,0,35.300957,830017.1,56.40096,0.0,0.0,0,391
328,2008-01-01,2005-08-01,29,2005,464040.0,464040.0,1913.230800145487,0.02826388914274858,360,331,Current,Current,none,0,0.0,0.0,0.0,0,85.14641,544990.7,87.84641,0.0,0.0,0,963
332,2008-01-01,2006-06-01,19,2006,137857.0,137857.0,742.2218501222052,0.050258051050987566,360,341,Current,Current,none,0,0.0,0.0,0.0,0,84.46556,163210.9,89.46556,0.0,0.0,0,318
333,2008-01-01,2000-12-01,85,2000,132857.0,132857.0,715.4128650797812,0.05027170271348018,360,275,Current,Current,none,0,0.0,0.0,0.0,0,57.86944,229580.6,59.169437,0.0,0.0,0,294
337,2008-01-01,2001-06-01,79,2001,252420.0,252420.0,995.811080155597,0.024881605593085932,360,281,Current,Current,none,0,0.0,0.0,0.0,0,53.234055,474170.2,53.634052,0.0,0.0,0,328
342,2008-01-01,1996-06-01,139,1996,225551.0,225551.0,1008.8112340438239,0.03468088374305977,360,221,Current,Current,none,0,0.0,0.0,0.0,0,23.592346,956034.6,23.692347,0.0,0.0,0,568
346,2008-01-01,1997-10-01,123,1997,93395.0,93395.0,402.9131713830948,0.03180620878874099,360,237,Current,Current,none,0,0.0,0.0,0.0,0,42.225143,221183.38,48.325146,0.0,0.0,0,774
349,2008-01-01,2002-11-01,62,2002,219443.0,219443.0,1384.7389030282839,0.0648412573863849,360,298,Current,Current,none,0,0.0,0.0,0.0,0,64.62637,339556.44,65.42637,0.0,0.0,0,332
356,2008-01-01,1993-09-01,172,1993,216684.0,216684.0,915.6115616893036,0.030176427629135423,360,188,Current,Current,none,0,0.0,0.0,0.0,0,33.82547,640594.2,33.82547,0.0,0.0,0,152
358,2008-01-01,2001-01-01,84,2001,241486.0,241486.0,1083.076593736935,0.03490327277081613,360,276,Current,Current,none,0,0.0,0.0,0.0,0,47.880035,504356.34,63.280037,0.0,0.0,0,159
359,2008-01-01,2005-01-01,36,2005,155004.0,155004.0,559.0180790647942,0.0181927306193181,360,324,Current,Current,none,0,0.0,0.0,0.0,0,54.10177,286504.5,58.701767,0.0,0.0,0,639
360,2008-01-01,1994-04-01,165,1994,191844.0,191844.0,690.0599818503663,0.018,360,195,Current,Current,none,0,0.0,0.0,0.0,0,34.3642,558267.0,39.0642,0.0,0.0,0,527
363,2008-01-01,1996-10-01,135,1996,237167.0,237167.0,908.0945231855061,0.022626659944982676,360,225,Current,Current,none,0,0.0,0.0,0.0,0,40.475567,585951.0,46.975567,0.0,0.0,0,284
364,2008-01-01,2005-09-01,28,2005,418976.0,418976.0,2594.697940317879,0.0630494436151173,360,332,Current,Current,none,0,0.0,0.0,0.0,0,88.0398,475893.84,95.0398,0.0,0.0,0,397
374,2008-01-01,1993-11-01,170,1993,220975.0,220975.0,1020.494434119541,0.03727052506829966,360,190,Current,Current,none,0,0.0,0.0,0.0,0,32.808094,673538.0,41.808094,0.0,0.0,0,349
375,2008-01-01,1998-07-01,114,1998,182821.0,182821.0,765.5045735069593,0.02946387197826745,360,246,Current,Current,none,0,0.0,0.0,0.0,0,38.292114,477437.72,41.192116,0.0,0.0,0,108
376,2008-01-01,2007-03-01,10,2007,713634.0,713634.0,4980.826548098687,0.031527650869254624,180,170,Current,Current,none,0,0.0,0.0,0.0,0,103.08864,692252.8,107.38864,0.0,0.0,0,111
380,2008-01-01,2007-02-01,11,2007,279684.0,279684.0,1006.0191403632006,0.018,360,349,Current,Current,none,0,0.0,0.0,0.0,0,74.448006,375676.97,78.448006,0.0,0.0,0,304
381,2008-01-01,2003-11-01,50,2003,226248.0,226248.0,945.7760638064306,0.029335047883705265,360,310,Current,Current,none,0,0.0,0.0,0.0,0,60.34856,374902.06,60.448563,0.0,0.0,0,204
383,2008-01-01,2007-03-01,10,2007,289162.0,289162.0,2211.042357311213,0.04493046069840777,180,170,Current,Current,none,0,0.0,0.0,0.0,0,85.942696,336459.06,95.5427,0.0,0.0,0,968
384,2008-01-01,1999-04-01,105,1999,104894.0,104894.0,503.13851181925963,0.040389539437118954,360,255,Current,Current,none,0,0.0,0.0,0.0,0,49.018143,213990.16,49.018143,0.0,0.0,0,982
386,2008-01-01,1996-09-01,136,1996,671410.0,671410.0,2734.7979795755527,0.027326280376845122,360,224,Current,Current,none,0,0.0,0.0,0.0,0,42.5658,1.5773461e+06,53.0658,0.0,0.0,0,882
388,2008-01-01,2006-11-01,14,2006,318746.0,318746.0,1576.904745039897,0.04297444939363493,360,346,Current,Current,none,0,0.0,0.0,0.0,0,88.6614,359509.3,95.0614,0.0,0.0,0,418
389,2008-01-01,1998-01-01,120,1998,254060.0,254060.0,1197.3200042181331,0.038931264583774855,360,240,Current,Current,none,0,0.0,0.0,0.0,0,25.220474,1.0073561e+06,25.420475,0.0,0.0,0,129
390,2008-01-01,1993-07-01,174,1993,257253.0,257253.0,1381.2406303886619,0.050015957658997884,360,186,Current,Current,none,0,0.0,0.0,0.0,0,35.965973,715267.7,36.065975,0.0,0.0,0,458
391,2008-01-01,1998-09-01,112,1998,212431.0,212431.0,989.2935755839143,0.03795498509416993,360,248,Current,Current,none,0,0.0,0.0,0.0,0,34.860237,609379.1,38.46024,0.0,0.0,0,978
392,2008-01-01,2006-02-01,23,2006,409515.0,409515.0,3000.146521269426,0.03858351617270471,180,157,Current,Current,none,0,0.0,0.0,0.0,0,86.1472,475366.56,99.6472,0.0,0.0,0,535
394,2008-01-01,1996-04-01,141,1996,242981.0,242981.0,1369.5297411720019,0.05433705050001201,360,219,Current,Current,none,0,0.0,0.0,0.0,0,45.98765,528361.4,47.98765,0.0,0.0,0,668
396,2008-01-01,2003-09-01,52,2003,555455.0,555455.0,3026.449382672002,0.05131053661758171,360,308,Current,Current,none,0,0.0,0.0,0.0,0,67.14542,827241.9,69.94541,0.0,0.0,0,515
397,2008-01-01,1998-11-01,110,1998,259893.0,259893.0,1702.2312472829512,0.02247618130044393,180,70,Current,Current,none,0,0.0,0.0,0.0,0,46.777607,555592.75,47.477608,0.0,0.0,0,165
399,2008-01-01,2007-08-01,5,2007,202458.0,202458.0,728.2383801706671,0.018,360,355,Current,Current,none,0,0.0,0.0,0.0,0,68.26886,296559.8,75.46886,0.0,0.0,0,951
401,2008-01-01,2000-07-01,90,2000,290679.0,290679.0,1110.573266500367,0.022463850114471808,360,270,Current,Current,none,0,0.0,0.0,0.0,0,42.9502,676781.5,43.750202,0.0,0.0,0,463
404,2008-01-01,2007-07-01,6,2007,233403.0,233403.0,1275.7023796589044,0.05158765457464195,360,354,Current,Current,none,0,0.0,0.0,0.0,0,62.2082,375196.53,70.1082,0.0,0.0,0,499
407,2008-01-01,1995-05-01,152,1995,299097.0,299097.0,1194.7883069876837,0.025832945297512646,360,208,Current,Current,none,0,0.0,0.0,0.0,0,39.24274,762171.5,39.54274,0.0,0.0,0,827
411,2008-01-01,2005-06-01,31,2005,223674.0,223674.0,1065.3170192942407,0.03980314760658198,360,329,Current,Current,none,0,0.0,0.0,0.0,0,67.06688,333508.88,71.46688,0.0,0.0,0,429
422,2008-01-01,1994-12-01,157,1994,296326.0,296326.0,1065.8801639967455,0.018,360,203,Current,Current,none,0,0.0,0.0,0.0,0,38.66377,766417.8,38.963768,0.0,0.0,0,907
424,2008-01-01,2005-11-01,26,2005,538235.0,538235.0,2245.2481460235463,0.029171734478558847,360,334,Current,Current,none,0,0.0,0.0,0.0,0,93.57906,575166.06,96.07906,0.0,0.0,0,675
427,2008-01-01,1993-08-01,173,1993,494060.0,494060.0,2376.7851774569685,0.04063306119058432,360,187,Current,Current,none,0,0.0,0.0,0.0,0,23.83992,2.0724062e+06,25.33992,0.0,0.0,0,212
428,2008-01-01,2007-08-01,5,2007,182326.0,182326.0,724.9095339590067,0.02547400864909182,360,355,Current,Current,none,0,0.0,0.0,0.0,0,69.42774,262612.6,76.727745,0.0,0.0,0,392
430,2008-01-01,2001-11-01,74,2001,187499.0,187499.0,819.2605731780134,0.03281577759000277,360,286,Current,Current,none,0,0.0,0.0,0.0,0,47.668434,393339.97,48.56843,0.0,0.0,0,682
431,2008-01-01,2001-04-01,81,2001,266628.0,266628.0,1890.1884435271236,0.03378348525731875,180,99,Current,Current,none,0,0.0,0.0,0.0,0,40.707417,654986.25,40.707417,0.0,0.0,0,737
434,2008-01-01,2006-12-01,13,2006,247922.0,247922.0,891.771704198758,0.018,360,347,Current,Current,none,0,0.0,0.0,0.0,0,90.82358,272970.97,96.023575,0.0,0.0,0,117
436,2008-01-01,2005-05-01,32,2005,223695.0,223695.0,1435.4573975696721,0.01960750060391334,180,148,Current,Current,none,0,0.0,0.0,0.0,0,65.80616,339930.2,81.20616,0.0,0.0,0,230
437,2008-01-01,2007-04-01,9,2007,156804.0,156804.0,742.8211450242018,0.039358762567880394,360,351,Current,Current,none,0,0.0,0.0,0.0,0,92.72691,169103.02,101.42691,0.0,0.0,0,947
440,2008-01-01,2006-02-01,23,2006,199786.0,199786.0,1030.7911026349739,0.04655185006137226,360,337,Current,Current,none,0,0.0,0.0,0.0,0,74.58311,267870.3,79.783104,0.0,0.0,0,871
441,2008-01-01,1998-09-01,112,1998,424373.0,424373.0,1571.8493741943917,0.0201546585130394,360,248,Current,Current,none,0,0.0,0.0,0.0,0,40.920555,1.03706556e+06,41.920555,0.0,0.0,0,849
444,2008-01-01,2007-06-01,7,2007,288895.0,288895.0,1138.2721666116315,0.02478595846415612,360,353,Current,Current,none,0,0.0,0.0,0.0,0,89.24306,323717.06,96.64306,0.0,0.0,0,381
447,2008-01-01,1995-07-01,150,1995,274872.0,274872.0,1783.3665005204998,0.021145931505124,180,30,Current,Current,none,0,0.0,0.0,0.0,0,27.553232,997603.44,30.053232,0.0,0.0,0,745
449,2008-01-01,2003-03-01,58,2003,184086.0,184086.0,678.6171806170333,0.01980425566882367,360,302,Current,Current,none,0,0.0,0.0,0.0,0,57.8982,317947.7,63.998203,0.0,0.0,0,804
450,2008-01-01,1999-05-01,104,1999,377878.0,377878.0,2673.660491605971,0.033501402122896325,180,76,Current,Current,none,0,0.0,0.0,0.0,0,34.225163,1.1040941e+06,37.925163,0.0,0.0,0,761
453,2008-01-01,2000-10-01,87,2000,236612.0,236612.0,851.0898043492571,0.018,360,273,Current,Current,none,0,0.0,0.0,0.0,0,37.279087,634704.44,50.879086,0.0,0.0,0,117
455,2008-01-01,2003-12-01,49,2003,549973.0,549973.0,2440.7642853734324,0.03405695763895627,360,311,Current,Current,none,0,0.0,0.0,0.0,0,70.19107,783536.94,74.59107,0.0,0.0,0,761
461,2008-01-01,2007-06-01,7,2007,411630.0,411630.0,2319.456919415076,0.054312174970485905,360,353,Current,Current,none,0,0.0,0.0,0.0,0,56.4534,729150.06,64.253395,0.0,0.0,0,696
466,2008-01-01,1994-10-01,159,1994,570300.0,570300.0,3038.740443070307,0.04934602356511906,360,201,Current,Current,none,0,0.0,0.0,0.0,0,34.970703,1.6307936e+06,53.770702,0.0,0.0,0,588
467,2008-01-01,2003-02-01,59,2003,254430.0,254430.0,915.1808822907607,0.018,360,301,Current,Current,none,0,0.0,0.0,0.0,0,43.206398,588871.1,51.106396,0.0,0.0,0,686
468,2008-01-01,2001-03-01,82,2001,361023.0,361023.0,1298.5942996787223,0.018,360,278,Current,Current,none,0,0.0,0.0,0.0,0,54.46315,662875.7,61.16315,0.0,0.0,0,213
470,2008-01-01,2007-07-01,6,2007,279805.0,279805.0,1223.6830717670305,0.03288719973037687,360,354,Current,Current,none,0,0.0,0.0,0.0,0,76.067505,367837.75,80.067505,0.0,0.0,0,424
471,2008-01-01,2006-12-01,13,2006,448778.0,448778.0,2421.5089244891383,0.05045051509461913,360,347,Current,Current,none,0,0.0,0.0,0.0,0,82.68373,542764.56,89.48373,0.0,0.0,0,839
474,2008-01-01,2001-03-01,82,2001,174875.0,174875.0,664.8930971831835,0.022100274001109647,360,278,Current,Current,none,0,0.0,0.0,0.0,0,37.620872,464835.03,40.620872,0.0,0.0,0,965
478,2008-01-01,2004-08-01,41,2004,525458.0,525458.0,2233.464943344925,0.030637700197323748,360,319,Current,Current,none,0,0.0,0.0,0.0,0,54.844948,958079.2,54.944946,0.0,0.0,0,763
480,2008-01-01,2002-01-01,72,2002,194081.0,194081.0,844.5878168598364,0.03249390147940927,360,288,Current,Current,none,0,0.0,0.0,0.0,0,53.223686,364651.56,57.923687,0.0,0.0,0,292
483,2008-01-01,2003-03-01,58,2003,200594.0,200594.0,920.8692059023955,0.03678559776955047,360,302,Current,Current,none,0,0.0,0.0,0.0,0,46.78719,428737.03,47.28719,0.0,0.0,0,174
484,2008-01-01,2002-09-01,64,2002,398008.0,398008.0,2524.7259574400455,0.018,180,116,Current,Current,none,0,0.0,0.0,0.0,0,52.37639,759899.7,54.57639,0.0,0.0,0,581
487,2008-01-01,2000-12-01,85,2000,218368.0,218368.0,796.8560025368984,0.01905550844816751,360,275,Current,Current,none,0,0.0,0.0,0.0,0,44.196987,494078.9,44.29699,0.0,0.0,0,445
490,2008-01-01,2007-11-01,2,2007,565047.0,565047.0,4489.560678849933,0.050719442116091404,180,178,Current,Current,none,0,0.0,0.0,0.0,0,87.13204,648495.06,94.932045,0.0,0.0,0,415
493,2008-01-01,2007-01-01,12,2007,170443.0,170443.0,839.1209207150629,0.04256450925909771,360,348,Current,Current,none,0,0.0,0.0,0.0,0,75.72403,225084.42,81.32403,0.0,0.0,0,621
494,2008-01-01,2006-01-01,24,2006,116037.0,116037.0,462.9336114317016,0.025735102563797276,360,336,Current,Current,none,0,0.0,0.0,0.0,0,76.527084,151628.67,81.82708,0.0,0.0,1,101
495,2008-01-01,2002-12-01,61,2002,311130.0,311130.0,1362.9869856652442,0.03302199587829048,360,299,Current,Current,none,0,0.0,0.0,0.0,0,47.121964,660265.4,53.421963,0.0,0.0,0,409
498,2008-01-01,1998-08-01,113,1998,522109.0,522109.0,4524.0910885795965,0.06416127117885798,180,67,Current,Current,none,0,0.0,0.0,0.0,0,37.13348,1.406033e+06,40.53348,0.0,0.0,0,422
499,2008-01-01,2001-02-01,83,2001,192019.0,192019.0,735.2552836654902,0.022629622240345905,360,277,Current,Current,none,0,0.0,0.0,0.0,0,49.99038,384111.9,54.590378,0.0,0.0,0,952
503,2008-01-01,1996-05-01,140,1996,56722.0,56722.0,365.5881341319714,0.020220853856159952,180,40,Current,Current,none,0,0.0,0.0,0.0,0,29.983517,189177.28,30.383516,0.0,0.0,0,149
506,2008-01-01,1994-11-01,158,1994,506273.0,506273.0,2843.187663284014,0.054009773520706815,360,202,Current,Paid off,payoff,0,0.0,0.0,0.0,0,34.630745,1.4619178e+06,50.530743,0.0,0.0,0,457
507,2008-01-01,2005-11-01,26,2005,352554.0,352554.0,1374.0539475098306,0.02396151762610184,360,334,Current,Current,none,0,0.0,0.0,0.0,0,99.77566,353346.72,102.27566,0.0,0.0,0,114
508,2008-01-01,2007-11-01,2,2007,506682.0,506682.0,2758.8468910498323,0.05125094341590171,360,358,Current,Current,none,0,0.0,0.0,0.0,0,56.10853,903039.2,60.70853,0.0,0.0,0,861
513,2008-01-01,1994-04-01,165,1994,462294.0,462294.0,3594.4397676846556,0.0474400256525439,180,15,Current,Current,none,0,0.0,0.0,0.0,0,25.807653,1.7913059e+06,27.907652,0.0,0.0,0,684
514,2008-01-01,1999-11-01,98,1999,476290.0,476290.0,2365.865505229428,0.04331586700674334,360,262,Current,Current,none,0,0.0,0.0,0.0,0,45.72645,1.0416072e+06,47.62645,0.0,0.0,0,523
515,2008-01-01,2002-05-01,68,2002,281579.0,281579.0,1032.9759514803106,0.019445187082970616,360,292,Current,Current,none,0,0.0,0.0,0.0,0,36.855747,764003.0,37.255745,0.0,0.0,0,784
518,2008-01-01,1997-04-01,129,1997,215902.0,215902.0,949.6773313454052,0.03334636794060093,360,231,Current,Current,none,0,0.0,0.0,0.0,0,39.823788,542143.3,39.823788,0.0,0.0,0,855
522,2008-01-01,2003-02-01,59,2003,477167.0,477167.0,1716.3625203790252,0.018,360,301,Current,Current,none,0,0.0,0.0,0.0,0,54.533073,875004.75,58.633076,0.0,0.0,0,781
528,2008-01-01,2005-06-01,31,2005,211108.0,211108.0,804.1898436895347,0.02224320590090384,360,329,Current,Current,none,0,0.0,0.0,0.0,0,66.66468,316671.44,69.46468,0.0,0.0,0,397
532,2008-01-01,2001-07-01,78,2001,250584.0,250584.0,1358.978990503602,0.05089825041335862,360,282,Current,Current,none,0,0.0,0.0,0.0,0,50.411594,497076.12,52.011597,0.0,0.0,0,793
538,2008-01-01,2006-08-01,17,2006,253761.0,253761.0,1279.3624421709833,0.044574527378902364,360,343,Current,Current,none,0,0.0,0.0,0.0,0,83.96895,302208.16,92.46895,0.0,0.0,0,309
540,2008-01-01,1998-10-01,111,1998,144396.0,144396.0,550.6100678100944,0.022318195743162374,360,249,Current,Current,none,0,0.0,0.0,0.0,0,40.38541,357544.94,41.685413,0.0,0.0,0,104
541,2008-01-01,2000-02-01,95,2000,268563.0,268563.0,1302.4963283352224,0.04130808438863165,360,265,Current,Current,none,0,0.0,0.0,0.0,0,51.20376,524498.6,53.003757,0.0,0.0,0,806
546,2008-01-01,2003-01-01,60,2003,915584.0,915584.0,4171.465761105124,0.03617105933352599,360,300,Current,Current,none,0,0.0,0.0,0.0,0,51.336987,1.7834782e+06,58.93699,0.0,0.0,0,184
553,2008-01-01,2003-11-01,50,2003,253300.0,253300.0,1001.8898687100988,0.02507960138685584,360,310,Current,Current,none,0,0.0,0.0,0.0,0,63.02531,401902.03,63.22531,0.0,0.0,0,939
556,2008-01-01,2005-03-01,34,2005,205743.0,205743.0,1067.276153094576,0.047017398478846416,360,326,Current,Current,none,0,0.0,0.0,0.0,0,66.667366,308611.28,80.86736,0.0,0.0,0,238
557,2008-01-01,2000-11-01,86,2000,130468.0,130468.0,534.0961632171826,0.02771284668500676,360,274,Current,Current,none,0,0.0,0.0,0.0,0,58.10988,224519.48,60.409878,0.0,0.0,0,716
565,2008-01-01,2001-08-01,77,2001,400702.0,400702.0,2093.4670470865226,0.047633092911240786,360,283,Current,Current,none,0,0.0,0.0,0.0,0,52.629467,761364.4,54.329468,0.0,0.0,0,237
568,2008-01-01,1997-02-01,131,1997,270240.0,270240.0,1784.008904410386,0.023586812768088453,180,49,Current,Current,none,0,0.0,0.0,0.0,0,32.836773,822979.75,47.636776,0.0,0.0,0,726
569,2008-01-01,1998-01-01,120,1998,189522.0,189522.0,867.1559538449897,0.03651585800916127,360,240,Current,Current,none,0,0.0,0.0,0.0,0,33.219696,570510.94,33.519695,0.0,0.0,0,293
572,2008-01-01,1995-03-01,154,1995,231186.0,231186.0,1466.5064400633512,0.018,180,26,Current,Current,none,0,0.0,0.0,0.0,0,40.06752,576991.0,40.06752,0.0,0.0,0,129
573,2008-01-01,2001-05-01,80,2001,202333.0,202333.0,988.4845923165,0.041918813121126504,360,280,Current,Current,none,0,0.0,0.0,0.0,0,46.041412,439458.72,46.041412,0.0,0.0,0,452
576,2008-01-01,1994-03-01,166,1994,234435.0,234435.0,1086.6713493680056,0.03757262316599043,360,194,Current,Current,none,0,0.0,0.0,0.0,0,26.745558,876538.06,27.445559,0.0,0.0,0,288
590,2008-01-01,2007-12-01,1,2007,203323.0,203323.0,1050.8931730900222,0.04670379831477897,360,359,Current,Current,none,0,0.0,0.0,0.0,0,68.59435,296413.62,74.19435,0.0,0.0,0,427
592,2008-01-01,2000-07-01,90,2000,464113.0,464113.0,1669.4074787667012,0.018,360,270,Current,Current,none,0,0.0,0.0,0.0,0,50.057068,927167.75,55.057068,0.0,0.0,0,283
593,2008-01-01,1995-02-01,155,1995,189111.0,189111.0,864.6356791131095,0.03645584644396373,360,205,Current,Current,none,0,0.0,0.0,0.0,0,31.701641,596533.8,32.70164,0.0,0.0,0,327
599,2008-01-01,2002-12-01,61,2002,454416.0,454416.0,1996.952150461229,0.03327201017913856,360,299,Current,Current,none,0,0.0,0.0,0.0,0,51.20983,887360.9,51.20983,0.0,0.0,0,195
600,2008-01-01,1993-05-01,176,1993,144539.0,144539.0,1048.4451999322196,0.037126695620575745,180,4,Current,Current,none,0,0.0,0.0,0.0,0,25.259691,572212.06,25.359692,0.0,0.0,0,643
603,2008-01-01,2003-10-01,51,2003,227032.0,227032.0,899.2871613931696,0.025189318236285625,360,309,Current,Current,none,0,0.0,0.0,0.0,0,48.22982,470729.5,54.72982,0.0,0.0,0,351
605,2008-01-01,2007-10-01,3,2007,585555.0,585555.0,2837.71032235838,0.041244696629337954,360,357,Current,Current,none,0,0.0,0.0,0.0,0,98.9985,591478.7,118.698494,0.0,0.0,0,927
609,2008-01-01,1997-05-01,128,1997,252237.0,252237.0,1335.416287233856,0.04878639936315123,360,232,Current,Current,none,0,0.0,0.0,0.0,0,46.28133,545008.1,48.08133,0.0,0.0,0,907
610,2008-01-01,2007-02-01,11,2007,101520.0,101520.0,543.7420707094269,0.049800157748104715,360,349,Current,Current,none,0,0.0,0.0,0.0,0,96.73974,104941.36,122.53974,0.0,0.0,0,779
611,2008-01-01,2004-02-01,47,2004,163266.0,163266.0,840.4305048056362,0.04635389431588436,360,313,Current,Current,none,0,0.0,0.0,0.0,0,66.00123,247368.12,80.60123,0.0,0.0,0,165
614,2008-01-01,2006-05-01,20,2006,261583.0,261583.0,995.7977665031844,0.022192851157334197,360,340,Current,Current,none,0,0.0,0.0,0.0,0,64.12711,407913.25,71.027115,0.0,0.0,0,322
617,2008-01-01,1997-10-01,123,1997,341105.0,341105.0,1774.6629470095415,0.04727114942756776,360,237,Current,Current,none,0,0.0,0.0,0.0,0,36.71971,928942.44,44.519714,0.0,0.0,0,653
619,2008-01-01,1995-05-01,152,1995,216941.0,216941.0,1491.3880207614768,0.02935056462055989,180,28,Current,Current,none,0,0.0,0.0,0.0,0,37.49757,578546.8,41.39757,0.0,0.0,0,443
621,2008-01-01,2002-03-01,70,2002,379537.0,379537.0,1513.463645277687,0.025699199724399574,360,290,Current,Current,none,0,0.0,0.0,0.0,0,52.321114,725399.3,53.021114,0.0,0.0,0,241
622,2008-01-01,2005-12-01,25,2005,548625.0,548625.0,2459.3350821815966,0.03486160581544345,360,335,Current,Current,none,0,0.0,0.0,0.0,0,79.9076,686574.2,85.107605,0.0,0.0,0,433
628,2008-01-01,2001-09-01,76,2001,539090.0,539090.0,2160.5207919623113,0.02608246293456548,360,284,Current,Current,none,0,0.0,0.0,0.0,0,45.625534,1.1815532e+06,46.325535,0.0,0.0,0,483
631,2008-01-01,1999-06-01,103,1999,192738.0,192738.0,774.4321709083226,0.026279553293731196,360,257,Current,Current,none,0,0.0,0.0,0.0,0,36.500282,528045.25,43.700283,0.0,0.0,0,323
632,2008-01-01,2005-12-01,25,2005,200417.0,200417.0,720.8969338759871,0.018,360,335,Current,Current,none,0,0.0,0.0,0.0,0,82.855446,241887.55,90.355446,0.0,0.0,0,326
635,2008-01-01,2001-12-01,73,2001,212849.0,212849.0,837.2595921474722,0.024660585998929598,360,287,Current,Current,none,0,0.0,0.0,0.0,0,58.34041,364839.75,59.44041,0.0,0.0,0,861
641,2008-01-01,1999-11-01,98,1999,595462.0,595462.0,2708.4525496661113,0.03603622549786653,360,262,Current,Paid off,payoff,0,0.0,0.0,0.0,0,50.246937,1.1850712e+06,53.14694,0.0,0.0,0,884
647,2008-01-01,2007-06-01,7,2007,599015.0,599015.0,2360.9784257803003,0.024811867742100695,360,353,Current,Current,none,0,0.0,0.0,0.0,0,71.09733,842528.2,75.39732,0.0,0.0,0,137
651,2008-01-01,2008-01-01,0,2008,330322.0,330322.0,1212.6686589210658,0.019498592167808183,360,360,Current,Current,none,0,0.0,0.0,0.0,0,69.1,478034.72,69.1,0.0,0.0,0,634
653,2008-01-01,1997-02-01,131,1997,186398.0,186398.0,857.9023152028454,0.036994691743782546,360,229,Current,Current,none,0,0.0,0.0,0.0,0,22.966196,811618.94,22.966196,0.0,0.0,0,365
655,2008-01-01,2007-01-01,12,2007,347537.0,347537.0,1308.2415680613394,0.021355032047281865,360,348,Current,Current,none,0,0.0,0.0,0.0,0,60.66467,572882.06,67.96467,0.0,0.0,0,168
660,2008-01-01,2006-06-01,19,2006,327582.0,327582.0,1606.3238040062092,0.04222952944830618,360,341,Current,Current,none,0,0.0,0.0,0.0,0,67.421425,485872.28,72.421425,0.0,0.0,0,663
662,2008-01-01,1994-08-01,161,1994,835386.0,835386.0,3004.8708742418326,0.018,360,199,Current,Current,none,0,0.0,0.0,0.0,0,39.999317,2.0885006e+06,43.099316,0.0,0.0,0,295
664,2008-01-01,2000-10-01,87,2000,317708.0,317708.0,1434.6232027065842,0.03544885885980884,360,273,Current,Current,none,0,0.0,0.0,0.0,0,40.805485,778591.4,41.105484,0.0,0.0,0,160
667,2008-01-01,1993-06-01,175,1993,173718.0,173718.0,1148.1376402252592,0.023749871659712186,180,5,Current,Current,none,0,0.0,0.0,0.0,0,27.59431,629542.8,28.09431,0.0,0.0,0,810
668,2008-01-01,2003-06-01,55,2003,670471.0,670471.0,2972.932554240385,0.033987074355937064,360,305,Current,Current,none,0,0.0,0.0,0.0,0,70.39877,952390.2,71.19877,0.0,0.0,0,329
670,2008-01-01,2003-12-01,49,2003,364268.0,364268.0,1637.654030969066,0.03509478402307496,360,311,Current,Current,none,0,0.0,0.0,0.0,0,59.74403,609714.5,59.84403,0.0,0.0,0,160
673,2008-01-01,1997-04-01,129,1997,511407.0,511407.0,1839.5232852638096,0.018,360,231,Current,Current,none,0,0.0,0.0,0.0,0,36.275135,1.4098005e+06,36.275135,0.0,0.0,0,506
680,2008-01-01,2003-04-01,57,2003,221118.0,221118.0,1348.6776394415617,0.06160925992547881,360,303,Current,Current,none,0,0.0,0.0,0.0,0,70.78308,312388.22,78.583084,0.0,0.0,0,213
684,2008-01-01,1999-04-01,105,1999,173608.0,173608.0,715.8467429769265,0.028270728803229655,360,255,Current,Current,none,0,0.0,0.0,0.0,0,46.478916,373519.9,52.078915,0.0,0.0,0,467
686,2008-01-01,2006-11-01,14,2006,127050.0,127050.0,617.9730241214272,0.04155122457828314,360,346,Current,Current,none,0,0.0,0.0,0.0,0,94.35033,134657.72,103.95033,0.0,0.0,0,494
691,2008-01-01,1999-04-01,105,1999,178748.0,178748.0,876.1031031869787,0.04219108338007207,360,255,Current,Current,none,0,0.0,0.0,0.0,0,25.005878,714823.94,26.305878,0.0,0.0,0,682
692,2008-01-01,2007-11-01,2,2007,197025.0,197025.0,918.4041289063348,0.038031350257750327,360,358,Current,Current,none,0,0.0,0.0,0.0,0,70.442825,279694.9,76.14282,0.0,0.0,0,692
693,2008-01-01,1995-06-01,151,1995,385085.0,385085.0,2058.668659394738,0.04963630965003065,360,209,Current,Current,none,0,0.0,0.0,0.0,0,38.146637,1.0094861e+06,48.346638,0.0,0.0,0,110
695,2008-01-01,2007-07-01,6,2007,851081.0,851081.0,4686.993339877726,0.05225878363906801,360,354,Current,Current,none,0,0.0,0.0,0.0,0,102.410774,831046.4,106.61077,0.0,0.0,0,566
698,2008-01-01,2005-05-01,32,2005,354033.0,354033.0,1642.3561535339988,0.037638029473269594,360,328,Current,Current,none,0,0.0,0.0,0.0,0,76.311356,463932.25,86.51136,0.0,0.0,0,805
699,2008-01-01,1993-03-01,178,1993,360315.0,360315.0,1826.275244720127,0.045028586883092775,360,182,Current,Current,none,0,0.0,0.0,0.0,0,38.575867,934042.56,41.775867,0.0,0.0,0,911
700,2008-01-01,2006-02-01,23,2006,328250.0,328250.0,2273.2835522929163,0.030408167452622446,180,157,Current,Current,none,0,0.0,0.0,0.0,0,78.40244,418673.2,95.802444,0.0,0.0,0,549
701,2008-01-01,2002-04-01,69,2002,206584.0,206584.0,934.3482264864458,0.03557934674358333,360,291,Current,Current,none,0,0.0,0.0,0.0,0,63.54989,325073.75,66.84989,0.0,0.0,0,513
704,2008-01-01,2006-09-01,16,2006,281487.0,281487.0,1515.8990534733398,0.05027973215137617,360,344,Current,Current,none,0,0.0,0.0,0.0,0,92.59593,303995.0,99.09593,0.0,0.0,0,649
706,2008-01-01,2005-09-01,28,2005,175188.0,175188.0,937.7136262712452,0.049744521717179496,360,332,Current,Current,none,0,0.0,0.0,0.0,0,84.09463,208322.47,92.39462,0.0,0.0,0,387
708,2008-01-01,1996-04-01,141,1996,74687.0,74687.0,274.0792797841437,0.01946915346827191,360,219,Current,Current,none,0,0.0,0.0,0.0,0,28.754282,259742.17,29.454283,0.0,0.0,0,920
711,2008-01-01,2007-09-01,4,2007,393817.0,393817.0,1523.1616643681332,0.023383706782721034,360,356,Current,Current,none,0,0.0,0.0,0.0,0,53.084213,741872.2,57.48421,0.0,0.0,0,746
714,2008-01-01,2001-05-01,80,2001,437289.0,437289.0,3164.7726657021476,0.036794150839954166,180,100,Current,Current,none,0,0.0,0.0,0.0,0,55.35463,789977.25,57.95463,0.0,0.0,0,127
718,2008-01-01,1994-04-01,165,1994,356528.0,356528.0,2272.255774213432,0.01865387150490471,180,15,Current,Current,none,0,0.0,0.0,0.0,0,28.061796,1.2705102e+06,28.161797,0.0,0.0,0,814
721,2008-01-01,1995-05-01,152,1995,441979.0,441979.0,2046.5426119449965,0.03748679950016241,360,208,Current,Current,none,0,0.0,0.0,0.0,0,39.24274,1.1262694e+06,48.54274,0.0,0.0,0,807
722,2008-01-01,2003-12-01,49,2003,1075882.0,1.075882e+06,4372.166950335306,0.027148128898817982,360,311,Current,Current,none,0,0.0,0.0,0.0,0,68.55872,1.5692854e+06,69.25872,0.0,0.0,0,995
723,2008-01-01,2006-07-01,18,2006,565432.0,565432.0,2715.536326200126,0.04049245032036097,360,342,Current,Current,none,0,0.0,0.0,0.0,0,62.91115,898778.7,79.511154,0.0,0.0,0,603
724,2008-01-01,2003-09-01,52,2003,368226.0,368226.0,2728.4550547651465,0.04025629769545724,180,128,Current,Current,none,0,0.0,0.0,0.0,0,51.60101,713602.3,51.80101,0.0,0.0,0,860
726,2008-01-01,2003-10-01,51,2003,256095.0,256095.0,1689.8492824077982,0.023521669832863946,180,129,Current,Current,none,0,0.0,0.0,0.0,0,54.60132,469027.12,54.901318,0.0,0.0,0,195
727,2008-01-01,1997-07-01,126,1997,202174.0,202174.0,727.2168364432349,0.018,360,234,Current,Current,none,0,0.0,0.0,0.0,0,31.260342,646742.75,66.260345,0.0,0.0,0,258
728,2008-01-01,1997-08-01,125,1997,267688.0,267688.0,1075.5491688222032,0.026276967428720224,360,235,Current,Current,none,0,0.0,0.0,0.0,0,38.272324,699429.7,42.972324,0.0,0.0,0,544
730,2008-01-01,2002-11-01,62,2002,182428.0,182428.0,664.8884614377433,0.018965194657643215,360,298,Current,Current,none,0,0.0,0.0,0.0,0,57.96386,314727.16,60.063858,0.0,0.0,0,470
734,2008-01-01,1994-02-01,167,1994,233508.0,233508.0,839.9247630466177,0.018,360,193,Current,Current,none,0,0.0,0.0,0.0,0,31.54198,740308.6,32.04198,0.0,0.0,0,223
737,2008-01-01,2002-09-01,64,2002,287312.0,287312.0,1159.087319848434,0.026587614616908072,360,296,Current,Current,none,0,0.0,0.0,0.0,0,50.98262,563548.94,51.08262,0.0,0.0,0,753
741,2008-01-01,2000-04-01,93,2000,363326.0,363326.0,1789.3458751989035,0.042594018248827734,360,267,Current,Current,none,0,0.0,0.0,0.0,0,44.534138,815837.06,44.934135,0.0,0.0,0,823
742,2008-01-01,2002-07-01,66,2002,245420.0,245420.0,1118.0070396314813,0.03616063470725352,360,294,Current,Current,none,0,0.0,0.0,0.0,0,55.960224,438561.5,56.660225,0.0,0.0,0,711
749,2008-01-01,2001-07-01,78,2001,210460.0,210460.0,952.2966797578572,0.03561477698059321,360,282,Current,Current,none,0,0.0,0.0,0.0,0,42.59947,494043.75,43.59947,0.0,0.0,0,318
755,2008-01-01,1996-07-01,138,1996,221155.0,221155.0,854.6882599483658,0.0233246574812896,360,222,Current,Current,none,0,0.0,0.0,0.0,0,40.130127,551094.7,40.930126,0.0,0.0,0,238
759,2008-01-01,2001-03-01,82,2001,133046.0,133046.0,537.5347576079953,0.026701059710510393,360,278,Current,Current,none,0,0.0,0.0,0.0,0,40.008476,332544.53,40.308475,0.0,0.0,0,490
762,2008-01-01,2007-05-01,8,2007,439134.0,439134.0,1889.2357510580061,0.031588337040452635,360,352,Current,Current,none,0,0.0,0.0,0.0,0,88.13637,498243.78,95.13637,0.0,0.0,0,579
764,2008-01-01,1998-06-01,115,1998,255314.0,255314.0,1537.4223065407464,0.0604069233985969,360,245,Current,Current,none,0,0.0,0.0,0.0,0,40.911507,624064.06,50.111507,0.0,0.0,0,935
772,2008-01-01,1993-08-01,173,1993,270684.0,270684.0,1384.6351785711045,0.045813763939562456,360,187,Current,Current,none,0,0.0,0.0,0.0,0,35.303177,766741.2,54.303177,0.0,0.0,0,508
774,2008-01-01,1999-07-01,102,1999,401385.0,401385.0,1693.521367247022,0.030058470656397572,360,258,Current,Current,none,0,0.0,0.0,0.0,0,39.541275,1.0151038e+06,41.641273,0.0,0.0,0,823
777,2008-01-01,2000-05-01,92,2000,179220.0,179220.0,695.3739358594297,0.023623247325707284,360,268,Current,Current,none,0,0.0,0.0,0.0,0,32.85437,545498.2,32.85437,0.0,0.0,0,788
780,2008-01-01,1996-02-01,143,1996,310703.0,310703.0,1476.5243408927433,0.039618843588915,360,217,Current,Current,none,0,0.0,0.0,0.0,0,39.444324,787700.2,53.944324,0.0,0.0,0,510
781,2008-01-01,2000-02-01,95,2000,574812.0,574812.0,2455.046171679795,0.031016163675745875,360,265,Current,Current,none,0,0.0,0.0,0.0,0,52.144356,1.1023475e+06,61.844357,0.0,0.0,0,289
783,2008-01-01,2006-07-01,18,2006,233211.0,233211.0,1159.1250210213345,0.04336694033514621,360,342,Current,Current,none,0,0.0,0.0,0.0,0,89.133125,261643.47,94.133125,0.0,0.0,0,841
785,2008-01-01,1993-12-01,169,1993,283792.0,283792.0,1609.4555684985446,0.05489415083570815,360,191,Current,Current,none,0,0.0,0.0,0.0,0,33.149456,856098.5,38.049458,0.0,0.0,0,467
789,2008-01-01,1993-04-01,177,1993,167607.0,167607.0,1210.4683605816156,0.03648683375210199,180,3,Current,Current,none,0,0.0,0.0,0.0,0,40.284634,416056.9,41.184635,0.0,0.0,0,189
790,2008-01-01,2005-02-01,35,2005,491400.0,491400.0,1952.2205458286028,0.02541410460609311,360,325,Current,Current,none,0,0.0,0.0,0.0,0,73.73306,666458.1,77.23306,0.0,0.0,0,938
793,2008-01-01,2002-10-01,63,2002,310435.0,310435.0,1245.0871796563574,0.026140906350853782,360,297,Current,Current,none,0,0.0,0.0,0.0,0,67.61237,459139.3,68.61237,0.0,0.0,0,604
796,2008-01-01,2006-07-01,18,2006,249276.0,249276.0,979.1752228075551,0.024554327334809816,360,342,Current,Current,none,0,0.0,0.0,0.0,0,93.4495,266749.44,98.4495,0.0,0.0,0,811
803,2008-01-01,2004-10-01,39,2004,116603.0,116603.0,531.618003070271,0.03622691449769964,360,321,Current,Current,none,0,0.0,0.0,0.0,0,65.87181,177015.02,65.97181,0.0,0.0,0,856
805,2008-01-01,2005-10-01,27,2005,279969.0,279969.0,1098.0356719667807,0.02443681468418036,360,333,Current,Current,none,0,0.0,0.0,0.0,0,68.02173,411587.6,72.62173,0.0,0.0,0,704
808,2008-01-01,2000-03-01,94,2000,341092.0,341092.0,1734.5519319373357,0.045310022386259446,360,266,Current,Current,none,0,0.0,0.0,0.0,0,47.03321,725215.2,48.53321,0.0,0.0,0,946
810,2008-01-01,2002-02-01,71,2002,536249.0,536249.0,2718.9197765704444,0.04505726333225379,360,289,Current,Current,none,0,0.0,0.0,0.0,0,59.526005,900865.1,64.726006,0.0,0.0,0,240
815,2008-01-01,1999-04-01,105,1999,95550.0,95550.0,606.112352599436,0.018,180,75,Current,Current,none,0,0.0,0.0,0.0,0,43.38768,220223.8,44.08768,0.0,0.0,0,514
817,2008-01-01,1994-07-01,162,1994,591063.0,591063.0,2921.0904773243874,0.042887259948414816,360,198,Current,Current,none,0,0.0,0.0,0.0,0,32.384964,1.8251154e+06,32.384964,0.0,0.0,0,234
821,2008-01-01,2000-03-01,94,2000,495967.0,495967.0,3455.5209464759687,0.03127370614210387,180,86,Current,Current,none,0,0.0,0.0,0.0,0,45.965622,1.0789955e+06,48.065624,0.0,0.0,0,331
823,2008-01-01,2003-05-01,56,2003,522328.0,522328.0,1958.132797404826,0.02104869054925509,360,304,Current,Current,none,0,0.0,0.0,0.0,0,34.83319,1.4995124e+06,36.43319,0.0,0.0,0,286
827,2008-01-01,1993-08-01,173,1993,461068.0,461068.0,1752.9208493960293,0.02209566450314312,360,187,Current,Current,none,0,0.0,0.0,0.0,0,18.724842,2.4623332e+06,18.724842,0.0,0.0,0,871
829,2008-01-01,1996-02-01,143,1996,522724.0,522724.0,2457.469787535099,0.03873085784564408,360,217,Current,Current,none,0,0.0,0.0,0.0,0,42.013676,1.2441759e+06,66.313675,0.0,0.0,0,180
835,2008-01-01,1999-01-01,108,1999,641891.0,641891.0,2587.6002385937036,0.02652997965197742,360,252,Current,Current,none,0,0.0,0.0,0.0,0,35.768066,1.7945924e+06,36.56807,0.0,0.0,0,377
837,2008-01-01,2003-10-01,51,2003,537383.0,537383.0,2699.4740086440415,0.0442666197929085,360,309,Current,Current,none,0,0.0,0.0,0.0,0,62.585854,858633.3,62.985855,0.0,0.0,0,379
840,2008-01-01,1994-01-01,168,1994,571041.0,571041.0,2054.025886114838,0.018,360,192,Current,Current,none,0,0.0,0.0,0.0,0,27.608543,2.0683489e+06,38.20854,0.0,0.0,0,432
844,2008-01-01,2003-07-01,54,2003,77230.0,77230.0,333.1143409794821,0.03179156157577962,360,306,Current,Current,none,0,0.0,0.0,0.0,0,49.42734,156249.56,52.52734,0.0,0.0,0,212
847,2008-01-01,1995-10-01,147,1995,339944.0,339944.0,2156.4024865731312,0.018,180,33,Current,Current,none,0,0.0,0.0,0.0,0,36.497616,931414.25,40.697617,0.0,0.0,0,985
848,2008-01-01,2003-06-01,55,2003,225496.0,225496.0,949.9291605811284,0.02993658332297039,360,305,Current,Current,none,0,0.0,0.0,0.0,0,70.24302,321022.66,82.54302,0.0,0.0,1,730
850,2008-01-01,1998-01-01,120,1998,227381.0,227381.0,1634.0187765911246,0.035761087240120726,180,60,Current,Current,none,0,0.0,0.0,0.0,0,45.396854,500873.9,55.896854,0.0,0.0,0,283
851,2008-01-01,2001-08-01,77,2001,414631.0,414631.0,1579.6979256465756,0.022253267145750166,360,283,Current,Current,none,0,0.0,0.0,0.0,0,53.2344,778877.9,88.234406,0.0,0.0,0,217
853,2008-01-01,1997-09-01,124,1997,147882.0,147882.0,887.0349173735448,0.060042867598087024,360,236,Current,Current,none,0,0.0,0.0,0.0,0,41.32006,357893.94,43.82006,0.0,0.0,0,390
866,2008-01-01,2003-04-01,57,2003,461397.0,461397.0,1659.638067626892,0.018,360,303,Current,Current,none,0,0.0,0.0,0.0,0,64.37599,716722.2,67.07599,0.0,0.0,0,878
868,2008-01-01,1997-12-01,121,1997,183649.0,183649.0,876.3308169076497,0.03995866337180307,360,239,Current,Current,none,0,0.0,0.0,0.0,0,48.17669,381198.88,48.276688,0.0,0.0,0,499
871,2008-01-01,2006-01-01,24,2006,624357.0,624357.0,4048.698038087474,0.021072442055825848,180,156,Current,Current,none,0,0.0,0.0,0.0,0,64.37154,969927.1,79.27154,0.0,0.0,0,503
874,2008-01-01,2002-08-01,65,2002,220769.0,220769.0,896.5687915969287,0.02709738076411863,360,295,Current,Current,none,0,0.0,0.0,0.0,0,40.97525,538786.2,62.575253,0.0,0.0,0,398
878,2008-01-01,2005-08-01,29,2005,629829.0,629829.0,4375.832872356974,0.03086827284070059,180,151,Current,Current,none,0,0.0,0.0,0.0,0,91.21361,690498.94,94.913605,0.0,0.0,0,232
884,2008-01-01,1997-08-01,125,1997,1010564.0,1.010564e+06,3667.2928054122576,0.018648079836422134,360,235,Current,Current,none,0,0.0,0.0,0.0,0,40.48809,2.4959538e+06,41.88809,0.0,0.0,0,351
891,2008-01-01,2004-03-01,46,2004,282045.0,282045.0,1166.4110536400897,0.028499543385538947,360,314,Current,Current,none,0,0.0,0.0,0.0,0,45.3942,621323.9,48.494198,0.0,0.0,0,875
898,2008-01-01,2005-10-01,27,2005,246036.0,246036.0,1636.7785957608185,0.02467487490893316,180,153,Current,Current,none,0,0.0,0.0,0.0,0,87.35202,281660.34,91.552025,0.0,0.0,0,779
900,2008-01-01,2000-08-01,89,2000,192156.0,192156.0,818.7082551081809,0.030824611721736225,360,271,Current,Current,none,0,0.0,0.0,0.0,0,50.996246,376804.22,51.196247,0.0,0.0,0,882
901,2008-01-01,1994-05-01,164,1994,99192.0,99192.0,442.57078525342354,0.03448518681547862,360,196,Current,Current,none,0,0.0,0.0,0.0,0,34.67862,286032.16,40.778618,0.0,0.0,0,279
902,2008-01-01,2006-09-01,16,2006,788750.0,788750.0,4577.72357766123,0.05699630286693128,360,344,Current,Current,none,0,0.0,0.0,0.0,0,84.951385,928472.2,91.85139,0.0,0.0,0,914
903,2008-01-01,2000-12-01,85,2000,706241.0,706241.0,3725.024613344499,0.048459081753361756,360,275,Current,Current,none,0,0.0,0.0,0.0,0,55.19854,1.2794559e+06,57.39854,0.0,0.0,0,239
904,2008-01-01,1994-04-01,165,1994,520454.0,520454.0,1982.9155975450954,0.022254921408702277,360,195,Current,Current,none,0,0.0,0.0,0.0,0,29.717903,1.7513146e+06,30.717903,0.0,0.0,0,771
905,2008-01-01,2003-06-01,55,2003,282081.0,282081.0,1085.351224656109,0.02299306903232505,360,305,Current,Current,none,0,0.0,0.0,0.0,0,53.967197,522689.72,54.0672,0.0,0.0,0,133
909,2008-01-01,2000-11-01,86,2000,311711.0,311711.0,1618.7638680108773,0.047112731924907905,360,274,Current,Current,none,0,0.0,0.0,0.0,0,33.422676,932633.3,33.522675,0.0,0.0,0,382
911,2008-01-01,2001-03-01,82,2001,159437.0,159437.0,614.1341112659511,0.023075737859799342,360,278,Current,Current,none,0,0.0,0.0,0.0,0,55.94734,284976.94,66.64734,0.0,0.0,0,850
912,2008-01-01,2002-04-01,69,2002,213517.0,213517.0,1279.8677922712332,0.05998000239598419,360,291,Current,Current,none,0,0.0,0.0,0.0,0,51.076828,418031.03,52.97683,0.0,0.0,0,660
913,2008-01-01,2004-05-01,44,2004,579599.0,579599.0,2304.5265077934564,0.02547732003545741,360,316,Current,Current,none,0,0.0,0.0,0.0,0,64.24995,902100.4,85.04994,0.0,0.0,0,103
924,2008-01-01,2004-08-01,41,2004,321034.0,321034.0,1901.6100019519336,0.058875349335409784,360,319,Current,Current,none,0,0.0,0.0,0.0,0,75.6141,424568.97,81.714096,0.0,0.0,0,485
933,2008-01-01,1994-03-01,166,1994,185115.0,185115.0,674.2826096144742,0.018921716727709106,360,194,Current,Current,none,0,0.0,0.0,0.0,0,30.9589,597937.94,31.7589,0.0,0.0,0,854
934,2008-01-01,2007-12-01,1,2007,425807.0,425807.0,1531.621373051849,0.018,360,359,Current,Current,none,0,0.0,0.0,0.0,0,91.492905,465398.9,99.19291,0.0,0.0,0,549
937,2008-01-01,1999-08-01,101,1999,194716.0,194716.0,1071.127404921607,0.05215960783198233,360,259,Current,Current,none,0,0.0,0.0,0.0,0,42.86098,454296.66,44.16098,0.0,0.0,0,456
939,2008-01-01,1998-07-01,114,1998,188649.0,188649.0,783.6247384558093,0.028842616960280648,360,246,Current,Current,none,0,0.0,0.0,0.0,0,37.28303,505991.6,38.48303,0.0,0.0,0,841
946,2008-01-01,2005-06-01,31,2005,884076.0,884076.0,6127.1324879183485,0.030513701924960182,180,149,Current,Current,none,0,0.0,0.0,0.0,0,68.172935,1.2968138e+06,77.87293,0.0,0.0,0,264
947,2008-01-01,1997-01-01,132,1997,94000.0,94000.0,668.2280446495682,0.034183759672755644,180,48,Current,Current,none,0,0.0,0.0,0.0,0,39.402313,238564.67,39.502316,0.0,0.0,0,471
951,2008-01-01,1998-08-01,113,1998,200558.0,200558.0,756.8469064757959,0.02154051408793784,360,247,Current,Current,none,0,0.0,0.0,0.0,0,35.47717,565315.7,35.47717,0.0,0.0,0,262
959,2008-01-01,2000-10-01,87,2000,378093.0,378093.0,1685.9408864304867,0.03443673559598468,360,273,Current,Current,none,0,0.0,0.0,0.0,0,54.470284,694127.06,54.870285,0.0,0.0,0,931
961,2008-01-01,2000-01-01,96,2000,439598.0,439598.0,2891.804510788173,0.02308868395870338,180,84,Current,Current,none,0,0.0,0.0,0.0,0,50.270054,874472.9,53.470055,0.0,0.0,0,309
963,2008-01-01,1998-04-01,117,1998,312195.0,312195.0,2478.841735870851,0.05061563456952675,180,63,Current,Current,none,0,0.0,0.0,0.0,0,38.461617,811705.4,42.561615,0.0,0.0,0,555
964,2008-01-01,2005-03-01,34,2005,491795.0,491795.0,2495.6123220305253,0.04512860095269328,360,326,Current,Current,none,0,0.0,0.0,0.0,0,78.788704,624194.8,81.788704,0.0,0.0,0,530
966,2008-01-01,2002-02-01,71,2002,237485.0,237485.0,949.0292062391195,0.025861865839137625,360,289,Current,Current,none,0,0.0,0.0,0.0,0,42.85052,554217.3,42.950523,0.0,0.0,0,755
968,2008-01-01,2007-11-01,2,2007,529803.0,529803.0,2664.0909010861865,0.04435254708986068,360,358,Current,Current,none,0,0.0,0.0,0.0,0,75.25505,704009.9,79.25505,0.0,0.0,0,748
969,2008-01-01,2007-02-01,11,2007,722208.0,722208.0,2757.2714156912702,0.022409281576396718,360,349,Current,Current,none,0,0.0,0.0,0.0,0,82.447426,875961.8,87.64743,0.0,0.0,0,126
970,2008-01-01,2002-10-01,63,2002,673375.0,673375.0,2943.531550862166,0.03285028052707984,360,297,Current,Current,none,0,0.0,0.0,0.0,0,60.755287,1.1083398e+06,68.355286,0.0,0.0,0,263
975,2008-01-01,2004-08-01,41,2004,399090.0,399090.0,2591.8657328868194,0.021285253463607788,180,139,Current,Current,none,0,0.0,0.0,0.0,0,72.736984,548675.5,89.636986,0.0,0.0,0,478
978,2008-01-01,2000-07-01,90,2000,248363.0,248363.0,1591.0938978709826,0.06629861166562584,360,270,Current,Current,none,0,0.0,0.0,0.0,0,56.607746,438743.84,61.907745,0.0,0.0,0,593
987,2008-01-01,2002-01-01,72,2002,650408.0,650408.0,3061.9484580985977,0.0388437507497241,360,288,Current,Current,none,0,0.0,0.0,0.0,0,50.569305,1.2861715e+06,72.169304,0.0,0.0,0,902
990,2008-01-01,2002-05-01,68,2002,315319.0,315319.0,2000.1961371983418,0.018,180,112,Current,Current,none,0,0.0,0.0,0.0,0,40.10357,786261.7,40.20357,0.0,0.0,0,137
995,2008-01-01,1999-07-01,102,1999,178844.0,178844.0,1237.6447906141573,0.030299871968756054,180,78,Current,Current,none,0,0.0,0.0,0.0,0,37.780098,473381.53,51.880096,0.0,0.0,0,867
1001,2008-01-01,2007-02-01,11,2007,90272.0,90272.0,347.3292287737171,0.02299165038295596,360,349,Current,Current,none,0,0.0,0.0,0.0,0,76.90116,117387.05,83.60116,0.0,0.0,0,227
1005,2008-01-01,1996-01-01,144,1996,119228.0,119228.0,428.8613223038275,0.018,360,216,Current,Current,none,0,0.0,0.0,0.0,0,34.840984,342206.16,35.440987,0.0,0.0,0,738
1008,2008-01-01,2003-09-01,52,2003,149294.0,149294.0,537.0082719833229,0.018,360,308,Current,Current,none,0,0.0,0.0,0.0,0,75.87913,196752.4,76.17912,0.0,0.0,0,737
1009,2008-01-01,1993-06-01,175,1993,229117.0,229117.0,969.6097924632395,0.030294531085298053,360,185,Current,Current,none,0,0.0,0.0,0.0,0,38.695473,592102.9,42.995472,0.0,0.0,0,493
1010,2008-01-01,2005-08-01,29,2005,198708.0,198708.0,1481.8835942212538,0.04120866040326039,180,151,Current,Current,none,0,0.0,0.0,0.0,0,81.75289,243059.28,85.15289,0.0,0.0,0,384
1011,2008-01-01,1999-07-01,102,1999,302182.0,302182.0,1485.070378588311,0.042416124915110015,360,258,Current,Current,none,0,0.0,0.0,0.0,0,44.199875,683671.6,55.999874,0.0,0.0,0,859
1022,2008-01-01,2007-07-01,6,2007,497610.0,497610.0,2343.3890488296324,0.03887089284007781,360,354,Current,Current,none,0,0.0,0.0,0.0,0,75.43273,659673.9,81.43273,0.0,0.0,0,333
1024,2008-01-01,1995-12-01,145,1995,295492.0,295492.0,1480.4853773261543,0.04404450655312371,360,215,Current,Current,none,0,0.0,0.0,0.0,0,41.881413,705544.44,44.481415,0.0,0.0,0,488
1025,2008-01-01,2003-03-01,58,2003,120246.0,120246.0,579.5626575589945,0.0407899771511569,360,302,Current,Current,none,0,0.0,0.0,0.0,0,53.211926,225975.67,67.91193,0.0,0.0,0,447
1032,2008-01-01,2002-02-01,71,2002,175136.0,175136.0,668.5000955392253,0.02239355642689666,360,289,Current,Current,none,0,0.0,0.0,0.0,0,42.713837,410021.7,42.713837,0.0,0.0,0,929
1034,2008-01-01,2005-01-01,36,2005,889880.0,889880.0,4357.744294055221,0.04211698650431235,360,324,Current,Current,none,0,0.0,0.0,0.0,0,66.73799,1.3333934e+06,72.73799,0.0,0.0,0,306
1036,2008-01-01,2005-12-01,25,2005,212029.0,212029.0,898.2470364455004,0.0303776423390573,360,335,Current,Current,none,0,0.0,0.0,0.0,0,90.96201,233096.2,93.862015,0.0,0.0,0,544
1037,2008-01-01,2006-05-01,20,2006,272230.0,272230.0,1878.6902550578948,0.029902204992487372,180,160,Current,Current,none,0,0.0,0.0,0.0,0,72.749245,374203.2,78.249245,0.0,0.0,0,264
1040,2008-01-01,2004-02-01,47,2004,203351.0,203351.0,948.1797307537585,0.03805620915805888,360,313,Current,Current,none,0,0.0,0.0,0.0,0,74.13723,274290.0,102.73723,0.0,0.0,0,309
1041,2008-01-01,1995-02-01,155,1995,306098.0,306098.0,2275.00932026049,0.04070564815080657,180,25,Current,Current,none,0,0.0,0.0,0.0,0,32.075703,954298.7,34.7757,0.0,0.0,0,916
1042,2008-01-01,2005-10-01,27,2005,278958.0,278958.0,2185.5290998924784,0.04858875971626198,180,153,Current,Current,none,0,0.0,0.0,0.0,0,92.57642,301327.25,95.37643,0.0,0.0,0,750
1044,2008-01-01,1993-04-01,177,1993,597405.0,597405.0,2839.913169824253,0.03964568020235587,360,183,Current,Current,none,0,0.0,0.0,0.0,0,43.107697,1.3858431e+06,47.507694,0.0,0.0,0,475
1045,2008-01-01,2006-01-01,24,2006,207676.0,207676.0,876.7642368580373,0.030106548373308152,360,336,Current,Current,none,0,0.0,0.0,0.0,0,87.41422,237576.9,110.51422,0.0,0.0,0,200
1046,2008-01-01,2002-09-01,64,2002,171689.0,171689.0,865.9468073191537,0.04460979086202622,360,296,Current,Current,none,0,0.0,0.0,0.0,0,64.92031,264461.12,65.32031,0.0,0.0,0,471
1047,2008-01-01,2003-06-01,55,2003,175534.0,175534.0,823.7743656360847,0.03858541970122892,360,305,Current,Current,none,0,0.0,0.0,0.0,0,41.740864,420532.75,41.840862,0.0,0.0,0,811
1049,2008-01-01,1999-01-01,108,1999,333800.0,333800.0,1726.9435011452033,0.04678706822353895,360,252,Current,Current,none,0,0.0,0.0,0.0,0,47.961727,695971.6,47.961727,0.0,0.0,0,791
1053,2008-01-01,2007-06-01,7,2007,166369.0,166369.0,683.0153070323975,0.02793376577839336,360,353,Current,Current,none,0,0.0,0.0,0.0,0,73.43186,226562.4,77.63187,0.0,0.0,0,301
1054,2008-01-01,1999-06-01,103,1999,208653.0,208653.0,1473.0021149063246,0.033175772667014984,180,77,Current,Current,none,0,0.0,0.0,0.0,0,42.583664,489983.7,42.583664,0.0,0.0,0,532
1056,2008-01-01,1995-05-01,152,1995,182042.0,182042.0,1211.8187394829881,0.024764429687566952,180,28,Current,Current,none,0,0.0,0.0,0.0,0,40.70491,447223.7,42.20491,0.0,0.0,0,265
1059,2008-01-01,2001-03-01,82,2001,144946.0,144946.0,586.6841876416253,0.02684128738687992,360,278,Current,Current,none,0,0.0,0.0,0.0,0,56.334515,257295.19,63.834515,0.0,0.0,0,847
1060,2008-01-01,1998-12-01,109,1998,415554.0,415554.0,1494.741486300573,0.018,360,251,Current,Current,none,0,0.0,0.0,0.0,0,38.14916,1.0892875e+06,38.14916,0.0,0.0,0,499
1063,2008-01-01,2006-01-01,24,2006,761639.0,761639.0,4235.681444788686,0.05313240532621318,360,336,Current,Current,none,0,0.0,0.0,0.0,0,95.44746,797966.8,111.14745,0.0,0.0,0,580
1064,2008-01-01,2004-05-01,44,2004,577189.0,577189.0,2430.3526539232366,0.029900397430813786,360,316,Current,Current,none,0,0.0,0.0,0.0,0,53.67168,1.075407e+06,57.271683,0.0,0.0,0,514
1068,2008-01-01,2005-01-01,36,2005,729791.0,729791.0,3361.2874402964835,0.037052892743512145,360,324,Current,Current,none,0,0.0,0.0,0.0,0,82.18227,888015.1,92.88227,0.0,0.0,0,930
1072,2008-01-01,1994-02-01,167,1994,207662.0,207662.0,1156.7965943157737,0.05328204299965936,360,193,Current,Current,none,0,0.0,0.0,0.0,0,39.633186,523959.9,40.833187,0.0,0.0,0,986
1078,2008-01-01,2005-01-01,36,2005,472576.0,472576.0,2320.1669620419925,0.042332818414542596,360,324,Current,Current,none,0,0.0,0.0,0.0,0,75.255745,627960.0,78.65575,0.0,0.0,0,936
1080,2008-01-01,2006-03-01,22,2006,286595.0,286595.0,2353.3922012571256,0.055766400724203226,180,158,Current,Current,none,0,0.0,0.0,0.0,0,99.77295,287247.22,104.77295,0.0,0.0,0,462
1081,2008-01-01,2002-04-01,69,2002,232525.0,232525.0,1030.4301625297178,0.033939910586079786,360,291,Current,Current,none,0,0.0,0.0,0.0,0,54.49124,426719.94,54.891243,0.0,0.0,0,696
1083,2008-01-01,2002-08-01,65,2002,397307.0,397307.0,1429.1073018130537,0.018,360,295,Current,Current,none,0,0.0,0.0,0.0,0,56.06756,708621.9,56.16756,0.0,0.0,0,433
1086,2008-01-01,2001-07-01,78,2001,212419.0,212419.0,764.067947314865,0.018,360,282,Current,Current,none,0,0.0,0.0,0.0,0,46.739227,454476.9,47.739227,0.0,0.0,0,596
1089,2008-01-01,1994-10-01,159,1994,363344.0,363344.0,1662.5558391315335,0.03651972004518312,360,201,Current,Current,none,0,0.0,0.0,0.0,0,37.881016,959171.75,38.881016,0.0,0.0,0,994
1091,2008-01-01,1997-08-01,125,1997,904075.0,904075.0,6131.016671730425,0.027401610030189323,180,55,Current,Current,none,0,0.0,0.0,0.0,0,41.34418,2.1867042e+06,43.14418,0.0,0.0,0,190
1092,2008-01-01,1999-05-01,104,1999,269428.0,269428.0,1075.0509803583377,0.025746367842176265,360,256,Current,Current,none,0,0.0,0.0,0.0,0,38.572987,698488.9,38.972984,0.0,0.0,0,798
1098,2008-01-01,2000-03-01,94,2000,125397.0,125397.0,920.7966824371396,0.038923552683494525,180,86,Current,Current,none,0,0.0,0.0,0.0,0,43.889755,285709.03,49.68976,0.0,0.0,0,717
1099,2008-01-01,2006-06-01,19,2006,227454.0,227454.0,1155.4219738697948,0.04521784257800851,360,341,Current,Current,none,0,0.0,0.0,0.0,0,79.61121,285705.97,86.11121,0.0,0.0,0,873
1101,2008-01-01,1996-10-01,135,1996,661636.0,661636.0,3355.574871784824,0.04508042429211646,360,225,Current,Current,none,0,0.0,0.0,0.0,0,38.32469,1.7263961e+06,40.424694,0.0,0.0,0,519
1104,2008-01-01,2000-05-01,92,2000,301101.0,301101.0,1083.0557671604383,0.018,360,268,Current,Current,none,0,0.0,0.0,0.0,0,46.675026,645100.9,52.375027,0.0,0.0,0,387
1106,2008-01-01,1993-04-01,177,1993,309225.0,309225.0,1436.9703390208067,0.037779071042787285,360,183,Current,Current,none,0,0.0,0.0,0.0,0,32.084312,963788.75,32.784313,0.0,0.0,0,323
1109,2008-01-01,2007-11-01,2,2007,275114.0,275114.0,989.5809191154358,0.018,360,358,Current,Current,none,0,0.0,0.0,0.0,0,59.28255,464072.47,68.08255,0.0,0.0,0,529
1113,2008-01-01,2004-05-01,44,2004,206016.0,206016.0,1395.9155209874418,0.027280212084583498,180,136,Current,Current,none,0,0.0,0.0,0.0,0,54.365337,378947.34,54.965336,0.0,0.0,0,221
1117,2008-01-01,1998-07-01,114,1998,184777.0,184777.0,1409.9798022195866,0.04462360921543602,180,66,Current,Current,none,0,0.0,0.0,0.0,0,35.21175,524759.5,36.01175,0.0,0.0,0,670
1120,2008-01-01,1998-05-01,116,1998,363242.0,363242.0,1490.528212446055,0.027895718734758705,360,244,Current,Current,none,0,0.0,0.0,0.0,0,39.860413,911285.1,40.260414,0.0,0.0,0,237
1124,2008-01-01,2006-08-01,17,2006,253759.0,253759.0,2012.6818717696372,0.05045138724407212,180,163,Current,Current,none,0,0.0,0.0,0.0,0,89.89744,282276.12,95.097435,0.0,0.0,0,235
1125,2008-01-01,1999-05-01,104,1999,309848.0,309848.0,1315.7798056026982,0.030564259495440813,360,256,Current,Current,none,0,0.0,0.0,0.0,0,35.39573,875382.44,35.49573,0.0,0.0,1,279
1127,2008-01-01,1999-02-01,107,1999,235425.0,235425.0,1277.6466560938363,0.05095901363812946,360,253,Current,Current,none,0,0.0,0.0,0.0,0,49.241203,478105.72,49.241203,0.0,0.0,0,202
1132,2008-01-01,1996-05-01,140,1996,203851.0,203851.0,1101.3022196221398,0.05055988792070268,360,220,Current,Current,none,0,0.0,0.0,0.0,0,34.4738,591321.5,35.4738,0.0,0.0,0,791
1133,2008-01-01,2002-10-01,63,2002,190764.0,190764.0,1451.502381266567,0.04419568471821013,180,117,Current,Current,none,0,0.0,0.0,0.0,0,52.64475,362360.9,52.64475,0.0,0.0,0,499
1136,2008-01-01,2002-01-01,72,2002,825700.0,825700.0,4525.052226149468,0.05182433019106534,360,288,Current,Current,none,0,0.0,0.0,0.0,0,45.600857,1.8107116e+06,45.600857,0.0,0.0,0,727
1138,2008-01-01,2006-02-01,23,2006,119542.0,119542.0,628.86794758268,0.0482313138101083,360,337,Current,Current,none,0,0.0,0.0,0.0,0,83.60098,142991.14,91.10098,0.0,0.0,0,786
1139,2008-01-01,1999-11-01,98,1999,194129.0,194129.0,1124.3884479956023,0.05680993572648879,360,262,Current,Current,none,0,0.0,0.0,0.0,0,50.18898,386796.06,50.88898,0.0,0.0,0,810
1144,2008-01-01,2003-11-01,50,2003,420285.0,420285.0,1568.7003211037218,0.020723270885674154,360,310,Current,Current,none,0,0.0,0.0,0.0,0,27.335302,1.5375172e+06,27.335302,0.0,0.0,0,881
1146,2008-01-01,1996-05-01,140,1996,345787.0,345787.0,2397.7750348421214,0.030590556500108862,180,40,Current,Current,none,0,0.0,0.0,0.0,0,32.397648,1.0673212e+06,33.79765,0.0,0.0,0,737
1149,2008-01-01,2003-06-01,55,2003,334145.0,334145.0,1288.148413030886,0.023137521892689458,360,305,Current,Current,none,0,0.0,0.0,0.0,0,60.4308,552938.2,64.5308,0.0,0.0,0,602
1150,2008-01-01,2007-07-01,6,2007,238990.0,238990.0,2055.118566488534,0.06295748643166166,180,174,Current,Current,none,0,0.0,0.0,0.0,0,102.410774,233364.12,106.61077,0.0,0.0,0,459
1151,2008-01-01,2007-10-01,3,2007,247315.0,247315.0,1038.73353913434,0.02970306141461277,360,357,Current,Current,none,0,0.0,0.0,0.0,0,73.366806,337093.84,77.46681,0.0,0.0,0,171
1160,2008-01-01,2004-08-01,41,2004,628350.0,628350.0,2511.6916242761413,0.02588319678130549,360,319,Current,Current,none,0,0.0,0.0,0.0,0,66.713036,941869.94,66.813034,0.0,0.0,0,911
1162,2008-01-01,2005-12-01,25,2005,567989.0,567989.0,3319.0293746748303,0.05762190040438542,360,335,Current,Current,none,0,0.0,0.0,0.0,0,80.855125,702477.44,84.15512,0.0,0.0,0,312
1167,2008-01-01,2007-07-01,6,2007,138264.0,138264.0,605.359263421986,0.03297699765432215,360,354,Current,Current,none,0,0.0,0.0,0.0,0,87.81089,157456.55,92.71089,0.0,0.0,0,233
1172,2008-01-01,1994-01-01,168,1994,103591.0,103591.0,506.3977722608326,0.04197022504778049,360,192,Current,Paid off,payoff,0,0.0,0.0,0.0,0,31.63098,327498.53,31.63098,0.0,0.0,0,948
1174,2008-01-01,2002-01-01,72,2002,176057.0,176057.0,836.5685725810596,0.039609917770161415,360,288,Current,Current,none,0,0.0,0.0,0.0,0,51.930527,339024.1,53.030525,0.0,0.0,0,243
1175,2008-01-01,1994-04-01,165,1994,185405.0,185405.0,742.6344267232806,0.026039592067678263,360,195,Current,Current,none,0,0.0,0.0,0.0,0,37.538403,493907.53,37.738403,0.0,0.0,0,782
1178,2008-01-01,2007-12-01,1,2007,308861.0,308861.0,1110.9683704170366,0.018,360,359,Current,Current,none,0,0.0,0.0,0.0,0,67.58114,457022.47,75.48114,0.0,0.0,0,581
1179,2008-01-01,2006-06-01,19,2006,276048.0,276048.0,992.9405030641037,0.018,360,341,Current,Current,none,0,0.0,0.0,0.0,0,85.43643,323103.4,90.63643,0.0,0.0,0,892
1180,2008-01-01,2008-01-01,0,2008,143644.0,143644.0,600.5667515111273,0.029347641139071904,360,360,Current,Current,none,0,0.0,0.0,0.0,0,75.5,190256.95,87.0,0.0,0.0,0,768
1192,2008-01-01,2005-08-01,29,2005,170769.0,170769.0,1446.2867237965509,0.06056748536678476,180,151,30 DPD,Delinquent,none,0,0.0,0.0,0.0,1,96.76663,176475.1,99.66663,0.0,0.0,0,987
1198,2008-01-01,1996-06-01,139,1996,102397.0,102397.0,402.5186739911386,0.0246099923062781,360,221,Current,Current,none,0,0.0,0.0,0.0,0,41.602142,246133.97,55.102142,0.0,0.0,0,424
1200,2008-01-01,2004-10-01,39,2004,241034.0,241034.0,1166.188323886362,0.0411083836063916,360,321,Current,Current,none,0,0.0,0.0,0.0,0,69.2522,348052.5,69.952194,0.0,0.0,0,959
1204,2008-01-01,1999-11-01,98,1999,518291.0,518291.0,1961.2036848288838,0.021743340841059368,360,262,Current,Current,none,0,0.0,0.0,0.0,0,31.469534,1.6469611e+06,37.369534,0.0,0.0,0,255
1206,2008-01-01,2003-01-01,60,2003,126638.0,126638.0,535.794291624109,0.030275485184657294,360,300,Current,Current,none,0,0.0,0.0,0.0,0,47.233013,268113.3,47.83301,0.0,0.0,0,434
1209,2008-01-01,2000-12-01,85,2000,1059432.0,1.059432e+06,4640.546422077821,0.03301214629981429,360,275,Current,Current,none,0,0.0,0.0,0.0,0,58.060215,1.8247125e+06,65.66022,0.0,0.0,0,763
1212,2008-01-01,2007-10-01,3,2007,139271.0,139271.0,500.9556917718686,0.018,360,357,Current,Current,none,0,0.0,0.0,0.0,0,51.78223,268955.2,55.78223,0.0,0.0,0,167
1214,2008-01-01,1998-11-01,110,1998,130669.0,130669.0,966.5634412982722,0.0400031498548412,180,70,Current,Current,none,0,0.0,0.0,0.0,0,44.3525,294614.72,45.252502,0.0,0.0,0,879
1218,2008-01-01,1993-03-01,178,1993,375159.0,375159.0,2379.785495435393,0.018,180,2,Current,Current,none,0,0.0,0.0,0.0,0,32.72698,1.1463295e+06,36.92698,0.0,0.0,0,915
1219,2008-01-01,2007-08-01,5,2007,677835.0,677835.0,5245.4883625924585,0.04672897115309671,180,175,Current,Current,none,0,0.0,0.0,0.0,0,64.47614,1.0512958e+06,84.47614,0.0,0.0,0,959
1220,2008-01-01,2000-11-01,86,2000,314346.0,314346.0,1278.6267857981134,0.02721965584428104,360,274,Current,Current,none,0,0.0,0.0,0.0,0,38.80322,810102.9,44.80322,0.0,0.0,0,583
1222,2008-01-01,2004-10-01,39,2004,489928.0,489928.0,2821.6894201190607,0.05629485157657625,360,321,Current,Current,none,0,0.0,0.0,0.0,0,64.41002,760639.4,66.510025,0.0,0.0,0,554
1225,2008-01-01,1996-05-01,140,1996,561241.0,561241.0,2315.1009183657834,0.028301071346916926,360,220,Current,Current,none,0,0.0,0.0,0.0,0,41.716198,1.3453791e+06,42.416195,0.0,0.0,0,358
1226,2008-01-01,2003-09-01,52,2003,199992.0,199992.0,912.4907866572003,0.03628772203375608,360,308,Current,Current,none,0,0.0,0.0,0.0,0,57.610443,347145.38,58.610443,0.0,0.0,0,448
1227,2008-01-01,2000-03-01,94,2000,1374943.0,1.374943e+06,6676.544381354101,0.0414112415017971,360,266,Current,Current,none,0,0.0,0.0,0.0,0,40.331127,3.409136e+06,40.831127,0.0,0.0,0,805
1229,2008-01-01,2003-03-01,58,2003,433422.0,433422.0,1682.586953307999,0.023663994618965498,360,302,Current,Current,none,0,0.0,0.0,0.0,0,50.03735,866196.94,50.33735,0.0,0.0,0,502
1232,2008-01-01,2004-07-01,42,2004,196501.0,196501.0,775.2640797867108,0.02488715011059234,360,318,Current,Current,none,0,0.0,0.0,0.0,0,53.695324,365955.5,55.795326,0.0,0.0,0,135
1233,2008-01-01,2006-05-01,20,2006,284164.0,284164.0,1049.2598204233088,0.019924984688787468,360,340,Current,Current,none,0,0.0,0.0,0.0,0,70.70149,401920.8,85.80149,0.0,0.0,0,132
1234,2008-01-01,2001-08-01,77,2001,1011953.0,1.011953e+06,3639.979716923249,0.018,360,283,Current,Current,none,0,0.0,0.0,0.0,0,58.342754,1.7344964e+06,69.14275,0.0,0.0,0,820
1236,2008-01-01,1995-07-01,150,1995,98821.0,98821.0,384.60590300390965,0.023855174756525734,360,210,Current,Current,none,0,0.0,0.0,0.0,0,39.926014,247510.3,41.426014,0.0,0.0,0,311
1239,2008-01-01,1999-06-01,103,1999,156843.0,156843.0,641.9742352379001,0.02770165404261563,360,257,Current,Current,none,0,0.0,0.0,0.0,0,34.078197,460244.44,34.178196,0.0,0.0,0,942
1242,2008-01-01,2006-10-01,15,2006,273360.0,273360.0,1836.555059459131,0.02607147947842952,180,165,Current,Current,none,0,0.0,0.0,0.0,0,79.82845,342434.28,86.02846,0.0,0.0,0,837
1247,2008-01-01,1998-09-01,112,1998,252404.0,252404.0,924.3477783512444,0.019317844028395335,360,248,Current,Current,none,0,0.0,0.0,0.0,0,27.298248,924616.1,33.79825,0.0,0.0,0,653
1249,2008-01-01,1998-05-01,116,1998,253866.0,253866.0,1797.7425752814727,0.03362437169979872,180,64,Current,Current,none,0,0.0,0.0,0.0,0,43.7263,580579.7,44.926296,0.0,0.0,0,601
1253,2008-01-01,2006-10-01,15,2006,565865.0,565865.0,2574.1935169158155,0.03604762611936781,360,345,Current,Current,none,0,0.0,0.0,0.0,0,67.24095,841548.2,75.640945,0.0,0.0,0,650
1254,2008-01-01,1998-11-01,110,1998,181237.0,181237.0,897.6867843920264,0.04307483977058867,360,250,Current,Current,none,0,0.0,0.0,0.0,0,38.69392,468386.25,39.093918,0.0,0.0,0,975
1255,2008-01-01,1993-05-01,176,1993,270286.0,270286.0,1312.07911670325,0.041386139488582566,360,184,Current,Current,none,0,0.0,0.0,0.0,0,41.10891,657487.6,42.208908,0.0,0.0,0,989
1256,2008-01-01,2008-01-01,0,2008,808440.0,808440.0,4640.635126504625,0.05599119244220964,360,360,Current,Current,none,0,0.0,0.0,0.0,0,72.7,1.112022e+06,78.9,0.0,0.0,0,644
1258,2008-01-01,2002-11-01,62,2002,127173.0,127173.0,517.043748068058,0.02718360482176819,360,298,Current,Current,none,0,0.0,0.0,0.0,0,59.148308,215007.0,59.448307,0.0,0.0,0,265
1260,2008-01-01,2007-01-01,12,2007,367178.0,367178.0,2490.5042019880075,0.02742872432690041,180,168,Current,Current,none,0,0.0,0.0,0.0,0,61.732708,594786.8,76.73271,0.0,0.0,0,915
1261,2008-01-01,1998-01-01,120,1998,231005.0,231005.0,910.5090346958469,0.024813363820307327,360,240,Current,Current,none,0,0.0,0.0,0.0,0,42.390778,544941.6,57.390778,0.0,0.0,0,363
1264,2008-01-01,1994-05-01,164,1994,186311.0,186311.0,701.742565248619,0.021398321195309104,360,196,Current,Current,none,0,0.0,0.0,0.0,0,39.447506,472301.1,47.147507,0.0,0.0,0,593
1265,2008-01-01,2007-09-01,4,2007,356320.0,356320.0,1281.6776794318432,0.018,360,356,Current,Current,none,0,0.0,0.0,0.0,0,83.65737,425927.8,99.057365,0.0,0.0,0,103
1266,2008-01-01,2006-02-01,23,2006,191850.0,191850.0,929.1036794859144,0.04118747110848839,360,337,Current,Current,none,0,0.0,0.0,0.0,0,91.876205,208813.6,97.77621,0.0,0.0,0,447
1271,2008-01-01,2005-06-01,31,2005,339972.0,339972.0,1470.1534369591968,0.03199393283475131,360,329,Current,Current,none,0,0.0,0.0,0.0,0,63.24598,537539.3,65.945984,0.0,0.0,0,701
1273,2008-01-01,1997-05-01,128,1997,408489.0,408489.0,1829.7863823684477,0.03480200409826657,360,232,Current,Current,none,0,0.0,0.0,0.0,0,31.598291,1.2927566e+06,31.798292,0.0,0.0,0,127
1290,2008-01-01,1996-08-01,137,1996,412932.0,412932.0,1698.9582352103328,0.028102164916474187,360,223,Current,Current,none,0,0.0,0.0,0.0,0,33.687202,1.225783e+06,37.3872,0.0,0.0,0,279
1300,2008-01-01,2006-11-01,14,2006,227271.0,227271.0,1081.6374789363467,0.039741134165759334,360,346,Current,Current,none,0,0.0,0.0,0.0,0,96.71177,234998.28,101.91177,0.0,0.0,0,397
1305,2008-01-01,2002-11-01,62,2002,281887.0,281887.0,1147.7444636925545,0.02729662426930856,360,298,Current,Current,none,0,0.0,0.0,0.0,0,51.375374,548681.2,51.375374,0.0,0.0,0,876
1308,2008-01-01,2002-06-01,67,2002,412689.0,412689.0,1484.436124402357,0.018,360,293,Current,Current,none,0,0.0,0.0,0.0,0,36.96993,1.1162829e+06,38.46993,0.0,0.0,0,439
1319,2008-01-01,1995-03-01,154,1995,794408.0,794408.0,5368.668802574208,0.02690785680562693,180,26,Current,Current,none,0,0.0,0.0,0.0,0,41.471756,1.9155398e+06,42.671757,0.0,0.0,0,306
1321,2008-01-01,1999-04-01,105,1999,1154546.0,1.154546e+06,4520.199209906717,0.024304261872590188,360,255,Current,Current,none,0,0.0,0.0,0.0,0,41.731663,2.7665948e+06,46.33166,0.0,0.0,0,336
1322,2008-01-01,1998-08-01,113,1998,291989.0,291989.0,1320.6706162341882,0.03558230941899472,360,247,Current,Current,none,0,0.0,0.0,0.0,0,41.35441,706064.94,46.25441,0.0,0.0,0,252
1324,2008-01-01,2006-12-01,13,2006,355973.0,355973.0,2710.4578352018257,0.04430033117621466,180,167,Current,Current,none,0,0.0,0.0,0.0,0,95.429016,373023.84,117.82902,0.0,0.0,0,518
1327,2008-01-01,2002-05-01,68,2002,358667.0,358667.0,1788.6680348545037,0.04365054179612538,360,292,Current,Current,none,0,0.0,0.0,0.0,0,49.705833,721579.3,53.605835,0.0,0.0,0,660
1329,2008-01-01,2004-08-01,41,2004,112882.0,112882.0,512.4213710712518,0.03587518337121058,360,319,Current,Current,none,0,0.0,0.0,0.0,0,71.388336,158123.86,77.58834,0.0,0.0,0,234
1330,2008-01-01,2005-10-01,27,2005,208591.0,208591.0,1092.581627365101,0.04785534751801352,360,333,Current,Current,none,0,0.0,0.0,0.0,0,87.03856,239653.56,91.53856,0.0,0.0,0,575
1332,2008-01-01,2002-05-01,68,2002,620279.0,620279.0,4267.682241257383,0.029468071978683532,180,112,Current,Current,none,0,0.0,0.0,0.0,0,64.10923,967534.6,64.909225,0.0,0.0,0,354
1334,2008-01-01,2004-07-01,42,2004,271157.0,271157.0,1174.1223028975032,0.032098284022821444,360,318,Current,Current,none,0,0.0,0.0,0.0,0,71.77186,377804.06,73.47186,0.0,0.0,0,752
1336,2008-01-01,2005-11-01,26,2005,310262.0,310262.0,1247.4491467591388,0.026328597184050447,360,334,Current,Current,none,0,0.0,0.0,0.0,0,64.90669,478012.38,78.20669,0.0,0.0,0,546
1341,2008-01-01,2000-05-01,92,2000,310158.0,310158.0,1967.4578237314065,0.018,180,88,Current,Current,none,0,0.0,0.0,0.0,0,58.61656,529130.3,62.91656,0.0,0.0,0,632
1343,2008-01-01,2004-05-01,44,2004,202637.0,202637.0,828.4597609008912,0.027612879915431925,360,316,Current,Current,none,0,0.0,0.0,0.0,0,61.2152,331024.0,62.415195,0.0,0.0,0,459
1344,2008-01-01,2002-06-01,67,2002,274876.0,274876.0,1129.2485566968578,0.027986199739707385,360,293,Current,Current,none,0,0.0,0.0,0.0,0,42.690617,643879.2,44.190617,0.0,0.0,0,646
1347,2008-01-01,2006-01-01,24,2006,251433.0,251433.0,1173.547616933136,0.03813806807913362,360,336,Current,Current,none,0,0.0,0.0,0.0,0,98.829865,254409.94,109.42986,0.0,0.0,0,468
1349,2008-01-01,1994-01-01,168,1994,657833.0,657833.0,4684.874616097123,0.034446550840206466,180,12,Current,Current,none,0,0.0,0.0,0.0,0,22.900465,2.872575e+06,27.600464,0.0,0.0,0,108
1358,2008-01-01,2006-01-01,24,2006,408706.0,408706.0,2618.227966238937,0.06629583051679103,360,336,Current,Current,none,0,0.0,0.0,0.0,0,94.28475,433480.5,116.88475,0.0,0.0,0,953
1359,2008-01-01,1993-10-01,171,1993,1444556.0,1.444556e+06,5734.629653854474,0.02535750776228169,360,189,Current,Current,none,0,0.0,0.0,0.0,0,20.471313,7.056489e+06,20.971313,0.0,0.0,0,183
1365,2008-01-01,2005-02-01,35,2005,217199.0,217199.0,912.1530593365721,0.029695191082651604,360,325,Current,Current,none,0,0.0,0.0,0.0,0,89.16116,243602.7,97.36116,0.0,0.0,0,756
1368,2008-01-01,2006-02-01,23,2006,202808.0,202808.0,1321.6773579021822,0.02176950306128436,180,157,Current,Current,none,0,0.0,0.0,0.0,0,95.16508,213111.8,109.365074,0.0,0.0,1,598
1371,2008-01-01,2002-08-01,65,2002,201117.0,201117.0,1275.7665935922635,0.018,180,115,Current,Current,none,0,0.0,0.0,0.0,0,50.016056,402104.88,59.816055,0.0,0.0,0,132
1373,2008-01-01,2002-10-01,63,2002,146435.0,146435.0,628.1635685855716,0.03135939994346997,360,297,Current,Current,none,0,0.0,0.0,0.0,0,54.193123,270209.56,63.293125,0.0,0.0,0,744
1374,2008-01-01,2005-12-01,25,2005,243333.0,243333.0,1642.0788850185752,0.026701371471529026,180,155,Current,Current,none,0,0.0,0.0,0.0,0,67.695114,359454.3,75.39511,0.0,0.0,0,614
1389,2008-01-01,2002-01-01,72,2002,271729.0,271729.0,1078.6577605537989,0.025353420338869885,360,288,Current,Current,none,0,0.0,0.0,0.0,0,49.616455,547659.06,51.216454,0.0,0.0,0,543
1391,2008-01-01,1997-02-01,131,1997,544158.0,544158.0,4076.1861108888615,0.04186752262469673,180,49,Current,Current,none,0,0.0,0.0,0.0,0,44.07555,1.2346029e+06,47.37555,0.0,0.0,0,302
1392,2008-01-01,1998-03-01,118,1998,313274.0,313274.0,1791.3541961756866,0.05564097213946395,360,242,Current,Current,none,0,0.0,0.0,0.0,0,42.27571,741026.0,42.27571,0.0,0.0,0,944
1394,2008-01-01,2007-11-01,2,2007,348300.0,348300.0,1528.1844998145655,0.033145195887552555,360,358,Current,Current,none,0,0.0,0.0,0.0,0,67.16641,518562.75,80.066414,0.0,0.0,0,959
1397,2008-01-01,2002-04-01,69,2002,1464860.0,1.46486e+06,5571.283916237975,0.022123532712917414,360,291,Current,Current,none,0,0.0,0.0,0.0,0,36.72236,3.989014e+06,38.522358,0.0,0.0,0,359
1399,2008-01-01,2000-03-01,94,2000,267027.0,267027.0,960.4921017783082,0.018,360,266,Current,Current,none,0,0.0,0.0,0.0,0,44.660793,597900.25,52.460793,0.0,0.0,0,971
1402,2008-01-01,2007-03-01,10,2007,277794.0,277794.0,1073.795903435438,0.023339897233426964,360,350,Current,Current,none,0,0.0,0.0,0.0,0,70.3942,394626.22,84.294205,0.0,0.0,0,622
1403,2008-01-01,2002-11-01,62,2002,200437.0,200437.0,782.0575273739449,0.02404550948650044,360,298,Current,Current,none,0,0.0,0.0,0.0,0,48.562313,412741.88,60.762314,0.0,0.0,0,304
1405,2008-01-01,1998-08-01,113,1998,328189.0,328189.0,1391.872288938847,0.03046331790992362,360,247,Current,Current,none,0,0.0,0.0,0.0,0,35.15659,933506.3,36.25659,0.0,0.0,0,799
1406,2008-01-01,2007-06-01,7,2007,755841.0,755841.0,3828.828939629615,0.044979816991418196,360,353,Current,Current,none,0,0.0,0.0,0.0,0,87.12075,867578.6,91.12075,0.0,0.0,0,218
1408,2008-01-01,1994-07-01,162,1994,195048.0,195048.0,767.3268775131573,0.024669387407655945,360,198,Current,Current,none,0,0.0,0.0,0.0,0,29.857815,653256.1,33.057816,0.0,0.0,0,914
1420,2008-01-01,2005-04-01,33,2005,433935.0,433935.0,1670.6360832132689,0.023038187488567598,360,327,Current,Current,none,0,0.0,0.0,0.0,0,85.70862,506290.97,90.10862,0.0,0.0,0,646
1423,2008-01-01,2006-09-01,16,2006,415018.0,415018.0,2664.176154845814,0.01965957013774939,180,164,Current,Current,none,0,0.0,0.0,0.0,0,93.02661,446128.25,98.02661,0.0,0.0,0,309
1428,2008-01-01,2002-07-01,66,2002,782073.0,782073.0,5074.749559648822,0.02116440131441404,180,114,Current,Current,none,0,0.0,0.0,0.0,0,32.173515,2.4307975e+06,32.973515,0.0,0.0,0,537
1430,2008-01-01,2003-05-01,56,2003,699979.0,699979.0,3281.2620957096383,0.03849256814476665,360,304,Current,Current,none,0,0.0,0.0,0.0,0,64.040665,1.0930226e+06,65.44067,0.0,0.0,0,379
1436,2008-01-01,2006-07-01,18,2006,1044417.0,1.044417e+06,4837.872948832188,0.03751712544074534,360,342,Current,Current,none,0,0.0,0.0,0.0,0,90.75176,1.1508504e+06,96.551765,0.0,0.0,0,968
1437,2008-01-01,1997-05-01,128,1997,162430.0,162430.0,1070.0734199860633,0.023294492319832275,180,52,Current,Current,none,0,0.0,0.0,0.0,0,33.979324,478025.97,36.279324,0.0,0.0,0,972
1439,2008-01-01,1996-02-01,143,1996,154035.0,154035.0,1217.690542411974,0.04994909527649469,180,37,Current,Current,none,0,0.0,0.0,0.0,0,39.491905,390041.97,49.691906,0.0,0.0,0,769
1441,2008-01-01,2002-06-01,67,2002,373253.0,373253.0,1399.9721338693523,0.021085883405192116,360,293,Current,Current,none,0,0.0,0.0,0.0,0,35.46825,1.0523581e+06,35.46825,0.0,0.0,0,408
1447,2008-01-01,1996-12-01,133,1996,178501.0,178501.0,758.5647553153972,0.030621600229356,360,227,Current,Current,none,0,0.0,0.0,0.0,0,33.966393,525522.44,40.56639,0.0,0.0,0,355
1448,2008-01-01,2003-06-01,55,2003,220104.0,220104.0,1733.1337877144317,0.04935078355372375,180,125,Current,Current,none,0,0.0,0.0,0.0,0,59.029057,372874.0,59.12906,0.0,0.0,0,192
1449,2008-01-01,2003-08-01,53,2003,100295.0,100295.0,550.8650443226361,0.05202167281883335,360,307,Current,Current,none,0,0.0,0.0,0.0,0,65.48853,153148.95,65.78853,0.0,0.0,0,488
1451,2008-01-01,2005-07-01,30,2005,198367.0,198367.0,985.7605093094766,0.04335152712315292,360,330,Current,Current,none,0,0.0,0.0,0.0,0,82.02425,241839.48,84.52425,0.0,0.0,0,103
1454,2008-01-01,1999-11-01,98,1999,163286.0,163286.0,1416.1562849162055,0.064304008189478,180,82,Current,Current,none,0,0.0,0.0,0.0,0,42.65484,382807.7,44.05484,0.0,0.0,0,224
1455,2008-01-01,2004-02-01,47,2004,263341.0,263341.0,1719.3500452273743,0.022030015187832288,180,133,Current,Current,none,0,0.0,0.0,0.0,0,33.291183,791023.2,33.291183,0.0,0.0,0,586
1458,2008-01-01,1993-09-01,172,1993,632987.0,632987.0,3377.7944692104224,0.04947666449953243,360,188,Current,Current,none,0,0.0,0.0,0.0,0,36.750916,1.7223708e+06,43.250916,0.0,0.0,0,372
1459,2008-01-01,1994-09-01,160,1994,258919.0,258919.0,1053.1239828113755,0.027216062954307417,360,200,Current,Current,none,0,0.0,0.0,0.0,0,39.635082,653257.1,39.735085,0.0,0.0,0,589
1461,2008-01-01,2005-10-01,27,2005,445963.0,445963.0,2038.1778339724247,0.03642351273014498,360,333,Current,Current,none,0,0.0,0.0,0.0,0,88.710365,502718.03,94.91037,0.0,0.0,0,613
1464,2008-01-01,2005-04-01,33,2005,316747.0,316747.0,1181.0601824305359,0.02064868688440153,360,327,Current,Current,none,0,0.0,0.0,0.0,0,74.970634,422494.75,77.57064,0.0,0.0,0,820
1469,2008-01-01,2002-07-01,66,2002,296375.0,296375.0,1179.12644021911,0.025523774978266855,360,294,Current,Current,none,0,0.0,0.0,0.0,0,48.73022,608195.5,48.93022,0.0,0.0,0,874
1472,2008-01-01,1998-04-01,117,1998,484786.0,484786.0,1825.5370200384982,0.02138138543248237,360,243,Current,Current,none,0,0.0,0.0,0.0,0,34.165096,1.4189511e+06,35.365097,0.0,0.0,0,627
1474,2008-01-01,2005-10-01,27,2005,281042.0,281042.0,1430.5275066434015,0.04539053856653537,360,333,Current,Current,none,0,0.0,0.0,0.0,0,72.82818,385897.3,78.12818,0.0,0.0,0,469
1475,2008-01-01,1998-04-01,117,1998,310061.0,310061.0,1259.0731364170454,0.02708999513528198,360,243,Current,Current,none,0,0.0,0.0,0.0,0,45.915817,675281.44,46.915817,0.0,0.0,0,232
1479,2008-01-01,1996-07-01,138,1996,91275.0,91275.0,379.20753870409413,0.02885540134528579,360,222,Current,Current,none,0,0.0,0.0,0.0,0,23.795263,383584.75,27.195263,0.0,0.0,0,934
1480,2008-01-01,1996-05-01,140,1996,347601.0,347601.0,2553.4352010625903,0.0389802227763616,180,40,Current,Current,none,0,0.0,0.0,0.0,0,32.83219,1.0587201e+06,33.032192,0.0,0.0,0,741
1481,2008-01-01,1997-08-01,125,1997,152163.0,152163.0,965.2315427377077,0.018,180,55,Current,Current,none,0,0.0,0.0,0.0,0,28.452452,534797.5,28.55245,0.0,0.0,0,437
1483,2008-01-01,1994-04-01,165,1994,247712.0,247712.0,961.0484863183741,0.02361739864059482,360,195,Current,Current,none,0,0.0,0.0,0.0,0,31.558022,784941.5,31.558022,0.0,0.0,0,579
1486,2008-01-01,1993-12-01,169,1993,207398.0,207398.0,794.429966788418,0.02265675418518235,360,191,Current,Current,none,0,0.0,0.0,0.0,0,26.80266,773796.3,29.60266,0.0,0.0,0,120
1488,2008-01-01,2005-11-01,26,2005,269523.0,269523.0,1031.32906054363,0.022579113345759617,360,334,Current,Current,none,0,0.0,0.0,0.0,0,92.63382,290955.28,96.63382,0.0,0.0,0,881
1499,2008-01-01,2003-02-01,59,2003,189297.0,189297.0,680.8984611680783,0.018,360,301,Current,Current,none,0,0.0,0.0,0.0,0,44.10653,429181.34,44.10653,0.0,0.0,0,171
1502,2008-01-01,2000-04-01,93,2000,158682.0,158682.0,570.7767667478776,0.018,360,267,Current,Current,none,0,0.0,0.0,0.0,0,54.244137,292533.0,55.444138,0.0,0.0,0,222
1507,2008-01-01,1997-05-01,128,1997,199345.0,199345.0,1316.953457345401,0.023690049045674486,180,52,Current,Current,none,0,0.0,0.0,0.0,0,24.355984,818464.2,24.655983,0.0,0.0,0,252
1514,2008-01-01,2002-08-01,65,2002,239551.0,239551.0,1519.569023312899,0.018,180,115,Current,Current,none,0,0.0,0.0,0.0,0,50.088966,478251.06,57.588966,0.0,0.0,0,811
1521,2008-01-01,2003-11-01,50,2003,457850.0,457850.0,3434.033453894538,0.04205627107066484,180,130,Current,Current,none,0,0.0,0.0,0.0,0,61.403038,745647.1,67.90304,0.0,0.0,0,731
1524,2008-01-01,2002-05-01,68,2002,554109.0,554109.0,2766.6074266395935,0.04375069999821787,360,292,Current,Current,none,0,0.0,0.0,0.0,0,49.564625,1.1179526e+06,53.364624,0.0,0.0,0,129
1526,2008-01-01,1999-10-01,99,1999,257329.0,257329.0,1447.0903378004452,0.05413123631917576,360,261,Current,Current,none,0,0.0,0.0,0.0,0,49.97125,514954.1,54.57125,0.0,0.0,0,562
1533,2008-01-01,1998-08-01,113,1998,415701.0,415701.0,1646.8128595876983,0.025198403368413134,360,247,Current,Current,none,0,0.0,0.0,0.0,0,38.682938,1.0746366e+06,72.98293,0.0,0.0,0,617
1535,2008-01-01,2003-06-01,55,2003,246992.0,246992.0,895.3611253240182,0.018569303999134854,360,305,Current,Current,none,0,0.0,0.0,0.0,0,64.01304,385846.38,66.81304,0.0,0.0,0,785
1537,2008-01-01,2007-05-01,8,2007,158568.0,158568.0,953.0139639742745,0.06022732036183227,360,352,Current,Current,none,0,0.0,0.0,0.0,0,75.59103,209770.94,79.59103,0.0,0.0,0,771
1538,2008-01-01,1995-05-01,152,1995,244130.0,244130.0,1006.9700837336849,0.028296593136591792,360,208,Current,Current,none,0,0.0,0.0,0.0,0,36.412735,670452.25,39.812737,0.0,0.0,0,265
1540,2008-01-01,2007-12-01,1,2007,128762.0,128762.0,646.1305650569606,0.0441761916676486,360,359,Current,Current,none,0,0.0,0.0,0.0,0,98.07877,131284.27,102.57877,0.0,0.0,0,416
1542,2008-01-01,1996-08-01,137,1996,410218.0,410218.0,3172.1757121095616,0.046618362928254435,180,43,Current,Current,none,0,0.0,0.0,0.0,0,39.456562,1.0396699e+06,44.25656,0.0,0.0,0,704
1543,2008-01-01,2005-01-01,36,2005,638578.0,638578.0,2296.955459071137,0.018,360,324,Current,Current,none,0,0.0,0.0,0.0,0,74.038925,862489.56,76.93893,0.0,0.0,0,541
1546,2008-01-01,1995-07-01,150,1995,320611.0,320611.0,1180.6956916014497,0.019728697197436577,360,210,Current,Current,none,0,0.0,0.0,0.0,0,37.83216,847456.25,38.13216,0.0,0.0,0,718
1547,2008-01-01,1993-10-01,171,1993,227040.0,227040.0,1033.3513031824405,0.036088116586966965,360,189,Current,Current,none,0,0.0,0.0,0.0,0,32.443375,699803.9,44.143375,0.0,0.0,0,860
1551,2008-01-01,1997-08-01,125,1997,437734.0,437734.0,3368.310922043269,0.0458779849708648,180,55,Current,Current,none,0,0.0,0.0,0.0,0,25.330235,1.7281088e+06,25.330235,0.0,0.0,0,238
1553,2008-01-01,2003-09-01,52,2003,695187.0,695187.0,2723.466879939575,0.024352049947385213,360,308,Current,Current,none,0,0.0,0.0,0.0,0,59.45334,1.1692985e+06,60.253338,0.0,0.0,0,420
1555,2008-01-01,2001-08-01,77,2001,494143.0,494143.0,3134.5492019941717,0.018,180,103,Current,Current,none,0,0.0,0.0,0.0,0,42.076687,1.1743866e+06,42.076687,0.0,0.0,0,662
1557,2008-01-01,1995-04-01,153,1995,322304.0,322304.0,1477.8850408247251,0.036691103035391776,360,207,Current,Current,none,0,0.0,0.0,0.0,0,33.63663,958193.44,34.236633,0.0,0.0,0,631
1561,2008-01-01,2005-04-01,33,2005,269227.0,269227.0,1104.4845685039961,0.02787738158477897,360,327,Current,Current,none,0,0.0,0.0,0.0,0,93.02997,289398.12,128.02997,0.0,0.0,0,155
1562,2008-01-01,2001-06-01,79,2001,336295.0,336295.0,1690.2319233075457,0.04431172193910404,360,281,Current,Current,none,0,0.0,0.0,0.0,0,39.991753,840910.94,40.39175,0.0,0.0,0,533
1563,2008-01-01,2006-11-01,14,2006,258589.0,258589.0,1177.6863909754256,0.03613919590502574,360,346,Current,Current,none,0,0.0,0.0,0.0,0,71.379944,362271.25,80.07994,0.0,0.0,0,304
1567,2008-01-01,1993-04-01,177,1993,412669.0,412669.0,3060.5783128904422,0.04039213147248364,180,3,Current,Current,none,0,0.0,0.0,0.0,0,38.716267,1.0658801e+06,41.916267,0.0,0.0,0,959
1570,2008-01-01,2001-05-01,80,2001,201049.0,201049.0,1024.1523204818104,0.04545700314774585,360,280,Current,Current,none,0,0.0,0.0,0.0,0,44.008244,456843.97,44.40824,0.0,0.0,0,617
1571,2008-01-01,2002-02-01,71,2002,299782.0,299782.0,1114.147577685514,0.020405908167965663,360,289,Current,Current,none,0,0.0,0.0,0.0,0,52.555107,570414.6,52.755104,0.0,0.0,0,661
1572,2008-01-01,2002-05-01,68,2002,487830.0,487830.0,2233.6123590675397,0.03657224585219076,360,292,Current,Current,none,0,0.0,0.0,0.0,0,43.068974,1.1326715e+06,45.668976,0.0,0.0,0,277
1573,2008-01-01,1994-03-01,166,1994,160353.0,160353.0,747.0078865445444,0.03798151749907348,360,194,Current,Current,none,0,0.0,0.0,0.0,0,40.209934,398789.53,44.509933,0.0,0.0,0,925
1577,2008-01-01,2003-12-01,49,2003,345757.0,345757.0,1531.7434124180375,0.03391526670786686,360,311,Current,Current,none,0,0.0,0.0,0.0,0,67.9874,508560.4,68.9874,0.0,0.0,0,321
1583,2008-01-01,2007-06-01,7,2007,480969.0,480969.0,2180.169197671245,0.03575804518095202,360,353,Current,Current,none,0,0.0,0.0,0.0,0,80.96606,594037.8,86.36606,0.0,0.0,0,250
1586,2008-01-01,1997-03-01,130,1997,368537.0,368537.0,2665.2723601523076,0.036688570599935945,180,50,Current,Current,none,0,0.0,0.0,0.0,0,36.099174,1.02090144e+06,37.399174,0.0,0.0,0,453
1587,2008-01-01,2003-02-01,59,2003,519858.0,519858.0,2125.6805321272145,0.02762364006502149,360,301,Current,Current,none,0,0.0,0.0,0.0,0,37.880608,1.3723591e+06,38.08061,0.0,0.0,0,370
1588,2008-01-01,2006-06-01,19,2006,378715.0,378715.0,1595.429784759561,0.029938888564398018,360,341,30 DPD,Delinquent,none,0,0.0,0.0,0.0,1,99.78371,379535.9,104.78371,0.0,0.0,0,518
1590,2008-01-01,2007-09-01,4,2007,96167.0,96167.0,509.92653284689095,0.048921725351902846,360,356,Current,Current,none,0,0.0,0.0,0.0,0,81.14451,118513.26,100.9445,0.0,0.0,0,413
1591,2008-01-01,1993-06-01,175,1993,327218.0,327218.0,1477.1549646541089,0.035426421624988026,360,185,Current,Current,none,0,0.0,0.0,0.0,0,31.581667,1.0361011e+06,32.081665,0.0,0.0,0,621
1596,2008-01-01,1996-02-01,143,1996,522343.0,522343.0,2413.0143170644974,0.03729616763567112,360,217,Current,Current,none,0,0.0,0.0,0.0,0,33.306427,1.568295e+06,35.106426,0.0,0.0,0,733
1602,2008-01-01,1994-12-01,157,1994,247266.0,247266.0,1101.850548467674,0.034384047452984526,360,203,Current,Current,none,0,0.0,0.0,0.0,0,33.046757,748230.8,33.346756,0.0,0.0,0,865
1603,2008-01-01,2005-11-01,26,2005,160841.0,160841.0,616.8202004008775,0.022744993042621453,360,334,Current,Current,none,0,0.0,0.0,0.0,0,88.74782,181233.75,92.54782,0.0,0.0,0,116
1604,2008-01-01,2002-12-01,61,2002,103491.0,103491.0,458.75175046778764,0.03396315333139725,360,299,Current,Current,none,0,0.0,0.0,0.0,0,40.0611,258332.89,40.2611,0.0,0.0,0,122
1605,2008-01-01,2003-12-01,49,2003,165541.0,165541.0,721.5984417409087,0.03262691070291598,360,311,Current,Current,none,0,0.0,0.0,0.0,0,63.58005,260366.25,63.58005,0.0,0.0,0,597
1609,2008-01-01,2006-03-01,22,2006,246731.0,246731.0,1223.3145738283931,0.043159596789970764,360,338,Current,Current,none,0,0.0,0.0,0.0,0,101.16165,243897.77,111.561646,0.0,0.0,0,301
1610,2008-01-01,2006-01-01,24,2006,353558.0,353558.0,1492.180526661791,0.03008208834738707,360,336,Current,Current,none,0,0.0,0.0,0.0,0,78.21829,452014.5,84.118286,0.0,0.0,0,266
1613,2008-01-01,2002-09-01,64,2002,221539.0,221539.0,968.8606656723513,0.032886770117818064,360,296,Current,Current,none,0,0.0,0.0,0.0,0,52.743168,420033.53,54.54317,0.0,0.0,0,169
1614,2008-01-01,1997-07-01,126,1997,289303.0,289303.0,2054.3164539512964,0.03402244732084993,180,54,Current,Current,none,0,0.0,0.0,0.0,0,42.901432,674343.44,43.001434,0.0,0.0,0,534
1616,2008-01-01,2003-09-01,52,2003,333785.0,333785.0,1398.2598704482164,0.029499652512734897,360,308,Current,Current,none,0,0.0,0.0,0.0,0,51.921513,642864.56,52.021515,0.0,0.0,0,627
1618,2008-01-01,2007-06-01,7,2007,558475.0,558475.0,2518.9428161533774,0.03535693360085666,360,353,Current,Current,none,0,0.0,0.0,0.0,0,82.87614,673867.06,88.27614,0.0,0.0,0,490
1626,2008-01-01,1999-07-01,102,1999,230089.0,230089.0,862.0158136513609,0.021000859030668142,360,258,Current,Current,none,0,0.0,0.0,0.0,0,41.586514,553277.94,42.086514,0.0,0.0,0,420
1630,2008-01-01,1995-05-01,152,1995,811364.0,811364.0,2918.4641016348733,0.018,360,208,Current,Current,none,0,0.0,0.0,0.0,0,37.54474,2.1610592e+06,42.144737,0.0,0.0,0,738
1632,2008-01-01,2000-09-01,88,2000,161614.0,161614.0,677.3132912160207,0.029533676106174606,360,272,Current,Current,none,0,0.0,0.0,0.0,0,54.48408,296626.1,60.384083,0.0,0.0,0,590
1634,2008-01-01,1999-02-01,107,1999,315455.0,315455.0,2372.6368357131955,0.04247099675247554,180,73,Current,Current,none,0,0.0,0.0,0.0,0,49.947754,631569.94,50.047752,0.0,0.0,0,567
1637,2008-01-01,2002-07-01,66,2002,697085.0,697085.0,3498.1592988830535,0.044180348499806926,360,294,Current,Current,none,0,0.0,0.0,0.0,0,63.624027,1.0956318e+06,67.12402,0.0,0.0,0,558
1645,2008-01-01,2003-05-01,56,2003,585027.0,585027.0,2104.3333177059185,0.018,360,304,Current,Current,none,0,0.0,0.0,0.0,0,53.86814,1.0860352e+06,54.16814,0.0,0.0,0,180
1646,2008-01-01,1999-08-01,101,1999,353918.0,353918.0,1890.8216056392816,0.049579418314717835,360,259,Current,Current,none,0,0.0,0.0,0.0,0,36.56631,967879.94,40.26631,0.0,0.0,0,448
1648,2008-01-01,2002-01-01,72,2002,287829.0,287829.0,1173.6176891906714,0.02740690531461594,360,288,Current,Current,none,0,0.0,0.0,0.0,0,56.21837,511983.9,58.11837,0.0,0.0,0,375
1649,2008-01-01,2003-10-01,51,2003,433343.0,433343.0,2148.687900472169,0.043164864997730965,360,309,Current,Current,none,0,0.0,0.0,0.0,0,64.92476,667454.2,68.72476,0.0,0.0,0,500
1650,2008-01-01,1994-01-01,168,1994,444700.0,444700.0,3322.208306524337,0.041468269455645156,180,12,Current,Current,none,0,0.0,0.0,0.0,0,36.796154,1.2085502e+06,39.396156,0.0,0.0,0,781
1652,2008-01-01,2001-08-01,77,2001,274014.0,274014.0,1101.4636370612072,0.026311523333649042,360,283,Current,Current,none,0,0.0,0.0,0.0,0,61.972374,442155.1,62.172375,0.0,0.0,0,383
1653,2008-01-01,2001-03-01,82,2001,140728.0,140728.0,648.9104083257353,0.0371460894177809,360,278,Current,Current,none,0,0.0,0.0,0.0,0,51.55931,272943.9,58.65931,0.0,0.0,0,673
1656,2008-01-01,2000-09-01,88,2000,161913.0,161913.0,661.0169203438559,0.027502492551705556,360,272,Current,Current,none,0,0.0,0.0,0.0,0,39.954994,405238.44,41.454994,0.0,0.0,0,271
1659,2008-01-01,2007-09-01,4,2007,476096.0,476096.0,1753.777054510249,0.01974914047022306,360,356,Current,Current,none,0,0.0,0.0,0.0,0,89.31131,533074.7,98.01131,0.0,0.0,0,336
1665,2008-01-01,2004-03-01,46,2004,187017.0,187017.0,796.4428004587029,0.03078813606932044,360,314,Current,Current,none,0,0.0,0.0,0.0,0,37.89868,493465.72,37.89868,0.0,0.0,0,550
1673,2008-01-01,1993-12-01,169,1993,186401.0,186401.0,1360.148465332539,0.03799677281290324,180,11,Current,Current,none,0,0.0,0.0,0.0,0,42.418518,439433.06,42.71852,0.0,0.0,0,671
1675,2008-01-01,1996-02-01,143,1996,253094.0,253094.0,2013.3431641958082,0.050900462143399314,180,37,Current,Current,none,0,0.0,0.0,0.0,0,34.020134,743953.56,40.020134,0.0,0.0,0,150
1677,2008-01-01,1996-11-01,134,1996,353214.0,353214.0,2329.095352197365,0.023425034812914032,180,46,Current,Current,none,0,0.0,0.0,0.0,0,39.121532,902863.4,44.421535,0.0,0.0,0,678
1679,2008-01-01,2003-10-01,51,2003,429935.0,429935.0,1895.663943286029,0.03353712858608539,360,309,Current,Current,none,0,0.0,0.0,0.0,0,58.714565,732245.94,59.114563,0.0,0.0,0,646
1686,2008-01-01,2005-11-01,26,2005,357177.0,357177.0,1299.9799684492464,0.01886298931696466,360,334,Current,Current,none,0,0.0,0.0,0.0,0,74.6742,478313.78,80.6742,0.0,0.0,0,132
1688,2008-01-01,1999-11-01,98,1999,380719.0,380719.0,1581.6672332605378,0.028852798555558456,360,262,Current,Current,none,0,0.0,0.0,0.0,0,47.23328,806039.75,47.23328,0.0,0.0,0,145
1696,2008-01-01,1996-10-01,135,1996,185240.0,185240.0,1209.7916007372714,0.02207206864069701,180,45,Current,Current,none,0,0.0,0.0,0.0,0,32.409786,571555.75,41.509785,0.0,0.0,0,360
1709,2008-01-01,2001-11-01,74,2001,202081.0,202081.0,1565.2084820987593,0.04686225720558603,180,106,Current,Current,none,0,0.0,0.0,0.0,0,54.845783,368453.12,54.94578,0.0,0.0,0,711
1711,2008-01-01,2007-04-01,9,2007,820433.0,820433.0,5408.958564713589,0.023399435645039098,180,171,Current,Current,none,0,0.0,0.0,0.0,0,72.71238,1.1283265e+06,82.512375,0.0,0.0,0,221
1713,2008-01-01,2005-06-01,31,2005,350231.0,350231.0,1672.6974775426813,0.040031748916052004,360,329,Current,Current,none,0,0.0,0.0,0.0,0,90.293945,387878.72,101.59394,0.0,0.0,0,120
1716,2008-01-01,2001-04-01,81,2001,335154.0,335154.0,1779.660115564224,0.04904458095277527,360,279,Current,Current,none,0,0.0,0.0,0.0,0,36.090443,928650.3,36.39044,0.0,0.0,0,898
1717,2008-01-01,2006-02-01,23,2006,342243.0,342243.0,1834.9815054086018,0.04989225781777055,360,337,Current,Current,none,0,0.0,0.0,0.0,0,90.28481,379070.4,95.684814,0.0,0.0,0,621
1720,2008-01-01,2001-05-01,80,2001,281217.0,281217.0,1946.5011602016289,0.030330134446643005,180,100,Current,Current,none,0,0.0,0.0,0.0,0,35.7444,786744.2,36.5444,0.0,0.0,0,566
1721,2008-01-01,2002-01-01,72,2002,230916.0,230916.0,1078.5408942444806,0.03819544783468149,360,288,Current,Current,none,0,0.0,0.0,0.0,0,57.10316,404383.9,61.60316,0.0,0.0,0,159
1723,2008-01-01,1999-10-01,99,1999,330939.0,330939.0,1190.3826042700234,0.018,360,261,Current,Current,none,0,0.0,0.0,0.0,0,28.307413,1.1690895e+06,34.707413,0.0,0.0,0,116
1724,2008-01-01,1998-11-01,110,1998,457519.0,457519.0,1734.687649544469,0.021891720735538824,360,250,Current,Current,none,0,0.0,0.0,0.0,0,27.646214,1.6549066e+06,30.746212,0.0,0.0,0,674
1727,2008-01-01,2000-02-01,95,2000,313393.0,313393.0,1828.4472530772507,0.05747843897323987,360,265,Current,Current,none,0,0.0,0.0,0.0,0,36.85965,850233.25,36.85965,0.0,0.0,0,915
1731,2008-01-01,2003-11-01,50,2003,114375.0,114375.0,639.2446374687727,0.05357847887169162,360,310,Current,Current,none,0,0.0,0.0,0.0,0,66.75654,171331.53,73.65654,0.0,0.0,0,350
1732,2008-01-01,2003-11-01,50,2003,90156.0,90156.0,372.00100109485834,0.028324058584042928,360,310,Current,Current,none,0,0.0,0.0,0.0,0,75.35458,119642.35,89.55459,0.0,0.0,0,756
1737,2008-01-01,1995-09-01,148,1995,276729.0,276729.0,1100.9662499530034,0.02552386646471743,360,212,Current,Current,none,0,0.0,0.0,0.0,0,31.342485,882919.75,31.442486,0.0,0.0,0,776
1742,2008-01-01,2006-02-01,23,2006,343773.0,343773.0,1383.0492180617514,0.026376487880096246,360,337,Current,Current,none,0,0.0,0.0,0.0,0,97.711296,351825.22,105.811295,0.0,0.0,0,892
1743,2008-01-01,1999-03-01,106,1999,88479.0,88479.0,655.2030241701865,0.04016561122497284,180,74,Current,Current,none,0,0.0,0.0,0.0,0,33.6518,262925.03,33.951797,0.0,0.0,0,356
1744,2008-01-01,2006-09-01,16,2006,433784.0,433784.0,1763.2228130224116,0.02716611962378906,360,344,Current,Current,none,0,0.0,0.0,0.0,0,101.42485,427690.06,110.224846,0.0,0.0,0,898
1745,2008-01-01,1998-10-01,111,1998,514405.0,514405.0,3695.3784260496664,0.03571099657885117,180,69,Current,Current,none,0,0.0,0.0,0.0,0,39.256126,1.3103815e+06,39.756126,0.0,0.0,0,464
1746,2008-01-01,2003-09-01,52,2003,215035.0,215035.0,867.2838324077154,0.026568142947727035,360,308,Current,Current,none,0,0.0,0.0,0.0,0,60.895603,353120.75,66.3956,0.0,0.0,0,827
1748,2008-01-01,2001-01-01,84,2001,215263.0,215263.0,1182.2061147977277,0.05201305121623316,360,276,Current,Current,none,0,0.0,0.0,0.0,0,52.22116,412214.12,61.32116,0.0,0.0,0,392
1749,2008-01-01,2001-08-01,77,2001,202109.0,202109.0,867.6728822445393,0.03142154336415277,360,283,Current,Current,none,0,0.0,0.0,0.0,0,51.822884,389999.5,51.922886,0.0,0.0,0,118
1754,2008-01-01,1999-11-01,98,1999,162049.0,162049.0,610.0289757473769,0.02135798348499384,360,262,Current,Current,none,0,0.0,0.0,0.0,0,45.26281,358017.97,45.46281,0.0,0.0,0,222
1756,2008-01-01,2001-03-01,82,2001,683877.0,683877.0,3100.382160187316,0.03576997405332498,360,278,Current,Current,none,0,0.0,0.0,0.0,0,51.17213,1.3364248e+06,52.87213,0.0,0.0,0,794
1759,2008-01-01,1998-06-01,115,1998,302432.0,302432.0,2128.6341447953955,0.03274064206505908,180,65,Current,Current,none,0,0.0,0.0,0.0,0,28.62751,1.0564384e+06,28.62751,0.0,0.0,0,450
1760,2008-01-01,2000-04-01,93,2000,378903.0,378903.0,1439.0744621370618,0.022019560771330618,360,267,Current,Current,none,0,0.0,0.0,0.0,0,42.01673,901790.8,42.41673,0.0,0.0,0,211
1764,2008-01-01,2006-04-01,21,2006,117770.0,117770.0,925.5562072556961,0.04905920625951808,180,159,Current,Current,none,0,0.0,0.0,0.0,0,85.66433,137478.47,90.86433,0.0,0.0,0,746
1767,2008-01-01,2000-09-01,88,2000,248124.0,248124.0,949.190668986066,0.02255896104914667,360,272,Current,Current,none,0,0.0,0.0,0.0,0,42.46001,584371.06,49.06001,0.0,0.0,0,266
1768,2008-01-01,1997-09-01,124,1997,442460.0,442460.0,2811.148498525771,0.018220056822658082,180,56,Current,Current,none,0,0.0,0.0,0.0,0,35.31629,1.2528495e+06,35.41629,0.0,0.0,0,708
1773,2008-01-01,2007-07-01,6,2007,313657.0,313657.0,1363.097144155956,0.032386218442188856,360,354,Current,Current,none,0,0.0,0.0,0.0,0,76.2791,411196.53,82.2791,0.0,0.0,0,251
1778,2008-01-01,1993-06-01,175,1993,533013.0,533013.0,1964.7923446917835,0.019799965777271836,360,185,Current,Current,none,0,0.0,0.0,0.0,0,37.970497,1.4037556e+06,39.770496,0.0,0.0,0,131
1782,2008-01-01,1996-06-01,139,1996,132923.0,132923.0,1077.511008042249,0.05378076855662332,180,41,Current,Current,none,0,0.0,0.0,0.0,0,43.495354,305602.75,43.495354,0.0,0.0,0,179
1783,2008-01-01,1996-04-01,141,1996,524806.0,524806.0,2996.237100150456,0.05549884889167133,360,219,Current,Current,none,0,0.0,0.0,0.0,0,41.04326,1.2786655e+06,42.843258,0.0,0.0,0,178
1784,2008-01-01,2001-01-01,84,2001,438090.0,438090.0,2185.132742047916,0.043665378197867824,360,276,30 DPD,Delinquent,none,0,0.0,0.0,0.0,1,38.750908,1.1305284e+06,38.750908,0.0,0.0,0,624
1787,2008-01-01,1997-04-01,129,1997,361212.0,361212.0,2291.3140251925433,0.018,180,51,Current,Current,none,0,0.0,0.0,0.0,0,40.56309,890494.25,41.56309,0.0,0.0,0,239
1788,2008-01-01,1999-08-01,101,1999,141852.0,141852.0,646.6245051631,0.03621324874994085,360,259,Current,Current,none,0,0.0,0.0,0.0,0,47.1528,300834.72,47.252804,0.0,0.0,0,110
1789,2008-01-01,1998-03-01,118,1998,266563.0,266563.0,1057.60852042307,0.025314393490790853,360,242,Current,Current,none,0,0.0,0.0,0.0,0,32.61856,817212.6,40.61856,0.0,0.0,0,469
1793,2008-01-01,1997-09-01,124,1997,195109.0,195109.0,739.2838826082979,0.02184387874991189,360,236,Current,Current,none,0,0.0,0.0,0.0,0,46.365246,420808.72,55.865246,0.0,0.0,0,367
1796,2008-01-01,1995-05-01,152,1995,274740.0,274740.0,1228.8341223450066,0.034682032922868894,360,208,Current,Current,none,0,0.0,0.0,0.0,0,37.96924,723585.75,38.06924,0.0,0.0,0,411
1802,2008-01-01,1998-01-01,120,1998,276708.0,276708.0,1887.3320155762165,0.028222774205299873,180,60,Current,Current,none,0,0.0,0.0,0.0,0,40.14896,689203.44,42.348957,0.0,0.0,0,376
1803,2008-01-01,1999-04-01,105,1999,294826.0,294826.0,1060.4846865631246,0.018,360,255,Current,Current,none,0,0.0,0.0,0.0,0,40.903652,720781.56,41.103653,0.0,0.0,0,896
1807,2008-01-01,2000-07-01,90,2000,203516.0,203516.0,1446.571461285228,0.03416519509960816,180,90,Current,Paid off,payoff,0,0.0,0.0,0.0,0,42.764805,475896.03,51.564804,0.0,0.0,0,995
1809,2008-01-01,1999-11-01,98,1999,254865.0,254865.0,1158.6304765467019,0.03599291982176821,360,262,Current,Current,none,0,0.0,0.0,0.0,0,33.440002,762156.06,37.440002,0.0,0.0,0,630
1810,2008-01-01,2002-04-01,69,2002,230216.0,230216.0,1023.3156475257455,0.034184053330653476,360,291,Current,Current,none,0,0.0,0.0,0.0,0,54.630608,421404.8,65.9306,0.0,0.0,0,679
1823,2008-01-01,1993-06-01,175,1993,186307.0,186307.0,670.143476150394,0.018,360,185,Current,Current,none,0,0.0,0.0,0.0,0,36.203373,514612.25,37.603374,0.0,0.0,0,355
1825,2008-01-01,2003-09-01,52,2003,253905.0,253905.0,946.9596388802157,0.020665887169514445,360,308,Current,Current,none,0,0.0,0.0,0.0,0,55.046417,461256.16,57.746418,0.0,0.0,0,568
1826,2008-01-01,2004-03-01,46,2004,284306.0,284306.0,1158.9920269124066,0.027389581271421392,360,314,Current,Current,none,0,0.0,0.0,0.0,0,70.49155,403319.28,70.79155,0.0,0.0,0,799
1831,2008-01-01,2000-05-01,92,2000,111924.0,111924.0,798.3118795487626,0.0346698729961437,180,88,Current,Current,none,0,0.0,0.0,0.0,0,54.13091,206765.42,54.63091,0.0,0.0,0,904
1837,2008-01-01,2000-07-01,90,2000,167715.0,167715.0,713.0111760422967,0.030652749133585133,360,270,Current,Current,none,0,0.0,0.0,0.0,0,40.78724,411194.78,41.38724,0.0,0.0,0,405
1838,2008-01-01,2007-07-01,6,2007,74286.0,74286.0,535.0536763647091,0.036092946030996886,180,174,Current,Current,none,0,0.0,0.0,0.0,0,82.20369,90368.2,89.60369,0.0,0.0,0,553
1840,2008-01-01,1998-03-01,118,1998,162768.0,162768.0,714.8001317393312,0.033217284587651524,360,242,Current,Current,none,0,0.0,0.0,0.0,0,38.73133,420248.9,40.93133,0.0,0.0,0,152
1842,2008-01-01,2001-02-01,83,2001,326281.0,326281.0,1507.8965661039795,0.03732914059462807,360,277,Current,Current,none,0,0.0,0.0,0.0,0,34.03191,958750.1,34.03191,0.0,0.0,0,956
1843,2008-01-01,2003-04-01,57,2003,210369.0,210369.0,1163.8834098563887,0.05267014949336345,360,303,Current,Current,none,0,0.0,0.0,0.0,0,63.308144,332293.75,63.308144,0.0,0.0,0,236
1844,2008-01-01,2005-05-01,32,2005,320211.0,320211.0,1500.5423390848566,0.03846537071545516,360,328,Current,Current,none,0,0.0,0.0,0.0,0,83.744286,382367.6,96.344284,0.0,0.0,0,300
1850,2008-01-01,2005-01-01,36,2005,222073.0,222073.0,966.754224069413,0.032522847833013034,360,324,Current,Current,none,0,0.0,0.0,0.0,0,72.5413,306133.22,77.1413,0.0,0.0,0,235
1851,2008-01-01,1994-11-01,158,1994,325349.0,325349.0,1523.3216935068663,0.038395488513829026,360,202,Current,Current,none,0,0.0,0.0,0.0,0,40.113556,811070.0,43.013554,0.0,0.0,0,903
1857,2008-01-01,2002-12-01,61,2002,788602.0,788602.0,3496.5992351803966,0.03398393007464298,360,299,Current,Current,none,0,0.0,0.0,0.0,0,60.203136,1.3099019e+06,60.403137,0.0,0.0,0,136
1863,2008-01-01,2007-11-01,2,2007,477325.0,477325.0,1783.4627284193932,0.020800823166607522,360,358,Current,Current,none,0,0.0,0.0,0.0,0,88.15592,541455.44,97.15592,0.0,0.0,0,481
1875,2008-01-01,2006-01-01,24,2006,467822.0,467822.0,2083.21980997198,0.034327977250893885,360,336,Current,Current,none,0,0.0,0.0,0.0,0,62.786034,745105.2,67.98603,0.0,0.0,0,636
1879,2008-01-01,2004-05-01,44,2004,337682.0,337682.0,2305.7669941157405,0.028381040771772215,180,136,Current,Current,none,0,0.0,0.0,0.0,0,59.741177,565241.6,61.241177,0.0,0.0,0,219
1882,2008-01-01,2004-04-01,45,2004,345561.0,345561.0,1444.7831178117356,0.029348383805053897,360,315,Current,Current,none,0,0.0,0.0,0.0,0,53.575523,644997.94,53.575523,0.0,0.0,0,479
1885,2008-01-01,2005-09-01,28,2005,537392.0,537392.0,2389.549634320983,0.034211847419730046,360,332,Current,Current,none,0,0.0,0.0,0.0,0,89.07801,603282.44,110.378006,0.0,0.0,0,994
1891,2008-01-01,1999-11-01,98,1999,366042.0,366042.0,2449.048004914616,0.07055915986228092,360,262,Current,Current,none,0,0.0,0.0,0.0,0,33.72978,1.0852191e+06,33.72978,0.0,0.0,0,225
1894,2008-01-01,2000-08-01,89,2000,467744.0,467744.0,3308.0684885524847,0.03343852220032184,180,91,Current,Current,none,0,0.0,0.0,0.0,0,41.71854,1.1211898e+06,41.71854,0.0,0.0,0,261
1898,2008-01-01,1997-08-01,125,1997,924493.0,924493.0,3736.277637701647,0.026724166665785837,360,235,Current,Current,none,0,0.0,0.0,0.0,0,23.11447,3.999629e+06,27.414469,0.0,0.0,0,265
1902,2008-01-01,1998-09-01,112,1998,249342.0,249342.0,896.8794228359191,0.018,360,248,Current,Current,none,0,0.0,0.0,0.0,0,36.84459,676739.8,42.84459,0.0,0.0,0,684
1905,2008-01-01,1993-05-01,176,1993,492668.0,492668.0,1875.3551441746772,0.022187258988741486,360,184,Current,Current,none,0,0.0,0.0,0.0,0,30.797913,1.5996799e+06,30.997911,0.0,0.0,0,192
1907,2008-01-01,1993-10-01,171,1993,807073.0,807073.0,4924.918551334748,0.06165310074758485,360,189,Current,Current,none,0,0.0,0.0,0.0,0,28.696394,2.8124542e+06,32.396393,0.0,0.0,0,888
1909,2008-01-01,2003-09-01,52,2003,502018.0,502018.0,3521.2773415042248,0.03224385593973759,180,128,Current,Current,none,0,0.0,0.0,0.0,0,62.41799,804284.1,64.81799,0.0,0.0,0,941
1913,2008-01-01,2001-04-01,81,2001,314073.0,314073.0,1404.0225894511964,0.034639906161358446,360,279,Current,Current,none,0,0.0,0.0,0.0,0,56.834316,552611.56,57.834316,0.0,0.0,0,324
1914,2008-01-01,2001-05-01,80,2001,1157886.0,1.157886e+06,8555.756326918736,0.03984507566393458,180,100,Current,Current,none,0,0.0,0.0,0.0,0,31.350134,3.6934005e+06,39.150135,0.0,0.0,0,883
1915,2008-01-01,2005-04-01,33,2005,397407.0,397407.0,2115.1325507841784,0.0492477042554898,360,327,Current,Current,none,0,0.0,0.0,0.0,0,72.62781,547183.0,90.727806,0.0,0.0,0,110
1921,2008-01-01,2003-06-01,55,2003,419821.0,419821.0,1950.191741856466,0.03774894712164192,360,305,Current,Current,none,0,0.0,0.0,0.0,0,70.86602,592415.1,71.96602,0.0,0.0,0,215
1922,2008-01-01,1993-09-01,172,1993,179535.0,179535.0,645.784694030074,0.018,360,188,Current,Current,none,0,0.0,0.0,0.0,0,38.35077,468139.25,38.65077,0.0,0.0,0,474
1928,2008-01-01,2005-02-01,35,2005,339890.0,339890.0,1222.5792166089166,0.018,360,325,Current,Current,none,0,0.0,0.0,0.0,0,70.79888,480078.2,73.998886,0.0,0.0,0,895
1932,2008-01-01,1996-02-01,143,1996,396487.0,396487.0,1442.259047053223,0.018822595731732245,360,217,Current,Current,none,0,0.0,0.0,0.0,0,25.360464,1.563406e+06,25.460464,0.0,0.0,0,109
1935,2008-01-01,2006-10-01,15,2006,169319.0,169319.0,979.0513252232415,0.05665703422413357,360,345,Current,Current,none,0,0.0,0.0,0.0,0,64.12097,264061.8,69.22097,0.0,0.0,0,417
1938,2008-01-01,1994-11-01,158,1994,147491.0,147491.0,1035.4621287606221,0.03237287126773014,180,22,Current,Current,none,0,0.0,0.0,0.0,0,23.383953,630735.94,24.683952,0.0,0.0,0,124
1940,2008-01-01,2002-08-01,65,2002,249878.0,249878.0,2197.314578604502,0.06649645077996794,180,115,Current,Current,none,0,0.0,0.0,0.0,0,45.276924,551888.2,45.276924,0.0,0.0,0,734
1943,2008-01-01,2007-06-01,7,2007,609027.0,609027.0,2931.5070729680037,0.04067979681903834,360,353,Current,Current,none,0,0.0,0.0,0.0,0,97.20171,626559.94,103.40172,0.0,0.0,0,539
1944,2008-01-01,2000-07-01,90,2000,196173.0,196173.0,859.5940518578691,0.03304110652414305,360,270,Current,Current,none,0,0.0,0.0,0.0,0,38.56248,508714.66,41.06248,0.0,0.0,0,625
1945,2008-01-01,2000-06-01,91,2000,479482.0,479482.0,1885.2579628643155,0.024627397110040198,360,269,Current,Current,none,0,0.0,0.0,0.0,0,36.775234,1.3038176e+06,37.175236,0.0,0.0,0,471
1946,2008-01-01,2000-03-01,94,2000,299385.0,299385.0,1173.3147812055165,0.024380654900631203,360,266,Current,Paid off,payoff,0,0.0,0.0,0.0,0,28.824894,1.0386335e+06,29.124895,0.0,0.0,0,755
1947,2008-01-01,2004-02-01,47,2004,426089.0,426089.0,1805.3846594598842,0.030390070939510173,360,313,Current,Current,none,0,0.0,0.0,0.0,0,61.601147,691690.06,64.10114,0.0,0.0,0,209
1949,2008-01-01,2003-04-01,57,2003,200907.0,200907.0,738.677369769438,0.01960980722410019,360,303,Current,Current,none,0,0.0,0.0,0.0,0,56.748505,354030.47,60.848503,0.0,0.0,0,244
1952,2008-01-01,1993-04-01,177,1993,386954.0,386954.0,1391.867716566203,0.018,360,183,Current,Current,none,0,0.0,0.0,0.0,0,38.626644,1.00178e+06,38.726646,0.0,0.0,0,116
1955,2008-01-01,2005-03-01,34,2005,160829.0,160829.0,798.925348955703,0.04332038736546634,360,326,Current,Current,none,0,0.0,0.0,0.0,0,77.34569,207935.31,83.64569,0.0,0.0,0,595
1961,2008-01-01,1996-09-01,136,1996,513248.0,513248.0,1955.8833936096123,0.022271089250534674,360,224,Current,Current,none,0,0.0,0.0,0.0,0,34.83546,1.4733492e+06,39.83546,0.0,0.0,0,275
1965,2008-01-01,2001-05-01,80,2001,242122.0,242122.0,870.9091914554241,0.018,360,280,Current,Current,none,0,0.0,0.0,0.0,0,43.680313,554304.6,45.28031,0.0,0.0,0,703
1969,2008-01-01,2004-10-01,39,2004,146222.0,146222.0,591.8958094838512,0.026847369177866353,360,321,Current,Current,none,0,0.0,0.0,0.0,0,53.26389,274523.7,65.76389,0.0,0.0,0,378
1973,2008-01-01,1995-07-01,150,1995,150845.0,150845.0,562.8326948553663,0.020698035188719426,360,210,Current,Current,none,0,0.0,0.0,0.0,0,36.975582,407958.4,37.27558,0.0,0.0,0,706
1974,2008-01-01,2005-10-01,27,2005,269952.0,269952.0,1331.183480529457,0.04270121661243482,360,333,Current,Current,none,0,0.0,0.0,0.0,0,96.338,280213.44,98.838,0.0,0.0,0,772
1975,2008-01-01,1997-09-01,124,1997,202537.0,202537.0,865.6325785650107,0.03106964899267213,360,236,Current,Current,none,0,0.0,0.0,0.0,0,47.57609,425711.72,47.67609,0.0,0.0,0,738
1980,2008-01-01,1997-10-01,123,1997,83830.0,83830.0,301.535248840288,0.018,360,237,Current,Current,none,0,0.0,0.0,0.0,0,35.76005,234423.61,35.76005,0.0,0.0,0,709
1982,2008-01-01,2003-03-01,58,2003,382792.0,382792.0,2723.348819783594,0.034298683987613224,180,122,Current,Current,none,0,0.0,0.0,0.0,0,48.903572,782748.56,49.903572,0.0,0.0,0,424
1986,2008-01-01,1999-03-01,106,1999,190386.0,190386.0,684.8155777848868,0.018,360,254,Current,Current,none,0,0.0,0.0,0.0,0,39.123634,486626.56,40.123634,0.0,0.0,0,474
1987,2008-01-01,1996-11-01,134,1996,337674.0,337674.0,2142.002957107922,0.018,180,46,Current,Current,none,0,0.0,0.0,0.0,0,26.03218,1.2971406e+06,26.03218,0.0,0.0,0,660
2001,2008-01-01,2005-01-01,36,2005,179334.0,179334.0,905.5946029864292,0.044712170056171806,360,324,Current,Current,none,0,0.0,0.0,0.0,0,90.60642,197926.38,95.70642,0.0,0.0,0,641
2005,2008-01-01,1999-07-01,102,1999,139496.0,139496.0,518.8581157092613,0.020465566364840575,360,258,Current,Current,none,0,0.0,0.0,0.0,0,35.28036,395392.78,35.380363,0.0,0.0,0,312
2008,2008-01-01,2004-07-01,42,2004,231656.0,231656.0,833.263146908574,0.018,360,318,Current,Current,none,0,0.0,0.0,0.0,0,72.12805,321173.25,74.42805,0.0,0.0,0,484
2011,2008-01-01,1999-08-01,101,1999,1070563.0,1.070563e+06,4503.027543154704,0.029817866222824115,360,259,Current,Current,none,0,0.0,0.0,0.0,0,40.343113,2.653645e+06,43.043114,0.0,0.0,0,647
2013,2008-01-01,2005-10-01,27,2005,472845.0,472845.0,1964.639603861127,0.028862371035839836,360,333,Current,Current,none,0,0.0,0.0,0.0,0,49.318367,958760.5,51.918365,0.0,0.0,0,421
2016,2008-01-01,1995-04-01,153,1995,478933.0,478933.0,3494.0843397196895,0.03796991841120601,180,27,Current,Current,none,0,0.0,0.0,0.0,0,33.072887,1.4481136e+06,34.37289,0.0,0.0,0,734
2028,2008-01-01,2001-01-01,84,2001,232419.0,232419.0,959.9717542813484,0.028402053762786292,360,276,Current,Current,none,0,0.0,0.0,0.0,0,60.903404,381619.06,75.5034,0.0,0.0,0,745
2029,2008-01-01,2004-07-01,42,2004,555224.0,555224.0,2304.2223644248047,0.028771555096103678,360,318,Current,Current,none,0,0.0,0.0,0.0,0,69.99092,793280.06,82.19092,0.0,0.0,0,615
2034,2008-01-01,2002-02-01,71,2002,217967.0,217967.0,1674.859204208071,0.045665789580040216,180,109,Current,Current,none,0,0.0,0.0,0.0,0,59.936058,363665.9,71.43606,0.0,0.0,0,525
2040,2008-01-01,2001-08-01,77,2001,452515.0,452515.0,1963.7935804424326,0.03227513709218926,360,283,Current,Current,none,0,0.0,0.0,0.0,0,58.00668,780108.44,58.20668,0.0,0.0,0,506
2047,2008-01-01,2007-05-01,8,2007,266473.0,266473.0,1169.2774918729594,0.03315290456082095,360,352,Current,Current,none,0,0.0,0.0,0.0,0,81.332115,327635.66,87.43211,0.0,0.0,0,521
2051,2008-01-01,2005-01-01,36,2005,231663.0,231663.0,979.9409525429631,0.030259114988306666,360,324,Current,Current,none,0,0.0,0.0,0.0,0,65.33397,354582.78,74.93397,0.0,0.0,0,892
2055,2008-01-01,2006-09-01,16,2006,580964.0,580964.0,2716.4672682286837,0.03828465617323177,360,344,Current,Current,none,0,0.0,0.0,0.0,0,82.47498,704412.4,90.17498,0.0,0.0,0,386
2060,2008-01-01,1998-02-01,119,1998,310858.0,310858.0,1384.3127426740405,0.0343312454899334,360,241,Current,Current,none,0,0.0,0.0,0.0,0,36.46627,852453.5,38.06627,0.0,0.0,0,675
2062,2008-01-01,1999-10-01,99,1999,232453.0,232453.0,915.678735703393,0.02476881042934247,360,261,Current,Current,none,0,0.0,0.0,0.0,0,43.096592,539376.75,49.89659,0.0,0.0,0,753
2064,2008-01-01,1995-11-01,146,1995,344198.0,344198.0,1719.1716920749518,0.04378161129913567,360,214,Current,Current,none,0,0.0,0.0,0.0,0,41.178593,835866.3,41.578594,0.0,0.0,0,702
2068,2008-01-01,1995-09-01,148,1995,276002.0,276002.0,1405.025993797672,0.04539981709437025,360,212,Current,Current,none,0,0.0,0.0,0.0,0,43.955925,627906.25,47.555927,0.0,0.0,0,556
2069,2008-01-01,2000-02-01,95,2000,231917.0,231917.0,1590.8083115291608,0.02903263016303418,180,85,Current,Current,none,0,0.0,0.0,0.0,0,36.38935,637321.06,46.489353,0.0,0.0,0,806
2076,2008-01-01,2007-09-01,4,2007,391175.0,391175.0,2055.0839577373818,0.0481151798893447,360,356,Current,Current,none,0,0.0,0.0,0.0,0,86.58904,451760.4,91.38904,0.0,0.0,0,697
2082,2008-01-01,2001-09-01,76,2001,554068.0,554068.0,2005.9397454267178,0.018474677254903614,360,284,Current,Current,none,0,0.0,0.0,0.0,0,42.183372,1.3134749e+06,46.98337,0.0,0.0,0,472
2084,2008-01-01,2007-02-01,11,2007,431109.0,431109.0,2057.9960057689054,0.03999258450166672,360,349,Current,Current,none,0,0.0,0.0,0.0,0,89.8069,480039.94,94.006905,0.0,0.0,0,816
2087,2008-01-01,2007-10-01,3,2007,258098.0,258098.0,1154.8955533920666,0.03471655549150399,360,357,Current,Current,none,0,0.0,0.0,0.0,0,68.28198,377988.44,73.48198,0.0,0.0,0,652
2092,2008-01-01,2004-10-01,39,2004,123126.0,123126.0,574.653990989529,0.038133959502914434,360,321,Current,Current,none,0,0.0,0.0,0.0,0,70.07445,175707.4,70.47445,0.0,0.0,0,367
2096,2008-01-01,2005-02-01,35,2005,319554.0,319554.0,2076.3439206345683,0.021354159662441113,180,145,Current,Current,none,0,0.0,0.0,0.0,0,75.342125,424137.22,87.54213,0.0,0.0,0,232
2098,2008-01-01,2006-05-01,20,2006,186483.0,186483.0,1479.6912410014,0.05051375315151216,180,160,Current,Current,none,0,0.0,0.0,0.0,0,77.70697,239982.33,83.20697,0.0,0.0,0,222
2101,2008-01-01,2004-01-01,48,2004,345363.0,345363.0,1242.2655152717211,0.018,360,312,Current,Current,none,0,0.0,0.0,0.0,0,67.68934,510217.72,72.98934,0.0,0.0,0,801
2102,2008-01-01,1998-04-01,117,1998,171615.0,171615.0,641.5927147153801,0.020844303972824017,360,243,Current,Current,none,0,0.0,0.0,0.0,0,31.26624,548882.75,35.66624,0.0,0.0,0,936
2103,2008-01-01,2007-09-01,4,2007,424727.0,424727.0,2372.853100044269,0.05354232484183737,360,356,Current,Current,none,0,0.0,0.0,0.0,0,61.77453,687543.94,65.974525,0.0,0.0,0,781
2105,2008-01-01,1999-02-01,107,1999,176907.0,176907.0,1456.587650674577,0.05618091617826512,180,73,Current,Current,none,0,0.0,0.0,0.0,0,28.96861,610685.1,31.96861,0.0,0.0,0,549
2107,2008-01-01,1997-06-01,127,1997,178563.0,178563.0,658.5613617113786,0.019838376933528665,360,233,Current,Current,none,0,0.0,0.0,0.0,0,31.847416,560682.9,32.747417,0.0,0.0,0,486
2108,2008-01-01,1997-03-01,130,1997,325862.0,325862.0,1826.1468798832016,0.05381956223365006,360,230,Current,Current,none,0,0.0,0.0,0.0,0,41.690624,781619.44,55.490623,0.0,0.0,0,822
2111,2008-01-01,1999-06-01,103,1999,117789.0,117789.0,494.43853763269607,0.029658840630060947,360,257,Current,Current,none,0,0.0,0.0,0.0,0,22.193073,530746.7,47.493073,0.0,0.0,0,934
2112,2008-01-01,1993-01-01,180,1993,244394.0,244394.0,1098.1442413400184,0.03505173942328557,360,180,Current,Current,none,0,0.0,0.0,0.0,0,35.85844,681552.25,38.15844,0.0,0.0,0,867
2121,2008-01-01,2007-01-01,12,2007,297953.0,297953.0,1414.7980740365244,0.03955255855877233,360,348,Current,Current,none,0,0.0,0.0,0.0,0,94.735146,314511.6,100.13514,0.0,0.0,0,936
2133,2008-01-01,2003-06-01,55,2003,258137.0,258137.0,1071.3477221939331,0.028775851384064695,360,305,Current,Current,none,0,0.0,0.0,0.0,0,54.66807,472189.7,54.66807,0.0,0.0,0,217
2139,2008-01-01,2004-12-01,37,2004,304543.0,304543.0,1095.4365893781203,0.018,360,323,Current,Current,none,0,0.0,0.0,0.0,0,77.25929,394183.0,78.9593,0.0,0.0,0,672
2145,2008-01-01,1995-09-01,148,1995,686688.0,686688.0,3407.311771735962,0.0432252591413921,360,212,Current,Current,none,0,0.0,0.0,0.0,0,28.714687,2.3914172e+06,30.214687,0.0,0.0,0,132
2153,2008-01-01,2005-09-01,28,2005,153572.0,153572.0,752.939978979172,0.04221702183911856,360,332,Current,Current,none,0,0.0,0.0,0.0,0,76.93101,199623.02,90.93101,0.0,0.0,0,437
2158,2008-01-01,1996-06-01,139,1996,427385.0,427385.0,2231.7718364363363,0.047590399667827014,360,221,Current,Current,none,0,0.0,0.0,0.0,0,41.893406,1.0201725e+06,52.793404,0.0,0.0,0,587
2162,2008-01-01,2003-09-01,52,2003,67232.0,67232.0,379.7538650045639,0.054529565228316965,360,308,Current,Current,none,0,0.0,0.0,0.0,0,58.732204,114472.12,79.0322,0.0,0.0,0,431
2164,2008-01-01,2007-09-01,4,2007,288270.0,288270.0,1246.2697637731583,0.03197447136257651,360,356,Current,Current,none,0,0.0,0.0,0.0,0,91.71947,314295.3,96.21947,0.0,0.0,0,788
2166,2008-01-01,1995-12-01,145,1995,290242.0,290242.0,1775.3146629815296,0.06187638268107194,360,215,Current,Current,none,0,0.0,0.0,0.0,0,37.21204,779967.94,41.91204,0.0,0.0,0,851
2173,2008-01-01,2002-01-01,72,2002,125415.0,125415.0,451.1158682250354,0.018,360,288,Current,Current,none,0,0.0,0.0,0.0,0,50.77349,247008.83,51.47349,0.0,0.0,0,104
2179,2008-01-01,2007-02-01,11,2007,259410.0,259410.0,1359.7534104513495,0.047918286061531284,360,349,Current,Current,none,0,0.0,0.0,0.0,0,96.8464,267857.16,107.446396,0.0,0.0,0,225
2180,2008-01-01,2007-01-01,12,2007,246467.0,246467.0,1184.1176887117986,0.040523213333152626,360,348,Current,Current,none,0,0.0,0.0,0.0,0,93.6671,263130.8,106.267105,0.0,0.0,0,729
2182,2008-01-01,2000-07-01,90,2000,171224.0,171224.0,684.6683264808019,0.025909735848249717,360,270,Current,Current,none,0,0.0,0.0,0.0,0,32.3826,528753.1,39.482597,0.0,0.0,0,206
2184,2008-01-01,2003-05-01,56,2003,173099.0,173099.0,829.854485320738,0.040345679395412566,360,304,Current,Current,none,0,0.0,0.0,0.0,0,40.22771,430297.9,40.42771,0.0,0.0,0,808
2185,2008-01-01,2006-11-01,14,2006,263127.0,263127.0,1200.506387135185,0.03628458628916973,360,346,Current,Current,none,0,0.0,0.0,0.0,0,79.53765,330820.7,84.63765,0.0,0.0,0,350
2191,2008-01-01,2000-07-01,90,2000,185510.0,185510.0,966.6290861731477,0.047403487007809254,360,270,Current,Current,none,0,0.0,0.0,0.0,0,55.124573,336528.7,61.224575,0.0,0.0,0,266
2193,2008-01-01,2002-05-01,68,2002,306668.0,306668.0,2112.6755570415635,0.029652784243791655,180,112,Current,Current,none,0,0.0,0.0,0.0,0,53.800915,570005.2,67.30092,0.0,0.0,0,639
2199,2008-01-01,1995-12-01,145,1995,195361.0,195361.0,752.9240414350066,0.023117150364258036,360,215,Current,Current,none,0,0.0,0.0,0.0,0,44.9308,434804.2,45.2308,0.0,0.0,0,588
2205,2008-01-01,2004-08-01,41,2004,282850.0,282850.0,1017.4071947330962,0.018,360,319,Current,Current,none,0,0.0,0.0,0.0,0,65.99375,428601.16,66.193756,0.0,0.0,0,835
2212,2008-01-01,2002-09-01,64,2002,218195.0,218195.0,903.0148558715068,0.028556106699552414,360,296,Current,Current,none,0,0.0,0.0,0.0,0,49.808918,438064.12,51.108917,0.0,0.0,0,510
2213,2008-01-01,2006-05-01,20,2006,253728.0,253728.0,1397.4167048496133,0.05226577256576315,360,340,Current,Current,none,0,0.0,0.0,0.0,0,86.86799,292084.6,92.86799,0.0,0.0,0,216
2218,2008-01-01,1994-11-01,158,1994,336513.0,336513.0,2541.6091200225414,0.04309201197682422,180,22,Current,Current,none,0,0.0,0.0,0.0,0,34.53702,974354.44,36.43702,0.0,0.0,0,112
2220,2008-01-01,2004-10-01,39,2004,461905.0,461905.0,2254.0114652886195,0.041822478087814335,360,321,Current,Current,none,0,0.0,0.0,0.0,0,78.02292,592011.94,78.62292,0.0,0.0,0,758
2223,2008-01-01,1996-09-01,136,1996,504637.0,504637.0,2852.965580535348,0.05461088723071379,360,224,Current,Current,none,0,0.0,0.0,0.0,0,41.000164,1.2308171e+06,41.600163,0.0,0.0,0,326
2224,2008-01-01,2001-05-01,80,2001,432199.0,432199.0,1938.9420558742943,0.034924352481145365,360,280,Current,Current,none,0,0.0,0.0,0.0,0,50.56685,854708.2,57.06685,0.0,0.0,0,586
2225,2008-01-01,1998-08-01,113,1998,649649.0,649649.0,3382.3628504752555,0.047333573776220175,360,247,Current,Current,none,0,0.0,0.0,0.0,0,41.621555,1.5608474e+06,43.42156,0.0,0.0,0,401
2230,2008-01-01,1999-07-01,102,1999,435845.0,435845.0,2118.315505182,0.041486533023911386,360,258,Current,Current,none,0,0.0,0.0,0.0,0,40.279835,1.0820428e+06,44.079834,0.0,0.0,0,687
2233,2008-01-01,1998-02-01,119,1998,319217.0,319217.0,1376.0599578735598,0.03174502396674131,360,241,Current,Current,none,0,0.0,0.0,0.0,0,38.815636,822392.75,40.315636,0.0,0.0,0,461
2238,2008-01-01,1994-03-01,166,1994,349064.0,349064.0,1319.4351060391734,0.021663270767504565,360,194,Current,Current,none,0,0.0,0.0,0.0,0,35.30963,988580.06,36.109634,0.0,0.0,0,760
2241,2008-01-01,2007-12-01,1,2007,364797.0,364797.0,2826.477334433723,0.04691337819526226,180,179,Current,Current,none,0,0.0,0.0,0.0,0,87.54139,416713.75,117.04139,0.0,0.0,0,457
2242,2008-01-01,2002-07-01,66,2002,189046.0,189046.0,838.9779597293087,0.034056697605252,360,294,Current,Current,none,0,0.0,0.0,0.0,0,61.238125,308706.38,62.138126,0.0,0.0,0,977
2243,2008-01-01,1996-03-01,142,1996,862311.0,862311.0,5760.098124479628,0.02525363717372236,180,38,Current,Current,none,0,0.0,0.0,0.0,0,34.895084,2.4711532e+06,48.595085,0.0,0.0,0,295
2246,2008-01-01,1998-07-01,114,1998,227650.0,227650.0,993.9334495385035,0.03275479505828113,360,246,Current,Current,none,0,0.0,0.0,0.0,0,35.31797,644572.75,35.61797,0.0,0.0,0,755
2250,2008-01-01,2002-10-01,63,2002,110825.0,110825.0,590.0589795267924,0.04927903875398917,360,297,Current,Current,none,0,0.0,0.0,0.0,0,70.26673,157720.44,71.26673,0.0,0.0,0,627
2253,2008-01-01,2002-10-01,63,2002,367845.0,367845.0,2895.4972712946833,0.04929989871391696,180,117,Current,Current,none,0,0.0,0.0,0.0,0,65.695335,559925.56,67.09534,0.0,0.0,0,124
2254,2008-01-01,1996-01-01,144,1996,809947.0,809947.0,4137.59336623019,0.04569906029628657,360,216,Current,Current,none,0,0.0,0.0,0.0,0,29.224543,2.7714618e+06,29.224543,0.0,0.0,0,133
2258,2008-01-01,2003-09-01,52,2003,195725.0,195725.0,836.2319118777244,0.031042706198185978,360,308,Current,Current,none,0,0.0,0.0,0.0,0,54.725918,357645.9,60.525917,0.0,0.0,0,381
2261,2008-01-01,2002-02-01,71,2002,193329.0,193329.0,810.2129305222855,0.02953215855975362,360,289,Current,Paid off,payoff,0,0.0,0.0,0.0,0,49.274685,392349.56,69.37468,0.0,0.0,0,393
2262,2008-01-01,2006-04-01,21,2006,250157.0,250157.0,1307.7061978882798,0.04768353726616375,360,339,Current,Current,none,0,0.0,0.0,0.0,0,93.500786,267545.34,107.100784,0.0,0.0,0,490
2267,2008-01-01,2003-06-01,55,2003,347516.0,347516.0,1371.7284127184757,0.02492360395136802,360,305,Current,Current,none,0,0.0,0.0,0.0,0,45.79035,758928.44,47.29035,0.0,0.0,0,510
2271,2008-01-01,2005-09-01,28,2005,320067.0,320067.0,1414.9752935234526,0.033748375349350546,360,332,Current,Current,none,0,0.0,0.0,0.0,0,76.30808,419440.47,82.40809,0.0,0.0,0,881
2272,2008-01-01,2007-03-01,10,2007,203048.0,203048.0,1051.6465613132154,0.04688220374537704,360,350,Current,Current,none,0,0.0,0.0,0.0,0,81.78934,248257.31,98.889336,0.0,0.0,0,678
2274,2008-01-01,2004-11-01,38,2004,294877.0,294877.0,1261.7215033486427,0.03115902351206438,360,322,Current,Current,none,0,0.0,0.0,0.0,0,73.465485,401381.7,73.465485,0.0,0.0,0,802
2275,2008-01-01,1997-05-01,128,1997,423126.0,423126.0,3224.5383250930586,0.04442839616843918,180,52,Current,Current,none,0,0.0,0.0,0.0,0,36.558777,1.1573855e+06,42.45878,0.0,0.0,0,659
2278,2008-01-01,1993-08-01,173,1993,128605.0,128605.0,597.0532608249727,0.03770041148128022,360,187,Current,Current,none,0,0.0,0.0,0.0,0,29.183352,440679.34,29.183352,0.0,0.0,0,843
2279,2008-01-01,1999-06-01,103,1999,328219.0,328219.0,1519.2232761832831,0.03745649782954958,360,257,Current,Current,none,0,0.0,0.0,0.0,0,38.528076,851895.6,40.828075,0.0,0.0,0,457
2284,2008-01-01,2005-06-01,31,2005,810383.0,810383.0,3700.9082927738705,0.03636278154135345,360,329,Current,Current,none,0,0.0,0.0,0.0,0,84.76369,956049.7,90.36369,0.0,0.0,0,781
2286,2008-01-01,2005-01-01,36,2005,285346.0,285346.0,1577.582641567798,0.052606991363107494,360,324,Current,Current,none,0,0.0,0.0,0.0,0,89.20239,319886.03,92.70239,0.0,0.0,0,363
2287,2008-01-01,1994-12-01,157,1994,235882.0,235882.0,997.283811955484,0.03021959398930997,360,203,Current,Current,none,0,0.0,0.0,0.0,0,41.425465,569413.0,64.82546,0.0,0.0,0,406
2290,2008-01-01,1994-05-01,164,1994,116579.0,116579.0,962.4065143650802,0.05658905490160796,180,16,Current,Current,none,0,0.0,0.0,0.0,0,39.401207,295876.72,40.201206,0.0,0.0,0,903
2292,2008-01-01,1996-03-01,142,1996,79753.0,79753.0,339.60832481753783,0.030780505079322222,360,218,Current,Current,none,0,0.0,0.0,0.0,0,34.895084,228550.81,36.295086,0.0,0.0,0,560
2294,2008-01-01,1994-05-01,164,1994,196198.0,196198.0,881.2771471817579,0.03502377929354299,360,196,Current,Current,none,0,0.0,0.0,0.0,0,28.98373,676924.56,30.783731,0.0,0.0,0,197
2296,2008-01-01,1996-11-01,134,1996,618243.0,618243.0,3240.7897886397063,0.0479219240665663,360,226,Current,Current,none,0,0.0,0.0,0.0,0,40.44024,1.5287819e+06,46.44024,0.0,0.0,0,872
2298,2008-01-01,2004-09-01,40,2004,101015.0,101015.0,508.1507611872633,0.04438621147512321,360,320,Current,Current,none,0,0.0,0.0,0.0,0,67.908936,148750.67,73.008934,0.0,0.0,0,116
2302,2008-01-01,1993-11-01,170,1993,302381.0,302381.0,1995.9837616344794,0.023572230892551217,180,10,Current,Current,none,0,0.0,0.0,0.0,0,38.656895,782217.56,38.656895,0.0,0.0,0,245
2304,2008-01-01,2001-12-01,73,2001,344966.0,344966.0,2024.0257671078991,0.05799668974732842,360,287,Current,Current,none,0,0.0,0.0,0.0,0,40.024235,861892.8,40.924236,0.0,0.0,0,492
2309,2008-01-01,1993-04-01,177,1993,704111.0,704111.0,2678.2666468816446,0.022132748071997863,360,183,Current,Current,none,0,0.0,0.0,0.0,0,25.093876,2.8059078e+06,25.093876,0.0,0.0,0,656
2313,2008-01-01,2002-08-01,65,2002,431307.0,431307.0,1749.5981488431353,0.027009981792917054,360,295,Current,Current,none,0,0.0,0.0,0.0,0,52.567894,820476.06,52.567894,0.0,0.0,0,919
2318,2008-01-01,2004-07-01,42,2004,175707.0,175707.0,688.2061605713241,0.024336190687457657,360,318,Current,Current,none,0,0.0,0.0,0.0,0,57.168156,307351.2,57.168156,0.0,0.0,0,274
2321,2008-01-01,2004-11-01,38,2004,169114.0,169114.0,752.9064823646472,0.034310821904957274,360,322,Current,Current,none,0,0.0,0.0,0.0,0,66.74496,253373.45,67.844955,0.0,0.0,0,233
2323,2008-01-01,1996-09-01,136,1996,221841.0,221841.0,797.9587395679151,0.018,360,224,Current,Current,none,0,0.0,0.0,0.0,0,25.441628,871960.7,25.541628,0.0,0.0,0,160
2327,2008-01-01,1997-08-01,125,1997,143152.0,143152.0,514.9155903851236,0.018,360,235,Current,Current,none,0,0.0,0.0,0.0,0,34.696884,412578.84,41.196884,0.0,0.0,0,321
2328,2008-01-01,1997-02-01,131,1997,704343.0,704343.0,3368.447168060509,0.040142918006166706,360,229,Current,Current,none,0,0.0,0.0,0.0,0,35.964085,1.9584621e+06,42.764088,0.0,0.0,0,891
2331,2008-01-01,2004-08-01,41,2004,147939.0,147939.0,678.010994339462,0.03664978920674731,360,319,Current,Current,none,0,0.0,0.0,0.0,0,52.866932,279832.78,55.16693,0.0,0.0,0,923
2332,2008-01-01,2005-04-01,33,2005,296912.0,296912.0,1576.0196570879414,0.04901265197840959,360,327,Current,Current,none,0,0.0,0.0,0.0,0,78.97298,375966.6,93.27298,0.0,0.0,0,987
2336,2008-01-01,2007-01-01,12,2007,290527.0,290527.0,1842.930439180077,0.018,180,168,Current,Current,none,0,0.0,0.0,0.0,0,87.36567,332541.38,102.165665,0.0,0.0,0,912
2337,2008-01-01,2007-01-01,12,2007,131004.0,131004.0,632.3704788398139,0.040915931433026076,360,348,Current,Current,none,0,0.0,0.0,0.0,0,68.46136,191354.66,82.26136,0.0,0.0,0,556
2342,2008-01-01,2002-03-01,70,2002,138484.0,138484.0,540.5542491295499,0.024076647325500314,360,290,Current,Current,none,0,0.0,0.0,0.0,0,46.254898,299393.16,46.254898,0.0,0.0,0,270
2343,2008-01-01,2006-11-01,14,2006,301046.0,301046.0,1277.736905640611,0.030523464102918372,360,346,Current,Current,none,0,0.0,0.0,0.0,0,101.75667,295848.9,108.55667,0.0,0.0,0,153
2344,2008-01-01,2006-11-01,14,2006,392451.0,392451.0,2705.897684642718,0.02977223877707008,180,166,Current,Current,none,0,0.0,0.0,0.0,0,59.14338,663558.6,64.14338,0.0,0.0,0,117
2345,2008-01-01,1994-08-01,161,1994,456609.0,456609.0,1839.198562458977,0.02646790807547702,360,199,Current,Current,none,0,0.0,0.0,0.0,0,35.210667,1.2967918e+06,35.410667,0.0,0.0,0,269
2347,2008-01-01,2005-11-01,26,2005,166134.0,166134.0,688.6165270882772,0.028675551272794402,360,334,Current,Current,none,0,0.0,0.0,0.0,0,71.83847,231260.48,87.13847,0.0,0.0,0,311
2349,2008-01-01,1994-10-01,159,1994,68653.0,68653.0,246.9438081669127,0.018,360,201,Current,Current,none,0,0.0,0.0,0.0,0,27.225513,252164.2,27.325514,0.0,0.0,0,465
2351,2008-01-01,2006-06-01,19,2006,172910.0,172910.0,701.6201226089453,0.027033011752396426,360,341,Current,Current,none,0,0.0,0.0,0.0,0,86.29942,200360.55,93.49942,0.0,0.0,0,221
2354,2008-01-01,2006-04-01,21,2006,501142.0,501142.0,2834.6205448823107,0.05465594054198111,360,339,Current,Current,none,0,0.0,0.0,0.0,0,86.30842,580640.94,91.40842,0.0,0.0,0,861
2355,2008-01-01,1999-02-01,107,1999,218434.0,218434.0,805.0608211724577,0.01978799733951484,360,253,Current,Current,none,0,0.0,0.0,0.0,0,30.001263,728082.7,30.001263,0.0,0.0,0,606
2356,2008-01-01,1994-01-01,168,1994,220231.0,220231.0,895.6437025530046,0.027205652693935337,360,192,Current,Current,none,0,0.0,0.0,0.0,0,31.813818,692249.5,32.213818,0.0,0.0,0,623
2362,2008-01-01,2006-06-01,19,2006,548598.0,548598.0,3629.667540682745,0.02390056217626805,180,161,Current,Current,none,0,0.0,0.0,0.0,0,97.84197,560698.0,108.14197,0.0,0.0,0,367
2363,2008-01-01,2002-08-01,65,2002,86430.0,86430.0,347.49766488675056,0.02632738336566381,360,295,Current,Current,none,0,0.0,0.0,0.0,0,54.099,159762.66,55.599,0.0,0.0,0,959
2365,2008-01-01,1994-07-01,162,1994,293710.0,293710.0,1687.904341885005,0.05609592222580635,360,198,Current,Current,none,0,0.0,0.0,0.0,0,29.062231,1.01062444e+06,29.96223,0.0,0.0,0,877
2372,2008-01-01,2007-12-01,1,2007,120262.0,120262.0,813.946618227537,0.027119214535750377,180,179,Current,Current,none,0,0.0,0.0,0.0,0,71.836624,167410.42,79.63663,0.0,0.0,0,203
2373,2008-01-01,2003-07-01,54,2003,123764.0,123764.0,519.5597053499259,0.02966486731356791,360,306,Current,Current,none,0,0.0,0.0,0.0,0,45.17722,273952.25,45.17722,0.0,0.0,0,566
2374,2008-01-01,2007-08-01,5,2007,380735.0,380735.0,1838.5260440774712,0.0409465974665082,360,355,Current,Current,none,0,0.0,0.0,0.0,0,89.44485,425664.53,93.84485,0.0,0.0,0,541
2377,2008-01-01,1993-07-01,174,1993,535417.0,535417.0,2003.6737525810897,0.02091795878447616,360,186,Current,Current,none,0,0.0,0.0,0.0,0,21.351952,2.5075788e+06,21.351952,0.0,0.0,0,109
2380,2008-01-01,2007-12-01,1,2007,200983.0,200983.0,887.4297547599618,0.03365033048527016,360,359,Current,Current,none,0,0.0,0.0,0.0,0,54.916008,365982.53,59.11601,0.0,0.0,0,118
2382,2008-01-01,2003-05-01,56,2003,108440.0,108440.0,404.7223865085059,0.020718422117984064,360,304,Current,Current,none,0,0.0,0.0,0.0,0,52.32685,207235.86,53.526848,0.0,0.0,0,571
2383,2008-01-01,1997-10-01,123,1997,332630.0,332630.0,1999.4048984697301,0.06023928029551437,360,237,Current,Current,none,0,0.0,0.0,0.0,0,32.375977,1.02739756e+06,42.97598,0.0,0.0,0,734
2385,2008-01-01,2007-03-01,10,2007,135539.0,135539.0,627.7040269267013,0.03750023212404282,360,350,Current,Current,none,0,0.0,0.0,0.0,0,96.80534,140011.9,101.40534,0.0,0.0,0,378
2389,2008-01-01,2007-03-01,10,2007,186419.0,186419.0,1187.7290517837603,0.01861015084511093,180,170,Current,Current,none,0,0.0,0.0,0.0,0,65.70836,283706.7,73.80836,0.0,0.0,0,973
2392,2008-01-01,1996-02-01,143,1996,426263.0,426263.0,1573.4442252913982,0.019901123274770095,360,217,Current,Current,none,0,0.0,0.0,0.0,0,41.204807,1.03449825e+06,41.904804,0.0,0.0,0,550
2394,2008-01-01,1993-11-01,170,1993,229381.0,229381.0,1043.8840863047033,0.03607865200662943,360,190,Current,Current,none,0,0.0,0.0,0.0,0,34.9557,656204.8,34.9557,0.0,0.0,0,522
2397,2008-01-01,2002-06-01,67,2002,347651.0,347651.0,2549.3183193649384,0.03872164391846644,180,113,Current,Current,none,0,0.0,0.0,0.0,0,50.842594,683779.06,56.842594,0.0,0.0,0,671
2398,2008-01-01,1999-01-01,108,1999,182006.0,182006.0,861.245326448131,0.039266473047655806,360,252,Current,Current,none,0,0.0,0.0,0.0,0,37.719055,482530.66,44.919052,0.0,0.0,0,131
2403,2008-01-01,1998-11-01,110,1998,117055.0,117055.0,535.613451848735,0.03652032899190172,360,250,Current,Current,none,0,0.0,0.0,0.0,0,32.173077,363829.03,32.57308,0.0,0.0,0,949
2407,2008-01-01,2005-05-01,32,2005,201920.0,201920.0,1045.4877530621397,0.04685610121682695,360,328,Current,Current,none,0,0.0,0.0,0.0,0,65.60795,307767.6,69.60795,0.0,0.0,0,708
2409,2008-01-01,2007-04-01,9,2007,199878.0,199878.0,1522.270360043995,0.04433514366001942,180,171,Current,Current,none,0,0.0,0.0,0.0,0,103.05356,193955.45,109.35355,0.0,0.0,0,849
2411,2008-01-01,2001-01-01,84,2001,141664.0,141664.0,541.0034551781368,0.0224305517778454,360,276,Current,Current,none,0,0.0,0.0,0.0,0,43.66659,324421.94,46.866592,0.0,0.0,0,670
2412,2008-01-01,2001-11-01,74,2001,151899.0,151899.0,619.3250467075105,0.02740187355424244,360,286,Current,Current,none,0,0.0,0.0,0.0,0,53.01759,286506.8,57.81759,0.0,0.0,0,295
2418,2008-01-01,2003-09-01,52,2003,261220.0,261220.0,1884.4801095915764,0.036326605585624075,180,128,Current,Current,none,0,0.0,0.0,0.0,0,34.213715,763495.0,36.313713,0.0,0.0,0,353
2422,2008-01-01,2000-01-01,96,2000,917939.0,917939.0,4112.568114885082,0.03481666865393383,360,264,Current,Current,none,0,0.0,0.0,0.0,0,34.662956,2.6481842e+06,36.562958,0.0,0.0,0,513
2423,2008-01-01,2005-12-01,25,2005,348822.0,348822.0,1798.1259160453642,0.04647470881267488,360,335,Current,Current,none,0,0.0,0.0,0.0,0,79.3812,439426.44,84.8812,0.0,0.0,0,995
2424,2008-01-01,2006-07-01,18,2006,91681.0,91681.0,406.2771977680669,0.03393884223386967,360,342,Current,Current,none,0,0.0,0.0,0.0,0,95.17605,96327.805,104.876045,0.0,0.0,0,932
2427,2008-01-01,1997-02-01,131,1997,507346.0,507346.0,2225.1609978034044,0.033114938600169896,360,229,Current,Current,none,0,0.0,0.0,0.0,0,31.028797,1.6350811e+06,33.028797,0.0,0.0,0,510
2428,2008-01-01,2004-08-01,41,2004,219235.0,219235.0,944.1241685161021,0.031666482666769,360,319,Current,Current,none,0,0.0,0.0,0.0,0,58.980793,371705.75,63.880795,0.0,0.0,0,942
2429,2008-01-01,2001-02-01,83,2001,209428.0,209428.0,1013.9347743404251,0.041163068123232914,360,277,Current,Current,none,0,0.0,0.0,0.0,0,46.785866,447630.9,48.185867,0.0,0.0,0,906
2432,2008-01-01,1998-06-01,115,1998,327297.0,327297.0,1241.8142713383004,0.021943747616596943,360,245,Current,Current,none,0,0.0,0.0,0.0,0,47.870678,683710.8,50.07068,0.0,0.0,0,198
2437,2008-01-01,2002-01-01,72,2002,233963.0,233963.0,1248.2970109925343,0.04946301907362831,360,288,Current,Current,none,0,0.0,0.0,0.0,0,59.757538,391520.47,89.15754,0.0,0.0,0,225
2441,2008-01-01,2000-05-01,92,2000,268032.0,268032.0,1700.2355425633912,0.018,180,88,Current,Current,none,0,0.0,0.0,0.0,0,46.00824,582573.9,46.108242,0.0,0.0,0,139
2442,2008-01-01,2005-02-01,35,2005,545411.0,545411.0,4083.0925751314676,0.041777457238710035,180,145,Current,Current,none,0,0.0,0.0,0.0,0,84.14466,648182.5,88.344666,0.0,0.0,0,442
2443,2008-01-01,2002-07-01,66,2002,196808.0,196808.0,1025.30031071574,0.04738671999112547,360,294,Current,Current,none,0,0.0,0.0,0.0,0,64.27473,306198.12,64.374725,0.0,0.0,0,543
2445,2008-01-01,1998-06-01,115,1998,482598.0,482598.0,3450.1027161929037,0.0350039608191986,180,65,Current,Current,none,0,0.0,0.0,0.0,0,41.280552,1.1690686e+06,41.980553,0.0,0.0,0,527
2448,2008-01-01,2004-04-01,45,2004,279064.0,279064.0,1152.1306522918203,0.02836836026950005,360,315,Current,Current,none,0,0.0,0.0,0.0,0,61.18034,456133.44,61.98034,0.0,0.0,0,654
2453,2008-01-01,1994-12-01,157,1994,316278.0,316278.0,2006.2794626420136,0.018,180,23,Current,Current,none,0,0.0,0.0,0.0,0,36.41696,868490.9,38.41696,0.0,0.0,0,703
2454,2008-01-01,2004-02-01,47,2004,626980.0,626980.0,2255.237627554381,0.018,360,313,Current,Current,none,0,0.0,0.0,0.0,0,60.1898,1.04167156e+06,63.2898,0.0,0.0,0,735
2460,2008-01-01,2002-09-01,64,2002,162127.0,162127.0,599.5093600564575,0.020031620882974104,360,296,Current,Current,none,0,0.0,0.0,0.0,0,43.28021,374598.47,47.580208,0.0,0.0,0,807
2462,2008-01-01,1996-10-01,135,1996,295850.0,295850.0,1152.8533032603145,0.023948354661780167,360,225,Current,Current,none,0,0.0,0.0,0.0,0,32.263134,916990.9,45.663136,0.0,0.0,0,858
2469,2008-01-01,2007-02-01,11,2007,388731.0,388731.0,1967.7259121361153,0.044916985723042875,360,349,Current,Current,none,0,0.0,0.0,0.0,0,49.38313,787173.7,53.38313,0.0,0.0,0,168
2470,2008-01-01,2002-09-01,64,2002,665822.0,665822.0,2510.149359449421,0.021467299423652022,360,296,Current,Current,none,0,0.0,0.0,0.0,0,44.894047,1.4830964e+06,45.394047,0.0,0.0,0,932
2472,2008-01-01,1993-07-01,174,1993,329734.0,329734.0,2235.4582283949358,0.027360507662769328,180,6,Current,Current,none,0,0.0,0.0,0.0,0,24.766443,1.3313741e+06,25.066442,0.0,0.0,0,194
2483,2008-01-01,2007-10-01,3,2007,103471.0,103471.0,411.21803353630264,0.02544213118463043,360,357,Current,Current,none,0,0.0,0.0,0.0,0,90.592964,114215.27,94.69296,0.0,0.0,0,685
2485,2008-01-01,2007-05-01,8,2007,214794.0,214794.0,1221.4123735639919,0.05513616558829177,360,352,Current,Current,none,0,0.0,0.0,0.0,0,70.70047,303808.47,76.40047,0.0,0.0,0,433
2493,2008-01-01,2005-04-01,33,2005,85091.0,85091.0,328.47136040710615,0.023238503072362922,360,327,Current,Current,none,0,0.0,0.0,0.0,0,67.94214,125240.39,70.54214,0.0,0.0,0,887
2495,2008-01-01,1994-04-01,165,1994,269096.0,269096.0,1481.551097979151,0.05223540634847318,360,195,Current,Current,none,0,0.0,0.0,0.0,0,41.770676,644222.3,42.170673,0.0,0.0,0,472
2501,2008-01-01,2006-08-01,17,2006,136219.0,136219.0,493.602561646422,0.018539649529819742,360,343,Current,Current,none,0,0.0,0.0,0.0,0,87.52604,155632.55,95.22604,0.0,0.0,0,722
2507,2008-01-01,2005-09-01,28,2005,234551.0,234551.0,1037.0733674751395,0.03376018849133702,360,332,Current,Current,none,0,0.0,0.0,0.0,0,88.97419,263616.9,93.57419,0.0,0.0,0,605
2509,2008-01-01,1995-10-01,147,1995,479810.0,479810.0,1725.8693516170651,0.018,360,213,Current,Current,none,0,0.0,0.0,0.0,0,41.27479,1.1624771e+06,44.374794,0.0,0.0,0,861
2513,2008-01-01,2003-11-01,50,2003,137461.0,137461.0,631.6398223911049,0.036862344647017764,360,310,Current,Current,none,0,0.0,0.0,0.0,0,63.18754,217544.47,63.88754,0.0,0.0,0,360
2514,2008-01-01,2008-01-01,0,2008,220589.0,220589.0,1052.4566374484198,0.0399473864709982,360,360,Current,Current,none,0,0.0,0.0,0.0,0,79.4,277819.9,85.4,0.0,0.0,0,100
2516,2008-01-01,2007-06-01,7,2007,476168.0,476168.0,3297.835688511336,0.030414765039959275,180,173,Current,Current,none,0,0.0,0.0,0.0,0,52.208782,912045.8,56.908783,0.0,0.0,0,916
2521,2008-01-01,2006-03-01,22,2006,248585.0,248585.0,1149.7578248140237,0.03739517897356076,360,338,Current,Current,none,0,0.0,0.0,0.0,0,95.82049,259427.83,103.520485,0.0,0.0,0,557
2523,2008-01-01,2007-08-01,5,2007,822269.0,822269.0,3154.24914027258,0.022765773748281235,360,355,Current,Current,none,0,0.0,0.0,0.0,0,77.01317,1.0676991e+06,89.91317,0.0,0.0,0,688
2525,2008-01-01,1994-06-01,163,1994,257037.0,257037.0,1101.206825899206,0.03125882440111976,360,197,Current,Current,none,0,0.0,0.0,0.0,0,35.49966,724054.8,36.399662,0.0,0.0,0,441
2530,2008-01-01,1997-04-01,129,1997,860729.0,860729.0,5922.601661892132,0.029481638131436328,180,51,Current,Current,none,0,0.0,0.0,0.0,0,43.224583,1.9912951e+06,45.524582,0.0,0.0,0,915
2532,2008-01-01,2003-08-01,53,2003,800938.0,800938.0,3326.0744917831034,0.028821060130291894,360,307,Current,Current,none,0,0.0,0.0,0.0,0,40.850857,1.9606395e+06,47.850857,0.0,0.0,0,115
2533,2008-01-01,2003-07-01,54,2003,398496.0,398496.0,1465.503350254908,0.019627321314961945,360,306,Current,Current,none,0,0.0,0.0,0.0,0,56.983112,699323.0,60.58311,0.0,0.0,0,397
2535,2008-01-01,2000-08-01,89,2000,372966.0,372966.0,1368.1867965692707,0.019442846199202224,360,271,Current,Current,none,0,0.0,0.0,0.0,0,56.849293,656060.94,66.04929,0.0,0.0,0,431
2537,2008-01-01,1993-05-01,176,1993,436742.0,436742.0,3133.5800527852557,0.03553038377248557,180,4,Current,Current,none,0,0.0,0.0,0.0,0,23.953932,1.8232581e+06,23.953932,0.0,0.0,0,635
2543,2008-01-01,2006-08-01,17,2006,260198.0,260198.0,1189.0057298210165,0.03641170026001888,360,343,Current,Current,none,0,0.0,0.0,0.0,0,60.039413,433378.66,65.03941,0.0,0.0,0,135
2545,2008-01-01,2002-09-01,64,2002,130029.0,130029.0,539.1970899392215,0.028709211726970937,360,296,Current,Current,none,0,0.0,0.0,0.0,0,60.959072,213305.4,60.959072,0.0,0.0,0,176
2546,2008-01-01,2003-06-01,55,2003,575134.0,575134.0,2068.7483455387114,0.018,360,305,Current,Current,none,0,0.0,0.0,0.0,0,57.783062,995333.2,60.08306,0.0,0.0,0,495
2551,2008-01-01,2002-06-01,67,2002,126919.0,126919.0,530.1351953570511,0.029273448980349608,360,293,Current,Current,none,0,0.0,0.0,0.0,0,51.84371,244810.78,63.543713,0.0,0.0,0,439
2554,2008-01-01,1998-04-01,117,1998,181463.0,181463.0,652.7196810247545,0.018,360,243,Current,Current,none,0,0.0,0.0,0.0,0,32.35331,560879.25,46.55331,0.0,0.0,0,379
2564,2008-01-01,2002-04-01,69,2002,464257.0,464257.0,1819.539064278169,0.024383866830187482,360,291,Current,Current,none,0,0.0,0.0,0.0,0,50.658737,916440.1,51.958736,0.0,0.0,0,764
2566,2008-01-01,2005-04-01,33,2005,293625.0,293625.0,2032.7949317927926,0.030359072642327033,180,147,Current,Current,none,0,0.0,0.0,0.0,0,86.880035,337966.03,90.480034,0.0,0.0,0,942
2568,2008-01-01,2005-02-01,35,2005,125346.0,125346.0,626.3417094479333,0.043818645051226436,360,325,Current,Current,none,0,0.0,0.0,0.0,0,80.92653,154888.62,83.526535,0.0,0.0,0,582
2576,2008-01-01,1999-03-01,106,1999,163553.0,163553.0,699.7306919811585,0.031149928592276284,360,254,Current,Current,none,0,0.0,0.0,0.0,0,32.94046,496511.0,37.54046,0.0,0.0,0,227
2577,2008-01-01,1999-03-01,106,1999,149574.0,149574.0,650.4393004058526,0.032437105502441714,360,254,Current,Current,none,0,0.0,0.0,0.0,0,31.90081,468872.1,32.10081,0.0,0.0,0,284
2579,2008-01-01,2000-09-01,88,2000,218370.0,218370.0,934.3765696294917,0.031160175935159434,360,272,Current,Current,none,0,0.0,0.0,0.0,0,41.645878,524349.56,43.84588,0.0,0.0,0,466
2585,2008-01-01,2007-12-01,1,2007,226308.0,226308.0,860.0420639765911,0.02206509902192984,360,359,Current,Current,none,0,0.0,0.0,0.0,0,69.3036,326545.8,73.8036,0.0,0.0,0,425
2590,2008-01-01,1997-04-01,129,1997,239070.0,239070.0,1835.2670164080366,0.04552307678923191,180,51,Current,Current,none,0,0.0,0.0,0.0,0,38.887337,614775.94,39.387337,0.0,0.0,0,270
2593,2008-01-01,2003-12-01,49,2003,266962.0,266962.0,1039.9375491936094,0.02392319070347104,360,311,Current,Current,none,0,0.0,0.0,0.0,0,62.11094,429814.78,70.310936,0.0,0.0,0,276
2596,2008-01-01,2006-06-01,19,2006,112963.0,112963.0,533.275141714368,0.03907177172942389,360,341,Current,Current,none,0,0.0,0.0,0.0,0,71.520645,157944.61,77.62064,0.0,0.0,0,103
2599,2008-01-01,2000-10-01,87,2000,572514.0,572514.0,2292.1686206580857,0.02600559246687817,360,273,Current,Current,none,0,0.0,0.0,0.0,0,38.85337,1.4735246e+06,44.253372,0.0,0.0,0,197
2609,2008-01-01,2006-02-01,23,2006,283325.0,283325.0,1987.570198007498,0.032262697107656106,180,157,Current,Current,none,0,0.0,0.0,0.0,0,94.10415,301076.0,100.90415,0.0,0.0,0,839
2611,2008-01-01,2005-02-01,35,2005,364677.0,364677.0,1705.262652726442,0.0382898766031855,360,325,Current,Current,none,0,0.0,0.0,0.0,0,87.45744,416976.5,100.25745,0.0,0.0,0,862
2613,2008-01-01,2008-01-01,0,2008,324656.0,324656.0,1670.4256794846558,0.046313852157252686,360,360,Current,Current,none,0,0.0,0.0,0.0,0,72.9,445344.3,74.2,0.0,0.0,0,709
2615,2008-01-01,2005-04-01,33,2005,544231.0,544231.0,3939.8393765818323,0.036835006084221675,180,147,Current,Current,none,0,0.0,0.0,0.0,0,76.14205,714757.44,82.442055,0.0,0.0,0,630
2617,2008-01-01,2000-10-01,87,2000,406531.0,406531.0,1592.027507647043,0.02432353529543862,360,273,Current,Current,none,0,0.0,0.0,0.0,0,48.362057,840599.06,59.462055,0.0,0.0,0,321
2620,2008-01-01,1995-01-01,156,1995,292123.0,292123.0,1246.3052746763803,0.030930160369714212,360,204,Current,Current,none,0,0.0,0.0,0.0,0,21.330786,1.3694901e+06,21.430786,0.0,0.0,0,546
2621,2008-01-01,1994-07-01,162,1994,120153.0,120153.0,432.1885333878936,0.018,360,198,Current,Current,none,0,0.0,0.0,0.0,0,42.072376,285586.44,45.872375,0.0,0.0,0,895
2624,2008-01-01,2000-11-01,86,2000,258712.0,258712.0,1050.3356140845096,0.02707365422175723,360,274,Current,Current,none,0,0.0,0.0,0.0,0,48.868004,529409.8,49.268,0.0,0.0,0,235
2626,2008-01-01,2006-02-01,23,2006,279399.0,279399.0,1295.0777348200418,0.03757172506699616,360,337,Current,Current,none,0,0.0,0.0,0.0,0,100.15143,278976.56,109.75143,0.0,0.0,0,548
2627,2008-01-01,1995-05-01,152,1995,140038.0,140038.0,619.5906328162828,0.03381293324380274,360,208,Current,Current,none,0,0.0,0.0,0.0,0,31.83756,439851.53,31.83756,0.0,0.0,0,888
2628,2008-01-01,2000-01-01,96,2000,185402.0,185402.0,1088.8953256158763,0.05808836054356536,360,264,Current,Current,none,0,0.0,0.0,0.0,0,45.126144,410852.75,45.926144,0.0,0.0,0,456
2630,2008-01-01,2004-12-01,37,2004,232480.0,232480.0,1689.0644002354115,0.03736276838736465,180,143,Current,Current,none,0,0.0,0.0,0.0,0,52.49551,442856.9,55.29551,0.0,0.0,0,785
2634,2008-01-01,1995-08-01,149,1995,347219.0,347219.0,1449.256278894804,0.02921640280601772,360,211,Current,Current,none,0,0.0,0.0,0.0,0,25.53537,1.359757e+06,25.63537,0.0,0.0,0,512
2636,2008-01-01,2003-05-01,56,2003,715848.0,715848.0,3317.0491570206173,0.0375454256710705,360,304,Current,Current,none,0,0.0,0.0,0.0,0,59.26266,1.2079241e+06,60.862663,0.0,0.0,0,549
2639,2008-01-01,2005-07-01,30,2005,635852.0,635852.0,2644.669006157105,0.028943080382814432,360,330,Current,Current,none,0,0.0,0.0,0.0,0,87.82497,723999.1,91.52496,0.0,0.0,0,929
2640,2008-01-01,2006-06-01,19,2006,502250.0,502250.0,1806.5856940240324,0.018,360,341,Current,Current,none,0,0.0,0.0,0.0,0,91.58526,548396.1,96.98526,0.0,0.0,0,369
2641,2008-01-01,1996-10-01,135,1996,150655.0,150655.0,620.1152490385971,0.028135057446331088,360,225,Current,Current,none,0,0.0,0.0,0.0,0,39.302364,383323.0,39.302364,0.0,0.0,0,488
2644,2008-01-01,2002-01-01,72,2002,94576.0,94576.0,683.2835542597514,0.03654026480610949,180,108,Current,Current,none,0,0.0,0.0,0.0,0,41.65332,227055.14,41.65332,0.0,0.0,0,195
2648,2008-01-01,2000-10-01,87,2000,361545.0,361545.0,2521.0375879165153,0.031391909127672306,180,93,Current,Current,none,0,0.0,0.0,0.0,0,50.377144,717676.7,50.377144,0.0,0.0,0,126
2649,2008-01-01,2005-07-01,30,2005,114532.0,114532.0,546.3179872620876,0.03992800061042099,360,330,Current,Current,none,0,0.0,0.0,0.0,0,75.10408,152497.7,77.60408,0.0,0.0,0,502
2650,2008-01-01,2006-03-01,22,2006,451541.0,451541.0,1949.3159895759823,0.031860269736755445,360,338,Current,Current,none,0,0.0,0.0,0.0,0,100.73436,448249.25,106.63435,0.0,0.0,0,680
2655,2008-01-01,1997-08-01,125,1997,359677.0,359677.0,1334.2285324775949,0.02026615762711266,360,235,Current,Current,none,0,0.0,0.0,0.0,0,30.466784,1.1805545e+06,33.166782,0.0,0.0,0,220
2657,2008-01-01,1993-07-01,174,1993,121954.0,121954.0,527.888997075616,0.032071697550973194,360,186,Current,Current,none,0,0.0,0.0,0.0,0,32.005165,381044.75,38.005165,0.0,0.0,0,183
2658,2008-01-01,2001-09-01,76,2001,181085.0,181085.0,774.826423991237,0.03115890399918988,360,284,Current,Paid off,payoff,0,0.0,0.0,0.0,0,57.84184,313069.22,73.04184,0.0,0.0,0,393
2663,2008-01-01,2002-11-01,62,2002,139292.0,139292.0,582.244030432456,0.0293306188555196,360,298,Current,Current,none,0,0.0,0.0,0.0,0,53.818295,258819.05,72.21829,0.0,0.0,0,786
2667,2008-01-01,1997-02-01,131,1997,332052.0,332052.0,1813.2318057708162,0.05150688234419725,360,229,Current,Current,none,0,0.0,0.0,0.0,0,25.018496,1.3272261e+06,25.718494,0.0,0.0,0,833
2669,2008-01-01,1996-10-01,135,1996,449363.0,449363.0,2242.246140982538,0.043698790655608236,360,225,Current,Current,none,0,0.0,0.0,0.0,0,42.626446,1.0541884e+06,43.326443,0.0,0.0,0,172
2671,2008-01-01,2002-08-01,65,2002,551703.0,551703.0,2369.350641350759,0.031449422043848686,360,295,Current,Current,none,0,0.0,0.0,0.0,0,57.379936,961491.2,64.979935,0.0,0.0,0,596
2672,2008-01-01,2001-09-01,76,2001,327907.0,327907.0,1447.2120421467644,0.03361482819034005,360,284,Current,Current,none,0,0.0,0.0,0.0,0,54.399677,602773.8,55.499676,0.0,0.0,0,231
2674,2008-01-01,1999-10-01,99,1999,201642.0,201642.0,969.3645672118669,0.04057487245737443,360,261,Current,Current,none,0,0.0,0.0,0.0,0,42.172268,478138.84,42.57227,0.0,0.0,0,431
2678,2008-01-01,1997-04-01,129,1997,927245.0,927245.0,3639.903911014251,0.024504668994941206,360,231,Current,Current,none,0,0.0,0.0,0.0,0,36.81729,2.5185042e+06,52.31729,0.0,0.0,0,350
2680,2008-01-01,2001-07-01,78,2001,254494.0,254494.0,1589.2439935294892,0.06384205311666172,360,282,Current,Current,none,0,0.0,0.0,0.0,0,53.41626,476435.47,53.41626,0.0,0.0,0,938
2681,2008-01-01,1999-09-01,100,1999,424216.0,424216.0,1746.1250030916344,0.028134955079056785,360,260,Current,Current,none,0,0.0,0.0,0.0,0,43.94353,965366.2,50.543533,0.0,0.0,0,402
2683,2008-01-01,2006-02-01,23,2006,280314.0,280314.0,1081.192683150683,0.0231769020523927,360,337,Current,Current,none,0,0.0,0.0,0.0,0,85.51064,327811.8,93.61065,0.0,0.0,0,227
2685,2008-01-01,1993-06-01,175,1993,211250.0,211250.0,1439.1364000885053,0.028051277371359193,180,5,Current,Current,none,0,0.0,0.0,0.0,0,20.525818,1.0291916e+06,21.325817,0.0,0.0,0,992
2695,2008-01-01,1997-11-01,122,1997,499223.0,499223.0,3768.8710923515728,0.04302680785139426,180,58,Current,Current,none,0,0.0,0.0,0.0,0,22.180094,2.2507705e+06,22.480093,0.0,0.0,0,200
2702,2008-01-01,2001-07-01,78,2001,183923.0,183923.0,712.7496443699789,0.023531070251943703,360,282,Current,Current,none,0,0.0,0.0,0.0,0,33.25162,553124.9,34.35162,0.0,0.0,0,924
2705,2008-01-01,1994-09-01,160,1994,333891.0,333891.0,2229.499688022177,0.025200358886520186,180,20,Current,Current,none,0,0.0,0.0,0.0,0,33.38927,999994.9,36.18927,0.0,0.0,0,928
2710,2008-01-01,2002-05-01,68,2002,321497.0,321497.0,1358.4948853554333,0.030175825655255832,360,292,Current,Current,none,0,0.0,0.0,0.0,0,49.705833,646799.3,50.005833,0.0,0.0,0,481
2716,2008-01-01,2006-10-01,15,2006,256622.0,256622.0,1652.4458814117186,0.02008976887271017,180,165,Current,Current,none,0,0.0,0.0,0.0,0,65.94992,389116.47,71.649925,0.0,0.0,0,716
2725,2008-01-01,2006-06-01,19,2006,277549.0,277549.0,1023.6236207744172,0.019837672811620185,360,341,Current,Current,none,0,0.0,0.0,0.0,0,96.223854,288440.94,102.02386,0.0,0.0,0,252
2730,2008-01-01,2005-02-01,35,2005,381576.0,381576.0,1698.1811099321637,0.034281578297513576,360,325,Current,Current,none,0,0.0,0.0,0.0,0,76.099335,501418.3,78.69933,0.0,0.0,0,741
2735,2008-01-01,2003-10-01,51,2003,362700.0,362700.0,1523.5191844540373,0.0297114488825886,360,309,Current,Current,none,0,0.0,0.0,0.0,0,48.068516,754547.94,48.168518,0.0,0.0,0,660
2736,2008-01-01,1993-03-01,178,1993,288543.0,288543.0,1365.1531928524737,0.03925312093250994,360,182,Current,Current,none,0,0.0,0.0,0.0,0,26.788795,1.0771032e+06,26.988796,0.0,0.0,0,352
2737,2008-01-01,1997-07-01,126,1997,663438.0,663438.0,2952.86530247326,0.03428901953123038,360,234,Current,Paid off,payoff,0,0.0,0.0,0.0,0,33.51831,1.97933e+06,40.01831,0.0,0.0,0,214
2742,2008-01-01,2006-06-01,19,2006,424967.0,424967.0,2751.769534060241,0.020870622137872507,180,161,Current,Current,none,0,0.0,0.0,0.0,0,73.57026,577634.25,78.57026,0.0,0.0,0,623
2743,2008-01-01,2004-10-01,39,2004,234718.0,234718.0,1083.764762001078,0.037255724122580686,360,321,Current,Current,none,0,0.0,0.0,0.0,0,58.745594,399549.97,66.64559,0.0,0.0,0,348
2744,2008-01-01,2005-02-01,35,2005,131176.0,131176.0,903.3632011382819,0.029601148775970202,180,145,Current,Current,none,0,0.0,0.0,0.0,0,82.06235,159849.2,84.56235,0.0,0.0,0,921
2749,2008-01-01,1998-01-01,120,1998,303066.0,303066.0,1196.0410936572266,0.02490883397966544,360,240,Current,Current,none,0,0.0,0.0,0.0,0,33.066845,916525.3,48.366844,0.0,0.0,0,587
2760,2008-01-01,2002-11-01,62,2002,225202.0,225202.0,1167.5505745550201,0.04696807115773918,360,298,Current,Current,none,0,0.0,0.0,0.0,0,46.785645,481348.5,47.085644,0.0,0.0,0,244
2764,2008-01-01,1999-03-01,106,1999,209336.0,209336.0,1066.3375440021814,0.04545466869088022,360,254,Current,Current,none,0,0.0,0.0,0.0,0,46.838924,446927.4,50.038925,0.0,0.0,0,490
2769,2008-01-01,2005-06-01,31,2005,1254885.0,1.254885e+06,5496.49126903365,0.03300950558131638,360,329,Current,Current,none,0,0.0,0.0,0.0,0,71.49108,1.7553028e+06,73.99108,0.0,0.0,0,216
2771,2008-01-01,1995-10-01,147,1995,449950.0,449950.0,1618.4633808384538,0.018,360,213,Current,Current,none,0,0.0,0.0,0.0,0,27.850931,1.6155654e+06,28.25093,0.0,0.0,0,992
2772,2008-01-01,2005-06-01,31,2005,487223.0,487223.0,2247.5769025763325,0.03718032918548139,360,329,Current,Current,none,0,0.0,0.0,0.0,0,77.222435,630934.5,80.222435,0.0,0.0,0,779
2776,2008-01-01,2004-05-01,44,2004,88757.0,88757.0,327.3235598797988,0.019833255069526656,360,316,Current,Current,none,0,0.0,0.0,0.0,0,50.2034,176794.81,54.0034,0.0,0.0,0,778
2777,2008-01-01,1994-02-01,167,1994,191329.0,191329.0,688.2075345981566,0.018,360,193,Current,Current,none,0,0.0,0.0,0.0,0,34.467613,555097.9,34.667614,0.0,0.0,0,179
2779,2008-01-01,2006-01-01,24,2006,396550.0,396550.0,2760.6231153044014,0.03115707678779117,180,156,Current,Current,none,0,0.0,0.0,0.0,0,82.1292,482836.78,97.8292,0.0,0.0,0,525
2783,2008-01-01,2006-10-01,15,2006,548249.0,548249.0,2694.9023059436477,0.042432899368723166,360,345,Current,Current,none,0,0.0,0.0,0.0,0,100.48487,545603.5,105.58488,0.0,0.0,0,626
2785,2008-01-01,1996-07-01,138,1996,73418.0,73418.0,264.0834414810481,0.018,360,222,Current,Current,none,0,0.0,0.0,0.0,0,38.228455,192050.66,38.228455,0.0,0.0,0,702
2787,2008-01-01,1999-02-01,107,1999,232710.0,232710.0,855.3505757505019,0.01958762579579428,360,253,Current,Current,none,0,0.0,0.0,0.0,0,37.01243,628734.75,37.01243,0.0,0.0,0,903
2793,2008-01-01,1996-01-01,144,1996,275496.0,275496.0,1360.0131071472174,0.042793533281776715,360,216,Current,Current,none,0,0.0,0.0,0.0,0,32.461136,848694.9,38.56114,0.0,0.0,0,431
2794,2008-01-01,2004-09-01,40,2004,176587.0,176587.0,792.3372012816691,0.03493735879897908,360,320,Current,Current,none,0,0.0,0.0,0.0,0,87.58349,201621.34,100.98349,0.0,0.0,0,335
2796,2008-01-01,2004-08-01,41,2004,311272.0,311272.0,1402.9498357163884,0.035298942836515364,360,319,Current,Current,none,0,0.0,0.0,0.0,0,78.67103,395662.8,79.37103,0.0,0.0,0,519
2797,2008-01-01,2005-12-01,25,2005,457347.0,457347.0,1650.2163330249753,0.018228475211002196,360,335,Current,Current,none,0,0.0,0.0,0.0,0,81.697365,559806.3,90.99737,0.0,0.0,0,864
2801,2008-01-01,1997-12-01,121,1997,375841.0,375841.0,1351.8944227529844,0.018,360,239,Current,Current,none,0,0.0,0.0,0.0,0,31.576292,1.1902632e+06,37.57629,0.0,0.0,0,934
2803,2008-01-01,1993-08-01,173,1993,215372.0,215372.0,818.2536380627394,0.02204425620378789,360,187,Current,Current,none,0,0.0,0.0,0.0,0,24.981678,862119.8,25.28168,0.0,0.0,0,645
2810,2008-01-01,2003-01-01,60,2003,76145.0,76145.0,273.8924194553707,0.018,360,300,Current,Current,none,0,0.0,0.0,0.0,0,50.963898,149409.69,54.3639,0.0,0.0,0,877
2815,2008-01-01,2002-12-01,61,2002,254915.0,254915.0,1433.0960746205076,0.05410491254100573,360,299,Current,Current,none,0,0.0,0.0,0.0,0,52.250378,487872.06,54.95038,0.0,0.0,0,167
2819,2008-01-01,2001-01-01,84,2001,494619.0,494619.0,2203.8528903089395,0.03437546829559687,360,276,Current,Current,none,0,0.0,0.0,0.0,0,50.561317,978255.75,50.561317,0.0,0.0,0,303
2820,2008-01-01,2000-02-01,95,2000,211250.0,211250.0,1671.8946309741484,0.050122022139428485,180,85,Current,Current,none,0,0.0,0.0,0.0,0,34.214222,617433.3,34.614223,0.0,0.0,0,973
2821,2008-01-01,2000-03-01,94,2000,308283.0,308283.0,1163.702216940706,0.02156183998916376,360,266,Current,Current,none,0,0.0,0.0,0.0,0,38.01802,810886.56,39.81802,0.0,0.0,0,602
2822,2008-01-01,2003-04-01,57,2003,109177.0,109177.0,424.2022273654923,0.02372917741321405,360,303,Current,Current,none,0,0.0,0.0,0.0,0,54.917908,198800.36,54.917908,0.0,0.0,0,507
2826,2008-01-01,1998-09-01,112,1998,536231.0,536231.0,2107.7257062538033,0.024603597390907863,360,248,Current,Current,none,0,0.0,0.0,0.0,0,45.640095,1.1749121e+06,53.840096,0.0,0.0,0,768
2827,2008-01-01,2007-07-01,6,2007,364204.0,364204.0,1667.879149634468,0.03658730630908494,360,354,Current,Current,none,0,0.0,0.0,0.0,0,60.72705,599739.3,65.62705,0.0,0.0,0,778
2828,2008-01-01,2004-09-01,40,2004,236957.0,236957.0,1578.28281198328,0.024845670376510254,180,140,Current,Current,none,0,0.0,0.0,0.0,0,52.858356,448286.72,55.858356,0.0,0.0,0,664
2829,2008-01-01,2005-04-01,33,2005,461380.0,461380.0,2350.143578780418,0.045451686399906946,360,327,Current,Current,none,0,0.0,0.0,0.0,0,65.501686,704378.75,76.80169,0.0,0.0,0,700
2830,2008-01-01,1995-02-01,155,1995,498959.0,498959.0,1794.7480165346683,0.018,360,205,Current,Current,none,0,0.0,0.0,0.0,0,35.021427,1.4247249e+06,35.021427,0.0,0.0,0,665
2832,2008-01-01,2002-06-01,67,2002,589936.0,589936.0,4922.184348633478,0.05823649768105128,180,113,Current,Current,none,0,0.0,0.0,0.0,0,53.4169,1.1043995e+06,58.1169,0.0,0.0,0,177
2836,2008-01-01,1997-10-01,123,1997,394576.0,394576.0,1757.4588269147234,0.03434643652687239,360,237,Current,Current,none,0,0.0,0.0,0.0,0,41.164463,958535.5,41.164463,0.0,0.0,0,361
2840,2008-01-01,2007-03-01,10,2007,152220.0,152220.0,655.5447810941993,0.031668557923003555,360,350,Current,Current,none,0,0.0,0.0,0.0,0,83.28028,182780.36,99.580284,0.0,0.0,0,187
2843,2008-01-01,1999-11-01,98,1999,238690.0,238690.0,936.2809372056239,0.024448232587769875,360,262,Current,Current,none,0,0.0,0.0,0.0,0,31.933174,747467.2,34.233173,0.0,0.0,0,504
2849,2008-01-01,2002-04-01,69,2002,373964.0,373964.0,1934.5684534272605,0.046779628656434605,360,291,Current,Current,none,0,0.0,0.0,0.0,0,62.225933,600977.75,62.225933,0.0,0.0,0,656
2860,2008-01-01,2003-08-01,53,2003,497247.0,497247.0,2039.6746601524856,0.02786807843860365,360,307,Current,Current,none,0,0.0,0.0,0.0,0,39.81766,1.2488101e+06,44.517662,0.0,0.0,0,424
2861,2008-01-01,2003-01-01,60,2003,526156.0,526156.0,3546.045187164199,0.026516855258330328,180,120,Current,Current,none,0,0.0,0.0,0.0,0,64.32047,818022.6,64.62047,0.0,0.0,0,195
2864,2008-01-01,1993-08-01,173,1993,284415.0,284415.0,1135.2794246042904,0.02577517766025111,360,187,Current,Current,none,0,0.0,0.0,0.0,0,28.132933,1.0109682e+06,28.132933,0.0,0.0,0,618
2869,2008-01-01,2000-07-01,90,2000,100754.0,100754.0,721.8848937171585,0.035325611620002445,180,90,Current,Current,none,0,0.0,0.0,0.0,0,46.22554,217961.77,47.125538,0.0,0.0,0,407
2870,2008-01-01,1993-02-01,179,1993,413644.0,413644.0,1494.4127134934438,0.018320992188116426,360,181,Current,Current,none,0,0.0,0.0,0.0,0,33.863426,1.2215066e+06,35.363426,0.0,0.0,0,722
2872,2008-01-01,1998-12-01,109,1998,260726.0,260726.0,1233.2121903335542,0.03923083786988635,360,251,Current,Current,none,0,0.0,0.0,0.0,0,42.363937,615443.25,43.963936,0.0,0.0,0,647
2873,2008-01-01,2003-08-01,53,2003,125934.0,125934.0,900.1751830676243,0.03498302156859656,180,127,Current,Current,none,0,0.0,0.0,0.0,0,58.176704,216468.1,58.176704,0.0,0.0,0,298
2875,2008-01-01,1997-10-01,123,1997,616220.0,616220.0,2216.5340694305414,0.018,360,237,Current,Current,none,0,0.0,0.0,0.0,0,21.718676,2.8372818e+06,21.718676,0.0,0.0,0,266
2878,2008-01-01,2007-10-01,3,2007,230208.0,230208.0,828.054712692652,0.018,360,357,Current,Current,none,0,0.0,0.0,0.0,0,53.027496,434129.5,57.127495,0.0,0.0,0,490
2881,2008-01-01,2006-08-01,17,2006,314595.0,314595.0,1390.7791049244292,0.03374807811139787,360,343,Current,Current,none,0,0.0,0.0,0.0,0,89.574066,351212.16,124.574066,0.0,0.0,0,177
2883,2008-01-01,1997-05-01,128,1997,180723.0,180723.0,687.6089155649989,0.022152620396603498,360,232,Current,Current,none,0,0.0,0.0,0.0,0,41.568867,434755.66,60.068867,0.0,0.0,0,845
2886,2008-01-01,2004-09-01,40,2004,428079.0,428079.0,1854.2979729489064,0.03212799482492292,360,320,Current,Current,none,0,0.0,0.0,0.0,0,78.97021,542076.6,85.47021,0.0,0.0,0,734
2887,2008-01-01,2001-08-01,77,2001,278528.0,278528.0,1304.7061421684239,0.03843359419476173,360,283,Current,Current,none,0,0.0,0.0,0.0,0,51.285164,543096.6,56.185165,0.0,0.0,0,920
2889,2008-01-01,2002-10-01,63,2002,278341.0,278341.0,1866.9343169117444,0.025836977841344533,180,117,Current,Current,none,0,0.0,0.0,0.0,0,68.20223,408111.28,77.70223,0.0,0.0,0,403
2890,2008-01-01,2003-01-01,60,2003,355552.0,355552.0,2158.49758818258,0.061168487465043705,360,300,Current,Current,none,0,0.0,0.0,0.0,0,47.829956,743366.8,50.229954,0.0,0.0,0,224
2892,2008-01-01,2000-09-01,88,2000,329292.0,329292.0,1348.7109119121062,0.027752338387500346,360,272,Current,Current,none,0,0.0,0.0,0.0,0,46.593285,706737.06,46.793285,0.0,0.0,0,342
2895,2008-01-01,2007-09-01,4,2007,231393.0,231393.0,1495.0756449024386,0.020566300828631204,180,176,Current,Current,none,0,0.0,0.0,0.0,0,91.82417,251995.75,98.32417,0.0,0.0,0,949
2896,2008-01-01,2005-03-01,34,2005,243112.0,243112.0,1049.8898218134761,0.031887973582322135,360,326,Current,Current,none,0,0.0,0.0,0.0,0,80.13552,303376.1,82.73552,0.0,0.0,0,484
2897,2008-01-01,2003-08-01,53,2003,763141.0,763141.0,3225.9484347398184,0.030206738379847987,360,307,Current,Current,none,0,0.0,0.0,0.0,0,67.872826,1.124369e+06,76.472824,0.0,0.0,0,193
2899,2008-01-01,2006-07-01,18,2006,283633.0,283633.0,2270.8571519403017,0.05188204338026664,180,162,Current,Current,none,0,0.0,0.0,0.0,0,85.4642,331873.44,120.4642,0.0,0.0,0,799
2904,2008-01-01,2001-10-01,75,2001,402195.0,402195.0,1494.6878314741382,0.020401927677993724,360,285,Current,Current,none,0,0.0,0.0,0.0,0,35.02698,1.1482434e+06,38.12698,0.0,0.0,0,504
2907,2008-01-01,1996-06-01,139,1996,145673.0,145673.0,597.4312188931709,0.0278538734550435,360,221,Current,Current,none,0,0.0,0.0,0.0,0,40.34,361113.03,42.04,0.0,0.0,0,273
2913,2008-01-01,2001-05-01,80,2001,545256.0,545256.0,2690.2918955471796,0.04274918370853583,360,280,Current,Current,none,0,0.0,0.0,0.0,0,46.82844,1.1643692e+06,46.82844,0.0,0.0,0,328
2914,2008-01-01,1994-08-01,161,1994,364506.0,364506.0,1752.432285272757,0.040580692407933376,360,199,Current,Current,none,0,0.0,0.0,0.0,0,29.342222,1.2422576e+06,35.442223,0.0,0.0,0,265
2916,2008-01-01,1998-09-01,112,1998,273333.0,273333.0,1113.8256308194902,0.02735956032949902,360,248,Current,Current,none,0,0.0,0.0,0.0,0,41.295975,661887.75,45.895973,0.0,0.0,0,245
2918,2008-01-01,2000-09-01,88,2000,691293.0,691293.0,3401.348740128296,0.0425148919816098,360,272,Current,Current,none,0,0.0,0.0,0.0,0,47.657917,1.4505314e+06,52.357918,0.0,0.0,0,274
2920,2008-01-01,2004-12-01,37,2004,179668.0,179668.0,1000.5689989333854,0.05325654059296283,360,323,Current,Current,none,0,0.0,0.0,0.0,0,51.289783,350299.78,51.289783,0.0,0.0,0,595
2924,2008-01-01,2008-01-01,0,2008,142424.0,142424.0,723.7013539978636,0.045243238496963704,360,360,Current,Current,none,0,0.0,0.0,0.0,0,91.3,155995.62,92.2,0.0,0.0,0,674
2925,2008-01-01,2004-08-01,41,2004,583094.0,583094.0,2097.380345786459,0.018,360,319,Current,Current,none,0,0.0,0.0,0.0,0,39.74011,1.4672682e+06,39.74011,0.0,0.0,1,333
2931,2008-01-01,1993-04-01,177,1993,175548.0,175548.0,767.154697545516,0.03282747801074885,360,183,Current,Current,none,0,0.0,0.0,0.0,0,29.619736,592672.4,32.319736,0.0,0.0,0,156
2932,2008-01-01,1998-12-01,109,1998,191725.0,191725.0,689.6319406406325,0.018,360,251,Current,Current,none,0,0.0,0.0,0.0,0,40.040405,478828.84,40.140404,0.0,0.0,0,711
2934,2008-01-01,2002-11-01,62,2002,890741.0,890741.0,6913.012251986299,0.04716352500731505,180,118,Current,Current,none,0,0.0,0.0,0.0,0,63.96012,1.3926506e+06,64.06012,0.0,0.0,0,512
2937,2008-01-01,2006-03-01,22,2006,245427.0,245427.0,1050.3035710302447,0.031171688923380708,360,338,Current,Current,none,0,0.0,0.0,0.0,0,92.72261,264689.5,97.72261,0.0,0.0,0,301
2938,2008-01-01,1993-07-01,174,1993,769332.0,769332.0,3248.414106977228,0.030117548730291294,360,186,Current,Current,none,0,0.0,0.0,0.0,0,27.589088,2.7885372e+06,31.189089,0.0,0.0,0,387
2941,2008-01-01,1994-02-01,167,1994,426499.0,426499.0,1534.110486641226,0.018,360,193,Current,Current,none,0,0.0,0.0,0.0,0,22.58223,1.8886488e+06,22.58223,0.0,0.0,0,612
2943,2008-01-01,2000-05-01,92,2000,252405.0,252405.0,984.3519089019734,0.024009244604112703,360,268,Current,Current,none,0,0.0,0.0,0.0,0,52.73672,478613.38,56.53672,0.0,0.0,0,195
2945,2008-01-01,1994-06-01,163,1994,128132.0,128132.0,879.249760610947,0.029088489948939505,180,17,Current,Current,none,0,0.0,0.0,0.0,0,37.87562,338296.75,41.275623,0.0,0.0,0,986
2949,2008-01-01,1993-06-01,175,1993,338757.0,338757.0,1624.1139848243706,0.0403496614296977,360,185,Current,Current,none,0,0.0,0.0,0.0,0,36.837727,919592.6,37.837727,0.0,0.0,0,980
2950,2008-01-01,2000-11-01,86,2000,651181.0,651181.0,2342.288260468419,0.018,360,274,Current,Current,none,0,0.0,0.0,0.0,0,35.638195,1.8271998e+06,35.838192,0.0,0.0,0,718
2951,2008-01-01,1998-04-01,117,1998,413709.0,413709.0,3497.196852372141,0.0602721247689365,180,63,Current,Current,none,0,0.0,0.0,0.0,0,28.574444,1.4478288e+06,52.074444,0.0,0.0,0,976
2952,2008-01-01,2007-04-01,9,2007,174754.0,174754.0,1087.554409087287,0.06351511954988065,360,351,Current,Current,none,0,0.0,0.0,0.0,0,83.145485,210178.58,92.74548,0.0,0.0,0,496
2954,2008-01-01,2000-02-01,95,2000,224529.0,224529.0,1102.7280989314563,0.042361510699242884,360,265,Current,Current,none,0,0.0,0.0,0.0,0,46.97107,478015.5,47.87107,0.0,0.0,0,416
2957,2008-01-01,2004-06-01,43,2004,212404.0,212404.0,764.0139925405288,0.018,360,317,Current,Current,none,0,0.0,0.0,0.0,0,76.72179,276849.66,83.82179,0.0,0.0,0,114
2963,2008-01-01,2003-11-01,50,2003,290954.0,290954.0,1096.1179952540115,0.021414384438348727,360,310,Current,Current,none,0,0.0,0.0,0.0,0,60.024105,484728.6,60.224106,0.0,0.0,0,160
2965,2008-01-01,1997-02-01,131,1997,410614.0,410614.0,1832.1490456713452,0.034489056437956696,360,229,Current,Current,none,0,0.0,0.0,0.0,0,42.365303,969222.4,43.2653,0.0,0.0,0,582
2966,2008-01-01,2007-01-01,12,2007,257213.0,257213.0,1154.6486723065777,0.03497543722250848,360,348,Current,Current,none,0,0.0,0.0,0.0,0,91.31741,281669.16,96.31741,0.0,0.0,0,579
2968,2008-01-01,1994-02-01,167,1994,119759.0,119759.0,535.8671119071859,0.03471486762182695,360,193,Current,Current,none,0,0.0,0.0,0.0,0,31.770546,376949.75,36.87055,0.0,0.0,0,682
2971,2008-01-01,2004-07-01,42,2004,202342.0,202342.0,750.8659950087697,0.02029323303354097,360,318,Current,Current,none,0,0.0,0.0,0.0,0,81.21084,249156.39,89.31084,0.0,0.0,0,754
2973,2008-01-01,2007-05-01,8,2007,221015.0,221015.0,1516.441407046222,0.029071746674544492,180,172,Current,Current,none,0,0.0,0.0,0.0,0,62.19515,355357.3,68.49515,0.0,0.0,0,290
2974,2008-01-01,2001-01-01,84,2001,804731.0,804731.0,4134.773974857,0.04619463466847074,360,276,Current,Current,none,0,0.0,0.0,0.0,0,52.54036,1.5316435e+06,52.94036,0.0,0.0,0,115
2975,2008-01-01,1995-09-01,148,1995,164656.0,164656.0,719.6684273532682,0.03283988590738782,360,212,Current,Current,none,0,0.0,0.0,0.0,0,34.591404,476002.66,34.9914,0.0,0.0,0,339
2977,2008-01-01,1996-05-01,140,1996,245134.0,245134.0,1876.0373649173591,0.04506214972688571,180,40,Current,Current,none,0,0.0,0.0,0.0,0,42.247307,580235.8,42.947304,0.0,0.0,0,181
2980,2008-01-01,1999-09-01,100,1999,218946.0,218946.0,1161.515234911717,0.0489631993627377,360,260,Current,Current,none,0,0.0,0.0,0.0,0,38.019207,575882.6,47.819206,0.0,0.0,0,591
2981,2008-01-01,2001-04-01,81,2001,228423.0,228423.0,901.0420584951892,0.02487321898164955,360,279,Current,Current,none,0,0.0,0.0,0.0,0,29.652687,770328.1,29.852688,0.0,0.0,0,446
2982,2008-01-01,2001-12-01,73,2001,415316.0,415316.0,1725.4181814114431,0.028853717912194675,360,287,Current,Current,none,0,0.0,0.0,0.0,0,40.70261,1.02036694e+06,43.002613,0.0,0.0,0,355
2983,2008-01-01,2002-11-01,62,2002,181295.0,181295.0,698.7353001529202,0.0231194988478241,360,298,Current,Current,none,0,0.0,0.0,0.0,0,34.79312,521065.66,42.493122,0.0,0.0,0,281
2985,2008-01-01,2001-04-01,81,2001,270945.0,270945.0,1060.8546538469834,0.024309214188194355,360,279,Current,Current,none,0,0.0,0.0,0.0,0,40.772446,664529.7,45.972446,0.0,0.0,0,508
2988,2008-01-01,1999-05-01,104,1999,599010.0,599010.0,2496.7210957992297,0.029107886066935054,360,256,Current,Current,none,0,0.0,0.0,0.0,0,38.238537,1.5665086e+06,38.738537,0.0,0.0,0,224
2989,2008-01-01,1999-02-01,107,1999,324969.0,324969.0,2171.4460624929015,0.025299710545438614,180,73,Current,Current,none,0,0.0,0.0,0.0,0,40.545185,801498.4,40.745186,0.0,0.0,0,353
2992,2008-01-01,2006-03-01,22,2006,345401.0,345401.0,1744.6102908661326,0.04473248861397635,360,338,Current,Current,none,0,0.0,0.0,0.0,0,59.50057,580500.3,66.80057,0.0,0.0,0,295
2993,2008-01-01,1995-01-01,156,1995,298142.0,298142.0,1072.4122886763826,0.018,360,204,Current,Current,none,0,0.0,0.0,0.0,0,28.113602,1.0604902e+06,36.313602,0.0,0.0,0,599
2996,2008-01-01,2007-01-01,12,2007,120398.0,120398.0,514.300477520932,0.03102771769458431,360,348,Current,Current,none,0,0.0,0.0,0.0,0,51.26592,234849.98,55.26592,0.0,0.0,0,743
2997,2008-01-01,2002-06-01,67,2002,459081.0,459081.0,2995.62138805468,0.02194971276184198,180,113,Current,Current,none,0,0.0,0.0,0.0,0,58.708534,781966.4,72.608536,0.0,0.0,0,250
2998,2008-01-01,1996-05-01,140,1996,431114.0,431114.0,1550.7105722119995,0.018,360,220,Current,Current,none,0,0.0,0.0,0.0,0,32.301083,1.3346735e+06,32.301083,0.0,0.0,0,296
3006,2008-01-01,2005-07-01,30,2005,337756.0,337756.0,1220.4923781778657,0.01833586166460125,360,330,Current,Current,none,0,0.0,0.0,0.0,0,93.01508,363119.6,98.71509,0.0,0.0,0,906
3009,2008-01-01,2006-06-01,19,2006,87203.0,87203.0,313.66787909602334,0.018,360,341,Current,Current,none,0,0.0,0.0,0.0,0,78.64035,110888.37,84.940346,0.0,0.0,0,601
3010,2008-01-01,2006-02-01,23,2006,444586.0,444586.0,2310.642102390597,0.04718144274238141,360,337,Current,Current,none,0,0.0,0.0,0.0,0,91.451836,486142.25,96.85183,0.0,0.0,0,281
3015,2008-01-01,1993-10-01,171,1993,119609.0,119609.0,430.23177357196715,0.018,360,189,Current,Current,none,0,0.0,0.0,0.0,0,32.900326,363549.6,33.500324,0.0,0.0,0,767
3018,2008-01-01,1997-11-01,122,1997,675130.0,675130.0,4539.024328264732,0.026171624945350306,180,58,Current,Current,none,0,0.0,0.0,0.0,0,38.739204,1.7427565e+06,41.039204,0.0,0.0,0,766
3019,2008-01-01,2000-04-01,93,2000,487890.0,487890.0,2719.0065052949026,0.05332089629626764,360,267,Current,Current,none,0,0.0,0.0,0.0,0,44.234444,1.102964e+06,53.934444,0.0,0.0,0,619
3026,2008-01-01,2002-08-01,65,2002,294012.0,294012.0,1086.0183638375345,0.019951887694942466,360,295,Current,Current,none,0,0.0,0.0,0.0,0,41.12107,714991.1,51.32107,0.0,0.0,0,446
3028,2008-01-01,1998-05-01,116,1998,412789.0,412789.0,1803.9881077396176,0.03283086073591798,360,244,Current,Current,none,0,0.0,0.0,0.0,0,49.3684,836140.1,53.768402,0.0,0.0,0,605
3030,2008-01-01,2004-07-01,42,2004,93664.0,93664.0,382.1002404427496,0.027444603340470324,360,318,Current,Current,none,0,0.0,0.0,0.0,0,75.42278,124185.28,83.12279,0.0,0.0,0,396
3031,2008-01-01,2004-11-01,38,2004,753935.0,753935.0,5537.869245085144,0.03896835029043581,180,142,Current,Current,none,0,0.0,0.0,0.0,0,66.00846,1.1421794e+06,67.20846,0.0,0.0,0,536
3033,2008-01-01,2006-12-01,13,2006,367279.0,367279.0,1511.2026249706946,0.02810616066220235,360,347,Current,Current,none,0,0.0,0.0,0.0,0,87.61048,419218.12,99.11048,0.0,0.0,0,870
3035,2008-01-01,1999-02-01,107,1999,231698.0,231698.0,1563.6054537012824,0.026705265885834648,180,73,Current,Current,none,0,0.0,0.0,0.0,0,27.229406,850910.94,30.129406,0.0,0.0,0,415
3038,2008-01-01,2007-01-01,12,2007,246484.0,246484.0,1469.321377091974,0.05946453689248635,360,348,Current,Current,none,0,0.0,0.0,0.0,0,85.22958,289200.03,90.22958,0.0,0.0,0,697
3039,2008-01-01,2000-10-01,87,2000,180505.0,180505.0,804.4013526636537,0.03438871110752871,360,273,Current,Current,none,0,0.0,0.0,0.0,0,50.75497,355640.03,50.75497,0.0,0.0,0,992
3055,2008-01-01,2002-01-01,72,2002,312072.0,312072.0,2105.979155921552,0.02670342198229789,180,108,Current,Current,none,0,0.0,0.0,0.0,0,61.459064,507772.12,70.95906,0.0,0.0,0,688
3057,2008-01-01,2003-05-01,56,2003,531400.0,531400.0,2796.1946642854714,0.0482527121086852,360,304,Current,Current,none,0,0.0,0.0,0.0,0,52.32685,1.0155398e+06,55.82685,0.0,0.0,0,643
3063,2008-01-01,2006-10-01,15,2006,351979.0,351979.0,2494.166611943608,0.03371980260234618,180,165,Current,Current,none,0,0.0,0.0,0.0,0,80.68914,436216.1,87.58914,0.0,0.0,0,214
3065,2008-01-01,2007-11-01,2,2007,294974.0,294974.0,1920.558586293418,0.021641313777329536,180,178,Current,Current,none,0,0.0,0.0,0.0,0,65.01627,453692.6,69.31627,0.0,0.0,0,342
3067,2008-01-01,2008-01-01,0,2008,610044.0,610044.0,2194.3190903438463,0.018,360,360,Current,Current,none,0,0.0,0.0,0.0,0,82.2,742146.0,90.2,0.0,0.0,0,692
3068,2008-01-01,1995-11-01,146,1995,416644.0,416644.0,2162.6122260109696,0.04706942458471786,360,214,Current,Current,none,0,0.0,0.0,0.0,0,42.75321,974532.7,42.75321,0.0,0.0,0,829
3072,2008-01-01,2003-05-01,56,2003,305668.0,305668.0,1205.3839567134937,0.024850522942079536,360,304,Current,Current,none,0,0.0,0.0,0.0,0,44.466263,687415.56,46.86626,0.0,0.0,0,209
3078,2008-01-01,2000-11-01,86,2000,180014.0,180014.0,724.5996569684752,0.026416341372188172,360,274,Current,Current,none,0,0.0,0.0,0.0,0,48.6781,369804.9,51.078102,0.0,0.0,0,921
3081,2008-01-01,2006-09-01,16,2006,258247.0,258247.0,1214.8510258778283,0.038782346879292336,360,344,Current,Current,none,0,0.0,0.0,0.0,0,71.062,363410.84,79.562,0.0,0.0,0,841
3082,2008-01-01,2004-09-01,40,2004,244241.0,244241.0,1035.0570621746883,0.030403835589098413,360,320,Current,Current,none,0,0.0,0.0,0.0,0,47.237057,517053.8,47.237057,0.0,0.0,0,596
3087,2008-01-01,2006-06-01,19,2006,798070.0,798070.0,4510.287798896342,0.05457883901162284,360,341,Current,Current,none,0,0.0,0.0,0.0,0,90.39864,882834.0,95.69865,0.0,0.0,0,656
3089,2008-01-01,2006-10-01,15,2006,371501.0,371501.0,1874.7451315817923,0.04465554080742278,360,345,Current,Current,none,0,0.0,0.0,0.0,0,83.37878,445558.22,88.478775,0.0,0.0,0,556
3090,2008-01-01,1998-02-01,119,1998,104072.0,104072.0,765.1227893786642,0.03910001888917442,180,61,Current,Current,none,0,0.0,0.0,0.0,0,44.28047,235029.12,45.18047,0.0,0.0,0,139
3094,2008-01-01,1994-12-01,157,1994,120036.0,120036.0,824.7073040783781,0.029264538302544534,180,23,Current,Current,none,0,0.0,0.0,0.0,0,41.144615,291741.7,41.344616,0.0,0.0,0,573
3099,2008-01-01,2006-07-01,18,2006,124489.0,124489.0,849.5290051318244,0.02829537760334258,180,162,Current,Current,none,0,0.0,0.0,0.0,0,88.917305,140005.38,96.6173,0.0,0.0,0,916
3100,2008-01-01,2002-10-01,63,2002,132395.0,132395.0,684.9288441327197,0.04678351128051127,360,297,Current,Current,none,0,0.0,0.0,0.0,0,63.262177,209279.86,64.26218,0.0,0.0,0,462
3103,2008-01-01,2004-11-01,38,2004,186728.0,186728.0,671.6578068167637,0.018,360,322,Current,Current,none,0,0.0,0.0,0.0,0,64.81165,288108.7,66.61166,0.0,0.0,0,706
3105,2008-01-01,1994-10-01,159,1994,149255.0,149255.0,720.5202499536331,0.04092173456557821,360,201,Current,Current,none,0,0.0,0.0,0.0,0,40.274982,370589.84,43.974983,0.0,0.0,0,186
3106,2008-01-01,1994-07-01,162,1994,157131.0,157131.0,739.0798170633949,0.03877131463259439,360,198,Current,Current,none,0,0.0,0.0,0.0,0,40.902397,384160.84,40.902397,0.0,0.0,0,843
3107,2008-01-01,2007-05-01,8,2007,172905.0,172905.0,966.4918232570441,0.05358976967825671,360,352,Current,Current,none,0,0.0,0.0,0.0,0,83.24581,207704.14,87.34581,0.0,0.0,0,238
3108,2008-01-01,2004-07-01,42,2004,207336.0,207336.0,846.6666169936316,0.027521458607414753,360,318,Current,Current,none,0,0.0,0.0,0.0,0,68.38808,303175.66,69.78808,0.0,0.0,0,241
3110,2008-01-01,1997-03-01,130,1997,813703.0,813703.0,5428.303731803933,0.02506838782643298,180,50,Current,Current,none,0,0.0,0.0,0.0,0,19.471973,4.178842e+06,19.771973,0.0,0.0,0,677
3113,2008-01-01,2007-03-01,10,2007,325102.0,325102.0,1259.6781457092184,0.023520481219002628,360,350,Current,Current,none,0,0.0,0.0,0.0,0,56.76265,572739.3,65.66265,0.0,0.0,0,124
3114,2008-01-01,2006-07-01,18,2006,295204.0,295204.0,1347.8913629231754,0.036346848281931916,360,342,Current,Current,none,0,0.0,0.0,0.0,0,79.42128,371693.8,86.02128,0.0,0.0,0,902
3116,2008-01-01,2007-06-01,7,2007,416693.0,416693.0,1752.8097850981706,0.029822579243363147,360,353,Current,Current,none,0,0.0,0.0,0.0,0,62.714207,664431.56,77.114204,0.0,0.0,0,359
3118,2008-01-01,2000-05-01,92,2000,273528.0,273528.0,1024.0633816424445,0.020950495793822965,360,268,Current,Current,none,0,0.0,0.0,0.0,0,31.945116,856243.56,37.845116,0.0,0.0,0,943
3120,2008-01-01,2006-06-01,19,2006,445591.0,445591.0,1892.316876056415,0.030568400689063236,360,341,Current,Current,none,0,0.0,0.0,0.0,0,67.0978,664091.8,72.0978,0.0,0.0,0,744
3123,2008-01-01,2006-09-01,16,2006,109284.0,109284.0,693.2326775664759,0.018,180,164,Current,Current,none,0,0.0,0.0,0.0,0,74.39976,146887.58,104.69975,0.0,0.0,0,310
3126,2008-01-01,1994-07-01,162,1994,625052.0,625052.0,2283.980277890873,0.01915464119822612,360,198,Current,Current,none,0,0.0,0.0,0.0,0,27.143469,2.3027712e+06,29.843468,0.0,0.0,0,597
3127,2008-01-01,2001-02-01,83,2001,74537.0,74537.0,450.97318524149364,0.06085099426448298,360,277,Current,Current,none,0,0.0,0.0,0.0,0,51.079914,145922.33,60.179913,0.0,0.0,0,956
3128,2008-01-01,1997-04-01,129,1997,176908.0,176908.0,636.3354145513262,0.018,360,231,Current,Current,none,0,0.0,0.0,0.0,0,32.52933,543841.5,32.629333,0.0,0.0,0,323
3130,2008-01-01,1995-04-01,153,1995,343244.0,343244.0,1305.6078960005811,0.02213225377584847,360,207,Current,Current,none,0,0.0,0.0,0.0,0,32.509148,1.0558382e+06,33.609146,0.0,0.0,0,759
3134,2008-01-01,2006-03-01,22,2006,464111.0,464111.0,2329.562266742734,0.044199620002295506,360,338,Current,Current,none,0,0.0,0.0,0.0,0,90.69297,511738.7,95.69297,0.0,0.0,0,915
3137,2008-01-01,2005-10-01,27,2005,129521.0,129521.0,498.99713428828477,0.023090238117958916,360,333,Current,Current,none,0,0.0,0.0,0.0,0,74.91794,172883.83,77.41794,0.0,0.0,0,570
3138,2008-01-01,2007-12-01,1,2007,333502.0,333502.0,2330.4866399946036,0.0317010978257137,180,179,Current,Current,none,0,0.0,0.0,0.0,0,87.744026,380085.12,99.84403,0.0,0.0,0,325
3140,2008-01-01,2007-09-01,4,2007,385248.0,385248.0,1480.036872363346,0.02287815272042224,360,356,Current,Current,none,0,0.0,0.0,0.0,0,78.42224,491248.4,105.12224,0.0,0.0,0,582
3142,2008-01-01,1995-07-01,150,1995,881360.0,881360.0,5736.242105621506,0.021586473836577545,180,30,Current,Current,none,0,0.0,0.0,0.0,0,32.692696,2.6958928e+06,39.492695,0.0,0.0,0,513
3145,2008-01-01,2003-02-01,59,2003,1103343.0,1.103343e+06,7951.365453642637,0.03617391204987862,180,121,Current,Current,none,0,0.0,0.0,0.0,0,46.131832,2.3917172e+06,57.33183,0.0,0.0,0,243
3149,2008-01-01,1995-01-01,156,1995,460398.0,460398.0,2244.3928925168098,0.041738086799063254,360,204,Current,Current,none,0,0.0,0.0,0.0,0,43.035797,1.0698024e+06,45.335796,0.0,0.0,0,192
3150,2008-01-01,1994-05-01,164,1994,196591.0,196591.0,1014.04765494275,0.046529880275582476,360,196,Current,Current,none,0,0.0,0.0,0.0,0,28.798532,682642.44,50.49853,0.0,0.0,0,133
3151,2008-01-01,2001-02-01,83,2001,218571.0,218571.0,939.6646364331933,0.03153226609927963,360,277,Current,Current,none,0,0.0,0.0,0.0,0,42.684093,512066.66,44.784092,0.0,0.0,0,483
3156,2008-01-01,2000-08-01,89,2000,234667.0,234667.0,1302.4780451312174,0.0529561652475104,360,271,Current,Current,none,0,0.0,0.0,0.0,0,53.54917,438227.12,53.54917,0.0,0.0,0,569
3164,2008-01-01,2003-04-01,57,2003,479009.0,479009.0,1763.7822996136683,0.01971879799716011,360,303,Current,Current,none,0,0.0,0.0,0.0,0,56.82478,842957.94,59.02478,0.0,0.0,0,614
3167,2008-01-01,1998-03-01,118,1998,531703.0,531703.0,2542.423204734286,0.04013016965817736,360,242,Current,Current,none,0,0.0,0.0,0.0,0,33.440445,1.5899998e+06,33.940445,0.0,0.0,0,652
3168,2008-01-01,2005-12-01,25,2005,236871.0,236871.0,852.0214234527956,0.018,360,335,Current,Current,none,0,0.0,0.0,0.0,0,73.5908,321875.84,76.690796,0.0,0.0,0,503
3171,2008-01-01,2005-04-01,33,2005,360974.0,360974.0,1748.8482554453462,0.041220850784964916,360,327,Current,Current,none,0,0.0,0.0,0.0,0,87.953835,410413.03,91.75384,0.0,0.0,0,691
3177,2008-01-01,1993-07-01,174,1993,567741.0,567741.0,2609.3503354611316,0.03687959524659605,360,186,Current,Current,none,0,0.0,0.0,0.0,0,42.476273,1.3366075e+06,54.67627,0.0,0.0,0,687
3178,2008-01-01,2005-07-01,30,2005,210290.0,210290.0,927.2323531489021,0.03353922388541844,360,330,Current,Current,none,0,0.0,0.0,0.0,0,88.3338,238062.89,95.9338,0.0,0.0,0,705
3180,2008-01-01,1998-01-01,120,1998,215140.0,215140.0,851.5506736826837,0.025132923607865246,360,240,Current,Current,none,0,0.0,0.0,0.0,0,24.048615,894604.56,24.448614,0.0,0.0,0,936
3181,2008-01-01,2004-12-01,37,2004,933662.0,933662.0,3358.368167752845,0.018,360,323,Current,Current,none,0,0.0,0.0,0.0,0,56.483685,1.6529764e+06,58.883686,0.0,0.0,0,943
3182,2008-01-01,2007-11-01,2,2007,206469.0,206469.0,873.6274435405276,0.030282223269219886,360,358,Current,Current,none,0,0.0,0.0,0.0,0,86.31294,239209.8,97.61294,0.0,0.0,0,663
3183,2008-01-01,1999-11-01,98,1999,909925.0,909925.0,4135.078276219265,0.03596374665546591,360,262,Current,Current,none,0,0.0,0.0,0.0,0,51.637856,1.7621278e+06,52.537853,0.0,0.0,0,303
3184,2008-01-01,1995-02-01,155,1995,250745.0,250745.0,1039.7696734788178,0.0287087735295571,360,205,Current,Current,none,0,0.0,0.0,0.0,0,32.917336,761741.44,33.21734,0.0,0.0,0,692
3189,2008-01-01,1997-08-01,125,1997,1527687.0,1.527687e+06,7750.985292018212,0.04511475157554822,360,235,Current,Current,none,0,0.0,0.0,0.0,0,33.63936,4.541368e+06,37.539356,0.0,0.0,0,329
3190,2008-01-01,2005-09-01,28,2005,104230.0,104230.0,454.64490246623353,0.03267982979281962,360,332,Current,Current,none,0,0.0,0.0,0.0,0,71.947624,144869.28,74.847626,0.0,0.0,0,861
3191,2008-01-01,2005-11-01,26,2005,204008.0,204008.0,1104.0834381480583,0.05071439177658746,360,334,Current,Current,none,0,0.0,0.0,0.0,0,72.783714,280293.47,75.38371,0.0,0.0,0,642
3197,2008-01-01,2007-06-01,7,2007,285448.0,285448.0,1188.2565104356706,0.02900892051702679,360,353,Current,Current,none,0,0.0,0.0,0.0,0,85.84737,332506.4,94.64737,0.0,0.0,0,266
3199,2008-01-01,1993-09-01,172,1993,408105.0,408105.0,1636.1961144355184,0.026111737433657467,360,188,Current,Current,none,0,0.0,0.0,0.0,0,30.077242,1.3568565e+06,31.177242,0.0,0.0,0,821
3200,2008-01-01,2003-10-01,51,2003,220952.0,220952.0,911.7736600582417,0.028331124763184605,360,309,Current,Current,none,0,0.0,0.0,0.0,0,63.150417,349882.1,66.75042,0.0,0.0,0,482
3203,2008-01-01,2003-11-01,50,2003,136464.0,136464.0,586.4631455945581,0.03150363078366865,360,310,Current,Current,none,0,0.0,0.0,0.0,0,64.24202,212421.72,70.64201,0.0,0.0,0,332
3215,2008-01-01,2001-09-01,76,2001,157322.0,157322.0,1007.6812428242417,0.019350329415999803,180,104,Current,Current,none,0,0.0,0.0,0.0,0,46.637936,337326.25,47.337936,0.0,0.0,0,405
3219,2008-01-01,1998-05-01,116,1998,475985.0,475985.0,1885.065147048932,0.02517561643747577,360,244,Current,Current,none,0,0.0,0.0,0.0,0,44.196472,1.0769751e+06,44.396473,0.0,0.0,0,385
3220,2008-01-01,2001-01-01,84,2001,261776.0,261776.0,1243.3069825861328,0.039571929348663715,360,276,Current,Current,none,0,0.0,0.0,0.0,0,56.753803,461248.38,80.453804,0.0,0.0,0,298
3221,2008-01-01,1993-08-01,173,1993,179852.0,179852.0,769.7675823958982,0.031181083291910702,360,187,Current,Current,none,0,0.0,0.0,0.0,0,26.44313,680146.44,26.94313,0.0,0.0,0,529
3229,2008-01-01,2003-07-01,54,2003,198346.0,198346.0,864.91377892104,0.032656030698843944,360,306,Current,Current,none,0,0.0,0.0,0.0,0,54.30711,365230.28,54.50711,0.0,0.0,0,622
3231,2008-01-01,2003-06-01,55,2003,828371.0,828371.0,2979.638024777266,0.018,360,305,Current,Current,none,0,0.0,0.0,0.0,0,60.820175,1.3620004e+06,65.820175,0.0,0.0,0,971
3232,2008-01-01,2001-10-01,75,2001,334425.0,334425.0,1407.8641449201152,0.029884344601715164,360,285,Current,Current,none,0,0.0,0.0,0.0,0,54.974777,608324.44,56.07478,0.0,0.0,0,993
3235,2008-01-01,1993-12-01,169,1993,729743.0,729743.0,3215.854543362132,0.033494504685515354,360,191,Current,Current,none,0,0.0,0.0,0.0,0,40.135498,1.8181984e+06,40.935497,0.0,0.0,0,241
3236,2008-01-01,1993-03-01,178,1993,489714.0,489714.0,3305.125880974388,0.026718567301342252,180,2,Current,Current,none,0,0.0,0.0,0.0,0,34.111065,1.4356455e+06,37.511066,0.0,0.0,0,634
3239,2008-01-01,1998-12-01,109,1998,361489.0,361489.0,2645.2103578717247,0.038411740576290376,180,71,Current,Current,none,0,0.0,0.0,0.0,0,50.307175,718563.5,52.307175,0.0,0.0,0,122
3246,2008-01-01,1997-01-01,132,1997,197574.0,197574.0,946.9182134152077,0.04032185359047163,360,228,Current,Current,none,0,0.0,0.0,0.0,0,40.427654,488710.03,43.427654,0.0,0.0,0,178
3248,2008-01-01,2003-09-01,52,2003,203393.0,203393.0,811.968305690858,0.02578445853604532,360,308,Current,Current,none,0,0.0,0.0,0.0,0,63.700005,319298.25,70.8,0.0,0.0,0,787
3254,2008-01-01,2001-09-01,76,2001,331584.0,331584.0,1396.8671064591251,0.02993822922101492,360,284,Current,Current,none,0,0.0,0.0,0.0,0,40.96849,809363.5,41.76849,0.0,0.0,0,815
3256,2008-01-01,2004-10-01,39,2004,404074.0,404074.0,1666.0261560163897,0.028265486658454228,360,321,Current,Current,none,0,0.0,0.0,0.0,0,67.24223,600922.94,72.84224,0.0,0.0,0,169
3259,2008-01-01,1996-08-01,137,1996,234742.0,234742.0,996.6520853961398,0.03054949964157077,360,223,Current,Current,none,0,0.0,0.0,0.0,0,27.966732,839361.56,28.066732,0.0,0.0,0,491
3260,2008-01-01,1994-01-01,168,1994,270158.0,270158.0,1285.4183677243986,0.03971999525014015,360,192,Current,Current,none,0,0.0,0.0,0.0,0,34.693516,778698.8,34.99352,0.0,0.0,0,626
3270,2008-01-01,1993-12-01,169,1993,351460.0,351460.0,2550.517908815278,0.03719136558948337,180,11,Current,Current,none,0,0.0,0.0,0.0,0,30.957756,1.135289e+06,37.457756,0.0,0.0,0,174
3272,2008-01-01,2000-09-01,88,2000,118251.0,118251.0,484.23662165132555,0.027737253743146742,360,272,Current,Current,none,0,0.0,0.0,0.0,0,51.728565,228599.03,52.628567,0.0,0.0,0,923
3273,2008-01-01,1995-09-01,148,1995,139570.0,139570.0,588.3223413770252,0.02998533159184296,360,212,Current,Current,none,0,0.0,0.0,0.0,0,41.99702,332333.1,43.99702,0.0,0.0,0,295
3274,2008-01-01,2002-10-01,63,2002,428374.0,428374.0,2140.5749679575474,0.043819909583210324,360,297,Current,Current,none,0,0.0,0.0,0.0,0,47.92589,893825.8,47.92589,0.0,0.0,0,700
3279,2008-01-01,2006-09-01,16,2006,567195.0,567195.0,2173.6284530997,0.022691622158364514,360,344,Current,Current,none,0,0.0,0.0,0.0,0,77.30684,733693.2,100.30684,0.0,0.0,0,434
3282,2008-01-01,1995-12-01,145,1995,298032.0,298032.0,1260.5023378452668,0.030247853633675274,360,215,Current,Current,none,0,0.0,0.0,0.0,0,31.256208,953512.94,66.25621,0.0,0.0,0,126
3286,2008-01-01,2003-03-01,58,2003,191863.0,191863.0,712.8122314836556,0.020379768676893187,360,302,Current,Current,none,0,0.0,0.0,0.0,0,52.002563,368949.12,57.102562,0.0,0.0,0,230
3289,2008-01-01,2008-01-01,0,2008,295932.0,295932.0,2133.1135592665155,0.0362044738844936,180,180,Current,Paid off,payoff,0,0.0,0.0,0.0,0,86.7,341328.72,95.5,0.0,0.0,0,847
3292,2008-01-01,2000-09-01,88,2000,84030.0,84030.0,596.174940331736,0.03389709020016194,180,92,Current,Current,none,0,0.0,0.0,0.0,0,40.769123,206111.86,54.369125,0.0,0.0,0,774
3293,2008-01-01,2002-07-01,66,2002,742183.0,742183.0,5021.3767554264705,0.027068144256138932,180,114,Current,Current,none,0,0.0,0.0,0.0,0,57.623123,1.2879951e+06,57.723125,0.0,0.0,0,451
3296,2008-01-01,1996-09-01,136,1996,238429.0,238429.0,995.5703000549931,0.029247074792341454,360,224,Current,Current,none,0,0.0,0.0,0.0,0,34.737606,686371.4,39.137608,0.0,0.0,0,696
3300,2008-01-01,1995-09-01,148,1995,293822.0,293822.0,1299.058485988325,0.03375507602100485,360,212,Current,Current,none,0,0.0,0.0,0.0,0,33.444725,878530.1,33.544727,0.0,0.0,0,866
3308,2008-01-01,2006-08-01,17,2006,450300.0,450300.0,1634.7551278182045,0.018676631326295084,360,343,Current,Current,none,0,0.0,0.0,0.0,0,93.56232,481283.5,110.662315,0.0,0.0,0,112
3309,2008-01-01,2007-08-01,5,2007,216077.0,216077.0,777.2257182829883,0.018,360,355,Current,Current,none,0,0.0,0.0,0.0,0,61.631607,350594.47,95.13161,0.0,0.0,0,917
3312,2008-01-01,2006-12-01,13,2006,298431.0,298431.0,1893.0687127012275,0.018,180,167,Current,Current,none,0,0.0,0.0,0.0,0,101.85522,292995.3,130.45522,0.0,0.0,0,537
3313,2008-01-01,2003-07-01,54,2003,134490.0,134490.0,1018.4800191318693,0.043488397438592355,180,126,Current,Current,none,0,0.0,0.0,0.0,0,49.978283,269096.88,51.978283,0.0,0.0,0,409
3319,2008-01-01,2001-09-01,76,2001,1942531.0,1.942531e+06,16150.331197730897,0.057686040018913476,180,104,Current,Current,none,0,0.0,0.0,0.0,0,55.142105,3.5227728e+06,58.042103,0.0,0.0,0,489
3325,2008-01-01,2006-11-01,14,2006,323394.0,323394.0,1702.712058198456,0.048305443974247665,360,346,Current,Current,none,0,0.0,0.0,0.0,0,84.1532,384292.0,92.55319,0.0,0.0,0,438
3327,2008-01-01,2000-01-01,96,2000,307898.0,307898.0,1367.5220044737177,0.03412015556773745,360,264,Current,Current,none,0,0.0,0.0,0.0,0,47.113564,653523.06,55.913563,0.0,0.0,0,261
3328,2008-01-01,2006-12-01,13,2006,288170.0,288170.0,1057.2737981770933,0.019453459592869968,360,347,Current,Current,none,0,0.0,0.0,0.0,0,98.963425,291188.38,108.76343,0.0,0.0,0,570
3329,2008-01-01,1998-05-01,116,1998,341857.0,341857.0,1340.0344158469843,0.02439582171606651,360,244,Current,Current,none,0,0.0,0.0,0.0,0,43.51733,785565.2,43.51733,0.0,0.0,0,281
3330,2008-01-01,1997-12-01,121,1997,425849.0,425849.0,3222.5441776975513,0.04337883978614504,180,59,Current,Current,none,0,0.0,0.0,0.0,0,40.56183,1.0498762e+06,41.56183,0.0,0.0,0,128
3331,2008-01-01,2007-02-01,11,2007,287723.0,287723.0,2047.6771127081715,0.07681485728507086,360,349,Current,Current,none,0,0.0,0.0,0.0,0,87.9937,326981.38,93.193695,0.0,0.0,0,931
3335,2008-01-01,1997-06-01,127,1997,89105.0,89105.0,396.7433710764238,0.03431933288039127,360,233,Current,Current,none,0,0.0,0.0,0.0,0,36.040493,247235.8,36.14049,0.0,0.0,0,357
3337,2008-01-01,2000-12-01,85,2000,361978.0,361978.0,1302.029420311461,0.018,360,275,Current,Current,none,0,0.0,0.0,0.0,0,34.976032,1.0349315e+06,37.276035,0.0,0.0,0,426
3338,2008-01-01,1993-11-01,170,1993,305898.0,305898.0,1234.13021364807,0.02659149142609962,360,190,Current,Current,none,0,0.0,0.0,0.0,0,33.356422,917058.8,33.45642,0.0,0.0,0,495
3340,2008-01-01,1995-11-01,146,1995,435600.0,435600.0,1932.2470480626737,0.03401833183136286,360,214,Current,Current,none,0,0.0,0.0,0.0,0,32.39892,1.3444894e+06,33.198917,0.0,0.0,0,295
3341,2008-01-01,2001-06-01,79,2001,884412.0,884412.0,4234.116276151374,0.040231225652759495,360,281,Current,Current,none,0,0.0,0.0,0.0,0,36.54875,2.4198145e+06,44.948753,0.0,0.0,0,739
3343,2008-01-01,1995-04-01,153,1995,623213.0,623213.0,2282.848081722627,0.01933502729949366,360,207,Current,Current,none,0,0.0,0.0,0.0,0,35.092968,1.7758915e+06,35.092968,0.0,0.0,0,313
3344,2008-01-01,1999-09-01,100,1999,499897.0,499897.0,2034.804039915258,0.027273918666519455,360,260,Current,Current,none,0,0.0,0.0,0.0,0,49.00509,1.020092e+06,49.10509,0.0,0.0,0,845
3346,2008-01-01,1996-05-01,140,1996,434170.0,434170.0,2145.6277843771923,0.04288402867376324,360,220,Current,Current,none,0,0.0,0.0,0.0,0,32.880474,1.3204494e+06,35.280476,0.0,0.0,0,257
3347,2008-01-01,1999-08-01,101,1999,487538.0,487538.0,2377.1369399482423,0.041753550197129785,360,259,Current,Current,none,0,0.0,0.0,0.0,0,34.220116,1.4247118e+06,34.620117,0.0,0.0,0,133
3348,2008-01-01,1995-06-01,151,1995,77097.0,77097.0,453.94297198439745,0.05832034395096884,360,209,Current,Current,none,0,0.0,0.0,0.0,0,33.407925,230774.6,35.607925,0.0,0.0,0,592
3352,2008-01-01,1995-12-01,145,1995,284717.0,284717.0,1932.6832874487084,0.027539272466007333,180,35,Current,Current,none,0,0.0,0.0,0.0,0,41.50024,686061.06,45.100243,0.0,0.0,0,272
3355,2008-01-01,2007-06-01,7,2007,381282.0,381282.0,3418.247767017309,0.0695858278579888,180,173,Current,Current,none,0,0.0,0.0,0.0,0,101.552444,375453.28,107.052444,0.0,0.0,0,429
3362,2008-01-01,1994-05-01,164,1994,161896.0,161896.0,726.3512238007545,0.03492981090313409,360,196,Current,Current,none,0,0.0,0.0,0.0,0,42.595898,380074.16,49.3959,0.0,0.0,0,759
3369,2008-01-01,2002-03-01,70,2002,579915.0,579915.0,4107.738730518732,0.0763286139549168,360,290,Current,Current,none,0,0.0,0.0,0.0,0,63.07486,919407.5,63.07486,0.0,0.0,0,708
3370,2008-01-01,1994-08-01,161,1994,222508.0,222508.0,881.4204901871547,0.02519390677736844,360,199,Current,Current,none,0,0.0,0.0,0.0,0,38.309204,580821.25,46.309204,0.0,0.0,0,677
3371,2008-01-01,2006-10-01,15,2006,249452.0,249452.0,1191.8888078674088,0.040067212806529105,360,345,Current,Current,none,0,0.0,0.0,0.0,0,104.142784,239528.84,118.04278,0.0,0.0,0,953
3374,2008-01-01,1997-09-01,124,1997,345385.0,345385.0,1659.180089373714,0.04051440883139553,360,236,Current,Current,none,0,0.0,0.0,0.0,0,30.573818,1.1296758e+06,34.57382,0.0,0.0,0,892
3376,2008-01-01,2004-12-01,37,2004,139825.0,139825.0,577.4451254878902,0.02839118488913139,360,323,Current,Current,none,0,0.0,0.0,0.0,0,55.18521,253374.05,55.58521,0.0,0.0,0,147
3377,2008-01-01,2002-06-01,67,2002,202858.0,202858.0,736.8587638441161,0.018717414561497895,360,293,Current,Current,none,0,0.0,0.0,0.0,0,51.915222,390748.6,51.915222,0.0,0.0,0,530
3380,2008-01-01,1998-02-01,119,1998,377088.0,377088.0,3175.84814946837,0.05969380136317878,180,61,Current,Current,none,0,0.0,0.0,0.0,0,43.718666,862533.2,47.718666,0.0,0.0,0,941
3388,2008-01-01,2001-10-01,75,2001,174150.0,174150.0,783.6692490021575,0.03517045018657161,360,285,Current,Current,none,0,0.0,0.0,0.0,0,52.47285,331885.9,53.77285,0.0,0.0,0,441
3392,2008-01-01,2006-10-01,15,2006,292799.0,292799.0,1518.7390329277143,0.047009813649410426,360,345,Current,Current,none,0,0.0,0.0,0.0,0,104.142784,281151.5,117.34278,0.0,0.0,0,396
3396,2008-01-01,2003-08-01,53,2003,132874.0,132874.0,776.4831564023802,0.057626315896126275,360,307,Current,Current,none,0,0.0,0.0,0.0,0,68.42915,194177.45,68.42915,0.0,0.0,0,596
3397,2008-01-01,1998-04-01,117,1998,454872.0,454872.0,3394.3805572192937,0.04130163126483813,180,63,Current,Current,none,0,0.0,0.0,0.0,0,27.125015,1.6769465e+06,27.225016,0.0,0.0,0,330
3401,2008-01-01,2002-07-01,66,2002,542920.0,542920.0,1952.875072174271,0.018,360,294,Current,Current,none,0,0.0,0.0,0.0,0,45.40442,1.1957426e+06,47.30442,0.0,0.0,0,222
3402,2008-01-01,2001-03-01,82,2001,822852.0,822852.0,3306.508330811451,0.026285167730147226,360,278,Current,Current,none,0,0.0,0.0,0.0,0,34.846092,2.3613898e+06,34.846092,0.0,0.0,0,581
3403,2008-01-01,2004-07-01,42,2004,410260.0,410260.0,1754.2959317763887,0.031108491946989003,360,318,Current,Current,none,0,0.0,0.0,0.0,0,60.997177,672588.5,64.597176,0.0,0.0,0,508
3405,2008-01-01,2002-06-01,67,2002,192034.0,192034.0,961.8061394034149,0.044015420862138,360,293,Current,Current,none,0,0.0,0.0,0.0,0,56.99233,336947.1,57.09233,0.0,0.0,0,783
3408,2008-01-01,2007-04-01,9,2007,178863.0,178863.0,1393.1516485598356,0.047705579336614776,180,171,Current,Current,none,0,0.0,0.0,0.0,0,87.19097,205139.34,96.69097,0.0,0.0,0,352
3409,2008-01-01,2006-05-01,20,2006,279695.0,279695.0,1975.7733718486163,0.033267063782326294,180,160,Current,Current,none,0,0.0,0.0,0.0,0,71.24037,392607.44,76.24037,0.0,0.0,0,773
3412,2008-01-01,2005-08-01,29,2005,365992.0,365992.0,2567.2252750261914,0.03224766308420886,180,151,Current,Current,none,0,0.0,0.0,0.0,0,78.66788,465236.9,81.66788,0.0,0.0,0,364
3414,2008-01-01,2006-05-01,20,2006,229914.0,229914.0,895.3638543880382,0.023901680874026787,360,340,Current,Current,none,0,0.0,0.0,0.0,0,85.57467,268670.62,90.67467,0.0,0.0,0,285
3416,2008-01-01,2003-02-01,59,2003,202260.0,202260.0,907.7883709565928,0.03496018952155946,360,301,Current,Current,none,0,0.0,0.0,0.0,0,55.80826,362419.44,56.008263,0.0,0.0,0,542
3421,2008-01-01,2007-04-01,9,2007,301592.0,301592.0,2420.464101698248,0.05224973651149325,180,171,Current,Current,none,0,0.0,0.0,0.0,0,75.48035,399563.62,79.88034,0.0,0.0,0,781
3422,2008-01-01,1994-10-01,159,1994,338251.0,338251.0,1541.2241892954262,0.036177817458904554,360,201,Current,Current,none,0,0.0,0.0,0.0,0,29.103136,1.1622494e+06,29.103136,0.0,0.0,0,474
3425,2008-01-01,2002-07-01,66,2002,789483.0,789483.0,3775.486386953892,0.04013997695328164,360,294,Current,Current,none,0,0.0,0.0,0.0,0,35.571613,2.2194185e+06,39.271614,0.0,0.0,0,984
3430,2008-01-01,2000-03-01,94,2000,267443.0,267443.0,961.9884475198992,0.018,360,266,Current,Current,none,0,0.0,0.0,0.0,0,31.790419,841269.2,31.790419,0.0,0.0,0,540
3438,2008-01-01,2000-03-01,94,2000,496967.0,496967.0,4045.6899461125327,0.054432699736672745,180,86,Current,Current,none,0,0.0,0.0,0.0,0,44.008377,1.1292555e+06,47.508377,0.0,0.0,0,916
3441,2008-01-01,2007-12-01,1,2007,427717.0,427717.0,1703.3755176005777,0.025600148846149817,360,359,Current,Current,none,0,0.0,0.0,0.0,0,71.12738,601339.5,87.427376,0.0,0.0,0,359
3442,2008-01-01,2007-12-01,1,2007,156950.0,156950.0,769.2005022223206,0.04218417143424774,360,359,Current,Current,none,0,0.0,0.0,0.0,0,82.17137,191003.27,86.37137,0.0,0.0,0,303
3443,2008-01-01,2005-03-01,34,2005,69573.0,69573.0,329.88788238435365,0.039434483635098126,360,326,Current,Current,none,0,0.0,0.0,0.0,0,71.18882,97730.234,73.988815,0.0,0.0,0,121
3444,2008-01-01,2006-08-01,17,2006,106694.0,106694.0,702.8607993103138,0.023288646176634918,180,163,Current,Current,none,0,0.0,0.0,0.0,0,83.96895,127063.64,89.06895,0.0,0.0,0,261
3446,2008-01-01,2006-04-01,21,2006,282893.0,282893.0,1678.1256663439553,0.05901016503554743,360,339,Current,Current,none,0,0.0,0.0,0.0,0,66.4489,425730.2,71.648895,0.0,0.0,0,908
3447,2008-01-01,1994-09-01,160,1994,673645.0,673645.0,4688.946924678918,0.031135538667861874,180,20,Current,Current,none,0,0.0,0.0,0.0,0,42.217937,1.5956369e+06,42.51794,0.0,0.0,0,865
3449,2008-01-01,2001-06-01,79,2001,211461.0,211461.0,819.5612356352763,0.02353977605648664,360,281,Current,Current,none,0,0.0,0.0,0.0,0,43.83202,482435.0,45.732018,0.0,0.0,0,935
3453,2008-01-01,2001-04-01,81,2001,513265.0,513265.0,1926.4151376884706,0.021135910718993275,360,279,Current,Current,none,0,0.0,0.0,0.0,0,50.13645,1.0237362e+06,63.036453,0.0,0.0,0,484
3456,2008-01-01,1996-04-01,141,1996,224652.0,224652.0,1273.1827228896525,0.054832023175982306,360,219,Current,Current,none,0,0.0,0.0,0.0,0,38.40305,584984.8,39.60305,0.0,0.0,0,735
3457,2008-01-01,2007-09-01,4,2007,214989.0,214989.0,926.562040511496,0.031728102679284165,360,356,Current,Current,none,0,0.0,0.0,0.0,0,67.11436,320332.34,71.214355,0.0,0.0,0,206
3458,2008-01-01,2007-11-01,2,2007,455583.0,455583.0,2281.21214804533,0.04399370400915185,360,358,Current,Current,none,0,0.0,0.0,0.0,0,98.49709,462534.47,106.99709,0.0,0.0,0,370
3460,2008-01-01,2004-05-01,44,2004,358862.0,358862.0,1530.3025854157397,0.03089237332750288,360,316,Current,Current,none,0,0.0,0.0,0.0,0,70.49285,509075.72,80.39285,0.0,0.0,0,524
3466,2008-01-01,1994-09-01,160,1994,668310.0,668310.0,2773.2227140949194,0.028762730915893084,360,200,Current,Current,none,0,0.0,0.0,0.0,0,38.03841,1.7569346e+06,40.23841,0.0,0.0,0,416
3473,2008-01-01,1998-06-01,115,1998,312036.0,312036.0,1389.1721177122188,0.034308955098184234,360,245,Current,Current,none,0,0.0,0.0,0.0,0,41.913204,744481.4,42.013206,0.0,0.0,0,550
3478,2008-01-01,1999-06-01,103,1999,297617.0,297617.0,1424.1695043070072,0.040192239615631585,360,257,Current,Current,none,0,0.0,0.0,0.0,0,49.061337,606622.25,53.16134,0.0,0.0,0,551
3480,2008-01-01,2007-09-01,4,2007,302043.0,302043.0,2166.8160905817685,0.03550938414497393,180,176,Current,Current,none,0,0.0,0.0,0.0,0,72.45419,416874.44,79.354195,0.0,0.0,0,860
3481,2008-01-01,1997-11-01,122,1997,643504.0,643504.0,2623.534637575279,0.027396875792968817,360,238,Current,Current,none,0,0.0,0.0,0.0,0,45.93001,1.4010535e+06,59.83001,0.0,0.0,0,407
3483,2008-01-01,1995-05-01,152,1995,1032056.0,1.032056e+06,4108.191423944962,0.025563899086222742,360,208,Current,Current,none,0,0.0,0.0,0.0,0,30.281057,3.4082562e+06,30.281057,0.0,0.0,0,882
3484,2008-01-01,2006-11-01,14,2006,194178.0,194178.0,698.4553447370803,0.018,360,346,Current,Current,none,0,0.0,0.0,0.0,0,63.54425,305579.2,71.04425,0.0,0.0,0,742
3485,2008-01-01,2004-06-01,43,2004,259619.0,259619.0,1864.38127636473,0.03565878215199712,180,137,Current,Current,none,0,0.0,0.0,0.0,0,67.30753,385720.56,67.30753,0.0,0.0,0,417
3486,2008-01-01,2007-10-01,3,2007,180101.0,180101.0,798.3279999280303,0.03396132799414985,360,357,Current,Current,none,0,0.0,0.0,0.0,0,74.30076,242394.56,78.40076,0.0,0.0,0,830
3491,2008-01-01,1994-08-01,161,1994,568899.0,568899.0,2460.921640507543,0.032019987579738514,360,199,Current,Current,none,0,0.0,0.0,0.0,0,26.055893,2.1833792e+06,26.055893,0.0,0.0,0,835
3497,2008-01-01,1998-01-01,120,1998,461036.0,461036.0,1658.3395560578672,0.018,360,240,Current,Current,none,0,0.0,0.0,0.0,0,28.226551,1.6333415e+06,30.426552,0.0,0.0,0,147
3500,2008-01-01,1997-01-01,132,1997,93150.0,93150.0,336.4631143166334,0.01830594709707202,360,228,Current,Current,none,0,0.0,0.0,0.0,0,30.22309,308208.06,30.22309,0.0,0.0,0,679
3501,2008-01-01,2005-08-01,29,2005,683630.0,683630.0,2923.1302509120196,0.03110548035722261,360,331,Current,Current,none,0,0.0,0.0,0.0,0,97.69214,699779.94,102.59214,0.0,0.0,0,906
3504,2008-01-01,2006-05-01,20,2006,346017.0,346017.0,1491.9487791984345,0.03176413780263981,360,340,Current,Current,none,0,0.0,0.0,0.0,0,72.42592,477753.03,78.42592,0.0,0.0,0,682
3506,2008-01-01,2003-06-01,55,2003,253449.0,253449.0,1007.857382987664,0.0254868685128667,360,305,Current,Current,none,0,0.0,0.0,0.0,0,64.71391,391645.3,70.21391,0.0,0.0,0,532
3516,2008-01-01,1994-11-01,158,1994,344661.0,344661.0,1317.6915675728721,0.022513556664503085,360,202,Current,Current,none,0,0.0,0.0,0.0,0,42.92525,802933.0,56.525253,0.0,0.0,0,306
3517,2008-01-01,1999-04-01,105,1999,290499.0,290499.0,1213.945888819398,0.02930835222380633,360,255,Current,Current,none,0,0.0,0.0,0.0,0,42.670074,680802.7,43.570072,0.0,0.0,0,362
3522,2008-01-01,2002-03-01,70,2002,175432.0,175432.0,1242.6697112228817,0.03366575948026426,180,110,Current,Current,none,0,0.0,0.0,0.0,0,47.771454,367231.88,49.47145,0.0,0.0,0,141
3527,2008-01-01,2002-04-01,69,2002,210697.0,210697.0,1384.4397119799844,0.022927285302572504,180,111,Current,Current,none,0,0.0,0.0,0.0,0,60.832294,346357.16,62.732296,0.0,0.0,0,380
3533,2008-01-01,1998-06-01,115,1998,337071.0,337071.0,1586.4903762741317,0.038825579077781454,360,245,Current,Current,none,0,0.0,0.0,0.0,0,28.785673,1.1709679e+06,28.985674,0.0,0.0,0,197
3537,2008-01-01,2004-01-01,48,2004,93707.0,93707.0,400.4489283834007,0.031059848422642592,360,312,Current,Current,none,0,0.0,0.0,0.0,0,47.950043,195426.31,54.950043,0.0,0.0,0,512
3539,2008-01-01,1995-01-01,156,1995,358815.0,358815.0,1672.506411093634,0.038028467964328454,360,204,Current,Current,none,0,0.0,0.0,0.0,0,38.68544,927519.5,39.085438,0.0,0.0,0,215
3545,2008-01-01,2002-08-01,65,2002,127689.0,127689.0,571.2417911750116,0.034699620122972556,360,295,Current,Current,none,0,0.0,0.0,0.0,0,37.18395,343398.2,38.083946,0.0,0.0,0,734
3549,2008-01-01,1995-09-01,148,1995,524482.0,524482.0,2511.7682920375505,0.04025811774785371,360,212,Current,Current,none,0,0.0,0.0,0.0,0,34.448067,1.5225295e+06,34.648067,0.0,0.0,0,232
3552,2008-01-01,1993-09-01,172,1993,272571.0,272571.0,1785.9607923047895,0.02253070287840065,180,8,Current,Current,none,0,0.0,0.0,0.0,0,23.814959,1.1445369e+06,24.414959,0.0,0.0,0,705
3554,2008-01-01,2004-11-01,38,2004,407684.0,407684.0,1466.4332146988427,0.018,360,322,Current,Current,none,0,0.0,0.0,0.0,0,58.551437,696283.5,58.75144,0.0,0.0,0,713
3556,2008-01-01,2001-03-01,82,2001,198246.0,198246.0,1343.6533142244991,0.027321108505695635,180,98,Current,Current,none,0,0.0,0.0,0.0,0,49.946064,396920.16,54.346066,0.0,0.0,0,752
3557,2008-01-01,2005-07-01,30,2005,255477.0,255477.0,1248.8096586416,0.04196534125178792,360,330,Current,Current,none,0,0.0,0.0,0.0,0,77.85179,328158.16,86.35179,0.0,0.0,0,987
3560,2008-01-01,2006-12-01,13,2006,59534.0,59534.0,261.47194961450396,0.033225433321111206,360,347,Current,Current,none,0,0.0,0.0,0.0,0,79.47063,74913.21,84.47063,0.0,0.0,0,472
3562,2008-01-01,1997-04-01,129,1997,809001.0,809001.0,3825.4031605593054,0.0392070517658654,360,231,Current,Current,none,0,0.0,0.0,0.0,0,27.600645,2.9310945e+06,28.300646,0.0,0.0,0,619
3564,2008-01-01,2005-09-01,28,2005,1288539.0,1.288539e+06,4982.387065596207,0.023364346855669536,360,332,Current,Current,none,0,0.0,0.0,0.0,0,82.12203,1.5690539e+06,90.02203,0.0,0.0,0,433
3566,2008-01-01,2002-12-01,61,2002,344568.0,344568.0,1482.596410500942,0.03159903767447103,360,299,Current,Current,none,0,0.0,0.0,0.0,0,52.027405,662281.75,52.027405,0.0,0.0,0,156
3569,2008-01-01,1996-11-01,134,1996,288226.0,288226.0,1063.409836272225,0.01986605250098129,360,226,Current,Current,none,0,0.0,0.0,0.0,0,36.532967,788947.7,38.43297,0.0,0.0,0,250
3574,2008-01-01,2004-11-01,38,2004,166417.0,166417.0,799.1640697224334,0.040485380307172636,360,322,Current,Current,none,0,0.0,0.0,0.0,0,70.88775,234761.31,75.38775,0.0,0.0,0,888
3579,2008-01-01,2004-05-01,44,2004,326915.0,326915.0,2083.209291159788,0.06578398624246784,360,316,Current,Current,none,0,0.0,0.0,0.0,0,55.665943,587280.06,55.665943,0.0,0.0,0,405
3582,2008-01-01,2006-09-01,16,2006,265751.0,265751.0,1812.1494858052495,0.028187412786174405,180,164,Current,Current,none,0,0.0,0.0,0.0,0,93.134285,285341.75,108.23428,0.0,0.0,0,323
3583,2008-01-01,1993-02-01,179,1993,192718.0,192718.0,835.8586286564773,0.03222913479260118,360,181,Current,Current,none,0,0.0,0.0,0.0,0,32.43572,594153.6,34.43572,0.0,0.0,0,816
3584,2008-01-01,1996-11-01,134,1996,418635.0,418635.0,1535.654805406856,0.01943977791399102,360,226,Current,Current,none,0,0.0,0.0,0.0,0,24.908842,1.6806682e+06,32.10884,0.0,0.0,0,977
3586,2008-01-01,2005-12-01,25,2005,226595.0,226595.0,1152.8059704653804,0.045347425657853976,360,335,Current,Current,none,0,0.0,0.0,0.0,0,98.858025,229212.56,103.55802,0.0,0.0,0,831
3587,2008-01-01,1994-08-01,161,1994,399270.0,399270.0,1681.7380202367283,0.029925659082157007,360,199,Current,Current,none,0,0.0,0.0,0.0,0,33.098026,1.2063258e+06,38.698025,0.0,0.0,0,118
3589,2008-01-01,2002-12-01,61,2002,505373.0,505373.0,2168.1780446735265,0.031369386818769766,360,299,Current,Current,none,0,0.0,0.0,0.0,0,42.216522,1.1970976e+06,44.416523,0.0,0.0,0,436
3591,2008-01-01,2004-06-01,43,2004,483716.0,483716.0,2339.2729201492543,0.04107001583264201,360,317,Current,Current,none,0,0.0,0.0,0.0,0,59.301018,815696.0,59.701015,0.0,0.0,0,397
3595,2008-01-01,2007-12-01,1,2007,109728.0,109728.0,487.71384846817807,0.03417917021386207,360,359,Current,Current,none,0,0.0,0.0,0.0,0,85.312325,128619.164,89.61233,0.0,0.0,0,654
3599,2008-01-01,1997-12-01,121,1997,83151.0,83151.0,339.4748208226158,0.02750413138554362,360,239,Current,Current,none,0,0.0,0.0,0.0,0,47.821327,173878.48,47.92133,0.0,0.0,0,996
3604,2008-01-01,1995-08-01,149,1995,237562.0,237562.0,1506.9519906669516,0.018,180,31,Current,Current,none,0,0.0,0.0,0.0,0,33.315304,713071.6,40.015305,0.0,0.0,0,117
3609,2008-01-01,1998-04-01,117,1998,230377.0,230377.0,1740.5706529799618,0.04314193853082452,180,63,Current,Current,none,0,0.0,0.0,0.0,0,40.635757,566931.7,40.73576,0.0,0.0,0,318
3613,2008-01-01,2002-01-01,72,2002,347177.0,347177.0,2709.08753268682,0.04798150847810856,180,108,Current,Current,none,0,0.0,0.0,0.0,0,40.2921,861650.3,45.8921,0.0,0.0,0,989
3614,2008-01-01,1995-03-01,154,1995,546010.0,546010.0,3465.486023932053,0.01807717999938473,180,26,Current,Current,none,0,0.0,0.0,0.0,0,20.735878,2.6331655e+06,21.03588,0.0,0.0,0,393
3615,2008-01-01,2007-12-01,1,2007,233720.0,233720.0,957.6475905944566,0.027782935717338114,360,359,Current,Current,none,0,0.0,0.0,0.0,0,53.396194,437709.1,59.296192,0.0,0.0,0,631
3616,2008-01-01,2007-06-01,7,2007,479369.0,479369.0,2578.545778086046,0.0501770432645546,360,353,Current,Current,none,0,0.0,0.0,0.0,0,102.71972,466676.72,116.61972,0.0,0.0,0,416
3620,2008-01-01,2004-10-01,39,2004,424852.0,424852.0,1528.1862524191104,0.018,360,321,Current,Current,none,0,0.0,0.0,0.0,0,75.55615,562299.7,78.05615,0.0,0.0,0,766
3622,2008-01-01,1994-11-01,158,1994,163248.0,163248.0,874.8952913583964,0.049854079736867826,360,202,Current,Current,none,0,0.0,0.0,0.0,0,42.36291,385355.94,52.762913,0.0,0.0,0,136
3624,2008-01-01,2005-11-01,26,2005,131167.0,131167.0,545.6614420281069,0.02895800251995191,360,334,Current,Current,none,0,0.0,0.0,0.0,0,93.263985,140640.58,98.263985,0.0,0.0,0,426
3626,2008-01-01,1994-07-01,162,1994,654453.0,654453.0,2498.983613314399,0.022420962392452774,360,198,Current,Current,none,0,0.0,0.0,0.0,0,21.340382,3.0667352e+06,21.340382,0.0,0.0,0,201
3628,2008-01-01,1996-04-01,141,1996,218360.0,218360.0,1630.2374107546773,0.0413720578995151,180,39,Current,Current,none,0,0.0,0.0,0.0,0,36.434895,599315.6,37.534893,0.0,0.0,0,157
3630,2008-01-01,2004-09-01,40,2004,286066.0,286066.0,1194.645138163383,0.029257797002261724,360,320,Current,Current,none,0,0.0,0.0,0.0,0,79.5142,359767.2,79.614204,0.0,0.0,0,333
3633,2008-01-01,2006-01-01,24,2006,151640.0,151640.0,577.3558064941736,0.02220458836030242,360,336,Current,Current,none,0,0.0,0.0,0.0,0,75.15298,201775.11,80.252975,0.0,0.0,0,326
3636,2008-01-01,2006-03-01,22,2006,347347.0,347347.0,1410.2477879830717,0.02707725822032803,360,338,Current,Current,none,0,0.0,0.0,0.0,0,103.19129,336604.97,114.69129,0.0,0.0,0,570
3640,2008-01-01,1997-07-01,126,1997,143682.0,143682.0,615.8257473372482,0.03129186435333277,360,234,Current,Current,none,0,0.0,0.0,0.0,0,41.09506,349633.28,41.195057,0.0,0.0,0,602
3642,2008-01-01,2001-09-01,76,2001,153383.0,153383.0,629.347682070629,0.027890252477167886,360,284,Current,Current,none,0,0.0,0.0,0.0,0,43.060787,356201.12,43.760784,0.0,0.0,0,528
3644,2008-01-01,2007-02-01,11,2007,491858.0,491858.0,3681.6522701829704,0.041756176306717546,180,169,Current,Current,none,0,0.0,0.0,0.0,0,85.6472,574283.8,91.1472,0.0,0.0,0,861
3647,2008-01-01,1994-04-01,165,1994,251907.0,251907.0,1615.5735652258068,0.019527941573814486,180,15,Current,Current,none,0,0.0,0.0,0.0,0,33.352135,755294.94,45.152138,0.0,0.0,0,589
3649,2008-01-01,2001-06-01,79,2001,203027.0,203027.0,745.1201897171535,0.019476169619910617,360,281,Current,Current,none,0,0.0,0.0,0.0,0,33.966503,597727.1,35.966503,0.0,0.0,0,499
3653,2008-01-01,2002-09-01,64,2002,338398.0,338398.0,1324.7059513405034,0.02429473892812416,360,296,Current,Current,none,0,0.0,0.0,0.0,0,61.839348,547221.1,63.63935,0.0,0.0,0,264
3654,2008-01-01,2002-09-01,64,2002,276860.0,276860.0,1134.022351094788,0.027756551898564047,360,296,Current,Current,none,0,0.0,0.0,0.0,0,50.469124,548573.0,53.469124,0.0,0.0,0,349
3658,2008-01-01,2000-06-01,91,2000,133154.0,133154.0,478.952934797563,0.018,360,269,Current,Current,none,0,0.0,0.0,0.0,0,40.82051,326193.88,40.92051,0.0,0.0,0,341
3659,2008-01-01,2001-08-01,77,2001,283411.0,283411.0,1797.7907688389196,0.018,180,103,Current,Current,none,0,0.0,0.0,0.0,0,48.394913,585621.5,49.29491,0.0,0.0,0,468
3667,2008-01-01,2003-02-01,59,2003,414487.0,414487.0,1540.1636686948052,0.020392056872066106,360,301,Current,Current,none,0,0.0,0.0,0.0,0,61.959175,668967.94,64.05917,0.0,0.0,0,502
3669,2008-01-01,1996-06-01,139,1996,278089.0,278089.0,1000.2819493587839,0.018,360,221,Current,Current,none,0,0.0,0.0,0.0,0,40.87398,680357.0,48.973984,0.0,0.0,0,417
3670,2008-01-01,1998-08-01,113,1998,237184.0,237184.0,1143.6371041884686,0.04082313788297408,360,247,Current,Current,none,0,0.0,0.0,0.0,0,49.689407,477333.12,62.289406,0.0,0.0,0,608
3671,2008-01-01,1994-08-01,161,1994,375881.0,375881.0,2873.5346843091993,0.04489952716363889,180,19,Current,Current,none,0,0.0,0.0,0.0,0,38.309204,981176.7,49.909206,0.0,0.0,0,635
3672,2008-01-01,1994-10-01,159,1994,192410.0,192410.0,1052.9106187315635,0.05169404852576511,360,201,Current,Current,none,0,0.0,0.0,0.0,0,35.721752,538635.4,42.12175,0.0,0.0,0,556
3673,2008-01-01,1996-07-01,138,1996,344171.0,344171.0,1592.6298436295108,0.03743445884997252,360,222,Current,Current,none,0,0.0,0.0,0.0,0,44.71364,769722.6,61.41364,0.0,0.0,0,224
3679,2008-01-01,1999-07-01,102,1999,112743.0,112743.0,614.3151439789526,0.051314022333738274,360,258,Current,Current,none,0,0.0,0.0,0.0,0,43.57494,258733.58,44.37494,0.0,0.0,0,408
3682,2008-01-01,2001-06-01,79,2001,379497.0,379497.0,2545.5419327050563,0.02584353312572485,180,101,Current,Current,none,0,0.0,0.0,0.0,0,57.670223,658046.7,64.47022,0.0,0.0,0,584
3686,2008-01-01,2003-02-01,59,2003,357921.0,357921.0,1606.2101926544267,0.034949187097114934,360,301,Current,Current,none,0,0.0,0.0,0.0,0,70.66046,506536.47,77.66046,0.0,0.0,0,728
3690,2008-01-01,2007-03-01,10,2007,135076.0,135076.0,562.2426502058569,0.029002190227228723,360,350,Current,Current,none,0,0.0,0.0,0.0,0,97.55082,138467.31,109.45082,0.0,0.0,0,563
3694,2008-01-01,1994-07-01,162,1994,239412.0,239412.0,1103.9847524169845,0.03714851545824467,360,198,Current,Current,none,0,0.0,0.0,0.0,0,34.584522,692251.9,34.584522,0.0,0.0,1,675
3695,2008-01-01,2004-10-01,39,2004,285535.0,285535.0,1321.3461029112525,0.03743758891179155,360,321,Current,Current,none,0,0.0,0.0,0.0,0,75.55615,377910.97,84.65615,0.0,0.0,0,538
3696,2008-01-01,1996-04-01,141,1996,612707.0,612707.0,2879.8133521501536,0.038711127507404054,360,219,Current,Current,none,0,0.0,0.0,0.0,0,30.242401,2.0259866e+06,32.7424,0.0,0.0,0,678
3697,2008-01-01,2002-02-01,71,2002,104108.0,104108.0,527.8622143705652,0.045058554510495896,360,289,Current,Current,none,0,0.0,0.0,0.0,0,62.669743,166121.64,76.86974,0.0,0.0,0,534
3701,2008-01-01,2005-06-01,31,2005,565323.0,565323.0,2033.4583261378757,0.018,360,329,Current,Current,none,0,0.0,0.0,0.0,0,90.5956,624007.2,94.195595,0.0,0.0,0,270
3703,2008-01-01,2003-11-01,50,2003,297973.0,297973.0,1360.4481360594048,0.03634170059772842,360,310,Current,Current,none,0,0.0,0.0,0.0,0,50.53381,589650.8,51.233807,0.0,0.0,0,874
3705,2008-01-01,2001-05-01,80,2001,429705.0,429705.0,2022.3405529110792,0.03881948705434447,360,280,Current,Current,none,0,0.0,0.0,0.0,0,51.091537,841049.25,51.091537,0.0,0.0,0,345
3707,2008-01-01,1999-09-01,100,1999,273662.0,273662.0,1963.6782388851882,0.03554381001490305,180,80,Current,Current,none,0,0.0,0.0,0.0,0,44.74878,611551.9,45.14878,0.0,0.0,0,342
3710,2008-01-01,2005-08-01,29,2005,160699.0,160699.0,688.9894138626383,0.03131795901031676,360,331,Current,Current,none,0,0.0,0.0,0.0,0,61.391796,261759.73,64.691795,0.0,0.0,0,110
3714,2008-01-01,2002-08-01,65,2002,283031.0,283031.0,1562.8599183658444,0.05249727659490757,360,295,Current,Current,none,0,0.0,0.0,0.0,0,47.901672,590858.25,50.901672,0.0,0.0,0,258
3715,2008-01-01,2006-06-01,19,2006,174223.0,174223.0,1026.7049154533875,0.05840036013996082,360,341,Current,Current,none,0,0.0,0.0,0.0,0,93.63487,186066.36,99.73487,0.0,0.0,0,177
3718,2008-01-01,2002-04-01,69,2002,244631.0,244631.0,1113.5935045951956,0.03610108744065529,360,291,Current,Current,none,0,0.0,0.0,0.0,0,46.408142,527129.5,46.608143,0.0,0.0,0,765
3719,2008-01-01,2004-08-01,41,2004,201507.0,201507.0,1144.4925283331445,0.05502831007287457,360,319,Current,Current,none,0,0.0,0.0,0.0,0,76.78292,262437.25,76.78292,0.0,0.0,0,127
3720,2008-01-01,2000-11-01,86,2000,294134.0,294134.0,1271.7960185191093,0.03198532507709541,360,274,Current,Current,none,0,0.0,0.0,0.0,0,48.804703,602675.56,60.804703,0.0,0.0,1,736
3725,2008-01-01,2002-06-01,67,2002,386083.0,386083.0,1885.9471542749577,0.04190833441826858,360,293,Current,Current,none,0,0.0,0.0,0.0,0,56.134228,687785.4,56.234226,0.0,0.0,0,396
3726,2008-01-01,2004-04-01,45,2004,538835.0,538835.0,2927.1264925286464,0.051045995415327054,360,315,Current,Current,none,0,0.0,0.0,0.0,0,72.20306,746277.25,76.60306,0.0,0.0,0,140
3731,2008-01-01,2003-08-01,53,2003,249776.0,249776.0,1727.3249742739117,0.030201179933306472,180,127,Current,Current,none,0,0.0,0.0,0.0,0,63.899002,390891.84,64.499,0.0,0.0,0,587
3741,2008-01-01,2004-04-01,45,2004,78060.0,78060.0,280.78064564562663,0.018,360,315,Current,Current,none,0,0.0,0.0,0.0,0,32.299118,241678.42,36.99912,0.0,0.0,0,807
3743,2008-01-01,2004-03-01,46,2004,327794.0,327794.0,1283.6463339461284,0.024321353752639493,360,314,Current,Current,none,0,0.0,0.0,0.0,0,52.805496,620757.3,53.505497,0.0,0.0,0,383
3749,2008-01-01,2000-07-01,90,2000,200892.0,200892.0,1050.9520232656598,0.04774793049918405,360,270,Current,Current,none,0,0.0,0.0,0.0,0,38.624283,520118.4,71.42428,0.0,0.0,0,679
3750,2008-01-01,2004-06-01,43,2004,1345784.0,1.345784e+06,5492.817320328955,0.027482783590725243,360,317,30 DPD,Delinquent,none,0,0.0,0.0,0.0,1,75.22607,1.7889862e+06,76.62607,0.0,0.0,0,128
3757,2008-01-01,1997-12-01,121,1997,366478.0,366478.0,1458.4592770761824,0.025546168416152072,360,239,Current,Current,none,0,0.0,0.0,0.0,0,41.83097,876092.5,41.83097,0.0,0.0,0,962
3759,2008-01-01,2004-05-01,44,2004,143020.0,143020.0,632.9008774017669,0.03382764761120391,360,316,Current,Current,none,0,0.0,0.0,0.0,0,73.09406,195665.67,85.59406,0.0,0.0,0,186
3772,2008-01-01,2005-08-01,29,2005,91842.0,91842.0,424.407386956658,0.03732197550637746,360,331,Current,Current,none,0,0.0,0.0,0.0,0,75.6857,121346.57,80.3857,0.0,0.0,0,746
3775,2008-01-01,2006-11-01,14,2006,343094.0,343094.0,1516.064313489975,0.033710964094110264,360,346,Current,Current,none,0,0.0,0.0,0.0,0,87.58802,391713.38,92.58802,0.0,0.0,0,386
3779,2008-01-01,1999-01-01,108,1999,85553.0,85553.0,320.0274089391855,0.020886671612147547,360,252,Current,Current,none,0,0.0,0.0,0.0,0,25.796364,331647.5,27.596365,0.0,0.0,0,537
3781,2008-01-01,1998-10-01,111,1998,360792.0,360792.0,2008.5169040052078,0.0532240200470785,360,249,Current,Current,none,0,0.0,0.0,0.0,0,41.7298,864590.75,46.9298,0.0,0.0,0,994
3783,2008-01-01,2000-05-01,92,2000,161838.0,161838.0,596.9904860157953,0.01985234369479836,360,268,Current,Current,none,0,0.0,0.0,0.0,0,31.520798,513432.44,31.720798,0.0,0.0,0,791
3784,2008-01-01,2004-06-01,43,2004,465494.0,465494.0,2344.3942407847544,0.04448598935799754,360,317,30 DPD,Delinquent,none,0,0.0,0.0,0.0,1,67.04358,694315.5,67.34358,0.0,0.0,0,467
3787,2008-01-01,2005-12-01,25,2005,743392.0,743392.0,3407.7399314748704,0.03666746233600099,360,335,Current,Current,none,0,0.0,0.0,0.0,0,94.64682,785437.94,100.946815,0.0,0.0,0,351
3789,2008-01-01,1996-05-01,140,1996,201753.0,201753.0,1279.8009992045422,0.018,180,40,Current,Current,none,0,0.0,0.0,0.0,0,38.770954,520371.5,40.870956,0.0,0.0,0,589
3790,2008-01-01,1996-03-01,142,1996,368715.0,368715.0,1652.6298673673791,0.03485099736892157,360,218,Current,Current,none,0,0.0,0.0,0.0,0,29.787323,1.2378252e+06,30.087322,0.0,0.0,0,669
3794,2008-01-01,1994-01-01,168,1994,162775.0,162775.0,639.1839537160978,0.024529579547232967,360,192,Current,Current,none,0,0.0,0.0,0.0,0,33.047974,492541.53,34.847977,0.0,0.0,0,390
3797,2008-01-01,2001-10-01,75,2001,549281.0,549281.0,1975.7554934777793,0.018,360,285,Current,Current,none,0,0.0,0.0,0.0,0,50.376644,1.0903486e+06,51.176643,0.0,0.0,0,979
3798,2008-01-01,2001-11-01,74,2001,277416.0,277416.0,1759.7620555596561,0.018,180,106,Current,Current,none,0,0.0,0.0,0.0,0,39.069157,710064.0,43.969154,0.0,0.0,0,959
3799,2008-01-01,1999-02-01,107,1999,102197.0,102197.0,458.42403396876,0.03491475437122064,360,253,Current,Current,none,0,0.0,0.0,0.0,0,43.26269,236224.33,44.56269,0.0,0.0,0,956
3800,2008-01-01,1997-07-01,126,1997,207331.0,207331.0,773.650579528324,0.02070353911576312,360,234,Current,Current,none,0,0.0,0.0,0.0,0,24.436255,848456.56,24.436255,0.0,0.0,0,325
3801,2008-01-01,2000-09-01,88,2000,254073.0,254073.0,1132.6581341988567,0.034417650963083406,360,272,Current,Current,none,0,0.0,0.0,0.0,0,50.350807,504605.6,52.650806,0.0,0.0,0,621
3802,2008-01-01,2002-05-01,68,2002,580128.0,580128.0,2490.4242895021466,0.031417758973180596,360,292,Current,Current,none,0,0.0,0.0,0.0,0,46.528614,1.2468199e+06,48.128613,0.0,0.0,0,916
3803,2008-01-01,1999-12-01,97,1999,218586.0,218586.0,1570.057231267435,0.03569064523552045,180,83,Current,Current,none,0,0.0,0.0,0.0,0,56.0324,390106.47,67.8324,0.0,0.0,0,861
3813,2008-01-01,2001-05-01,80,2001,277319.0,277319.0,1053.2042052094046,0.0220157291915106,360,280,Current,Current,none,0,0.0,0.0,0.0,0,48.73044,569087.8,49.030437,0.0,0.0,0,860
3819,2008-01-01,1997-10-01,123,1997,205081.0,205081.0,913.1103215609119,0.034317528610473484,360,237,Current,Current,none,0,0.0,0.0,0.0,0,46.87193,437534.78,51.171932,0.0,0.0,0,280
3822,2008-01-01,1998-03-01,118,1998,197529.0,197529.0,1087.9552183549995,0.052270409737611344,360,242,Current,Current,none,0,0.0,0.0,0.0,0,41.86477,471826.34,42.964767,0.0,0.0,0,369
3825,2008-01-01,2005-02-01,35,2005,284679.0,284679.0,2018.6299426307214,0.03381753938625595,180,145,Current,Current,none,0,0.0,0.0,0.0,0,79.79072,356782.1,82.59072,0.0,0.0,0,237
3829,2008-01-01,2003-01-01,60,2003,367255.0,367255.0,1620.6788215970987,0.033605228956264555,360,300,Current,Current,none,0,0.0,0.0,0.0,0,55.888668,657118.9,57.288666,0.0,0.0,0,598
3835,2008-01-01,2001-03-01,82,2001,436791.0,436791.0,2184.962237655689,0.04391019917018393,360,278,Current,Current,none,0,0.0,0.0,0.0,0,40.460186,1.0795576e+06,45.260185,0.0,0.0,0,802
3844,2008-01-01,1997-04-01,129,1997,250608.0,250608.0,2031.0706425758308,0.05374844757880334,180,51,Current,Current,none,0,0.0,0.0,0.0,0,41.647404,601737.44,42.647404,0.0,0.0,0,794
3853,2008-01-01,2001-04-01,81,2001,445668.0,445668.0,3196.818281064593,0.03549368236456408,180,99,Current,Current,none,0,0.0,0.0,0.0,0,55.143593,808195.44,56.343594,0.0,0.0,0,343
3855,2008-01-01,2005-10-01,27,2005,344663.0,344663.0,1377.827460733061,0.025889435334064653,360,333,Current,Current,none,0,0.0,0.0,0.0,0,75.126915,458774.3,80.52692,0.0,0.0,0,237
3857,2008-01-01,2004-06-01,43,2004,227720.0,227720.0,1546.9296137557428,0.027645064491698148,180,137,Current,Current,none,0,0.0,0.0,0.0,0,63.964153,356011.9,67.164154,0.0,0.0,0,976
3860,2008-01-01,2000-02-01,95,2000,199741.0,199741.0,870.3530213638411,0.0325973509172179,360,265,Current,Current,none,0,0.0,0.0,0.0,0,40.03417,498926.34,40.634167,0.0,0.0,0,482
3861,2008-01-01,2000-01-01,96,2000,374121.0,374121.0,1412.7555662433463,0.021589764859485855,360,264,Current,Current,none,0,0.0,0.0,0.0,0,35.01368,1.0684996e+06,35.01368,0.0,0.0,0,675
3862,2008-01-01,2002-03-01,70,2002,747885.0,747885.0,2812.6331504772074,0.021284977645109518,360,290,Current,Current,none,0,0.0,0.0,0.0,0,43.842197,1.7058565e+06,44.0422,0.0,0.0,0,114
3864,2008-01-01,1996-01-01,144,1996,450452.0,450452.0,1823.5796633646225,0.026855091772335637,360,216,Current,Current,none,0,0.0,0.0,0.0,0,40.17185,1.1213126e+06,43.971848,0.0,0.0,0,369
3867,2008-01-01,2002-02-01,71,2002,377443.0,377443.0,1454.815589103716,0.02312464400915798,360,289,Current,Current,none,0,0.0,0.0,0.0,0,49.138,768128.56,49.438,0.0,0.0,0,584
3869,2008-01-01,2004-01-01,48,2004,197407.0,197407.0,855.378904621103,0.03215357486890697,360,312,Current,Current,none,0,0.0,0.0,0.0,0,60.12261,328340.72,61.02261,0.0,0.0,0,806
3873,2008-01-01,1997-02-01,131,1997,363816.0,363816.0,2335.5249646231914,0.019661729112040893,180,49,Current,Current,none,0,0.0,0.0,0.0,0,30.637882,1.1874711e+06,34.237885,0.0,0.0,0,697
3877,2008-01-01,1997-09-01,124,1997,191583.0,191583.0,819.8715714167514,0.03117102840512168,360,236,Current,Current,none,0,0.0,0.0,0.0,0,40.71464,470550.66,43.81464,0.0,0.0,0,395
3879,2008-01-01,2004-02-01,47,2004,224984.0,224984.0,1001.7852747979977,0.034322175230866656,360,313,Current,Current,none,0,0.0,0.0,0.0,0,67.9107,331293.9,77.21069,0.0,0.0,0,986
3880,2008-01-01,1998-10-01,111,1998,136102.0,136102.0,489.5568464471057,0.018,360,249,Current,Current,none,0,0.0,0.0,0.0,0,33.34082,408214.3,34.84082,0.0,0.0,0,214
3883,2008-01-01,2002-11-01,62,2002,739035.0,739035.0,5278.775052496412,0.03487715683298833,180,118,Current,Current,none,0,0.0,0.0,0.0,0,45.231056,1.6339105e+06,62.731056,0.0,0.0,0,599
3885,2008-01-01,2001-07-01,78,2001,626392.0,626392.0,3219.8537060512635,0.04623199128306266,360,282,Current,Current,none,0,0.0,0.0,0.0,0,49.54358,1.2643252e+06,53.94358,0.0,0.0,0,398
3891,2008-01-01,2000-06-01,91,2000,489917.0,489917.0,2747.0093103627432,0.053868324537629485,360,269,Current,Current,none,0,0.0,0.0,0.0,0,46.15292,1.0615081e+06,51.052917,0.0,0.0,0,354
3892,2008-01-01,1999-02-01,107,1999,579637.0,579637.0,2423.716540987702,0.029356954473515814,360,253,Current,Current,none,0,0.0,0.0,0.0,0,43.045288,1.3465748e+06,52.44529,0.0,0.0,0,243
3893,2008-01-01,1999-11-01,98,1999,175309.0,175309.0,719.0692732721108,0.027864128725294618,360,262,Current,Current,none,0,0.0,0.0,0.0,0,46.132137,380014.94,54.132137,0.0,0.0,0,496
3894,2008-01-01,2001-10-01,75,2001,203358.0,203358.0,1223.5450924709303,0.060329486813959006,360,285,Current,Current,none,0,0.0,0.0,0.0,0,48.61853,418272.6,49.01853,0.0,0.0,0,813
3896,2008-01-01,1994-02-01,167,1994,325488.0,325488.0,1499.7673607862753,0.037086966355349735,360,193,Current,Current,none,0,0.0,0.0,0.0,0,37.62181,865157.7,52.62181,0.0,0.0,0,231
3897,2008-01-01,1998-06-01,115,1998,578292.0,578292.0,2344.7926641302647,0.026975555849445037,360,245,Current,Current,none,0,0.0,0.0,0.0,0,37.221035,1.5536699e+06,37.721035,0.0,0.0,0,199
3898,2008-01-01,1996-07-01,138,1996,228165.0,228165.0,977.3023737028813,0.031241906260858356,360,222,Current,Current,none,0,0.0,0.0,0.0,0,38.325977,595327.3,38.425976,0.0,0.0,1,366
3904,2008-01-01,2003-06-01,55,2003,212826.0,212826.0,782.5506506098411,0.019614570734893488,360,305,Current,Current,none,0,0.0,0.0,0.0,0,58.951183,361020.75,59.05118,0.0,0.0,0,624
3906,2008-01-01,2003-09-01,52,2003,420253.0,420253.0,1829.582646042676,0.03252666280030287,360,308,Current,Current,none,0,0.0,0.0,0.0,0,66.66466,630398.5,68.764656,0.0,0.0,0,526
3908,2008-01-01,2006-05-01,20,2006,417971.0,417971.0,2009.0770821231852,0.04056421714653491,360,340,Current,Current,none,0,0.0,0.0,0.0,0,70.162605,595717.6,76.36261,0.0,0.0,0,164
3913,2008-01-01,1996-08-01,137,1996,509058.0,509058.0,3818.2354720186327,0.04206110386362079,180,43,Current,Current,none,0,0.0,0.0,0.0,0,37.647526,1.3521686e+06,52.847527,0.0,0.0,0,205
3917,2008-01-01,2007-03-01,10,2007,180365.0,180365.0,667.4048415412573,0.02008209292175682,360,350,Current,Current,none,0,0.0,0.0,0.0,0,86.15569,209347.75,99.35569,0.0,0.0,0,662
3918,2008-01-01,2006-01-01,24,2006,154416.0,154416.0,669.7602697333311,0.032232148870001885,360,336,Current,Current,none,0,0.0,0.0,0.0,0,53.272995,289857.9,61.872997,0.0,0.0,0,601
3919,2008-01-01,1998-11-01,110,1998,225179.0,225179.0,1428.4016059234789,0.018,180,70,Current,Current,none,0,0.0,0.0,0.0,0,46.184803,487560.8,46.984802,0.0,0.0,0,164
3921,2008-01-01,2001-10-01,75,2001,240597.0,240597.0,1130.9793633969582,0.03872115324581809,360,285,Current,Current,none,0,0.0,0.0,0.0,0,54.366203,442548.84,54.7662,0.0,0.0,0,717
3927,2008-01-01,1998-10-01,111,1998,175578.0,175578.0,1326.6314591941064,0.04315142097023094,180,69,Current,Current,none,0,0.0,0.0,0.0,0,32.050205,547821.75,34.650208,0.0,0.0,0,542
3931,2008-01-01,2003-11-01,50,2003,117640.0,117640.0,828.1640519967996,0.032769983157421675,180,130,Current,Current,none,0,0.0,0.0,0.0,0,42.260216,278370.56,47.960217,0.0,0.0,0,367
3945,2008-01-01,2006-05-01,20,2006,302496.0,302496.0,1141.0467058868683,0.021508888277631512,360,340,Current,Current,none,0,0.0,0.0,0.0,0,104.00448,290849.03,115.204475,0.0,0.0,0,608
3955,2008-01-01,1998-02-01,119,1998,239889.0,239889.0,862.8771240492407,0.018,360,241,Current,Current,none,0,0.0,0.0,0.0,0,23.953335,1.0014848e+06,28.353334,0.0,0.0,0,179
3956,2008-01-01,1997-05-01,128,1997,346826.0,346826.0,1357.2676093676723,0.02427071134729522,360,232,Current,Current,none,0,0.0,0.0,0.0,0,28.423582,1.2202051e+06,28.423582,0.0,0.0,0,800
3959,2008-01-01,2003-02-01,59,2003,630498.0,630498.0,5276.627734037076,0.058709079302839626,180,121,Current,Current,none,0,0.0,0.0,0.0,0,62.33423,1.01147956e+06,64.23423,0.0,0.0,0,758
3961,2008-01-01,2002-08-01,65,2002,280221.0,280221.0,1902.4047326142506,0.02755731809654506,180,115,Current,Current,none,0,0.0,0.0,0.0,0,54.244816,516585.75,54.244816,0.0,0.0,0,733
3964,2008-01-01,2004-06-01,43,2004,170530.0,170530.0,618.1714142609458,0.018568084635321544,360,317,Current,Current,none,0,0.0,0.0,0.0,0,47.159264,361604.44,47.559265,0.0,0.0,0,638
3967,2008-01-01,1993-06-01,175,1993,385751.0,385751.0,1607.4107334985367,0.029087085244557907,360,185,Current,Current,none,0,0.0,0.0,0.0,0,34.57218,1.1157844e+06,36.872185,0.0,0.0,0,267
3968,2008-01-01,1999-12-01,97,1999,236217.0,236217.0,1000.2201067307412,0.030338665715116002,360,263,Current,Current,none,0,0.0,0.0,0.0,0,53.704987,439841.84,53.904987,0.0,0.0,0,109
3974,2008-01-01,2007-01-01,12,2007,592164.0,592164.0,2253.772187219549,0.022176724368588627,360,348,Current,Current,none,0,0.0,0.0,0.0,0,73.58795,804702.4,77.98795,0.0,0.0,0,924
3975,2008-01-01,2000-07-01,90,2000,188840.0,188840.0,729.8337931221239,0.02332795143569283,360,270,Current,Current,none,0,0.0,0.0,0.0,0,46.65813,404731.16,46.758133,0.0,0.0,0,675
3977,2008-01-01,1997-09-01,124,1997,317704.0,317704.0,2388.6207238014886,0.04241304888756072,180,56,Current,Current,none,0,0.0,0.0,0.0,0,38.49476,825317.56,40.89476,0.0,0.0,0,401
3978,2008-01-01,2007-09-01,4,2007,188196.0,188196.0,1248.2034894517435,0.02424619268170975,180,176,Current,Current,none,0,0.0,0.0,0.0,0,64.182686,293219.25,68.282684,0.0,0.0,0,973
3982,2008-01-01,1998-10-01,111,1998,372934.0,372934.0,1494.3961857361944,0.026071300846798758,360,249,Current,Current,none,0,0.0,0.0,0.0,0,49.31215,756272.06,61.912148,0.0,0.0,0,933
3983,2008-01-01,2007-04-01,9,2007,410948.0,410948.0,1832.2931397201517,0.03443015894085386,360,351,Current,Current,none,0,0.0,0.0,0.0,0,66.11184,621595.2,72.51184,0.0,0.0,0,900
3993,2008-01-01,1995-07-01,150,1995,315789.0,315789.0,1828.4671486880186,0.05678133341566244,360,210,Current,Current,none,0,0.0,0.0,0.0,0,42.638508,740619.25,59.83851,0.0,0.0,0,121
3999,2008-01-01,2006-07-01,18,2006,97187.0,97187.0,602.7695352780256,0.06319067150072014,360,342,Current,Current,none,0,0.0,0.0,0.0,0,79.31337,122535.45,85.11337,0.0,0.0,0,689
4011,2008-01-01,2001-07-01,78,2001,269526.0,269526.0,1075.061913095375,0.025719392577791197,360,282,Current,Current,none,0,0.0,0.0,0.0,0,34.453487,782289.44,34.553486,0.0,0.0,0,839
4012,2008-01-01,1994-07-01,162,1994,272480.0,272480.0,1993.1110129951942,0.038354806217041175,180,18,Current,Current,none,0,0.0,0.0,0.0,0,36.971275,737004.56,40.371277,0.0,0.0,0,982
4018,2008-01-01,2004-08-01,41,2004,192659.0,192659.0,1404.5483771999968,0.03786475251894048,180,139,Current,Current,none,0,0.0,0.0,0.0,0,62.757004,306992.03,64.257,0.0,0.0,0,820
4021,2008-01-01,1997-08-01,125,1997,286221.0,286221.0,1029.53263101892,0.018,360,235,Current,Current,none,0,0.0,0.0,0.0,0,23.769127,1.2041712e+06,36.16913,0.0,0.0,0,668
4027,2008-01-01,2005-09-01,28,2005,219233.0,219233.0,976.5762807640626,0.03435487938239901,360,332,Current,Current,none,0,0.0,0.0,0.0,0,88.66273,247266.25,92.56273,0.0,0.0,0,140
4030,2008-01-01,2005-01-01,36,2005,140470.0,140470.0,505.26847673380956,0.018,360,324,Current,Current,none,0,0.0,0.0,0.0,0,63.83634,220047.08,66.73634,0.0,0.0,0,474
4037,2008-01-01,1998-07-01,114,1998,798115.0,798115.0,4165.996397880411,0.04755509293847096,360,246,Current,Current,none,0,0.0,0.0,0.0,0,39.779186,2.0063632e+06,45.979187,0.0,0.0,0,795
4047,2008-01-01,2005-10-01,27,2005,131867.0,131867.0,557.0893945926279,0.030159192622981116,360,333,Current,Current,none,0,0.0,0.0,0.0,0,71.36535,184777.36,74.165344,0.0,0.0,0,393
4051,2008-01-01,2000-12-01,85,2000,76129.0,76129.0,293.0394006969001,0.023024119239391024,360,275,Current,Current,none,0,0.0,0.0,0.0,0,54.626205,139363.52,54.626205,0.0,0.0,0,207
4054,2008-01-01,1993-11-01,170,1993,237911.0,237911.0,1181.9463116925572,0.043328434275719536,360,190,Current,Current,none,0,0.0,0.0,0.0,0,42.129616,564712.0,43.829617,0.0,0.0,0,818
4058,2008-01-01,2003-12-01,49,2003,126305.0,126305.0,547.0910258641337,0.03212497904769205,360,311,Current,Current,none,0,0.0,0.0,0.0,0,55.09183,229262.67,55.09183,0.0,0.0,0,637
4060,2008-01-01,2000-10-01,87,2000,100185.0,100185.0,374.6935741980432,0.02087326533902438,360,273,Current,Current,none,0,0.0,0.0,0.0,0,55.855656,179364.11,60.055656,0.0,0.0,0,246
4061,2008-01-01,2007-11-01,2,2007,581631.0,581631.0,2497.266854081433,0.031430078889245136,360,358,Current,Current,none,0,0.0,0.0,0.0,0,67.88313,856812.3,71.88313,0.0,0.0,0,760
4062,2008-01-01,2005-06-01,31,2005,643737.0,643737.0,2701.771815744055,0.029646735605323788,360,329,Current,Current,none,0,0.0,0.0,0.0,0,74.90978,859349.7,84.209785,0.0,0.0,0,188
4063,2008-01-01,1995-10-01,147,1995,447438.0,447438.0,1742.8536255097406,0.02391801383443924,360,213,Current,Current,none,0,0.0,0.0,0.0,0,25.987833,1.7217211e+06,27.387833,0.0,0.0,0,691
4064,2008-01-01,2007-01-01,12,2007,715977.0,715977.0,3773.6412196450733,0.04839602763378932,360,348,Current,Current,none,0,0.0,0.0,0.0,0,83.41392,858342.4,88.81392,0.0,0.0,0,168
4065,2008-01-01,2004-09-01,40,2004,678186.0,678186.0,2557.3611634123977,0.021484770775034964,360,320,Current,Current,none,0,0.0,0.0,0.0,0,71.71691,945643.0,72.11691,0.0,0.0,0,379
4067,2008-01-01,2001-06-01,79,2001,348212.0,348212.0,1319.6974299131723,0.021860506152185055,360,281,Current,Current,none,0,0.0,0.0,0.0,0,57.47159,605885.44,62.17159,0.0,0.0,0,357
4069,2008-01-01,2004-01-01,48,2004,309633.0,309633.0,2140.474793441858,0.030148099776173814,180,132,Current,Current,none,0,0.0,0.0,0.0,0,58.066433,533239.25,66.06643,0.0,0.0,0,357
4070,2008-01-01,2006-02-01,23,2006,133191.0,133191.0,504.30045043245957,0.021788960550036686,360,337,Current,Current,none,0,0.0,0.0,0.0,0,83.2827,159926.38,90.982704,0.0,0.0,0,639
4074,2008-01-01,2005-09-01,28,2005,848914.0,848914.0,3053.5308867231806,0.018,360,332,Current,Current,none,0,0.0,0.0,0.0,0,87.10542,974582.3,90.70542,0.0,0.0,0,300
4076,2008-01-01,2000-02-01,95,2000,714018.0,714018.0,3294.7333026439833,0.03720365170460917,360,265,Current,Current,none,0,0.0,0.0,0.0,0,50.380737,1.4172441e+06,56.780735,0.0,0.0,0,326
4077,2008-01-01,2004-06-01,43,2004,461326.0,461326.0,2169.180876927031,0.038744502906187486,360,317,Current,Current,none,0,0.0,0.0,0.0,0,59.301018,777939.44,68.40102,0.0,0.0,0,362
4080,2008-01-01,1999-09-01,100,1999,103627.0,103627.0,734.2541719439065,0.03370804177278551,180,80,Current,Current,none,0,0.0,0.0,0.0,0,51.650906,200629.6,52.650906,0.0,0.0,0,992
4082,2008-01-01,2006-11-01,14,2006,236607.0,236607.0,1054.5345142126305,0.03439787627837969,360,346,Current,Current,none,0,0.0,0.0,0.0,0,67.6231,349890.78,72.6231,0.0,0.0,0,326
4083,2008-01-01,2002-04-01,69,2002,267047.0,267047.0,1058.594364059197,0.025247232429194764,360,291,Current,Current,none,0,0.0,0.0,0.0,0,32.611126,818883.06,32.91113,0.0,0.0,0,522
4085,2008-01-01,1994-07-01,162,1994,139105.0,139105.0,570.8920563503209,0.02790765682790661,360,198,Current,Current,none,0,0.0,0.0,0.0,0,39.685623,350517.38,41.08562,0.0,0.0,0,392
4088,2008-01-01,2000-10-01,87,2000,190695.0,190695.0,1039.3969092538218,0.05134266021093595,360,273,Current,Current,none,0,0.0,0.0,0.0,0,42.190857,451981.8,50.09086,0.0,0.0,0,469
4093,2008-01-01,2004-12-01,37,2004,294611.0,294611.0,1389.278745085673,0.03898177032557863,360,323,Current,Current,none,0,0.0,0.0,0.0,0,50.176804,587145.8,57.576805,0.0,0.0,0,537
4096,2008-01-01,2003-08-01,53,2003,201273.0,201273.0,860.8027563598912,0.031121978040419582,360,307,Current,Current,none,0,0.0,0.0,0.0,0,55.156605,364911.88,58.656605,0.0,0.0,0,511
4097,2008-01-01,1997-06-01,127,1997,161007.0,161007.0,683.0583233675031,0.030488164126728286,360,233,Current,Current,none,0,0.0,0.0,0.0,0,32.59618,493944.38,41.89618,0.0,0.0,0,277
4098,2008-01-01,1996-11-01,134,1996,189108.0,189108.0,680.218631011442,0.018,360,226,Current,Current,none,0,0.0,0.0,0.0,0,26.03218,726439.3,28.732182,0.0,0.0,0,879
4099,2008-01-01,1999-04-01,105,1999,566798.0,566798.0,2834.609332266412,0.04388964674878769,360,255,Current,Current,none,0,0.0,0.0,0.0,0,39.082035,1.4502776e+06,39.482033,0.0,0.0,0,992
4102,2008-01-01,1996-07-01,138,1996,108526.0,108526.0,697.094573135604,0.019743779241107047,180,42,Current,Current,none,0,0.0,0.0,0.0,0,24.868,436408.22,29.668,0.0,0.0,0,509
4106,2008-01-01,1993-02-01,179,1993,124987.0,124987.0,449.5763586639756,0.018,360,181,Current,Current,none,0,0.0,0.0,0.0,0,27.572592,453301.62,29.372591,0.0,0.0,0,503
4107,2008-01-01,2003-03-01,58,2003,333109.0,333109.0,1303.7783961225714,0.024281791412415904,360,302,Current,Current,none,0,0.0,0.0,0.0,0,43.461445,766447.1,43.561443,0.0,0.0,0,370
4109,2008-01-01,2006-01-01,24,2006,286144.0,286144.0,1320.3461976068995,0.037202163972145486,360,336,Current,Current,none,0,0.0,0.0,0.0,0,76.94988,371857.6,82.14989,0.0,0.0,0,277
4112,2008-01-01,1997-09-01,124,1997,349738.0,349738.0,1672.431364868484,0.04013527400856129,360,236,Current,Current,none,0,0.0,0.0,0.0,0,31.936018,1.0951209e+06,37.53602,0.0,0.0,0,975
4115,2008-01-01,1995-03-01,154,1995,311028.0,311028.0,1300.8378910038916,0.02937452448659163,360,206,Current,Current,none,0,0.0,0.0,0.0,0,32.344227,961618.3,33.044224,0.0,0.0,0,101
4118,2008-01-01,2004-08-01,41,2004,242356.0,242356.0,1795.097481885381,0.04019913108628511,180,139,Current,Current,none,0,0.0,0.0,0.0,0,67.16258,360849.75,67.16258,0.0,0.0,0,618
4126,2008-01-01,2003-11-01,50,2003,235406.0,235406.0,1307.5820086720696,0.05302472961021475,360,310,Current,Current,none,0,0.0,0.0,0.0,0,68.86549,341834.47,71.86549,0.0,0.0,0,563
4130,2008-01-01,2006-07-01,18,2006,228005.0,228005.0,1180.4888472227688,0.04685171509855732,360,342,Current,Current,none,0,0.0,0.0,0.0,0,90.96758,250644.23,103.66758,0.0,0.0,0,850
4131,2008-01-01,1995-10-01,147,1995,250087.0,250087.0,1640.9851047825343,0.022732032712343246,180,33,Current,Current,none,0,0.0,0.0,0.0,0,38.45626,650315.44,45.05626,0.0,0.0,0,198
4136,2008-01-01,2002-08-01,65,2002,239310.0,239310.0,1052.0007937370567,0.03329790335325667,360,295,Current,Current,none,0,0.0,0.0,0.0,0,38.642143,619298.0,43.34214,0.0,0.0,0,295
4137,2008-01-01,1998-02-01,119,1998,175343.0,175343.0,726.3482188771457,0.028628665830653738,360,241,Current,Current,none,0,0.0,0.0,0.0,0,37.385586,469012.28,39.085587,0.0,0.0,0,609
4139,2008-01-01,2006-05-01,20,2006,253601.0,253601.0,1331.2865334344938,0.048047612680701894,360,340,Current,Current,none,0,0.0,0.0,0.0,0,91.07128,278464.3,102.77128,0.0,0.0,0,458
4142,2008-01-01,2005-01-01,36,2005,323344.0,323344.0,1650.0154063081457,0.04560680994741093,360,324,Current,Current,none,0,0.0,0.0,0.0,0,63.64914,508010.03,68.24914,0.0,0.0,0,212
4144,2008-01-01,1998-09-01,112,1998,118123.0,118123.0,786.7408488033996,0.02483978500253154,180,68,Current,Current,none,0,0.0,0.0,0.0,0,39.15073,301713.4,41.65073,0.0,0.0,0,624
4145,2008-01-01,1999-05-01,104,1999,745075.0,745075.0,3621.695449513983,0.041496796548991986,360,256,Current,Current,none,0,0.0,0.0,0.0,0,48.160492,1.5470669e+06,49.46049,0.0,0.0,0,446
4147,2008-01-01,2006-10-01,15,2006,313465.0,313465.0,1127.5288891532969,0.018,360,345,Current,Current,none,0,0.0,0.0,0.0,0,77.2464,405798.84,82.6464,0.0,0.0,0,945
4152,2008-01-01,1993-11-01,170,1993,222890.0,222890.0,813.81092811879,0.019096500015229938,360,190,Current,Current,none,0,0.0,0.0,0.0,0,22.527008,989434.56,24.227007,0.0,0.0,0,816
4154,2008-01-01,1997-01-01,132,1997,283632.0,283632.0,1223.5398089043274,0.03180166923683789,360,228,Current,Current,none,0,0.0,0.0,0.0,0,31.78551,892331.1,48.88551,0.0,0.0,0,548
4157,2008-01-01,1998-06-01,115,1998,344324.0,344324.0,2516.4414436924517,0.0382271708456753,180,65,Current,Current,none,0,0.0,0.0,0.0,0,27.57309,1.2487682e+06,30.373089,0.0,0.0,0,169
4160,2008-01-01,2000-02-01,95,2000,138661.0,138661.0,498.76153094886286,0.018,360,265,Current,Current,none,0,0.0,0.0,0.0,0,51.55648,268949.7,53.25648,0.0,0.0,0,673
4162,2008-01-01,1999-02-01,107,1999,185711.0,185711.0,789.0722497681274,0.030608438535886778,360,253,Current,Current,none,0,0.0,0.0,0.0,0,46.849796,396396.6,52.349796,0.0,0.0,0,600
4163,2008-01-01,2005-11-01,26,2005,386736.0,386736.0,2061.6889915552874,0.04939001301586733,360,334,Current,Current,none,0,0.0,0.0,0.0,0,89.16793,433716.47,92.26793,0.0,0.0,0,855
4167,2008-01-01,2007-05-01,8,2007,201405.0,201405.0,726.6533937930881,0.018222072596917042,360,352,Current,Current,none,0,0.0,0.0,0.0,0,83.35213,241631.5,90.952126,0.0,0.0,0,254
4168,2008-01-01,2003-01-01,60,2003,168978.0,168978.0,1270.4958216655657,0.042419400442204644,180,120,Current,Current,none,0,0.0,0.0,0.0,0,45.36757,372464.28,49.96757,0.0,0.0,0,963
4172,2008-01-01,1994-01-01,168,1994,597585.0,597585.0,2926.403890151965,0.042117812967444844,360,192,Current,Current,none,0,0.0,0.0,0.0,0,25.734453,2.3221205e+06,28.934454,0.0,0.0,0,646
4178,2008-01-01,1997-02-01,131,1997,269465.0,269465.0,1159.9129394113356,0.031630833803241956,360,229,Current,Current,none,0,0.0,0.0,0.0,0,36.20841,744205.6,36.20841,0.0,0.0,0,370
4180,2008-01-01,1994-11-01,158,1994,133824.0,133824.0,584.9779062176167,0.03284913711184915,360,202,Current,Current,none,0,0.0,0.0,0.0,0,43.347008,308727.2,46.447006,0.0,0.0,0,733
4181,2008-01-01,1996-08-01,137,1996,195135.0,195135.0,916.1712684594042,0.03862220098608837,360,223,Current,Current,none,0,0.0,0.0,0.0,0,37.256382,523762.62,37.35638,0.0,0.0,0,494
4182,2008-01-01,2004-12-01,37,2004,325759.0,325759.0,1646.6034716769152,0.044794795788899514,360,323,Current,Current,none,0,0.0,0.0,0.0,0,80.13449,406515.34,88.33449,0.0,0.0,0,834
4183,2008-01-01,2006-12-01,13,2006,236947.0,236947.0,1155.2985698866526,0.04175302848470231,360,347,Current,Current,none,0,0.0,0.0,0.0,0,92.10882,257246.81,97.308815,0.0,0.0,0,454
4184,2008-01-01,2000-12-01,85,2000,212040.0,212040.0,1345.0556069616368,0.018,180,95,Current,Current,none,0,0.0,0.0,0.0,0,44.260582,479071.88,53.460583,0.0,0.0,0,733
4190,2008-01-01,1999-04-01,105,1999,176919.0,176919.0,678.3002111412093,0.022725235041960643,360,255,Current,Current,none,0,0.0,0.0,0.0,0,39.468437,448254.38,39.468437,0.0,0.0,0,281
4192,2008-01-01,1994-02-01,167,1994,543336.0,543336.0,3978.17412858867,0.03849640569318004,180,13,Current,Current,none,0,0.0,0.0,0.0,0,33.05051,1.6439564e+06,37.650513,0.0,0.0,0,774
4198,2008-01-01,1996-01-01,144,1996,385080.0,385080.0,3082.33816905841,0.0518455906501729,180,36,Current,Current,none,0,0.0,0.0,0.0,0,37.934788,1.01511044e+06,37.934788,0.0,0.0,0,839
4199,2008-01-01,2006-01-01,24,2006,247667.0,247667.0,1393.260351485787,0.054163831261280285,360,336,Current,Current,none,0,0.0,0.0,0.0,0,85.08881,291068.8,90.78881,0.0,0.0,0,831
4202,2008-01-01,2007-02-01,11,2007,225204.0,225204.0,989.8068672415309,0.03328307268826477,360,349,Current,Current,none,0,0.0,0.0,0.0,0,62.715508,359088.22,86.71551,0.0,0.0,0,568
4204,2008-01-01,2004-09-01,40,2004,228802.0,228802.0,925.5861026131422,0.026798657023725504,360,320,Current,Current,none,0,0.0,0.0,0.0,0,64.916954,352453.38,65.316956,0.0,0.0,0,824
4205,2008-01-01,1999-07-01,102,1999,199724.0,199724.0,856.65979358529,0.031350380152623133,360,258,Current,Current,none,0,0.0,0.0,0.0,0,49.82428,400856.78,49.92428,0.0,0.0,0,256
4210,2008-01-01,2004-06-01,43,2004,229006.0,229006.0,1663.6629211522554,0.03734855243087618,180,137,Current,Current,none,0,0.0,0.0,0.0,0,74.170265,308757.16,74.47026,0.0,0.0,0,404
4212,2008-01-01,2005-01-01,36,2005,332268.0,332268.0,1195.1629972762114,0.018,360,324,Current,Current,none,0,0.0,0.0,0.0,0,88.82799,374057.78,95.12799,0.0,0.0,0,342
4220,2008-01-01,2001-07-01,78,2001,223632.0,223632.0,1135.8100591021398,0.04520304253085073,360,282,Current,Current,none,0,0.0,0.0,0.0,0,37.05753,603472.5,40.55753,0.0,0.0,0,862
4221,2008-01-01,1994-03-01,166,1994,355982.0,355982.0,2673.718437499307,0.04226359230478656,180,14,Current,Current,none,0,0.0,0.0,0.0,0,33.61514,1.0589931e+06,34.515137,0.0,0.0,0,589
4223,2008-01-01,2003-12-01,49,2003,441818.0,441818.0,2961.1706788245697,0.025728523201761565,180,131,Current,Current,none,0,0.0,0.0,0.0,0,57.213886,772221.6,66.81389,0.0,0.0,0,917
4224,2008-01-01,2006-04-01,21,2006,286737.0,286737.0,1218.737519972309,0.030635046906457665,360,339,Current,Current,none,0,0.0,0.0,0.0,0,86.63046,330988.62,93.63046,0.0,0.0,0,880
4225,2008-01-01,2006-07-01,18,2006,429861.0,429861.0,3076.3712124329536,0.035159590186561826,180,162,Current,Current,none,0,0.0,0.0,0.0,0,69.81735,615693.7,75.01735,0.0,0.0,0,458
4227,2008-01-01,2006-04-01,21,2006,402802.0,402802.0,1843.4648368023322,0.03653560256138458,360,339,Current,Current,none,0,0.0,0.0,0.0,0,86.41577,466120.94,93.61577,0.0,0.0,0,921
4230,2008-01-01,2005-04-01,33,2005,209068.0,209068.0,930.3376002923717,0.03427236540024114,360,327,Current,Current,none,0,0.0,0.0,0.0,0,75.55634,276704.75,82.856346,0.0,0.0,0,122
4238,2008-01-01,1999-02-01,107,1999,339403.0,339403.0,1627.0741836061356,0.040342677957387045,360,253,Current,Current,none,0,0.0,0.0,0.0,0,43.969242,771910.06,43.969242,0.0,0.0,0,185
4242,2008-01-01,2006-09-01,16,2006,439862.0,439862.0,2523.944918949918,0.05595635744171778,360,344,Current,Current,none,0,0.0,0.0,0.0,0,93.24195,471742.6,106.14195,0.0,0.0,0,349
4244,2008-01-01,1999-06-01,103,1999,782883.0,782883.0,3863.2185342830057,0.04275954366476974,360,257,Current,Current,none,0,0.0,0.0,0.0,0,43.31592,1.8073792e+06,47.215923,0.0,0.0,0,897
4245,2008-01-01,1994-09-01,160,1994,188953.0,188953.0,724.9370436834256,0.022776907938899277,360,200,Current,Current,none,0,0.0,0.0,0.0,0,30.900337,611491.7,44.50034,0.0,0.0,0,327
4248,2008-01-01,1996-08-01,137,1996,281009.0,281009.0,1036.834749414545,0.019869759352191582,360,223,Current,Current,none,0,0.0,0.0,0.0,0,39.554348,710437.7,74.554344,0.0,0.0,0,822
4253,2008-01-01,1997-05-01,128,1997,147495.0,147495.0,691.451002188113,0.03849789866175896,360,232,Current,Current,none,0,0.0,0.0,0.0,0,43.156223,341769.94,44.056225,0.0,0.0,0,215
4256,2008-01-01,2006-11-01,14,2006,212252.0,212252.0,1554.3639259948325,0.038525382143941724,180,166,Current,Current,none,0,0.0,0.0,0.0,0,88.76874,239106.69,105.368744,0.0,0.0,0,437
4262,2008-01-01,2002-03-01,70,2002,291073.0,291073.0,1846.393938337788,0.018,180,110,Current,Current,none,0,0.0,0.0,0.0,0,61.558308,472841.12,64.458305,0.0,0.0,0,138
4264,2008-01-01,2002-12-01,61,2002,306958.0,306958.0,1281.9077350301213,0.0292587173964113,360,299,Current,Current,none,0,0.0,0.0,0.0,0,32.702938,938625.1,32.702938,0.0,0.0,0,244
4267,2008-01-01,2006-05-01,20,2006,223039.0,223039.0,875.3157430608907,0.024485214905475804,360,340,Current,Current,none,0,0.0,0.0,0.0,0,81.47916,273737.5,92.77915,0.0,0.0,0,404
4271,2008-01-01,2000-04-01,93,2000,531753.0,531753.0,4009.6631601717722,0.042849044150407474,180,87,Current,Current,none,0,0.0,0.0,0.0,0,38.24062,1.390545e+06,38.440617,0.0,0.0,0,550
4272,2008-01-01,2002-01-01,72,2002,228968.0,228968.0,970.1050161211015,0.030385476981554638,360,288,Current,Current,none,0,0.0,0.0,0.0,0,54.31266,421573.9,57.61266,0.0,0.0,0,822
4273,2008-01-01,1999-03-01,106,1999,117750.0,117750.0,423.54497853923306,0.018,360,254,Current,Current,none,0,0.0,0.0,0.0,0,35.895252,328037.8,35.895252,0.0,0.0,0,815
4274,2008-01-01,1999-06-01,103,1999,628070.0,628070.0,4146.8097710777865,0.023605878316506387,180,77,Current,Current,none,0,0.0,0.0,0.0,0,43.822872,1.4332014e+06,50.72287,0.0,0.0,0,356
4275,2008-01-01,1997-06-01,127,1997,287352.0,287352.0,1223.6333039455537,0.03078154749416746,360,233,Current,Current,none,0,0.0,0.0,0.0,0,32.59618,881551.1,37.09618,0.0,0.0,0,618
4277,2008-01-01,1999-03-01,106,1999,417006.0,417006.0,1575.4133767609605,0.0216236406556309,360,254,Current,Current,none,0,0.0,0.0,0.0,0,41.31237,1.00939744e+06,41.41237,0.0,0.0,0,153
4278,2008-01-01,1999-12-01,97,1999,290402.0,290402.0,1191.3781507598862,0.02787897998237114,360,263,Current,Current,none,0,0.0,0.0,0.0,0,41.54427,699018.2,49.04427,0.0,0.0,0,437
4283,2008-01-01,1999-02-01,107,1999,1181822.0,1.181822e+06,6323.054413804408,0.049705949917392106,360,253,Current,Current,none,0,0.0,0.0,0.0,0,49.730354,2.37646e+06,50.330353,0.0,0.0,0,895
4284,2008-01-01,2005-08-01,29,2005,171238.0,171238.0,735.0639117406325,0.03141330210575827,360,331,30 DPD,Delinquent,none,0,0.0,0.0,0.0,1,83.192566,205833.3,86.09257,0.0,0.0,0,632
4287,2008-01-01,2006-01-01,24,2006,80664.0,80664.0,421.75537804106216,0.04770016625330204,360,336,Current,Current,none,0,0.0,0.0,0.0,0,93.43915,86327.84,99.639145,0.0,0.0,0,790
4288,2008-01-01,1997-11-01,122,1997,352196.0,352196.0,2274.7701807123376,0.020514790864539386,180,58,Current,Current,none,0,0.0,0.0,0.0,0,37.92897,928567.25,47.32897,0.0,0.0,0,676
4291,2008-01-01,1993-11-01,170,1993,509341.0,509341.0,2045.1033850633462,0.026225028718777695,360,190,Current,Current,none,0,0.0,0.0,0.0,0,22.618395,2.2518882e+06,23.318396,0.0,0.0,0,549
4292,2008-01-01,2006-06-01,19,2006,228518.0,228518.0,1507.4281882085602,0.023479228816914815,180,161,Current,Current,none,0,0.0,0.0,0.0,0,84.789185,269513.16,96.189186,0.0,0.0,0,363
4293,2008-01-01,2000-06-01,91,2000,460639.0,460639.0,2281.723736403453,0.043079574707029805,360,269,Current,Current,none,0,0.0,0.0,0.0,0,55.285435,833201.4,56.185436,0.0,0.0,0,296
4302,2008-01-01,1997-09-01,124,1997,200870.0,200870.0,755.164312023668,0.021258944802086052,360,236,Current,Current,none,0,0.0,0.0,0.0,0,27.849419,721271.75,27.849419,0.0,0.0,0,992
4311,2008-01-01,1995-02-01,155,1995,233879.0,233879.0,1152.7570228731372,0.04266154386105394,360,205,Current,Current,none,0,0.0,0.0,0.0,0,32.356247,722824.9,35.656246,0.0,0.0,0,987
4314,2008-01-01,2005-12-01,25,2005,1042689.0,1.042689e+06,3750.5366465230945,0.018,360,335,Current,Current,none,0,0.0,0.0,0.0,0,85.06633,1.2257365e+06,87.56633,0.0,0.0,0,559
4315,2008-01-01,1998-04-01,117,1998,307197.0,307197.0,1221.2585834593422,0.025466192615215266,360,243,Current,Current,none,0,0.0,0.0,0.0,0,25.106169,1.2235918e+06,25.20617,0.0,0.0,0,851
4316,2008-01-01,2005-09-01,28,2005,279976.0,279976.0,1340.6229837463252,0.040246062541513306,360,332,Current,Current,none,0,0.0,0.0,0.0,0,79.9418,350224.78,83.741806,0.0,0.0,0,327
4317,2008-01-01,1993-11-01,170,1993,238560.0,238560.0,1858.4813130590812,0.04773429803295035,180,10,Current,Current,none,0,0.0,0.0,0.0,0,25.679874,928976.5,26.079874,0.0,0.0,0,132
4318,2008-01-01,2001-12-01,73,2001,452735.0,452735.0,1708.4299135692106,0.021537947431588756,360,287,Current,Current,none,0,0.0,0.0,0.0,0,37.582077,1.2046566e+06,37.882076,0.0,0.0,0,575
4321,2008-01-01,1998-10-01,111,1998,231563.0,231563.0,1646.0936968232347,0.034179926857489926,180,69,Current,Current,none,0,0.0,0.0,0.0,0,43.719494,529656.2,52.119495,0.0,0.0,0,636
4326,2008-01-01,2005-07-01,30,2005,197570.0,197570.0,1050.3996372142003,0.04915339558398836,360,330,Current,Current,none,0,0.0,0.0,0.0,0,80.5995,245125.58,102.1995,0.0,0.0,0,210
4327,2008-01-01,1993-07-01,174,1993,520695.0,520695.0,3137.2977239155157,0.06046155903081329,360,186,Current,Current,none,0,0.0,0.0,0.0,0,31.14016,1.6721012e+06,35.240158,0.0,0.0,0,694
4328,2008-01-01,2005-10-01,27,2005,637447.0,637447.0,2544.690990769184,0.025782331048600157,360,333,Current,Current,none,0,0.0,0.0,0.0,0,94.24823,676349.0,100.448235,0.0,0.0,0,131
4333,2008-01-01,2001-09-01,76,2001,549611.0,549611.0,2410.10715540899,0.033100965497148215,360,284,Current,Current,none,0,0.0,0.0,0.0,0,43.600735,1.2605545e+06,44.100735,0.0,0.0,0,534
4334,2008-01-01,1996-08-01,137,1996,606288.0,606288.0,2180.80881485006,0.018,360,223,Current,Current,none,0,0.0,0.0,0.0,0,37.109703,1.6337721e+06,38.909702,0.0,0.0,0,543
4337,2008-01-01,2003-01-01,60,2003,424610.0,424610.0,2717.8799457863247,0.019256008423508164,180,120,Current,Current,none,0,0.0,0.0,0.0,0,59.470318,713986.44,59.470318,0.0,0.0,0,408
4339,2008-01-01,1996-04-01,141,1996,244278.0,244278.0,878.6642910200152,0.018,360,219,Current,Current,none,0,0.0,0.0,0.0,0,36.14687,675792.94,37.44687,0.0,0.0,0,735
4340,2008-01-01,2005-06-01,31,2005,304963.0,304963.0,1512.5413782216276,0.04318789627844118,360,329,Current,Current,none,0,0.0,0.0,0.0,0,80.641136,378173.0,86.44114,0.0,0.0,0,481
4347,2008-01-01,1995-01-01,156,1995,293581.0,293581.0,1953.9411959191477,0.02473753296361774,180,24,Current,Current,none,0,0.0,0.0,0.0,0,27.92649,1.0512635e+06,28.32649,0.0,0.0,0,891
4349,2008-01-01,2000-01-01,96,2000,374308.0,374308.0,1908.97931095725,0.04555734002272199,360,264,Current,Current,none,0,0.0,0.0,0.0,0,46.35367,807504.6,46.953667,0.0,0.0,0,669
4351,2008-01-01,1997-01-01,132,1997,311459.0,311459.0,1975.7105937024357,0.018,180,48,Current,Current,none,0,0.0,0.0,0.0,0,34.03149,915208.25,35.73149,0.0,0.0,0,384
4352,2008-01-01,1998-05-01,116,1998,415841.0,415841.0,2676.677119003923,0.020036768130618207,180,64,Current,Current,none,0,0.0,0.0,0.0,0,36.882637,1.127471e+06,36.882637,0.0,0.0,0,513
4353,2008-01-01,1998-02-01,119,1998,216874.0,216874.0,783.2006918216082,0.01829093608582392,360,241,Current,Current,none,0,0.0,0.0,0.0,0,38.509197,563174.56,39.309196,0.0,0.0,0,673
4356,2008-01-01,2005-02-01,35,2005,476126.0,476126.0,1712.6180590400927,0.018,360,325,Current,Current,none,0,0.0,0.0,0.0,0,85.56443,556453.2,88.26443,0.0,0.0,0,462
4357,2008-01-01,2000-05-01,92,2000,245109.0,245109.0,1204.8425793524395,0.04243403494004855,360,268,Current,Current,none,0,0.0,0.0,0.0,0,47.887367,511844.8,47.887367,0.0,0.0,0,618
4358,2008-01-01,1998-07-01,114,1998,532689.0,532689.0,2692.7301500305043,0.04479999309128213,360,246,Current,Current,none,0,0.0,0.0,0.0,0,33.45913,1.5920588e+06,34.15913,0.0,0.0,0,240
4363,2008-01-01,2005-04-01,33,2005,214953.0,214953.0,992.0162241541303,0.037215688526079954,360,327,Current,Current,none,0,0.0,0.0,0.0,0,81.02296,265298.9,96.122955,0.0,0.0,0,623
4364,2008-01-01,2007-02-01,11,2007,521155.0,521155.0,2539.837394465413,0.041713730570353866,360,349,Current,Current,none,0,0.0,0.0,0.0,0,93.21999,559059.25,99.71999,0.0,0.0,0,933
4365,2008-01-01,1993-08-01,173,1993,409581.0,409581.0,2054.9169978804084,0.04416093346052568,360,187,Current,Current,none,0,0.0,0.0,0.0,0,27.539219,1.4872645e+06,32.939217,0.0,0.0,0,546
4367,2008-01-01,1996-12-01,133,1996,381237.0,381237.0,2049.4223589148114,0.05012269550665202,360,227,Current,Current,none,0,0.0,0.0,0.0,0,29.574186,1.289087e+06,29.774185,0.0,0.0,0,149
4368,2008-01-01,2000-01-01,96,2000,79346.0,79346.0,351.6786488166949,0.03395317642142398,360,264,Current,Current,none,0,0.0,0.0,0.0,0,38.69625,205048.28,39.796253,0.0,0.0,0,511
4372,2008-01-01,1998-01-01,120,1998,444799.0,444799.0,2163.105808429506,0.04153566139294986,360,240,Current,Current,none,0,0.0,0.0,0.0,0,42.54363,1.04551256e+06,43.44363,0.0,0.0,0,886
4375,2008-01-01,1998-12-01,109,1998,209508.0,209508.0,1098.8972075903346,0.04797483318511119,360,251,Current,Current,none,0,0.0,0.0,0.0,0,42.526043,492658.1,48.026043,0.0,0.0,0,149
4378,2008-01-01,1995-09-01,148,1995,197608.0,197608.0,779.9069708170192,0.024913975206152086,360,212,Current,Current,none,0,0.0,0.0,0.0,0,34.83029,567345.2,37.130295,0.0,0.0,0,478
4379,2008-01-01,2001-12-01,73,2001,249127.0,249127.0,1181.1429216440333,0.039426125547632584,360,287,Current,Current,none,0,0.0,0.0,0.0,0,50.81043,490306.84,59.510426,0.0,0.0,0,435
4380,2008-01-01,1995-02-01,155,1995,256701.0,256701.0,1125.4417209852768,0.03308530381822746,360,205,Current,Current,none,0,0.0,0.0,0.0,0,28.007792,916534.25,49.90779,0.0,0.0,0,806
4386,2008-01-01,2005-07-01,30,2005,221618.0,221618.0,954.4566792351475,0.03167229113772743,360,330,Current,Current,none,0,0.0,0.0,0.0,0,68.48923,323580.8,70.98923,0.0,0.0,0,451
4389,2008-01-01,1993-01-01,180,1993,352895.0,352895.0,2165.0000081817775,0.06215835686242388,360,180,Current,Current,none,0,0.0,0.0,0.0,0,40.190033,878066.0,43.890034,0.0,0.0,0,721
4391,2008-01-01,2005-11-01,26,2005,181680.0,181680.0,862.9738494323823,0.03957991218273744,360,334,Current,Current,none,0,0.0,0.0,0.0,0,71.31334,254763.0,77.513336,0.0,0.0,1,916
4392,2008-01-01,2005-12-01,25,2005,442044.0,442044.0,3029.6233867636784,0.028913239260509187,180,155,Current,Current,none,0,0.0,0.0,0.0,0,72.0116,613851.1,77.111595,0.0,0.0,0,853
4395,2008-01-01,1999-04-01,105,1999,75127.0,75127.0,327.4028296438902,0.03260797644883051,360,255,Current,Current,none,0,0.0,0.0,0.0,0,43.22208,173816.25,52.02208,0.0,0.0,0,602
4396,2008-01-01,1998-02-01,119,1998,1157605.0,1.157605e+06,4668.901468787704,0.02656853443686102,360,241,Current,Current,none,0,0.0,0.0,0.0,0,43.20793,2.6791492e+06,54.507935,0.0,0.0,0,325
4397,2008-01-01,2001-02-01,83,2001,122061.0,122061.0,852.2237814362469,0.03157773491246612,180,97,Current,Current,none,0,0.0,0.0,0.0,0,58.001656,210443.98,59.101658,0.0,0.0,0,342
4401,2008-01-01,2002-03-01,70,2002,196197.0,196197.0,873.4839344217355,0.0343110220384887,360,290,Current,Current,none,0,0.0,0.0,0.0,0,34.605007,566961.3,43.505005,0.0,0.0,0,195
4402,2008-01-01,2004-05-01,44,2004,312843.0,312843.0,1125.2915645108221,0.018,360,316,Current,Current,none,0,0.0,0.0,0.0,0,80.897705,386714.3,88.4977,0.0,0.0,0,741
4403,2008-01-01,2007-07-01,6,2007,143585.0,143585.0,598.3281926792006,0.029088981753546322,360,354,Current,Current,none,0,0.0,0.0,0.0,0,93.84128,153008.36,98.14128,0.0,0.0,0,935
4405,2008-01-01,1999-11-01,98,1999,221302.0,221302.0,831.2321006389111,0.02119221992059047,360,262,Current,Current,none,0,0.0,0.0,0.0,0,27.818373,795524.6,27.918373,0.0,0.0,0,174
4408,2008-01-01,2001-11-01,74,2001,182265.0,182265.0,747.6093304954795,0.027865002637869302,360,286,Current,Current,none,0,0.0,0.0,0.0,0,48.413254,376477.5,49.11325,0.0,0.0,0,887
4412,2008-01-01,2001-03-01,82,2001,222701.0,222701.0,1446.0894866463457,0.0676117748682314,360,278,Current,Current,none,0,0.0,0.0,0.0,0,53.301613,417812.88,54.201614,0.0,0.0,0,771
4413,2008-01-01,2007-04-01,9,2007,618772.0,618772.0,5240.053568654147,0.06055297142442347,180,171,Current,Current,none,0,0.0,0.0,0.0,0,91.44939,676627.8,99.14938,0.0,0.0,0,102
4414,2008-01-01,1993-06-01,175,1993,421005.0,421005.0,2670.605243392209,0.018,180,5,Current,Current,none,0,0.0,0.0,0.0,0,23.516335,1.7902662e+06,27.816334,0.0,0.0,0,726
4415,2008-01-01,1994-10-01,159,1994,491969.0,491969.0,1873.8709103639735,0.02223425229473604,360,201,Current,Current,none,0,0.0,0.0,0.0,0,29.384779,1.6742308e+06,29.584778,0.0,0.0,0,958
4417,2008-01-01,2002-09-01,64,2002,417009.0,417009.0,3247.7737725358843,0.04769254217046937,180,116,Current,Current,none,0,0.0,0.0,0.0,0,57.804752,721409.5,61.10475,0.0,0.0,0,188
4419,2008-01-01,1996-01-01,144,1996,106514.0,106514.0,553.3687851546322,0.047147844758914786,360,216,Current,Current,none,0,0.0,0.0,0.0,0,31.93757,333506.9,31.93757,0.0,0.0,0,821
4424,2008-01-01,1998-10-01,111,1998,76664.0,76664.0,286.72835138623617,0.020874226408430147,360,249,Current,Current,none,0,0.0,0.0,0.0,0,47.59133,161088.16,55.09133,0.0,0.0,0,932
4426,2008-01-01,2002-01-01,72,2002,312898.0,312898.0,2188.093809466086,0.03180573772263838,180,108,Current,Current,none,0,0.0,0.0,0.0,0,53.49593,584900.56,53.49593,0.0,0.0,0,975
4427,2008-01-01,2001-01-01,84,2001,175305.0,175305.0,795.9085968121062,0.035887536683367825,360,276,Current,Current,none,0,0.0,0.0,0.0,0,58.0306,302090.6,59.330605,0.0,0.0,0,494
4436,2008-01-01,2007-02-01,11,2007,479974.0,479974.0,1772.7174839206432,0.019943329986871487,360,349,Current,Current,none,0,0.0,0.0,0.0,0,99.61953,481807.12,107.219536,0.0,0.0,0,574
4437,2008-01-01,2002-01-01,72,2002,362527.0,362527.0,1304.0041650521662,0.018,360,288,Current,Current,none,0,0.0,0.0,0.0,0,59.281113,611538.8,59.581112,0.0,0.0,0,488
4440,2008-01-01,2006-07-01,18,2006,345399.0,345399.0,2661.0816600225585,0.046062961197419997,180,162,Current,Current,none,0,0.0,0.0,0.0,0,82.98229,416232.2,87.98229,0.0,0.0,0,272
4441,2008-01-01,2001-06-01,79,2001,337935.0,337935.0,2023.948597131834,0.05990136613820637,360,281,Current,Current,none,0,0.0,0.0,0.0,0,61.378067,550579.4,85.87807,0.0,0.0,0,231
4447,2008-01-01,2005-12-01,25,2005,577064.0,577064.0,2408.0621321165604,0.029198841743400653,360,335,Current,Current,none,0,0.0,0.0,0.0,0,55.16678,1.0460354e+06,65.56678,0.0,0.0,0,126
4450,2008-01-01,2005-10-01,27,2005,323519.0,323519.0,1163.6929758983792,0.018,360,333,Current,Current,none,0,0.0,0.0,0.0,0,68.54417,471986.16,76.04417,0.0,0.0,0,644
4453,2008-01-01,1999-06-01,103,1999,342834.0,342834.0,1357.701024711485,0.02517336789249946,360,257,Current,Current,none,0,0.0,0.0,0.0,0,29.515661,1.1615325e+06,31.31566,0.0,0.0,0,158
4456,2008-01-01,2003-03-01,58,2003,224470.0,224470.0,1471.7847823314005,0.022625878663455022,180,122,Current,Current,none,0,0.0,0.0,0.0,0,44.670807,502498.22,58.970806,0.0,0.0,0,486
4458,2008-01-01,1995-06-01,151,1995,506854.0,506854.0,1906.8214728083153,0.02131049945857539,360,209,Current,Current,none,0,0.0,0.0,0.0,0,28.621824,1.7708655e+06,28.921824,0.0,0.0,0,995
4461,2008-01-01,2000-08-01,89,2000,443718.0,443718.0,2893.8283833895657,0.02187471279483266,180,91,Current,Current,none,0,0.0,0.0,0.0,0,39.165615,1.1329275e+06,44.865616,0.0,0.0,0,948
4468,2008-01-01,2000-07-01,90,2000,388832.0,388832.0,1645.3257655177229,0.030285556057248114,360,270,Current,Current,none,0,0.0,0.0,0.0,0,45.731148,850256.4,46.731148,0.0,0.0,0,104
4471,2008-01-01,2005-11-01,26,2005,587990.0,587990.0,2549.9270891823953,0.03221952266237072,360,334,Current,Current,none,0,0.0,0.0,0.0,0,94.314255,623437.06,109.61425,0.0,0.0,0,787
4474,2008-01-01,1999-10-01,99,1999,343902.0,343902.0,1237.0103202513744,0.018,360,261,Current,Current,none,0,0.0,0.0,0.0,0,31.600317,1.0882866e+06,34.500317,0.0,0.0,0,985
4475,2008-01-01,1998-08-01,113,1998,236538.0,236538.0,953.3841798225335,0.026517823665646267,360,247,Current,Current,none,0,0.0,0.0,0.0,0,30.721945,769931.7,31.221945,0.0,0.0,0,966
4476,2008-01-01,2000-06-01,91,2000,340350.0,340350.0,1224.2338296885603,0.018,360,269,Current,Current,none,0,0.0,0.0,0.0,0,49.891735,682177.1,53.391735,0.0,0.0,0,922
4477,2008-01-01,2007-06-01,7,2007,204112.0,204112.0,1058.364855970113,0.0469806685577378,360,353,Current,Current,none,0,0.0,0.0,0.0,0,83.406715,244718.9,95.80671,0.0,0.0,0,222
4479,2008-01-01,1995-02-01,155,1995,221152.0,221152.0,969.038939068357,0.03304040860893861,360,205,Current,Current,none,0,0.0,0.0,0.0,0,39.556915,559072.94,39.656914,0.0,0.0,0,993
4480,2008-01-01,1997-03-01,130,1997,338889.0,338889.0,1304.7582918672713,0.023040855812090345,360,230,Current,Current,none,0,0.0,0.0,0.0,0,36.295364,933697.7,36.495365,0.0,0.0,0,935
4483,2008-01-01,2003-03-01,58,2003,254065.0,254065.0,1170.526162699162,0.03707709942386609,360,302,Current,Current,none,0,0.0,0.0,0.0,0,57.066765,445206.6,59.066765,0.0,0.0,0,185
4484,2008-01-01,2007-05-01,8,2007,269073.0,269073.0,1890.408054487208,0.03247829138017656,180,172,Current,Current,none,0,0.0,0.0,0.0,0,93.13325,288911.88,97.733246,0.0,0.0,0,301
4487,2008-01-01,2006-01-01,24,2006,122470.0,122470.0,440.5227475303599,0.018,360,336,Current,Current,none,0,0.0,0.0,0.0,0,71.981964,170139.84,83.78197,0.0,0.0,0,652
4490,2008-01-01,2003-02-01,59,2003,240350.0,240350.0,1193.573178474424,0.04329377015452782,360,301,Current,Current,none,0,0.0,0.0,0.0,0,55.283184,434761.5,61.583187,0.0,0.0,0,749
4493,2008-01-01,2001-01-01,84,2001,294791.0,294791.0,1060.3587920896737,0.018,360,276,Current,Current,none,0,0.0,0.0,0.0,0,44.432674,663455.44,50.032673,0.0,0.0,0,284
4499,2008-01-01,1998-05-01,116,1998,346554.0,346554.0,1404.1639135355035,0.026920646691228282,360,244,Current,Current,none,0,0.0,0.0,0.0,0,36.04677,961401.0,41.846767,0.0,0.0,0,929
4500,2008-01-01,2007-07-01,6,2007,183873.0,183873.0,1218.2084350628745,0.06958639940699947,360,354,Current,Current,none,0,0.0,0.0,0.0,0,76.80808,239392.78,80.90808,0.0,0.0,0,259
4502,2008-01-01,2007-10-01,3,2007,294959.0,294959.0,2463.349556095397,0.058383748685644325,180,177,Current,Current,none,0,0.0,0.0,0.0,0,58.631184,503075.28,64.43118,0.0,0.0,0,975
4507,2008-01-01,2004-07-01,42,2004,126490.0,126490.0,946.8050235428809,0.041756631661176026,180,138,Current,Current,none,0,0.0,0.0,0.0,0,73.10757,173019.03,77.60757,0.0,0.0,0,799
4508,2008-01-01,2007-07-01,6,2007,354181.0,354181.0,1516.5080896171623,0.031212821493913127,360,354,Current,Current,none,0,0.0,0.0,0.0,0,74.268974,476889.6,79.268974,0.0,0.0,0,124
4519,2008-01-01,1998-01-01,120,1998,338990.0,338990.0,1501.9913353757102,0.03392732414727627,360,240,Current,Current,none,0,0.0,0.0,0.0,0,28.124651,1.2053128e+06,32.924652,0.0,0.0,0,826
4520,2008-01-01,1996-06-01,139,1996,205746.0,205746.0,1362.2914326132416,0.024006586790144065,180,41,Current,Current,none,0,0.0,0.0,0.0,0,28.155476,730749.56,29.455475,0.0,0.0,0,825
4522,2008-01-01,1995-06-01,151,1995,1751454.0,1.751454e+06,7673.774379786077,0.03303307041155675,360,209,Current,Current,none,0,0.0,0.0,0.0,0,40.800316,4.292746e+06,54.800316,0.0,0.0,0,106
4523,2008-01-01,1999-08-01,101,1999,406538.0,406538.0,1502.6633084891812,0.02000096885577215,360,259,Current,Current,none,0,0.0,0.0,0.0,0,46.122765,881425.9,46.122765,0.0,0.0,0,615
4524,2008-01-01,2006-12-01,13,2006,666613.0,666613.0,2829.1843462130537,0.030519652985742253,360,347,Current,Current,none,0,0.0,0.0,0.0,0,95.10771,700903.25,100.10771,0.0,0.0,0,315
4526,2008-01-01,2001-04-01,81,2001,749457.0,749457.0,4068.428283064972,0.050983782740349405,360,279,Current,Current,none,0,0.0,0.0,0.0,0,42.203056,1.7758358e+06,44.203056,0.0,0.0,0,602
4527,2008-01-01,1998-03-01,118,1998,229512.0,229512.0,1330.132403901353,0.056865454832612475,360,242,Current,Current,none,0,0.0,0.0,0.0,0,39.399113,582530.9,46.49911,0.0,0.0,0,545
4533,2008-01-01,2003-12-01,49,2003,334497.0,334497.0,1203.9798872391991,0.018048551190653205,360,311,Current,Current,none,0,0.0,0.0,0.0,0,63.66167,525429.2,64.46167,0.0,0.0,0,858
4543,2008-01-01,2006-10-01,15,2006,331045.0,331045.0,2500.8075495961048,0.04312160722903144,180,165,Current,Current,none,0,0.0,0.0,0.0,0,81.119484,408095.56,88.21948,0.0,0.0,0,668
4545,2008-01-01,2005-05-01,32,2005,327162.0,327162.0,1790.865034729463,0.05172186379365036,360,328,Current,Current,none,0,0.0,0.0,0.0,0,71.15787,459769.28,75.45786,0.0,0.0,0,159
4554,2008-01-01,2002-03-01,70,2002,379201.0,379201.0,1740.556638995016,0.03677412111016754,360,290,Current,Current,none,0,0.0,0.0,0.0,0,53.906605,703440.75,53.906605,0.0,0.0,0,292
4556,2008-01-01,1995-12-01,145,1995,370964.0,370964.0,1540.678955778403,0.02882951965536206,360,215,Current,Current,none,0,0.0,0.0,0.0,0,26.729776,1.3878305e+06,26.929777,0.0,0.0,0,219
4558,2008-01-01,2007-06-01,7,2007,213161.0,213161.0,873.4925629678086,0.027790333850212505,360,353,Current,Current,none,0,0.0,0.0,0.0,0,100.17295,212792.98,105.17295,0.0,0.0,0,124
4561,2008-01-01,2006-05-01,20,2006,255776.0,255776.0,1032.840878255825,0.026660235857263587,360,340,Current,Current,none,0,0.0,0.0,0.0,0,99.04675,258237.64,109.64675,0.0,0.0,0,543
4564,2008-01-01,1996-08-01,137,1996,307632.0,307632.0,1137.0759527705827,0.020000531505875732,360,223,Current,Current,none,0,0.0,0.0,0.0,0,26.695518,1.1523732e+06,30.295517,0.0,0.0,0,154
4565,2008-01-01,2004-08-01,41,2004,412070.0,412070.0,1482.2095907147498,0.018,360,319,Current,Current,none,0,0.0,0.0,0.0,0,80.19949,513806.22,81.4995,0.0,0.0,0,116
4567,2008-01-01,1993-09-01,172,1993,544572.0,544572.0,1958.8172913211656,0.018,360,188,Current,Current,none,0,0.0,0.0,0.0,0,32.317036,1.6850926e+06,42.417038,0.0,0.0,0,724
4573,2008-01-01,2000-04-01,93,2000,477695.0,477695.0,2160.079683287146,0.035562062418963133,360,267,Current,Current,none,0,0.0,0.0,0.0,0,34.28469,1.3933186e+06,37.084694,0.0,0.0,0,156
4577,2008-01-01,2002-06-01,67,2002,751731.0,751731.0,2703.9650977688,0.018,360,293,Current,Current,none,0,0.0,0.0,0.0,0,60.281723,1.2470298e+06,76.48173,0.0,0.0,0,139
4584,2008-01-01,2002-10-01,63,2002,248212.0,248212.0,1209.6208060058882,0.041711317323257745,360,297,Current,Current,none,0,0.0,0.0,0.0,0,65.76907,377399.28,88.86907,0.0,0.0,0,941
4585,2008-01-01,2002-10-01,63,2002,332806.0,332806.0,2279.6824069786,0.02883415165707192,180,117,Current,Current,none,0,0.0,0.0,0.0,0,37.45593,888526.9,38.755928,0.0,0.0,0,270
4587,2008-01-01,2003-01-01,60,2003,109910.0,109910.0,467.71360408493456,0.03072835089316077,360,300,Current,Current,none,0,0.0,0.0,0.0,0,52.30702,210124.77,57.00702,0.0,0.0,0,251
4590,2008-01-01,1999-10-01,99,1999,414036.0,414036.0,1723.980860628158,0.029028814044096803,360,261,Current,Current,none,0,0.0,0.0,0.0,0,42.51889,973769.56,44.61889,0.0,0.0,0,889
4592,2008-01-01,2004-03-01,46,2004,185534.0,185534.0,982.7643486954805,0.048830181189368695,360,314,Current,Current,none,0,0.0,0.0,0.0,0,74.1972,250055.27,82.797195,0.0,0.0,0,462
4595,2008-01-01,1998-01-01,120,1998,261389.0,261389.0,1246.0567432557218,0.03987690049683018,360,240,Current,Current,none,0,0.0,0.0,0.0,0,30.926926,845182.6,31.426926,0.0,0.0,0,650
4598,2008-01-01,2005-11-01,26,2005,193674.0,193674.0,1475.747285401938,0.04440872762842968,180,154,Current,Current,none,0,0.0,0.0,0.0,0,78.35014,247190.34,84.250145,0.0,0.0,0,459
4599,2008-01-01,2006-07-01,18,2006,357425.0,357425.0,2498.647740420375,0.03175821296730572,180,162,Current,Current,none,0,0.0,0.0,0.0,0,96.03932,372165.28,101.93932,0.0,0.0,0,820
4600,2008-01-01,2003-01-01,60,2003,174351.0,174351.0,935.6650426717055,0.0499728924887765,360,300,Current,Current,none,0,0.0,0.0,0.0,0,54.993256,317040.7,55.193256,0.0,0.0,0,201
4602,2008-01-01,1993-12-01,169,1993,537387.0,537387.0,2887.543685131288,0.05008322830477273,360,191,Current,Current,none,0,0.0,0.0,0.0,0,36.665306,1.4656552e+06,37.365307,0.0,0.0,0,605
4607,2008-01-01,1998-02-01,119,1998,345009.0,345009.0,1240.9921825973865,0.018,360,241,Current,Current,none,0,0.0,0.0,0.0,0,31.307877,1.1019879e+06,31.307877,0.0,0.0,0,529
4608,2008-01-01,2003-10-01,51,2003,131283.0,131283.0,538.2094821603805,0.02782435816368111,360,309,Current,Current,none,0,0.0,0.0,0.0,0,64.6828,202964.3,68.0828,0.0,0.0,0,351
4611,2008-01-01,2006-12-01,13,2006,338948.0,338948.0,2366.4689867854227,0.031574751800391126,180,167,Current,Current,none,0,0.0,0.0,0.0,0,80.43456,421395.97,85.93456,0.0,0.0,0,706
4616,2008-01-01,2004-05-01,44,2004,949442.0,949442.0,3584.7813749786105,0.021579342358343596,360,316,Current,Current,none,0,0.0,0.0,0.0,0,72.313705,1.312949e+06,75.913704,0.0,0.0,0,536
4620,2008-01-01,1996-12-01,133,1996,344894.0,344894.0,2773.3152996427657,0.0525435206229502,180,47,Current,Current,none,0,0.0,0.0,0.0,0,37.236145,926234.44,65.236145,0.0,0.0,0,386
4621,2008-01-01,2000-03-01,94,2000,193472.0,193472.0,731.5986109333107,0.021692778339495095,360,266,Current,Current,none,0,0.0,0.0,0.0,0,30.070414,643396.5,30.370415,0.0,0.0,0,298
4624,2008-01-01,1997-04-01,129,1997,245188.0,245188.0,1355.7667057273823,0.052620430966323545,360,231,Current,Current,none,0,0.0,0.0,0.0,0,38.936626,629710.44,42.636623,0.0,0.0,0,616
4628,2008-01-01,2006-11-01,14,2006,146090.0,146090.0,578.7567811391607,0.025200579693749676,360,346,Current,Current,none,0,0.0,0.0,0.0,0,59.35806,246116.55,64.358055,0.0,0.0,0,433
4629,2008-01-01,1994-08-01,161,1994,151953.0,151953.0,579.2704504904402,0.022298046401507392,360,199,Current,Current,none,0,0.0,0.0,0.0,0,34.177822,444595.34,34.677822,0.0,0.0,0,236
4634,2008-01-01,1999-12-01,97,1999,223526.0,223526.0,1417.9159573745842,0.018,180,83,Current,Current,none,0,0.0,0.0,0.0,0,38.285896,583833.8,42.485897,0.0,0.0,0,626
4637,2008-01-01,2000-03-01,94,2000,351968.0,351968.0,1685.7487800245624,0.0402658879644602,360,266,Current,Current,none,0,0.0,0.0,0.0,0,49.820805,706467.94,52.420803,0.0,0.0,0,263
4656,2008-01-01,2001-12-01,73,2001,278109.0,278109.0,1251.989208293097,0.0352031254540357,360,287,Current,Current,none,0,0.0,0.0,0.0,0,46.2653,601117.9,46.9653,0.0,0.0,0,152
4658,2008-01-01,2000-03-01,94,2000,444250.0,444250.0,2949.307704406195,0.024382156684847008,180,86,Current,Current,none,0,0.0,0.0,0.0,0,37.662155,1.179566e+06,37.762157,0.0,0.0,0,383
4662,2008-01-01,2000-06-01,91,2000,426320.0,426320.0,1701.5277772571653,0.02576692923009832,360,269,Current,Current,none,0,0.0,0.0,0.0,0,35.24293,1.209661e+06,39.542934,0.0,0.0,0,952
4664,2008-01-01,2003-01-01,60,2003,273800.0,273800.0,1305.892508014609,0.039919487030712936,360,300,Current,Current,none,0,0.0,0.0,0.0,0,60.141876,455256.8,60.341877,0.0,0.0,0,390
4669,2008-01-01,2006-02-01,23,2006,133856.0,133856.0,618.5855884150651,0.037325796477338094,360,337,Current,Current,none,0,0.0,0.0,0.0,0,98.560036,135811.64,107.46004,0.0,0.0,0,503
4674,2008-01-01,2004-05-01,44,2004,255817.0,255817.0,1056.2709217792274,0.02837692194711061,360,316,Current,Current,none,0,0.0,0.0,0.0,0,74.7415,342269.03,75.8415,0.0,0.0,0,830
4676,2008-01-01,1994-06-01,163,1994,290903.0,290903.0,1180.3218558987605,0.027027759114635425,360,197,Current,Current,none,0,0.0,0.0,0.0,0,28.604713,1.01697575e+06,34.204712,0.0,0.0,0,141
4677,2008-01-01,1994-11-01,158,1994,129479.0,129479.0,823.5424406292068,0.01837281054141202,180,22,Current,Current,none,0,0.0,0.0,0.0,0,29.335379,441374.9,30.73538,0.0,0.0,0,785
4678,2008-01-01,2007-09-01,4,2007,317351.0,317351.0,2139.7350433971646,0.026579213150376358,180,176,Current,Current,none,0,0.0,0.0,0.0,0,76.43289,415202.16,82.03289,0.0,0.0,0,654
4679,2008-01-01,1994-05-01,164,1994,389630.0,389630.0,1401.4932483077826,0.018,360,196,Current,Current,none,0,0.0,0.0,0.0,0,37.086212,1.0506061e+06,38.786213,0.0,0.0,0,623
4680,2008-01-01,2005-04-01,33,2005,215409.0,215409.0,910.0252879606853,0.03015934600854628,360,327,Current,Current,none,0,0.0,0.0,0.0,0,59.742226,360564.06,62.842228,0.0,0.0,0,759
4682,2008-01-01,2001-06-01,79,2001,174495.0,174495.0,1053.2436239218314,0.060628200853032735,360,281,Current,Current,none,0,0.0,0.0,0.0,0,56.67705,307875.94,71.37705,0.0,0.0,0,588
4683,2008-01-01,2005-10-01,27,2005,332427.0,332427.0,1195.7349178841753,0.018,360,333,Current,Current,none,0,0.0,0.0,0.0,0,85.47124,388934.34,88.071236,0.0,0.0,0,458
4684,2008-01-01,2005-10-01,27,2005,296852.0,296852.0,1172.776090121585,0.024990397406786557,360,333,Current,Current,none,0,0.0,0.0,0.0,0,58.617805,506419.53,61.317802,0.0,0.0,0,378
4688,2008-01-01,2004-08-01,41,2004,429025.0,429025.0,1635.4044214716257,0.022292956608252566,360,319,Current,Current,none,0,0.0,0.0,0.0,0,70.75897,606318.9,70.95897,0.0,0.0,0,371
4694,2008-01-01,1995-02-01,155,1995,178438.0,178438.0,1182.8006200783725,0.024164566631410235,180,25,Current,Current,none,0,0.0,0.0,0.0,0,28.662397,622550.9,28.862398,0.0,0.0,0,486
4695,2008-01-01,2004-11-01,38,2004,154386.0,154386.0,756.6250103841559,0.04218311667878437,360,322,Current,Current,none,0,0.0,0.0,0.0,0,65.54815,235530.67,65.54815,0.0,0.0,0,121
4697,2008-01-01,2007-08-01,5,2007,991172.0,991172.0,4609.479143223782,0.03784112747175306,360,355,Current,Current,none,0,0.0,0.0,0.0,0,94.817856,1.0453432e+06,104.61786,0.0,0.0,0,172
4698,2008-01-01,2007-02-01,11,2007,301372.0,301372.0,2230.7498418994965,0.04010178706612012,180,169,Current,Current,none,0,0.0,0.0,0.0,0,89.273605,337582.4,94.373604,0.0,0.0,0,345
4699,2008-01-01,1995-01-01,156,1995,142526.0,142526.0,904.1001482636026,0.018,180,24,Current,Current,none,0,0.0,0.0,0.0,0,35.785202,398281.97,36.785202,0.0,0.0,0,438
4701,2008-01-01,1994-12-01,157,1994,400967.0,400967.0,1563.8407757257955,0.024014720698915176,360,203,Current,Current,none,0,0.0,0.0,0.0,0,29.910591,1.3405519e+06,31.010592,0.0,0.0,0,784
4703,2008-01-01,1999-05-01,104,1999,318897.0,318897.0,1189.4903054716472,0.02067447230120546,360,256,Current,Current,none,0,0.0,0.0,0.0,0,36.064625,884237.6,36.064625,0.0,0.0,0,295
4705,2008-01-01,1996-05-01,140,1996,133743.0,133743.0,848.38602170284,0.018,180,40,Current,Current,none,0,0.0,0.0,0.0,0,43.01983,310886.88,59.219826,0.0,0.0,0,995
4707,2008-01-01,2004-09-01,40,2004,233656.0,233656.0,964.4049220507574,0.028347774676832995,360,320,Current,Current,none,0,0.0,0.0,0.0,0,65.00762,359428.62,65.30762,0.0,0.0,0,802
4712,2008-01-01,1995-06-01,151,1995,390723.0,390723.0,2136.165959028064,0.05161278625447173,360,209,Current,Current,none,0,0.0,0.0,0.0,0,34.687378,1.1264126e+06,34.687378,0.0,0.0,0,459
4718,2008-01-01,1997-02-01,131,1997,503215.0,503215.0,3422.3413300842926,0.027809474435485614,180,49,Current,Current,none,0,0.0,0.0,0.0,0,32.00608,1.572248e+06,32.50608,0.0,0.0,0,871
4724,2008-01-01,2001-02-01,83,2001,222013.0,222013.0,1065.0456177020621,0.04039964780495032,360,277,Current,Current,none,0,0.0,0.0,0.0,0,42.36364,524064.97,43.463642,0.0,0.0,0,510
4725,2008-01-01,2006-01-01,24,2006,644257.0,644257.0,2580.408729152867,0.026035318584271817,360,336,Current,Current,none,0,0.0,0.0,0.0,0,61.94043,1.04012356e+06,66.94043,0.0,0.0,0,962
4726,2008-01-01,2000-01-01,96,2000,303853.0,303853.0,1299.1319443716745,0.03109872022132132,360,264,Current,Current,none,0,0.0,0.0,0.0,0,45.41841,669008.44,47.91841,0.0,0.0,0,247
4727,2008-01-01,2004-12-01,37,2004,174504.0,174504.0,627.6882627177098,0.018,360,323,Current,Current,none,0,0.0,0.0,0.0,0,50.269554,347136.56,65.169556,0.0,0.0,0,624
4728,2008-01-01,1996-07-01,138,1996,267753.0,267753.0,1404.9140553599234,0.04800660065173806,360,222,Current,Current,none,0,0.0,0.0,0.0,0,40.81278,656051.9,45.212776,0.0,0.0,0,145
4729,2008-01-01,1993-02-01,179,1993,451392.0,451392.0,1976.0786837984301,0.03296716619996706,360,181,Current,Current,none,0,0.0,0.0,0.0,0,33.59573,1.3435994e+06,34.29573,0.0,0.0,0,211
4734,2008-01-01,1995-03-01,154,1995,146885.0,146885.0,697.9666030648659,0.03961161988184131,360,206,Current,Current,none,0,0.0,0.0,0.0,0,41.050488,357815.5,45.250484,0.0,0.0,0,943
4736,2008-01-01,2004-03-01,46,2004,275016.0,275016.0,1165.7791571161852,0.03042415161876077,360,314,Current,Current,none,0,0.0,0.0,0.0,0,79.08192,347760.9,79.181915,0.0,0.0,0,675
4739,2008-01-01,2008-01-01,0,2008,284426.0,284426.0,1411.333780801224,0.043226818978531624,360,360,Current,Current,none,0,0.0,0.0,0.0,0,80.0,355532.5,81.0,0.0,0.0,0,859
4740,2008-01-01,2000-11-01,86,2000,363095.0,363095.0,1739.7845585290506,0.04030132321950479,360,274,Current,Current,none,0,0.0,0.0,0.0,0,38.993122,931177.06,39.493122,0.0,0.0,0,492
4744,2008-01-01,1999-02-01,107,1999,164720.0,164720.0,677.4690103856706,0.02807348651481932,360,253,Current,Current,none,0,0.0,0.0,0.0,0,44.730145,368252.78,57.630142,0.0,0.0,0,526
4747,2008-01-01,2000-11-01,86,2000,670927.0,670927.0,4255.961720486465,0.018,180,94,Current,Current,none,0,0.0,0.0,0.0,0,57.16037,1.1737625e+06,63.46037,0.0,0.0,0,801
4751,2008-01-01,2001-03-01,82,2001,367365.0,367365.0,1797.993959492617,0.04207068956530886,360,278,Current,Current,none,0,0.0,0.0,0.0,0,54.33409,676122.5,58.734093,0.0,0.0,0,142
4752,2008-01-01,1996-07-01,138,1996,248915.0,248915.0,1021.9900015565505,0.027940445731781893,360,222,Current,Current,none,0,0.0,0.0,0.0,0,42.958252,579434.7,44.458252,0.0,0.0,0,943
4754,2008-01-01,2004-08-01,41,2004,460211.0,460211.0,1655.3720434693757,0.018,360,319,Current,Current,none,0,0.0,0.0,0.0,0,63.6561,722964.5,69.3561,0.0,0.0,0,182
4759,2008-01-01,2004-11-01,38,2004,226709.0,226709.0,1178.7982635373883,0.04721999901374063,360,322,Current,Current,none,0,0.0,0.0,0.0,0,65.54815,345866.38,68.14815,0.0,0.0,0,301
4764,2008-01-01,2003-11-01,50,2003,381201.0,381201.0,2901.8054096051487,0.044262033412251614,180,130,Current,Current,none,0,0.0,0.0,0.0,0,59.537426,640271.25,62.937424,0.0,0.0,0,409
4775,2008-01-01,1997-02-01,131,1997,893327.0,893327.0,5217.167898661173,0.057569662666545916,360,229,Current,Current,none,0,0.0,0.0,0.0,0,42.218708,2.1159505e+06,42.31871,0.0,0.0,0,188
4778,2008-01-01,1996-04-01,141,1996,495605.0,495605.0,1961.8137741508929,0.02513866193509907,360,219,Current,Current,none,0,0.0,0.0,0.0,0,32.834606,1.5093982e+06,33.334606,0.0,0.0,0,710
4779,2008-01-01,1994-08-01,161,1994,355740.0,355740.0,1322.894542090184,0.020449470563432867,360,199,Current,Current,none,0,0.0,0.0,0.0,0,41.31385,861067.2,41.61385,0.0,0.0,0,643
4785,2008-01-01,1996-05-01,140,1996,461417.0,461417.0,2926.9549283032334,0.018,180,40,Current,Current,none,0,0.0,0.0,0.0,0,36.405106,1.2674512e+06,41.805107,0.0,0.0,0,392
4786,2008-01-01,2004-12-01,37,2004,117398.0,117398.0,478.63758952928305,0.027398747479270052,360,323,Current,Current,none,0,0.0,0.0,0.0,0,68.16997,172213.67,69.66997,0.0,0.0,0,348
4787,2008-01-01,2000-10-01,87,2000,353791.0,353791.0,1272.5809044787584,0.018,360,273,Current,Current,none,0,0.0,0.0,0.0,0,44.9616,786873.7,52.6616,0.0,0.0,0,291
4792,2008-01-01,2001-07-01,78,2001,228617.0,228617.0,1289.666027429559,0.05441377599397029,360,282,Current,Current,none,0,0.0,0.0,0.0,0,36.790447,621403.1,38.490448,0.0,0.0,0,823
4793,2008-01-01,2001-10-01,75,2001,211379.0,211379.0,1455.452811076448,0.029577462516607197,180,105,Current,Current,none,0,0.0,0.0,0.0,0,55.24526,382619.28,55.44526,0.0,0.0,0,468
4800,2008-01-01,2006-10-01,15,2006,233239.0,233239.0,1291.7543434952042,0.0527628581428896,360,345,Current,Current,none,0,0.0,0.0,0.0,0,77.56916,300685.22,84.66916,0.0,0.0,0,796
4801,2008-01-01,2000-11-01,86,2000,293738.0,293738.0,1671.0208136029341,0.055174032732097006,360,274,Current,Current,none,0,0.0,0.0,0.0,0,42.66455,688482.56,43.264553,0.0,0.0,0,365
4804,2008-01-01,2006-12-01,13,2006,302096.0,302096.0,2020.9731059720011,0.025465714876537253,180,167,Current,Current,none,0,0.0,0.0,0.0,0,84.71869,356587.2,89.81869,0.0,0.0,0,710
4805,2008-01-01,2007-02-01,11,2007,202541.0,202541.0,821.4522127225695,0.026995390691500924,360,349,Current,Current,none,0,0.0,0.0,0.0,0,90.02022,224995.0,95.120224,0.0,0.0,0,377
4808,2008-01-01,1998-10-01,111,1998,316046.0,316046.0,2004.8077926702392,0.018,180,69,Current,Current,none,0,0.0,0.0,0.0,0,34.846535,906965.4,34.946533,0.0,0.0,0,732
4813,2008-01-01,1996-10-01,135,1996,487110.0,487110.0,1752.12734179402,0.018,360,225,Current,Current,none,0,0.0,0.0,0.0,0,25.810507,1.8872546e+06,25.810507,0.0,0.0,0,977
4814,2008-01-01,1993-02-01,179,1993,529758.0,529758.0,2833.599286403251,0.049682947492447296,360,181,Current,Current,none,0,0.0,0.0,0.0,0,28.955683,1.8295476e+06,31.155682,0.0,0.0,0,162
4816,2008-01-01,2004-02-01,47,2004,438475.0,438475.0,1783.956279339882,0.02723799732528821,360,313,Current,Current,none,0,0.0,0.0,0.0,0,47.653717,920127.6,48.653717,0.0,0.0,0,847
4818,2008-01-01,1998-11-01,110,1998,514980.0,514980.0,1852.3753125106944,0.018,360,250,Current,Current,none,0,0.0,0.0,0.0,0,29.155169,1.7663421e+06,40.655167,0.0,0.0,0,881
4820,2008-01-01,1997-06-01,127,1997,350465.0,350465.0,1597.8634504706167,0.036227857421312015,360,233,Current,Current,none,0,0.0,0.0,0.0,0,36.739338,953923.0,37.739338,0.0,0.0,0,587
4830,2008-01-01,2006-09-01,16,2006,161176.0,161176.0,859.8210123492595,0.0494503045007203,360,344,Current,Current,none,0,0.0,0.0,0.0,0,89.150505,180790.9,94.150505,0.0,0.0,0,954
4835,2008-01-01,2007-09-01,4,2007,229392.0,229392.0,927.0954780866866,0.02672605400373117,360,356,Current,Current,none,0,0.0,0.0,0.0,0,72.55889,316145.94,76.55889,0.0,0.0,0,829
4839,2008-01-01,2002-11-01,62,2002,152103.0,152103.0,652.5654961401242,0.03137000731821216,360,298,Current,Current,none,0,0.0,0.0,0.0,0,41.455635,366905.5,44.955635,0.0,0.0,0,663
4843,2008-01-01,1998-10-01,111,1998,300705.0,300705.0,1248.5645445265395,0.02880984557241223,360,249,Current,Current,none,0,0.0,0.0,0.0,0,43.39684,692919.1,43.79684,0.0,0.0,0,319
4846,2008-01-01,1995-05-01,152,1995,398205.0,398205.0,1998.800178568764,0.044201615229302355,360,208,Current,Current,none,0,0.0,0.0,0.0,0,38.771072,1.02706725e+06,39.371075,0.0,0.0,0,402
4852,2008-01-01,2003-10-01,51,2003,306576.0,306576.0,2007.1829009350438,0.0224194380016497,180,129,Current,Current,none,0,0.0,0.0,0.0,0,55.48849,552503.75,55.98849,0.0,0.0,0,125
4855,2008-01-01,2004-02-01,47,2004,217149.0,217149.0,931.9349211035988,0.031395665100031674,360,313,Current,Current,none,0,0.0,0.0,0.0,0,64.2578,337934.06,66.0578,0.0,0.0,0,459
4856,2008-01-01,1999-10-01,99,1999,415013.0,415013.0,1865.6393371149452,0.0350882702003609,360,261,Current,Current,none,0,0.0,0.0,0.0,0,46.273956,896860.9,46.273956,0.0,0.0,0,659
4858,2008-01-01,2005-05-01,32,2005,118139.0,118139.0,853.4807578796987,0.03653367297611582,180,148,Current,Current,none,0,0.0,0.0,0.0,0,49.75104,237460.36,54.451042,0.0,0.0,0,773
4862,2008-01-01,2004-11-01,38,2004,350672.0,350672.0,1261.361908401783,0.018,360,322,Current,Current,none,0,0.0,0.0,0.0,0,50.357918,696359.2,50.457916,0.0,0.0,0,914
4863,2008-01-01,2004-05-01,44,2004,537057.0,537057.0,1990.6090661746687,0.020206178480741757,360,316,Current,Current,none,0,0.0,0.0,0.0,0,58.093742,924466.2,60.093742,0.0,0.0,0,240
4866,2008-01-01,2001-03-01,82,2001,152987.0,152987.0,610.5037953559387,0.02575471617700208,360,278,Current,Current,none,0,0.0,0.0,0.0,0,35.49139,431053.84,37.29139,0.0,0.0,0,454
4867,2008-01-01,1998-10-01,111,1998,318961.0,318961.0,1147.2979184700835,0.018,360,249,Current,Current,none,0,0.0,0.0,0.0,0,27.210411,1.1722021e+06,27.51041,0.0,0.0,0,515
4868,2008-01-01,2001-11-01,74,2001,385126.0,385126.0,2541.785527835187,0.02355064500048538,180,106,Current,Current,none,0,0.0,0.0,0.0,0,38.933735,989183.3,39.433735,0.0,0.0,0,367
4872,2008-01-01,2003-08-01,53,2003,214343.0,214343.0,1539.571235657233,0.03568975286215595,180,127,Current,Current,none,0,0.0,0.0,0.0,0,51.421215,416837.7,51.421215,0.0,0.0,0,771
4874,2008-01-01,1999-04-01,105,1999,762018.0,762018.0,5540.897886988652,0.03748232886244087,180,75,Current,Current,none,0,0.0,0.0,0.0,0,42.780476,1.7812285e+06,44.980476,0.0,0.0,0,567
4877,2008-01-01,2005-03-01,34,2005,432240.0,432240.0,1845.1205318579096,0.03097379521201918,360,326,Current,Current,none,0,0.0,0.0,0.0,0,75.80647,570188.8,78.40647,0.0,0.0,0,971
4878,2008-01-01,2006-12-01,13,2006,399599.0,399599.0,1707.5548440321081,0.031055351528789632,360,347,Current,Current,none,0,0.0,0.0,0.0,0,71.75919,556861.06,83.159195,0.0,0.0,0,337
4881,2008-01-01,1998-06-01,115,1998,307272.0,307272.0,1703.9035510427761,0.05287459426637313,360,245,Current,Current,none,0,0.0,0.0,0.0,0,28.62751,1.0733451e+06,29.12751,0.0,0.0,0,534
4882,2008-01-01,1999-01-01,108,1999,144553.0,144553.0,916.9582303014785,0.018,180,72,Current,Current,none,0,0.0,0.0,0.0,0,31.595127,457516.75,31.895126,0.0,0.0,0,787
4883,2008-01-01,2006-04-01,21,2006,378869.0,378869.0,2909.2425640937113,0.04556335408132489,180,159,Current,Current,none,0,0.0,0.0,0.0,0,98.97558,382790.4,113.97558,0.0,0.0,0,576
4886,2008-01-01,2000-10-01,87,2000,386704.0,386704.0,1432.2282335935517,0.020149613983729733,360,273,Current,Current,none,0,0.0,0.0,0.0,0,50.18823,770507.4,64.688225,0.0,0.0,0,266
4888,2008-01-01,1999-06-01,103,1999,245191.0,245191.0,1444.193950882933,0.05835375854562174,360,257,Current,Current,none,0,0.0,0.0,0.0,0,40.724854,602067.25,41.924854,0.0,0.0,0,103
4889,2008-01-01,2003-04-01,57,2003,286002.0,286002.0,1922.3704314622566,0.026136585567829614,180,123,Current,Current,none,0,0.0,0.0,0.0,0,70.17288,407567.7,70.27288,0.0,0.0,0,615
4890,2008-01-01,2006-01-01,24,2006,235067.0,235067.0,1176.4456728678767,0.043951166271582215,360,336,Current,Current,none,0,0.0,0.0,0.0,0,69.656555,337465.72,82.156555,0.0,0.0,0,381
4891,2008-01-01,2005-05-01,32,2005,151909.0,151909.0,698.2984088725032,0.0368937171930134,360,328,Current,Current,none,0,0.0,0.0,0.0,0,75.815834,200365.81,78.315834,0.0,0.0,0,584
4893,2008-01-01,1995-10-01,147,1995,236714.0,236714.0,1121.227062683314,0.039347841060755305,360,213,Current,Current,none,0,0.0,0.0,0.0,0,35.73327,662447.06,41.533268,0.0,0.0,0,981
4898,2008-01-01,2007-05-01,8,2007,253494.0,253494.0,1010.2142877371333,0.025651413374214067,360,352,Current,Current,none,0,0.0,0.0,0.0,0,67.93624,373135.2,72.03624,0.0,0.0,0,279
4902,2008-01-01,2007-03-01,10,2007,115919.0,115919.0,456.8655157865474,0.024808272401476452,360,350,Current,Current,none,0,0.0,0.0,0.0,0,80.08539,144744.25,87.38539,0.0,0.0,0,535
4908,2008-01-01,2007-05-01,8,2007,491627.0,491627.0,2582.8542802529755,0.048116320051708246,360,352,Current,Current,none,0,0.0,0.0,0.0,0,74.74049,657778.6,78.84049,0.0,0.0,0,104
4909,2008-01-01,2001-09-01,76,2001,495493.0,495493.0,1782.2808666780486,0.018,360,284,Current,Current,none,0,0.0,0.0,0.0,0,51.159992,968516.56,62.659992,0.0,0.0,0,989
4918,2008-01-01,2002-06-01,67,2002,285220.0,285220.0,1419.8160796198215,0.04349745708084612,360,293,Current,Current,none,0,0.0,0.0,0.0,0,58.565517,487010.12,66.16552,0.0,0.0,0,398
4922,2008-01-01,1996-09-01,136,1996,188264.0,188264.0,752.7249173125168,0.025901541947778252,360,224,Current,Current,none,0,0.0,0.0,0.0,0,29.062168,647797.5,59.662167,0.0,0.0,0,145
4924,2008-01-01,1993-08-01,173,1993,328525.0,328525.0,2394.6726135244576,0.037841211856402567,180,7,Current,Current,none,0,0.0,0.0,0.0,0,33.430695,982704.75,35.530693,0.0,0.0,0,630
4927,2008-01-01,2000-05-01,92,2000,236518.0,236518.0,1230.6406854435907,0.047278965438675054,360,268,Current,Current,none,0,0.0,0.0,0.0,0,56.010033,422277.9,63.510033,0.0,0.0,0,534
4929,2008-01-01,2005-06-01,31,2005,229009.0,229009.0,971.7087348757284,0.03050089463494183,360,329,Current,Current,none,0,0.0,0.0,0.0,0,72.396034,316328.1,75.896034,0.0,0.0,0,373
4931,2008-01-01,2007-08-01,5,2007,424626.0,424626.0,1673.722814091498,0.024815824024955326,360,355,Current,Current,none,0,0.0,0.0,0.0,0,91.76262,462744.0,95.76262,0.0,0.0,0,492
4932,2008-01-01,1993-07-01,174,1993,440974.0,440974.0,1707.2920638419225,0.02346059736703363,360,186,Current,Current,none,0,0.0,0.0,0.0,0,32.09622,1.3739126e+06,34.696217,0.0,0.0,0,235
4933,2008-01-01,2002-02-01,71,2002,487050.0,487050.0,3680.692239887238,0.04317739963366715,180,109,Current,Current,none,0,0.0,0.0,0.0,0,54.60537,891945.25,55.10537,0.0,0.0,0,203
4935,2008-01-01,1993-05-01,176,1993,162321.0,162321.0,1100.1204836087882,0.027315445880243993,180,4,Current,Current,none,0,0.0,0.0,0.0,0,27.015713,600839.25,37.015713,0.0,0.0,0,908
4936,2008-01-01,1999-03-01,106,1999,59233.0,59233.0,386.46927811526444,0.021934717646102164,180,74,Current,Current,none,0,0.0,0.0,0.0,0,28.289398,209382.33,29.789398,0.0,0.0,0,242
4940,2008-01-01,1998-03-01,118,1998,183469.0,183469.0,830.6273555478946,0.03565955023391569,360,242,Current,Current,none,0,0.0,0.0,0.0,0,39.964157,459083.84,40.56416,0.0,0.0,0,533
4941,2008-01-01,2005-01-01,36,2005,121224.0,121224.0,556.4094881953235,0.03677173154082035,360,324,Current,Current,none,0,0.0,0.0,0.0,0,81.90147,148012.0,84.80147,0.0,0.0,0,467
4942,2008-01-01,2007-09-01,4,2007,508374.0,508374.0,1828.6136298930285,0.018,360,356,Current,Current,none,0,0.0,0.0,0.0,0,82.610344,615387.8,87.21034,0.0,0.0,0,583
4944,2008-01-01,1995-06-01,151,1995,97086.0,97086.0,453.377166180317,0.03818043748627041,360,209,Current,Current,none,0,0.0,0.0,0.0,0,28.574436,339765.22,28.574436,0.0,0.0,0,942
4945,2008-01-01,2002-02-01,71,2002,168958.0,168958.0,646.4445934194408,0.02257067563822604,360,289,Current,Current,none,0,0.0,0.0,0.0,0,63.899902,264410.44,67.799904,0.0,0.0,0,500
4950,2008-01-01,2003-07-01,54,2003,374833.0,374833.0,2405.88069914338,0.019640366406659747,180,126,Current,Current,none,0,0.0,0.0,0.0,0,47.45969,789792.3,49.059692,0.0,0.0,0,636
4954,2008-01-01,1999-01-01,108,1999,263368.0,263368.0,953.9804631150756,0.01851209108083306,360,252,Current,Current,none,0,0.0,0.0,0.0,0,40.75392,646239.7,41.25392,0.0,0.0,0,883
4956,2008-01-01,2004-01-01,48,2004,139684.0,139684.0,611.0931875532067,0.03291415615713369,360,312,Current,Current,none,0,0.0,0.0,0.0,0,53.049362,263309.5,53.049362,0.0,0.0,0,907
4958,2008-01-01,1997-09-01,124,1997,168026.0,168026.0,700.4504507588452,0.029119522263017655,360,236,Current,Current,none,0,0.0,0.0,0.0,0,35.5181,473071.47,39.218098,0.0,0.0,0,286
4962,2008-01-01,2001-03-01,82,2001,243630.0,243630.0,1297.751816532163,0.04931996491855886,360,278,Current,Current,none,0,0.0,0.0,0.0,0,52.785378,461548.28,56.985374,0.0,0.0,0,433
4963,2008-01-01,1999-10-01,99,1999,159620.0,159620.0,1147.0714763981086,0.03576118917758939,180,81,Current,Current,none,0,0.0,0.0,0.0,0,50.780033,314336.16,59.280033,0.0,0.0,0,127
4964,2008-01-01,2005-01-01,36,2005,771972.0,771972.0,4291.536106500577,0.05309884239766044,360,324,Current,Current,none,0,0.0,0.0,0.0,0,87.33036,883967.5,91.33036,0.0,0.0,0,923
4965,2008-01-01,2007-10-01,3,2007,428149.0,428149.0,2077.98415462432,0.04136899835776099,360,357,Current,Current,none,0,0.0,0.0,0.0,0,100.4513,426225.44,104.5513,0.0,0.0,0,795
4966,2008-01-01,1997-01-01,132,1997,212064.0,212064.0,1453.4283641023405,0.028914405525755377,180,48,Current,Current,none,0,0.0,0.0,0.0,0,38.718754,547703.56,47.518753,0.0,0.0,0,406
4968,2008-01-01,1994-10-01,159,1994,212863.0,212863.0,1038.616337944577,0.04181313404723215,360,201,Current,Current,none,0,0.0,0.0,0.0,0,43.1853,492906.2,44.285297,0.0,0.0,0,589
4969,2008-01-01,2005-01-01,36,2005,406389.0,406389.0,2931.040219435303,0.036291181730667574,180,144,Current,Current,none,0,0.0,0.0,0.0,0,55.692997,729695.0,70.293,0.0,0.0,0,900
4970,2008-01-01,2007-07-01,6,2007,267748.0,267748.0,1379.946335474132,0.04645881040135597,360,354,Current,Current,none,0,0.0,0.0,0.0,0,102.410774,261445.14,113.810776,0.0,0.0,0,683
4971,2008-01-01,1995-06-01,151,1995,372741.0,372741.0,1668.027415540115,0.034723573278527806,360,209,Current,Current,none,0,0.0,0.0,0.0,0,28.953533,1.2873765e+06,28.953533,0.0,0.0,0,434
4972,2008-01-01,2005-10-01,27,2005,701299.0,701299.0,3762.614432089551,0.049950758181750966,360,333,Current,Current,none,0,0.0,0.0,0.0,0,85.7847,817510.56,89.3847,0.0,0.0,0,148
4975,2008-01-01,2001-09-01,76,2001,541320.0,541320.0,2494.028707998104,0.03707917855473929,360,284,Current,Current,none,0,0.0,0.0,0.0,0,45.895508,1.1794619e+06,46.895508,0.0,0.0,0,601
4976,2008-01-01,2002-11-01,62,2002,132593.0,132593.0,524.6366834765086,0.025106434395584114,360,298,Current,Current,none,0,0.0,0.0,0.0,0,61.22109,216580.6,61.621086,0.0,0.0,0,268
4977,2008-01-01,1996-12-01,133,1996,583903.0,583903.0,2184.854713106534,0.02090889357740669,360,227,Current,Current,none,0,0.0,0.0,0.0,0,33.136753,1.7621009e+06,33.53675,0.0,0.0,0,741
4979,2008-01-01,1994-04-01,165,1994,249577.0,249577.0,1058.744391742103,0.030483386902310946,360,195,Current,Current,none,0,0.0,0.0,0.0,0,27.969791,892309.1,28.969791,0.0,0.0,0,767
4980,2008-01-01,2001-07-01,78,2001,587907.0,587907.0,2587.854555319682,0.033403589640760095,360,282,Current,Current,none,0,0.0,0.0,0.0,0,54.951977,1.069856e+06,56.051975,0.0,0.0,0,742
4981,2008-01-01,1995-09-01,148,1995,210300.0,210300.0,1171.1172960687898,0.05325340882824596,360,212,Current,Current,none,0,0.0,0.0,0.0,0,43.09592,487981.25,44.59592,0.0,0.0,0,666
4983,2008-01-01,2001-05-01,80,2001,587443.0,587443.0,2163.5792816808867,0.019736773050791332,360,280,Current,Current,none,0,0.0,0.0,0.0,0,55.68256,1.0549856e+06,55.98256,0.0,0.0,0,471
4985,2008-01-01,2000-10-01,87,2000,262384.0,262384.0,943.791300628774,0.018,360,273,Current,Paid off,payoff,0,0.0,0.0,0.0,0,49.621487,528770.94,55.721485,0.0,0.0,0,159
4987,2008-01-01,2002-01-01,72,2002,591588.0,591588.0,2556.2916521396087,0.03193414284341884,360,288,Current,Current,none,0,0.0,0.0,0.0,0,50.90961,1.162036e+06,53.10961,0.0,0.0,0,720
4997,2008-01-01,2005-11-01,26,2005,186146.0,186146.0,1326.5516147805963,0.03454299615838151,180,154,Current,Current,none,0,0.0,0.0,0.0,0,88.11766,211247.11,92.417656,0.0,0.0,0,745
5002,2008-01-01,2002-07-01,66,2002,259869.0,259869.0,1303.4759054919564,0.04414023363873991,360,294,Current,Current,none,0,0.0,0.0,0.0,0,65.35923,397601.1,65.45923,0.0,0.0,0,666
5010,2008-01-01,2002-10-01,63,2002,190888.0,190888.0,768.4049385343653,0.026419812293794757,360,297,Current,Current,none,0,0.0,0.0,0.0,0,58.248394,327713.75,58.64839,0.0,0.0,0,245
5013,2008-01-01,2006-09-01,16,2006,450317.0,450317.0,1802.5555947774033,0.025989732948542798,360,344,Current,Current,none,0,0.0,0.0,0.0,0,95.93369,469404.4,113.333694,0.0,0.0,0,690
5019,2008-01-01,2003-02-01,59,2003,229500.0,229500.0,1487.0729086064837,0.020965048282099302,180,121,Current,Current,none,0,0.0,0.0,0.0,0,56.033295,409577.9,56.233295,0.0,0.0,0,550
5023,2008-01-01,2001-06-01,79,2001,468250.0,468250.0,2345.0498289881666,0.044008563480310965,360,281,Current,Current,none,0,0.0,0.0,0.0,0,45.354885,1.0324136e+06,45.354885,0.0,0.0,0,904
5025,2008-01-01,2000-10-01,87,2000,370424.0,370424.0,1332.4095552477017,0.018,360,273,Current,Current,none,0,0.0,0.0,0.0,0,51.88846,713885.2,51.88846,0.0,0.0,0,302
5029,2008-01-01,1997-08-01,125,1997,379900.0,379900.0,1366.4945846883622,0.018,360,235,Current,Current,none,0,0.0,0.0,0.0,0,40.73988,932501.5,48.23988,0.0,0.0,0,593
5032,2008-01-01,2007-08-01,5,2007,426194.0,426194.0,1632.493883824653,0.022655575871359527,360,355,Current,Current,none,0,0.0,0.0,0.0,0,81.016594,526057.7,86.71659,0.0,0.0,0,167
5033,2008-01-01,1997-09-01,124,1997,434936.0,434936.0,1718.501229906495,0.02499903584402593,360,236,Current,Current,none,0,0.0,0.0,0.0,0,30.271107,1.4368024e+06,30.971107,0.0,0.0,0,711
5034,2008-01-01,2007-11-01,2,2007,176839.0,176839.0,636.0872225893795,0.018,360,358,Current,Current,none,0,0.0,0.0,0.0,0,75.25505,234986.22,80.55505,0.0,0.0,0,616
5036,2008-01-01,2006-11-01,14,2006,391745.0,391745.0,1574.2601034478107,0.026289597959132195,360,346,Current,Current,none,0,0.0,0.0,0.0,0,84.26054,464921.1,91.860535,0.0,0.0,0,449
5041,2008-01-01,2006-10-01,15,2006,418570.0,418570.0,1765.264878415378,0.03002466613286688,360,345,30 DPD,Delinquent,none,0,0.0,0.0,0.0,1,90.80218,460969.12,97.80218,0.0,0.0,0,456
5044,2008-01-01,2003-08-01,53,2003,327246.0,327246.0,1391.81139753932,0.030685563767556774,360,307,Current,Current,none,0,0.0,0.0,0.0,0,60.24309,543209.2,60.24309,0.0,0.0,0,381
5045,2008-01-01,1998-11-01,110,1998,234984.0,234984.0,1161.9574069229654,0.04293394123715257,360,250,Current,Current,none,0,0.0,0.0,0.0,0,45.16087,520326.56,51.16087,0.0,0.0,0,465
5047,2008-01-01,2002-11-01,62,2002,338977.0,338977.0,2358.5078767914683,0.031076798567427684,180,118,Current,Current,none,0,0.0,0.0,0.0,0,53.44816,634216.44,85.54816,0.0,0.0,0,998
5049,2008-01-01,2001-12-01,73,2001,245542.0,245542.0,1225.3443154549373,0.043707827574394204,360,287,Current,Current,none,0,0.0,0.0,0.0,0,47.82557,513411.56,47.82557,0.0,0.0,0,702
5052,2008-01-01,1998-06-01,115,1998,295646.0,295646.0,1710.711668969887,0.05672124514692167,360,245,Current,Current,none,0,0.0,0.0,0.0,0,37.326477,792054.4,38.626476,0.0,0.0,0,171
5057,2008-01-01,2003-01-01,60,2003,102243.0,102243.0,512.9722089470579,0.04416206095747908,360,300,Current,Current,none,0,0.0,0.0,0.0,0,58.276436,175444.84,61.576435,0.0,0.0,0,361
5061,2008-01-01,2007-10-01,3,2007,162192.0,162192.0,881.3113873124988,0.051069250504789374,360,357,Current,Current,none,0,0.0,0.0,0.0,0,87.272255,185846.0,96.772255,0.0,0.0,0,722
5067,2008-01-01,2004-01-01,48,2004,341686.0,341686.0,1913.495390537455,0.05375713854576321,360,312,Current,Current,none,0,0.0,0.0,0.0,0,74.68034,457531.38,76.68034,0.0,0.0,0,914
5068,2008-01-01,2006-12-01,13,2006,365279.0,365279.0,2502.551105175139,0.028858886789349426,180,167,Current,Current,none,0,0.0,0.0,0.0,0,60.83466,600445.5,67.43466,0.0,0.0,0,903
5072,2008-01-01,2000-05-01,92,2000,323289.0,323289.0,1717.0587480601173,0.049065007890744715,360,268,Current,Current,none,0,0.0,0.0,0.0,0,46.856876,689949.94,47.056877,0.0,0.0,0,218
5074,2008-01-01,2008-01-01,0,2008,313574.0,313574.0,1366.318639982653,0.032594377843521746,360,360,Current,Current,none,0,0.0,0.0,0.0,0,81.3,385699.88,81.3,0.0,0.0,0,962
5075,2008-01-01,1994-04-01,165,1994,164387.0,164387.0,689.3684921975214,0.029582753907429024,360,195,Current,Current,none,0,0.0,0.0,0.0,0,30.959982,530966.06,31.959982,0.0,0.0,0,319
5080,2008-01-01,2004-12-01,37,2004,166949.0,166949.0,1138.486491944034,0.02819562034899276,180,143,Current,Current,none,0,0.0,0.0,0.0,0,54.814217,304572.44,55.514217,0.0,0.0,0,279
5083,2008-01-01,2006-02-01,23,2006,417283.0,417283.0,2195.885523971646,0.04825934792495301,360,337,Current,Current,none,0,0.0,0.0,0.0,0,99.0905,421113.03,106.1905,0.0,0.0,0,630
5088,2008-01-01,1999-06-01,103,1999,221047.0,221047.0,941.6841460353072,0.03081474030264325,360,257,Current,Current,none,0,0.0,0.0,0.0,0,47.31518,467179.88,48.515182,0.0,0.0,0,648
5091,2008-01-01,1994-06-01,163,1994,439280.0,439280.0,2011.7731616761328,0.03659061716542568,360,197,Current,Current,none,0,0.0,0.0,0.0,0,28.09225,1.5637052e+06,28.492252,0.0,0.0,0,128
5092,2008-01-01,1993-03-01,178,1993,393278.0,393278.0,2043.1074815232942,0.047144583173874585,360,182,Current,Current,none,0,0.0,0.0,0.0,0,30.0481,1.3088282e+06,30.748098,0.0,0.0,0,739
5094,2008-01-01,1995-12-01,145,1995,265416.0,265416.0,954.6973590145996,0.018,360,215,Current,Current,none,0,0.0,0.0,0.0,0,24.96685,1.0630736e+06,24.96685,0.0,0.0,0,345
5095,2008-01-01,1996-04-01,141,1996,170574.0,170574.0,628.7699402768974,0.019799979606325967,360,219,Current,Current,none,0,0.0,0.0,0.0,0,34.802765,490116.25,34.802765,0.0,0.0,0,672
5097,2008-01-01,1997-06-01,127,1997,175127.0,175127.0,629.9291843451404,0.018,360,233,Current,Current,none,0,0.0,0.0,0.0,0,36.789257,476027.56,45.389256,0.0,0.0,0,759
5104,2008-01-01,1996-02-01,143,1996,309693.0,309693.0,1964.5081403828062,0.018,180,37,Current,Current,none,0,0.0,0.0,0.0,0,30.213686,1.025009e+06,30.513685,0.0,0.0,0,471
5105,2008-01-01,2003-09-01,52,2003,256508.0,256508.0,1086.7022508305065,0.030379288220639348,360,308,Current,Current,none,0,0.0,0.0,0.0,0,65.94353,388981.3,68.84353,0.0,0.0,0,474
5114,2008-01-01,2005-05-01,32,2005,434226.0,434226.0,1770.9144998608529,0.027422811442431676,360,328,Current,Current,none,0,0.0,0.0,0.0,0,67.59006,642440.6,71.49006,0.0,0.0,0,459
5123,2008-01-01,2005-03-01,34,2005,490949.0,490949.0,2242.8144422048676,0.03638872670736293,360,326,Current,Current,none,0,0.0,0.0,0.0,0,48.389156,1.01458475e+06,51.089153,0.0,0.0,0,754
5124,2008-01-01,2006-11-01,14,2006,262535.0,262535.0,1351.3465802119943,0.046348645812713966,360,346,Current,Current,none,0,0.0,0.0,0.0,0,100.897964,260198.52,107.297966,0.0,0.0,0,190
5125,2008-01-01,1997-03-01,130,1997,337893.0,337893.0,1543.7335310108701,0.03639548208554881,360,230,Current,Current,none,0,0.0,0.0,0.0,0,42.965866,786421.94,44.465866,0.0,0.0,0,744
5126,2008-01-01,1996-07-01,138,1996,408577.0,408577.0,1607.6471472249684,0.024682995988630486,360,222,Current,Current,none,0,0.0,0.0,0.0,0,45.445053,899057.2,56.445053,0.0,0.0,0,379
5128,2008-01-01,2004-02-01,47,2004,1143861.0,1.143861e+06,4114.450808465951,0.018,360,313,Current,Current,none,0,0.0,0.0,0.0,0,75.714615,1.5107532e+06,89.11462,0.0,0.0,0,962
5133,2008-01-01,1993-02-01,179,1993,608764.0,608764.0,2314.6081676580934,0.0221010354939723,360,181,Current,Current,none,0,0.0,0.0,0.0,0,32.123405,1.8950791e+06,39.123405,0.0,0.0,0,814
5136,2008-01-01,2001-03-01,82,2001,162976.0,162976.0,864.6938495562491,0.04897341504702317,360,278,Current,Current,none,0,0.0,0.0,0.0,0,33.684555,483830.03,34.484554,0.0,0.0,0,866
5140,2008-01-01,2002-05-01,68,2002,180338.0,180338.0,822.6516999497345,0.036271466360674166,360,292,Current,Current,none,0,0.0,0.0,0.0,0,58.884468,306257.34,59.484467,0.0,0.0,0,287
5143,2008-01-01,2006-02-01,23,2006,290505.0,290505.0,1522.3079844787521,0.04789341082618756,360,337,Current,Current,none,0,0.0,0.0,0.0,0,98.45395,295066.9,105.153946,0.0,0.0,0,285
5144,2008-01-01,2006-07-01,18,2006,482238.0,482238.0,1966.7702310729405,0.027424661066323037,360,342,Current,Current,none,0,0.0,0.0,0.0,0,76.72355,628539.75,81.82355,0.0,0.0,0,288
5145,2008-01-01,1997-02-01,131,1997,408450.0,408450.0,1698.7291595056047,0.02893770518543777,360,229,Current,Current,none,0,0.0,0.0,0.0,0,38.06525,1.073026e+06,38.96525,0.0,0.0,0,968
5146,2008-01-01,2002-07-01,66,2002,406634.0,406634.0,2150.33134798417,0.04868478960604895,360,294,Current,Current,none,0,0.0,0.0,0.0,0,59.792126,680079.5,79.99213,0.0,0.0,0,539
5147,2008-01-01,2005-02-01,35,2005,491504.0,491504.0,1842.1287348710916,0.021030561033585318,360,325,Current,Current,none,0,0.0,0.0,0.0,0,70.13633,700783.75,77.23633,0.0,0.0,0,335
5150,2008-01-01,1998-10-01,111,1998,180789.0,180789.0,650.295313164581,0.018,360,249,Current,Current,none,0,0.0,0.0,0.0,0,26.780207,675084.44,26.780207,0.0,0.0,0,603
5155,2008-01-01,2005-10-01,27,2005,150630.0,150630.0,702.4415470292016,0.038066458133608046,360,333,Current,Current,none,0,0.0,0.0,0.0,0,73.45511,205064.02,76.05511,0.0,0.0,0,886
5164,2008-01-01,2005-02-01,35,2005,286976.0,286976.0,1115.3621342316428,0.023751510856048506,360,325,Current,Current,none,0,0.0,0.0,0.0,0,81.21049,353373.1,84.01048,0.0,0.0,0,612
5165,2008-01-01,2002-03-01,70,2002,220521.0,220521.0,793.2107194263288,0.018,360,290,Current,Current,none,0,0.0,0.0,0.0,0,41.29163,534057.4,41.391632,0.0,0.0,0,888
5169,2008-01-01,2006-06-01,19,2006,348750.0,348750.0,1524.377986655085,0.03284419663030193,360,341,Current,Current,none,0,0.0,0.0,0.0,0,98.59709,353712.25,107.79709,0.0,0.0,0,644
5171,2008-01-01,2007-12-01,1,2007,323270.0,323270.0,1242.4120050646907,0.022907223009479706,360,359,Current,Current,none,0,0.0,0.0,0.0,0,84.29911,383479.72,96.999115,0.0,0.0,0,208
5172,2008-01-01,2003-08-01,53,2003,302911.0,302911.0,2293.9340097530726,0.043489549172355854,180,127,Current,Current,none,0,0.0,0.0,0.0,0,68.98549,439093.78,75.28549,0.0,0.0,0,436
5173,2008-01-01,2004-08-01,41,2004,202136.0,202136.0,845.1650946020843,0.029351961338280864,360,319,Current,Current,none,0,0.0,0.0,0.0,0,77.95175,259309.12,79.45175,0.0,0.0,0,266
5179,2008-01-01,1995-08-01,149,1995,253682.0,253682.0,1919.6204906873775,0.04337282745401592,180,31,Current,Current,none,0,0.0,0.0,0.0,0,28.924177,877058.7,32.224174,0.0,0.0,0,193
5181,2008-01-01,2005-03-01,34,2005,573945.0,573945.0,2743.425010556499,0.04010041968051338,360,326,Current,Current,none,0,0.0,0.0,0.0,0,69.5534,825186.1,75.0534,0.0,0.0,0,351
5183,2008-01-01,2005-01-01,36,2005,182173.0,182173.0,828.3575736228177,0.03601138023367205,360,324,Current,Current,none,0,0.0,0.0,0.0,0,61.5899,295783.88,64.1899,0.0,0.0,0,714
5184,2008-01-01,1994-12-01,157,1994,297217.0,297217.0,1386.6394020147868,0.03810250715275307,360,203,Current,Current,none,0,0.0,0.0,0.0,0,38.2893,776240.4,40.6893,0.0,0.0,1,868
5186,2008-01-01,2005-12-01,25,2005,178079.0,178079.0,646.3104370608783,0.018655968753639597,360,335,Current,Current,none,0,0.0,0.0,0.0,0,66.115906,269343.66,77.615906,0.0,0.0,0,283
5189,2008-01-01,2000-02-01,95,2000,402459.0,402459.0,1815.9107554199857,0.03538631550185838,360,265,Current,Current,none,0,0.0,0.0,0.0,0,35.74269,1.1259896e+06,35.842693,0.0,0.0,0,224
5190,2008-01-01,1995-04-01,153,1995,945782.0,945782.0,3401.9636254165007,0.018,360,207,Current,Current,none,0,0.0,0.0,0.0,0,24.71071,3.8274172e+06,24.810709,0.0,0.0,0,868
5192,2008-01-01,2003-01-01,60,2003,589979.0,589979.0,4078.2383574507244,0.030139227080754196,180,120,Current,Current,none,0,0.0,0.0,0.0,0,45.292953,1.3025845e+06,45.292953,0.0,0.0,0,586
5197,2008-01-01,2002-01-01,72,2002,185795.0,185795.0,794.6093360333775,0.031122251927424262,360,288,Current,Current,none,0,0.0,0.0,0.0,0,37.909966,490095.4,39.109966,0.0,0.0,0,101
5198,2008-01-01,2001-04-01,81,2001,264647.0,264647.0,1352.0862272180707,0.045708171098302296,360,279,Current,Current,none,0,0.0,0.0,0.0,0,59.045265,448210.38,62.045265,0.0,0.0,0,525
5200,2008-01-01,2005-02-01,35,2005,245117.0,245117.0,992.881778914075,0.02689892914041707,360,325,Current,Current,none,0,0.0,0.0,0.0,0,68.14866,359679.84,70.74866,0.0,0.0,0,750
5202,2008-01-01,1994-04-01,165,1994,389147.0,389147.0,2113.1760923720217,0.05101268524299618,360,195,Current,Current,none,0,0.0,0.0,0.0,0,37.998432,1.02411325e+06,43.998432,0.0,0.0,0,785
5203,2008-01-01,2003-05-01,56,2003,402282.0,402282.0,1447.002301967896,0.018,360,304,Current,Current,none,0,0.0,0.0,0.0,0,69.35812,580007.06,69.45812,0.0,0.0,0,201
5204,2008-01-01,2005-06-01,31,2005,208797.0,208797.0,795.3677371858583,0.0222414523127382,360,329,Current,Current,none,0,0.0,0.0,0.0,0,78.42904,266224.1,83.42904,0.0,0.0,0,889
5207,2008-01-01,2007-03-01,10,2007,328495.0,328495.0,1316.9979511923339,0.026110486267537217,360,350,Current,Current,none,0,0.0,0.0,0.0,0,58.2536,563905.06,62.2536,0.0,0.0,0,602
5209,2008-01-01,1995-04-01,153,1995,146983.0,146983.0,672.7127248257657,0.03653920854225765,360,207,Current,Current,none,0,0.0,0.0,0.0,0,36.126495,406856.53,36.126495,0.0,0.0,0,785
5210,2008-01-01,2003-10-01,51,2003,183632.0,183632.0,1164.8521562798496,0.018,180,129,Current,Current,none,0,0.0,0.0,0.0,0,61.53738,298407.25,62.13738,0.0,0.0,0,190
5211,2008-01-01,1994-04-01,165,1994,417376.0,417376.0,1551.7281963377636,0.020431668636093168,360,195,Current,Current,none,0,0.0,0.0,0.0,0,32.294067,1.2924231e+06,37.594067,0.0,0.0,0,360
5212,2008-01-01,2003-10-01,51,2003,326020.0,326020.0,1222.719777459389,0.021080166535081345,360,309,Current,Current,none,0,0.0,0.0,0.0,0,34.03509,957893.75,38.43509,0.0,0.0,0,737
5221,2008-01-01,2007-11-01,2,2007,269756.0,269756.0,1295.358953606737,0.04048170069958321,360,358,Current,Current,none,0,0.0,0.0,0.0,0,84.36757,319738.97,93.16757,0.0,0.0,0,153
5224,2008-01-01,2005-08-01,29,2005,318664.0,318664.0,2166.252657315858,0.027745839967788316,180,151,Current,Current,none,0,0.0,0.0,0.0,0,81.75289,389789.25,104.052895,0.0,0.0,0,643
5226,2008-01-01,2005-04-01,33,2005,219641.0,219641.0,1005.3108122523935,0.03654376960952319,360,327,Current,Current,none,0,0.0,0.0,0.0,0,86.391945,254237.83,91.891945,0.0,0.0,0,465
5230,2008-01-01,1993-12-01,169,1993,455452.0,455452.0,1655.87011786563,0.018783595866615887,360,191,Current,Current,none,0,0.0,0.0,0.0,0,37.80682,1.2046821e+06,42.60682,0.0,0.0,0,425
5235,2008-01-01,2007-04-01,9,2007,157399.0,157399.0,1078.9836110119618,0.02894282098594278,180,171,Current,Current,none,0,0.0,0.0,0.0,0,80.90982,194536.34,85.00982,0.0,0.0,0,850
5236,2008-01-01,2005-12-01,25,2005,97223.0,97223.0,386.0064991467396,0.02536708248263138,360,335,Current,Current,none,0,0.0,0.0,0.0,0,59.69382,162869.45,62.293823,0.0,0.0,0,499
5253,2008-01-01,1998-05-01,116,1998,670154.0,670154.0,3080.761914999116,0.03689858152224473,360,244,Current,Current,none,0,0.0,0.0,0.0,0,42.942673,1.5605782e+06,43.142673,0.0,0.0,0,250
5259,2008-01-01,2001-04-01,81,2001,251897.0,251897.0,1007.3315869774212,0.025915691062624212,360,279,Current,Current,none,0,0.0,0.0,0.0,0,39.927082,630892.56,40.027084,0.0,0.0,0,967
5261,2008-01-01,2006-03-01,22,2006,281322.0,281322.0,1408.673031384022,0.04399533161649736,360,338,Current,Current,none,0,0.0,0.0,0.0,0,84.497215,332936.4,110.89722,0.0,0.0,0,924
5266,2008-01-01,1999-06-01,103,1999,180874.0,180874.0,650.6010568858195,0.018,360,257,Current,Current,none,0,0.0,0.0,0.0,0,47.08987,384103.84,49.489872,0.0,0.0,0,488
5269,2008-01-01,1993-08-01,173,1993,523921.0,523921.0,1974.7470482379513,0.021450870589908803,360,187,Current,Current,none,0,0.0,0.0,0.0,0,37.221333,1.4075826e+06,39.32133,0.0,0.0,0,460
5271,2008-01-01,1996-06-01,139,1996,262564.0,262564.0,1289.0651196553895,0.04233129151863539,360,221,Current,Current,none,0,0.0,0.0,0.0,0,43.252636,607047.44,46.452633,0.0,0.0,0,673
5272,2008-01-01,1999-12-01,97,1999,253854.0,253854.0,1273.144205963158,0.04412949972494577,360,263,Current,Current,none,0,0.0,0.0,0.0,0,48.99198,518154.2,50.09198,0.0,0.0,0,791
5273,2008-01-01,2000-08-01,89,2000,471131.0,471131.0,3323.0293172558772,0.033046976057516136,180,91,Current,Current,none,0,0.0,0.0,0.0,0,40.971344,1.1499038e+06,41.071342,0.0,0.0,0,889
5274,2008-01-01,2005-08-01,29,2005,331682.0,331682.0,1264.300381487989,0.022290508672559446,360,331,Current,Current,none,0,0.0,0.0,0.0,0,85.55775,387670.34,88.157745,0.0,0.0,0,853
5277,2008-01-01,2006-12-01,13,2006,283089.0,283089.0,1795.7481924125773,0.018,180,167,Current,Current,none,0,0.0,0.0,0.0,0,82.14822,344607.62,87.748215,0.0,0.0,0,975
5278,2008-01-01,2008-01-01,0,2008,417960.0,417960.0,1669.2256531267897,0.02581561556776561,360,360,Current,Current,none,0,0.0,0.0,0.0,0,93.2,448454.94,93.3,0.0,0.0,0,286
5279,2008-01-01,2005-01-01,36,2005,441298.0,441298.0,1661.7585064921514,0.0213805925112971,360,324,Current,Current,none,0,0.0,0.0,0.0,0,81.05905,544415.44,84.25905,0.0,0.0,0,952
5281,2008-01-01,1998-06-01,115,1998,219368.0,219368.0,813.1902938221883,0.020215262743772045,360,245,Current,Current,none,0,0.0,0.0,0.0,0,38.960827,563047.56,42.460827,0.0,0.0,0,805
5292,2008-01-01,1999-07-01,102,1999,201428.0,201428.0,724.5334856662474,0.018,360,258,Current,Current,none,0,0.0,0.0,0.0,0,43.915813,458668.5,45.81581,0.0,0.0,0,538
5295,2008-01-01,2007-01-01,12,2007,259320.0,259320.0,1416.7684277859544,0.05155089240866366,360,348,Current,Current,none,0,0.0,0.0,0.0,0,91.53102,283313.78,96.13102,0.0,0.0,0,825
5305,2008-01-01,1996-11-01,134,1996,821785.0,821785.0,4067.90072372733,0.043023238606504005,360,226,Current,Current,none,0,0.0,0.0,0.0,0,37.75399,2.1766838e+06,38.55399,0.0,0.0,0,908
5308,2008-01-01,1998-02-01,119,1998,480993.0,480993.0,1870.2263045200839,0.023783676369493092,360,241,Current,Current,none,0,0.0,0.0,0.0,0,34.167976,1.4077305e+06,34.167976,0.0,0.0,0,711
5309,2008-01-01,1994-10-01,159,1994,186111.0,186111.0,1236.1460931880347,0.024448948121748186,180,21,Current,Current,none,0,0.0,0.0,0.0,0,28.211266,659704.56,35.811264,0.0,0.0,0,627
5311,2008-01-01,1996-02-01,143,1996,170067.0,170067.0,611.7284404690595,0.018,360,217,Current,Current,none,0,0.0,0.0,0.0,0,44.58303,381461.28,45.58303,0.0,0.0,0,930
5313,2008-01-01,1999-10-01,99,1999,184748.0,184748.0,731.3323033120329,0.025140922975331957,360,261,Current,Current,none,0,0.0,0.0,0.0,0,35.41315,521693.2,40.41315,0.0,0.0,0,635
5314,2008-01-01,2000-03-01,94,2000,637479.0,637479.0,2687.908678631174,0.030007896641561657,360,266,Current,Current,none,0,0.0,0.0,0.0,0,42.881477,1.4866069e+06,44.881477,0.0,0.0,0,713
5317,2008-01-01,1998-06-01,115,1998,543270.0,543270.0,1954.1340169087825,0.018,360,245,Current,Current,none,0,0.0,0.0,0.0,0,30.68363,1.7705532e+06,32.48363,0.0,0.0,0,442
5319,2008-01-01,2006-08-01,17,2006,259125.0,259125.0,1496.4892319951662,0.0565443767325129,360,343,Current,Current,none,0,0.0,0.0,0.0,0,65.21336,397349.53,70.21336,0.0,0.0,0,180
5320,2008-01-01,1996-03-01,142,1996,164091.0,164091.0,607.4169039754181,0.020110193943114012,360,218,Current,Current,none,0,0.0,0.0,0.0,0,38.904915,421774.47,45.604916,0.0,0.0,0,615
5324,2008-01-01,2005-07-01,30,2005,545489.0,545489.0,1962.1157265255858,0.018,360,330,Current,Current,none,0,0.0,0.0,0.0,0,91.79388,594254.2,99.19388,0.0,0.0,0,698
5326,2008-01-01,2001-01-01,84,2001,207872.0,207872.0,1028.4662592294721,0.042980917869743084,360,276,Current,Current,none,0,0.0,0.0,0.0,0,37.154907,559473.9,40.55491,0.0,0.0,0,140
5327,2008-01-01,2004-08-01,41,2004,166293.0,166293.0,759.2579973204714,0.03634362896371438,360,319,Current,Current,none,0,0.0,0.0,0.0,0,46.66316,356368.94,46.66316,0.0,0.0,0,493
5328,2008-01-01,2005-05-01,32,2005,230792.0,230792.0,1869.9659149536799,0.05370705974021074,180,148,Current,Current,none,0,0.0,0.0,0.0,0,60.652664,380514.2,65.652664,0.0,0.0,0,754
5329,2008-01-01,2005-09-01,28,2005,162066.0,162066.0,715.0154941122398,0.03358580788975525,360,332,Current,Current,none,0,0.0,0.0,0.0,0,67.37952,240527.1,78.17952,0.0,0.0,0,475
5331,2008-01-01,1994-08-01,161,1994,421524.0,421524.0,2858.9227475030284,0.027418706512989242,180,19,Current,Current,none,0,0.0,0.0,0.0,0,34.130875,1.2350226e+06,34.33087,0.0,0.0,0,177
5333,2008-01-01,2003-10-01,51,2003,278956.0,278956.0,1498.2363300789357,0.05004341211732703,360,309,Current,Current,none,0,0.0,0.0,0.0,0,54.923927,507895.22,66.82393,0.0,0.0,0,274
5335,2008-01-01,2005-08-01,29,2005,331966.0,331966.0,1686.0883767790626,0.04520598474950066,360,331,Current,Current,none,0,0.0,0.0,0.0,0,69.10433,480383.78,71.60433,0.0,0.0,0,154
5340,2008-01-01,2007-06-01,7,2007,402749.0,402749.0,1820.002353181222,0.03550974095333579,360,353,Current,Current,none,0,0.0,0.0,0.0,0,94.54883,425969.3,98.648834,0.0,0.0,0,508
5343,2008-01-01,1996-11-01,134,1996,564267.0,564267.0,2664.116135573333,0.03908189528510363,360,226,Current,Current,none,0,0.0,0.0,0.0,0,34.628174,1.6295026e+06,35.028175,0.0,0.0,0,836
5352,2008-01-01,2006-11-01,14,2006,463134.0,463134.0,2511.067186222594,0.05087634502131118,360,346,Current,Current,none,0,0.0,0.0,0.0,0,88.23205,524904.5,93.23205,0.0,0.0,0,148
5363,2008-01-01,1998-09-01,112,1998,400202.0,400202.0,3509.03718600034,0.06603668311593766,180,68,Current,Current,none,0,0.0,0.0,0.0,0,48.10713,831897.5,49.30713,0.0,0.0,0,852
5364,2008-01-01,2007-05-01,8,2007,557305.0,557305.0,2664.7625616527525,0.040127659522704015,360,352,Current,Current,none,0,0.0,0.0,0.0,0,100.256454,555879.44,124.65645,0.0,0.0,0,687
5366,2008-01-01,1997-04-01,129,1997,300808.0,300808.0,1478.5441625809683,0.04242898108393694,360,231,Current,Current,none,0,0.0,0.0,0.0,0,42.14027,713825.5,42.240273,0.0,0.0,0,809
5376,2008-01-01,2005-11-01,26,2005,174429.0,174429.0,646.4643830748638,0.020199416875023638,360,334,Current,Current,none,0,0.0,0.0,0.0,0,77.4049,225346.19,86.104904,0.0,0.0,0,862
5378,2008-01-01,2000-08-01,89,2000,513118.0,513118.0,1845.677726523093,0.018,360,271,Current,Current,none,0,0.0,0.0,0.0,0,38.854282,1.3206215e+06,47.254284,0.0,0.0,1,218
5380,2008-01-01,1996-08-01,137,1996,427104.0,427104.0,1867.4469417967873,0.03286911217239102,360,223,Current,Current,none,0,0.0,0.0,0.0,0,27.966732,1.5271859e+06,38.366734,0.0,0.0,0,678
5386,2008-01-01,2000-05-01,92,2000,130938.0,130938.0,564.0203366726679,0.031686442566781776,360,268,Current,Current,none,0,0.0,0.0,0.0,0,26.428976,495433.5,27.728977,0.0,0.0,0,106
5387,2008-01-01,2002-12-01,61,2002,250480.0,250480.0,965.304582938378,0.023113344128639888,360,299,Current,Current,none,0,0.0,0.0,0.0,0,44.96654,557036.4,45.366543,0.0,0.0,0,907
5393,2008-01-01,2007-12-01,1,2007,863340.0,863340.0,3465.3056636084375,0.026199139400024232,360,359,Current,Current,none,0,0.0,0.0,0.0,0,63.73094,1.3546639e+06,67.73094,0.0,0.0,0,356
5397,2008-01-01,2004-07-01,42,2004,482865.0,482865.0,2123.574952600844,0.0333321420701746,360,318,Current,Current,none,0,0.0,0.0,0.0,0,68.74426,702407.7,69.24426,0.0,0.0,0,282
5399,2008-01-01,2003-04-01,57,2003,279457.0,279457.0,1263.3046234181154,0.03553865245689445,360,303,Current,Current,none,0,0.0,0.0,0.0,0,62.087746,450100.1,68.98775,0.0,0.0,0,711
5404,2008-01-01,2006-07-01,18,2006,333497.0,333497.0,1199.5836917868248,0.018,360,342,Current,Current,none,0,0.0,0.0,0.0,0,71.5439,466143.16,76.5439,0.0,0.0,1,259
5407,2008-01-01,1999-03-01,106,1999,281752.0,281752.0,1802.2380307591845,0.019161311804156596,180,74,Current,Current,none,0,0.0,0.0,0.0,0,40.05385,703433.06,41.653847,0.0,0.0,0,473
5408,2008-01-01,2005-04-01,33,2005,189025.0,189025.0,679.9200812601149,0.018,360,327,Current,Current,none,0,0.0,0.0,0.0,0,59.0589,320061.84,61.5589,0.0,0.0,0,253
5411,2008-01-01,2002-09-01,64,2002,583852.0,583852.0,3268.060518038142,0.0537131059762712,360,296,Current,Current,none,0,0.0,0.0,0.0,0,69.68847,837802.9,85.88847,0.0,0.0,0,340
5415,2008-01-01,2000-01-01,96,2000,246063.0,246063.0,1159.2899297702972,0.038906973741192896,360,264,Current,Current,none,0,0.0,0.0,0.0,0,45.944492,535565.8,46.644493,0.0,0.0,0,769
5416,2008-01-01,2001-11-01,74,2001,269183.0,269183.0,1046.0318685689367,0.023738820571727992,360,286,Current,Current,none,0,0.0,0.0,0.0,0,53.6947,501321.38,58.6947,0.0,0.0,0,998
5418,2008-01-01,2004-06-01,43,2004,229083.0,229083.0,1217.7375797993893,0.04913876297520893,360,317,Current,Current,none,0,0.0,0.0,0.0,0,84.28839,271784.78,84.98839,0.0,0.0,0,298
5419,2008-01-01,2006-01-01,24,2006,247673.0,247673.0,1088.338514723342,0.03326674487032147,360,336,Current,Current,none,0,0.0,0.0,0.0,0,86.991425,284709.7,96.19142,0.0,0.0,0,552
5422,2008-01-01,1998-10-01,111,1998,609016.0,609016.0,2257.0079354306317,0.02019574898193163,360,249,Current,Current,none,0,0.0,0.0,0.0,0,23.60745,2.5797618e+06,23.907452,0.0,0.0,0,702
5424,2008-01-01,2006-07-01,18,2006,382979.0,382979.0,2134.3368060029834,0.05332082676865849,360,342,Current,Current,none,0,0.0,0.0,0.0,0,86.32748,443635.1,96.62748,0.0,0.0,0,347
5427,2008-01-01,2000-06-01,91,2000,787778.0,787778.0,2833.62561446862,0.018,360,269,Current,Current,none,0,0.0,0.0,0.0,0,52.83375,1.4910506e+06,52.83375,0.0,0.0,0,783
5429,2008-01-01,2002-10-01,63,2002,379953.0,379953.0,1366.685224891017,0.018,360,297,Current,Current,none,0,0.0,0.0,0.0,0,55.372837,686172.1,56.77284,0.0,0.0,0,680
5435,2008-01-01,1993-01-01,180,1993,184611.0,184611.0,740.6648050635332,0.026164692313511605,360,180,Current,Current,none,0,0.0,0.0,0.0,0,32.464615,568653.0,46.064613,0.0,0.0,0,206
5439,2008-01-01,1997-04-01,129,1997,158099.0,158099.0,702.4063344544069,0.03414445458930641,360,231,Current,Current,none,0,0.0,0.0,0.0,0,37.852314,417673.28,54.152313,0.0,0.0,0,633
5440,2008-01-01,2004-08-01,41,2004,306424.0,306424.0,1415.232661495752,0.0372775757579552,360,319,Current,Current,none,0,0.0,0.0,0.0,0,80.559135,380371.53,81.059135,0.0,0.0,0,526
5441,2008-01-01,1994-11-01,158,1994,369687.0,369687.0,1329.7585773353162,0.018,360,202,Current,Current,none,0,0.0,0.0,0.0,0,33.178032,1.1142522e+06,33.178032,0.0,0.0,0,115
5444,2008-01-01,2000-03-01,94,2000,275197.0,275197.0,1244.3493358207468,0.03555826195922335,360,266,Current,Current,none,0,0.0,0.0,0.0,0,53.02357,519008.8,53.02357,0.0,0.0,0,480
5445,2008-01-01,1995-04-01,153,1995,219033.0,219033.0,1194.1361616696822,0.05136349410861503,360,207,Current,Current,none,0,0.0,0.0,0.0,0,29.596478,740064.44,41.196476,0.0,0.0,0,537
5447,2008-01-01,2006-03-01,22,2006,225440.0,225440.0,939.3368503567092,0.029081817309011146,360,338,Current,Current,none,0,0.0,0.0,0.0,0,52.770702,427206.75,57.770702,0.0,0.0,0,658
5448,2008-01-01,2002-01-01,72,2002,286673.0,286673.0,1889.5351876804884,0.02336620227185327,180,108,Current,Current,none,0,0.0,0.0,0.0,0,58.872746,486936.7,77.57275,0.0,0.0,0,790
5451,2008-01-01,1995-07-01,150,1995,219516.0,219516.0,1047.2331422099337,0.039939159126560965,360,210,Current,Current,none,0,0.0,0.0,0.0,0,27.410471,800847.25,27.51047,0.0,0.0,0,169
5452,2008-01-01,2004-07-01,42,2004,230976.0,230976.0,974.8766053555943,0.030086066963353104,360,318,Current,Current,none,0,0.0,0.0,0.0,0,51.647243,447218.44,54.147243,0.0,0.0,0,961
5453,2008-01-01,2002-12-01,61,2002,501882.0,501882.0,1825.4464859407728,0.01881467657774573,360,299,Current,Current,none,0,0.0,0.0,0.0,0,57.230145,876953.94,57.230145,0.0,0.0,0,556
5455,2008-01-01,2007-12-01,1,2007,429564.0,429564.0,2946.770193208278,0.02904355288482186,180,179,Current,Current,none,0,0.0,0.0,0.0,0,81.158165,529292.44,90.85816,0.0,0.0,0,169
5459,2008-01-01,2007-01-01,12,2007,196307.0,196307.0,804.8684293530582,0.027832581962000585,360,348,Current,Current,none,0,0.0,0.0,0.0,0,70.17023,279758.25,80.67023,0.0,0.0,0,985
5460,2008-01-01,2006-04-01,21,2006,211161.0,211161.0,1003.906562009032,0.03965393391686314,360,339,Current,Current,none,0,0.0,0.0,0.0,0,95.43307,221266.08,107.93307,0.0,0.0,0,768
5462,2008-01-01,2003-03-01,58,2003,641051.0,641051.0,2899.43287553379,0.03558090668067735,360,302,Current,Current,none,0,0.0,0.0,0.0,0,67.875435,944452.1,71.57544,0.0,0.0,0,517
5464,2008-01-01,1999-12-01,97,1999,364667.0,364667.0,1311.7017128574653,0.018,360,263,Current,Current,none,0,0.0,0.0,0.0,0,51.203022,712198.2,51.203022,0.0,0.0,0,370
5465,2008-01-01,2007-07-01,6,2007,1098542.0,1.098542e+06,5540.715103277343,0.04460987115476665,360,354,Current,Current,none,0,0.0,0.0,0.0,0,93.73548,1.1719596e+06,108.73548,0.0,0.0,0,546
5467,2008-01-01,2002-11-01,62,2002,234827.0,234827.0,991.3660059422931,0.030104653038286598,360,298,Current,Current,none,0,0.0,0.0,0.0,0,65.88485,356420.34,69.28484,0.0,0.0,0,250
5469,2008-01-01,2003-04-01,57,2003,483960.0,483960.0,2347.194599204767,0.04130987151221957,360,303,Current,Current,none,0,0.0,0.0,0.0,0,68.952484,701874.6,70.05248,0.0,0.0,0,754
5473,2008-01-01,1998-06-01,115,1998,399744.0,399744.0,3254.113150057833,0.05442762065567227,180,65,Current,Current,none,0,0.0,0.0,0.0,0,35.85029,1.115037e+06,39.85029,0.0,0.0,0,665
5479,2008-01-01,2005-04-01,33,2005,253862.0,253862.0,1342.2815680626754,0.0486735984951917,360,327,Current,Current,none,0,0.0,0.0,0.0,0,91.37047,277838.16,96.67046,0.0,0.0,0,306
5483,2008-01-01,2003-09-01,52,2003,390020.0,390020.0,2562.571993918501,0.022918690993033557,180,128,Current,Current,none,0,0.0,0.0,0.0,0,47.19409,826417.0,63.19409,0.0,0.0,0,114
5485,2008-01-01,1993-04-01,177,1993,164113.0,164113.0,1286.722935470778,0.0487016799154548,180,3,Current,Current,none,0,0.0,0.0,0.0,0,38.716267,423886.44,48.61627,0.0,0.0,0,318
5486,2008-01-01,2004-02-01,47,2004,185734.0,185734.0,1341.3894682956561,0.03648757112329886,180,133,Current,Current,none,0,0.0,0.0,0.0,0,72.3938,256560.64,82.6938,0.0,0.0,0,827
5488,2008-01-01,1997-05-01,128,1997,155704.0,155704.0,682.6419429256144,0.033084891404807984,360,232,Current,Current,none,0,0.0,0.0,0.0,0,46.628563,333924.1,51.22856,0.0,0.0,0,522
5491,2008-01-01,2004-12-01,37,2004,398183.0,398183.0,1762.1187312336488,0.03383013679547961,360,323,Current,Current,none,0,0.0,0.0,0.0,0,64.274536,619503.5,64.37454,0.0,0.0,0,284
5492,2008-01-01,1997-01-01,132,1997,142037.0,142037.0,641.5131086203379,0.03546638031574726,360,228,Current,Current,none,0,0.0,0.0,0.0,0,30.66252,463226.78,30.76252,0.0,0.0,0,534
5495,2008-01-01,2003-11-01,50,2003,177720.0,177720.0,769.7936266695532,0.03212478934788788,360,310,Current,Current,none,0,0.0,0.0,0.0,0,40.232372,441733.8,41.432373,0.0,0.0,0,467
5500,2008-01-01,1994-08-01,161,1994,100811.0,100811.0,417.6892885011793,0.028644557257952438,360,199,Current,Current,none,0,0.0,0.0,0.0,0,34.036976,296180.8,35.13698,0.0,0.0,0,326
5502,2008-01-01,2005-01-01,36,2005,847618.0,847618.0,4022.5035844582962,0.039504938113461036,360,324,Current,Current,none,0,0.0,0.0,0.0,0,70.38846,1.2042002e+06,87.78846,0.0,0.0,0,283
5503,2008-01-01,1996-11-01,134,1996,207362.0,207362.0,966.028032795488,0.03798386539722355,360,226,Current,Current,none,0,0.0,0.0,0.0,0,31.404676,660290.2,56.204678,0.0,0.0,0,559
5504,2008-01-01,1997-02-01,131,1997,423065.0,423065.0,2113.8237609192734,0.04381100615660147,360,229,Current,Current,none,0,0.0,0.0,0.0,0,39.970955,1.0584311e+06,40.270954,0.0,0.0,0,648
5508,2008-01-01,2007-04-01,9,2007,551548.0,551548.0,2823.002095965429,0.045864104225306394,360,351,Current,Current,none,0,0.0,0.0,0.0,0,83.57133,659972.8,88.671326,0.0,0.0,0,493
5510,2008-01-01,1997-08-01,125,1997,238407.0,238407.0,983.680569172213,0.02832149404296718,360,235,Current,Current,none,0,0.0,0.0,0.0,0,38.12125,625391.4,52.321247,0.0,0.0,0,433
5517,2008-01-01,2002-11-01,62,2002,233280.0,233280.0,917.9669186236825,0.02468870891433096,360,298,Current,Current,none,0,0.0,0.0,0.0,0,63.812065,365573.5,64.812065,0.0,0.0,0,317
5522,2008-01-01,2005-02-01,35,2005,232720.0,232720.0,1384.1435019246153,0.05925477460096525,360,325,Current,Paid off,payoff,0,0.0,0.0,0.0,0,68.90587,337736.12,72.90587,0.0,0.0,0,637
5524,2008-01-01,1998-07-01,114,1998,310313.0,310313.0,1169.5588574934168,0.02144682955880972,360,246,Current,Current,none,0,0.0,0.0,0.0,0,29.847668,1.03965575e+06,29.947668,0.0,0.0,0,830
5528,2008-01-01,1994-08-01,161,1994,350835.0,350835.0,1261.9482169495698,0.018,360,199,Current,Current,none,0,0.0,0.0,0.0,0,38.73173,905807.6,52.431732,0.0,0.0,0,994
5535,2008-01-01,1998-10-01,111,1998,486790.0,486790.0,1750.9763066081807,0.018,360,249,Current,Current,none,0,0.0,0.0,0.0,0,36.137146,1.3470626e+06,37.637146,0.0,0.0,0,147
5536,2008-01-01,2001-03-01,82,2001,170946.0,170946.0,854.2166233066729,0.04382024823583476,360,278,Current,Current,none,0,0.0,0.0,0.0,0,51.23666,333640.0,51.23666,0.0,0.0,0,946
5538,2008-01-01,2002-10-01,63,2002,312536.0,312536.0,1195.8317346142833,0.022573692808294448,360,297,Current,Current,none,0,0.0,0.0,0.0,0,62.00873,504019.34,68.00873,0.0,0.0,0,807
5541,2008-01-01,1996-11-01,134,1996,209315.0,209315.0,892.0357460202259,0.030843906601425632,360,226,Current,Current,none,0,0.0,0.0,0.0,0,36.337605,576028.6,36.337605,0.0,0.0,0,431
5552,2008-01-01,1996-09-01,136,1996,152722.0,152722.0,598.1198427085832,0.024328714371420646,360,224,Current,Current,none,0,0.0,0.0,0.0,0,29.404652,519380.4,29.404652,0.0,0.0,0,730
5553,2008-01-01,2003-10-01,51,2003,307377.0,307377.0,1105.6304447427078,0.018,360,309,Current,Current,none,0,0.0,0.0,0.0,0,35.72878,860306.44,35.82878,0.0,0.0,0,841
5555,2008-01-01,2000-07-01,90,2000,482001.0,482001.0,2118.9534690541423,0.03330125269734481,360,270,Current,Current,none,0,0.0,0.0,0.0,0,51.911034,928513.56,52.911034,0.0,0.0,0,487
5558,2008-01-01,2004-09-01,40,2004,288854.0,288854.0,2293.8082820946775,0.05063519987030417,180,140,Current,Current,none,0,0.0,0.0,0.0,0,84.59151,341469.28,95.49151,0.0,0.0,0,766
5561,2008-01-01,2005-08-01,29,2005,146128.0,146128.0,525.6202176134273,0.018,360,331,Current,Current,none,0,0.0,0.0,0.0,0,53.062256,275389.72,55.562256,0.0,0.0,0,454
5562,2008-01-01,2006-05-01,20,2006,263644.0,263644.0,1193.0548288846667,0.03562217667185724,360,340,Current,Current,none,0,0.0,0.0,0.0,0,68.11485,387058.03,73.81485,0.0,0.0,0,634
5563,2008-01-01,2006-02-01,23,2006,168364.0,168364.0,688.7952220562673,0.027664069126716543,360,337,Current,Current,none,0,0.0,0.0,0.0,0,85.40456,197137.03,102.004555,0.0,0.0,0,202
5565,2008-01-01,2005-12-01,25,2005,235039.0,235039.0,935.6040497116417,0.02556473355519269,360,335,Current,Current,none,0,0.0,0.0,0.0,0,64.536705,364194.28,73.33671,0.0,0.0,0,191
5568,2008-01-01,1998-01-01,120,1998,741500.0,741500.0,4837.640698385453,0.021925404267141818,180,60,Current,Current,none,0,0.0,0.0,0.0,0,34.64631,2.140199e+06,39.54631,0.0,0.0,0,381
5573,2008-01-01,2002-10-01,63,2002,308562.0,308562.0,1400.4733998927034,0.03586213077718315,360,297,Current,Current,none,0,0.0,0.0,0.0,0,52.57102,586943.2,53.371017,0.0,0.0,0,967
5577,2008-01-01,2006-01-01,24,2006,84351.0,84351.0,615.164184225349,0.03791658675885974,180,156,Current,Current,none,0,0.0,0.0,0.0,0,82.65771,102048.56,91.05771,0.0,0.0,0,862
5579,2008-01-01,1998-09-01,112,1998,354631.0,354631.0,1860.451005647174,0.04799183645701118,360,248,Current,Current,none,0,0.0,0.0,0.0,0,46.65909,760047.0,46.65909,0.0,0.0,1,942
5580,2008-01-01,2001-04-01,81,2001,116326.0,116326.0,619.9625877809407,0.049365859885188004,360,279,Current,Current,none,0,0.0,0.0,0.0,0,56.18404,207044.56,61.68404,0.0,0.0,0,583
5584,2008-01-01,2003-09-01,52,2003,165177.0,165177.0,660.4408815159198,0.02590424403767666,360,308,Current,Current,none,0,0.0,0.0,0.0,0,73.71573,224072.94,101.915726,0.0,0.0,0,171
5589,2008-01-01,1993-03-01,178,1993,286517.0,286517.0,1096.0722168707155,0.022559666688784542,360,182,Current,Current,none,0,0.0,0.0,0.0,0,28.797955,994921.3,28.797955,0.0,0.0,0,873
5595,2008-01-01,2004-12-01,37,2004,287291.0,287291.0,1086.6887951135545,0.021714840752888723,360,323,Current,Current,none,0,0.0,0.0,0.0,0,59.266132,484747.34,59.266132,0.0,0.0,0,673
5601,2008-01-01,2005-02-01,35,2005,246886.0,246886.0,984.0310571140436,0.025663096570695616,360,325,Current,Current,none,0,0.0,0.0,0.0,0,59.346123,416010.3,62.046124,0.0,0.0,0,207
5607,2008-01-01,1998-04-01,117,1998,201632.0,201632.0,939.9876186770454,0.03804081051171643,360,243,Current,Current,none,0,0.0,0.0,0.0,0,34.0098,592864.4,34.3098,0.0,0.0,0,968
5608,2008-01-01,1996-03-01,142,1996,1014289.0,1.014289e+06,3952.1526144418945,0.023943051774052704,360,218,Current,Current,none,0,0.0,0.0,0.0,0,31.219406,3.2489055e+06,31.519405,0.0,0.0,0,639
5611,2008-01-01,1995-12-01,145,1995,630645.0,630645.0,2381.6578826348277,0.02159654335096498,360,215,Current,Current,none,0,0.0,0.0,0.0,0,35.25853,1.7886311e+06,57.25853,0.0,0.0,0,755
5614,2008-01-01,2006-09-01,16,2006,531982.0,531982.0,2232.2798041156616,0.029630837841333562,360,344,Current,Current,none,0,0.0,0.0,0.0,0,71.60034,742988.06,76.900345,0.0,0.0,0,700
5619,2008-01-01,2003-07-01,54,2003,246309.0,246309.0,1078.3712493978182,0.03297405803888852,360,306,Current,Current,none,0,0.0,0.0,0.0,0,57.691463,426941.84,59.991467,0.0,0.0,0,564
5621,2008-01-01,2006-03-01,22,2006,525349.0,525349.0,1960.64589701429,0.020715609056380688,360,338,Current,Current,none,0,0.0,0.0,0.0,0,100.84118,520966.75,113.74118,0.0,0.0,0,777
5626,2008-01-01,2003-11-01,50,2003,408009.0,408009.0,1548.235586932546,0.0219528105899898,360,310,Current,Current,none,0,0.0,0.0,0.0,0,71.055565,574211.2,75.45557,0.0,0.0,0,501
5628,2008-01-01,2004-06-01,43,2004,574087.0,574087.0,2198.125451420271,0.02262630870390223,360,317,Current,Current,none,0,0.0,0.0,0.0,0,83.6725,686111.94,95.4725,0.0,0.0,0,781
5629,2008-01-01,1995-07-01,150,1995,212172.0,212172.0,1586.4808859991674,0.041600379747450886,180,30,Current,Current,none,0,0.0,0.0,0.0,0,34.120323,621834.6,37.120323,0.0,0.0,0,573
5636,2008-01-01,1993-07-01,174,1993,607266.0,607266.0,4132.066377918802,0.027881318279513095,180,6,Current,Current,none,0,0.0,0.0,0.0,0,42.021004,1.4451486e+06,45.421005,0.0,0.0,0,137
5639,2008-01-01,2003-03-01,58,2003,323385.0,323385.0,2386.0116048152704,0.03962774074349444,180,122,Current,Current,none,0,0.0,0.0,0.0,0,65.5323,493474.22,77.8323,0.0,0.0,0,362
5644,2008-01-01,1995-09-01,148,1995,256744.0,256744.0,923.5043054783597,0.018,360,212,Current,Current,none,0,0.0,0.0,0.0,0,31.055817,826717.9,31.355818,0.0,0.0,0,845
5649,2008-01-01,2007-03-01,10,2007,173863.0,173863.0,1167.3652737338762,0.025983372817852266,180,170,Current,Current,none,0,0.0,0.0,0.0,0,79.7659,217966.58,95.3659,0.0,0.0,0,958
5651,2008-01-01,2001-11-01,74,2001,219858.0,219858.0,1568.6185865808948,0.03471197627059022,180,106,Current,Current,none,0,0.0,0.0,0.0,0,56.809395,387009.9,57.609398,0.0,0.0,0,504
5655,2008-01-01,2000-10-01,87,2000,509661.0,509661.0,2764.261304760543,0.05090603572575929,360,273,Current,Current,none,0,0.0,0.0,0.0,0,55.414856,919719.06,55.414856,0.0,0.0,0,924
5656,2008-01-01,2001-12-01,73,2001,323139.0,323139.0,2590.745032853337,0.05209374415534139,180,107,Current,Current,none,0,0.0,0.0,0.0,0,59.2223,545637.4,68.8223,0.0,0.0,0,798
5663,2008-01-01,2000-07-01,90,2000,151094.0,151094.0,642.4181352973317,0.030661085973151744,360,270,Current,Current,none,0,0.0,0.0,0.0,0,50.057068,301843.5,50.157066,0.0,0.0,0,210
5664,2008-01-01,2002-04-01,69,2002,385612.0,385612.0,2579.285937031497,0.02544396311280986,180,111,Current,Current,none,0,0.0,0.0,0.0,0,49.61351,777231.9,54.51351,0.0,0.0,0,236
5665,2008-01-01,2007-12-01,1,2007,384811.0,384811.0,1662.605279564636,0.031925158197083955,360,359,Current,Current,none,0,0.0,0.0,0.0,0,83.285904,462036.2,93.785904,0.0,0.0,0,459
5666,2008-01-01,2000-02-01,95,2000,275410.0,275410.0,2152.295924263095,0.048207560270239654,180,85,Current,Current,none,0,0.0,0.0,0.0,0,47.147434,584146.3,51.147434,0.0,0.0,0,650
5670,2008-01-01,2006-07-01,18,2006,284225.0,284225.0,1333.2486000694953,0.038547948340577384,360,342,Current,Current,none,0,0.0,0.0,0.0,0,69.70944,407728.12,79.10944,0.0,0.0,0,404
5679,2008-01-01,2002-03-01,70,2002,355004.0,355004.0,1705.9598456442227,0.04054223892962119,360,290,Current,Current,none,0,0.0,0.0,0.0,0,53.492996,663645.75,60.593,0.0,0.0,0,814
5682,2008-01-01,2007-05-01,8,2007,302345.0,302345.0,2087.331574439826,0.029958219303162146,180,172,Current,Current,none,0,0.0,0.0,0.0,0,70.168884,430881.88,74.26888,0.0,0.0,0,246
5685,2008-01-01,1994-10-01,159,1994,475685.0,475685.0,1711.031788674608,0.018,360,201,Current,Current,none,0,0.0,0.0,0.0,0,31.778746,1.4968652e+06,36.278748,0.0,0.0,0,422
5689,2008-01-01,1996-05-01,140,1996,154807.0,154807.0,801.702181309607,0.04687255079266125,360,220,Current,Current,none,0,0.0,0.0,0.0,0,33.74956,458693.38,33.84956,0.0,0.0,0,484
5691,2008-01-01,2005-08-01,29,2005,443982.0,443982.0,1968.2502971349195,0.03397048380987158,360,331,Current,Current,none,0,0.0,0.0,0.0,0,77.63954,571850.4,83.73954,0.0,0.0,0,433
5695,2008-01-01,1999-01-01,108,1999,346581.0,346581.0,1662.4555947293748,0.040391142787401565,360,252,Current,Current,none,0,0.0,0.0,0.0,0,45.739773,757723.5,50.739773,0.0,0.0,0,956
5699,2008-01-01,1995-07-01,150,1995,333476.0,333476.0,2115.3733427048614,0.018,180,30,Current,Current,none,0,0.0,0.0,0.0,0,38.0701,875952.56,38.5701,0.0,0.0,0,309
5700,2008-01-01,2002-08-01,65,2002,340020.0,340020.0,1223.0468246531636,0.018,360,295,Current,Current,none,0,0.0,0.0,0.0,0,58.40067,582219.3,62.700672,0.0,0.0,0,698
5703,2008-01-01,2007-01-01,12,2007,136707.0,136707.0,523.7354732059852,0.022668876269808156,360,348,Current,Current,none,0,0.0,0.0,0.0,0,84.26835,162228.17,105.96835,0.0,0.0,0,401
5705,2008-01-01,2005-08-01,29,2005,269457.0,269457.0,1096.6567445993012,0.027263139763567812,360,331,Current,Current,none,0,0.0,0.0,0.0,0,78.56505,342973.12,86.56505,0.0,0.0,0,764
5708,2008-01-01,2005-08-01,29,2005,133715.0,133715.0,644.9105145392318,0.040845456809022754,360,331,Current,Current,none,0,0.0,0.0,0.0,0,66.01932,202539.2,69.01932,0.0,0.0,0,791
5714,2008-01-01,1997-04-01,129,1997,468953.0,468953.0,2137.0615833258585,0.03618919228399855,360,231,Current,Current,none,0,0.0,0.0,0.0,0,33.268635,1.409595e+06,41.668636,0.0,0.0,0,857
5715,2008-01-01,1994-12-01,157,1994,208644.0,208644.0,795.6567999354498,0.022323521487938723,360,203,Current,Current,none,0,0.0,0.0,0.0,0,39.085045,533820.56,70.48505,0.0,0.0,0,581
5720,2008-01-01,2002-06-01,67,2002,213911.0,213911.0,985.8909904244557,0.037107001958256045,360,293,Current,Current,none,0,0.0,0.0,0.0,0,60.353233,354431.72,65.55323,0.0,0.0,0,766
5725,2008-01-01,2007-01-01,12,2007,181090.0,181090.0,1244.1887574679877,0.0292656858753713,180,168,Current,Current,none,0,0.0,0.0,0.0,0,69.31579,261253.6,75.31579,0.0,0.0,0,817
5729,2008-01-01,2001-12-01,73,2001,636808.0,636808.0,3517.2748502160466,0.0525202181948779,360,287,Current,Current,none,0,0.0,0.0,0.0,0,55.96609,1.1378461e+06,59.76609,0.0,0.0,0,285
5733,2008-01-01,2001-07-01,78,2001,337584.0,337584.0,1269.9932653135652,0.021309197882060486,360,282,Current,Current,none,0,0.0,0.0,0.0,0,35.788895,943264.7,41.188892,0.0,0.0,0,703
5734,2008-01-01,1997-10-01,123,1997,591964.0,591964.0,2129.285602343937,0.018,360,237,Current,Current,none,0,0.0,0.0,0.0,0,32.072926,1.8456812e+06,43.272926,0.0,0.0,0,540
5738,2008-01-01,2007-02-01,11,2007,190273.0,190273.0,697.9809267382774,0.01944118974444228,360,349,Current,Current,none,0,0.0,0.0,0.0,0,103.24594,184291.03,111.24594,0.0,0.0,0,184
5746,2008-01-01,2002-02-01,71,2002,356004.0,356004.0,1280.5410321858271,0.018,360,289,Current,Current,none,0,0.0,0.0,0.0,0,62.054665,573694.2,62.454662,0.0,0.0,0,842
5750,2008-01-01,1999-06-01,103,1999,1005619.0,1.005619e+06,3649.8750205772253,0.018658682331905062,360,257,Current,Current,none,0,0.0,0.0,0.0,0,45.287388,2.2205278e+06,49.887386,0.0,0.0,0,911
5751,2008-01-01,2004-05-01,44,2004,410658.0,410658.0,1869.4544809627364,0.03610470548023513,360,316,Current,Current,none,0,0.0,0.0,0.0,0,44.654144,919641.4,44.754147,0.0,0.0,0,775
5757,2008-01-01,1998-07-01,114,1998,220604.0,220604.0,1591.4453291173231,0.03632432067518565,180,66,Current,Current,none,0,0.0,0.0,0.0,0,33.2998,662478.44,44.4998,0.0,0.0,0,922
5760,2008-01-01,1993-06-01,175,1993,526469.0,526469.0,1961.3181561096733,0.020583063831934877,360,185,Current,Current,none,0,0.0,0.0,0.0,0,32.487885,1.6205088e+06,32.987885,0.0,0.0,0,286
5761,2008-01-01,2002-12-01,61,2002,216983.0,216983.0,914.4514095877097,0.02996943284576274,360,299,Current,Current,none,0,0.0,0.0,0.0,0,42.81112,506837.94,47.61112,0.0,0.0,0,578
5762,2008-01-01,1997-03-01,130,1997,170499.0,170499.0,930.0222620589263,0.0514098284660587,360,230,Current,Current,none,0,0.0,0.0,0.0,0,32.273445,528295.0,35.57345,0.0,0.0,0,353
5764,2008-01-01,2007-02-01,11,2007,385409.0,385409.0,3083.260169229877,0.05176091797811647,180,169,Current,Current,none,0,0.0,0.0,0.0,0,99.086235,388963.2,103.38624,0.0,0.0,0,288
5765,2008-01-01,2003-04-01,57,2003,244523.0,244523.0,1029.142793711891,0.02986526192700434,360,303,Current,Current,none,0,0.0,0.0,0.0,0,66.20659,369333.34,66.80659,0.0,0.0,0,602
5766,2008-01-01,1993-06-01,175,1993,104759.0,104759.0,396.4425040314873,0.02175018596493826,360,185,Current,Current,none,0,0.0,0.0,0.0,0,30.630138,342012.8,33.33014,0.0,0.0,0,713
5779,2008-01-01,1997-03-01,130,1997,206250.0,206250.0,1045.4591951407294,0.045034329219468705,360,230,Current,Current,none,0,0.0,0.0,0.0,0,38.600613,534317.94,39.300613,0.0,0.0,0,779
5780,2008-01-01,2001-04-01,81,2001,254988.0,254988.0,1054.6316149995382,0.028508078518827997,360,279,Current,Current,none,0,0.0,0.0,0.0,0,52.02226,490151.72,55.22226,0.0,0.0,0,862
5785,2008-01-01,1999-08-01,101,1999,536833.0,536833.0,2152.4272177429034,0.026116285564710656,360,259,Current,Current,none,0,0.0,0.0,0.0,0,50.414585,1.0648366e+06,51.914585,0.0,0.0,0,123
5787,2008-01-01,2005-04-01,33,2005,114482.0,114482.0,523.3158472636852,0.03643909511931865,360,327,Current,Current,none,0,0.0,0.0,0.0,0,86.48956,132365.11,89.18956,0.0,0.0,0,176
5791,2008-01-01,2000-04-01,93,2000,231710.0,231710.0,1249.4853486201914,0.05039614974080544,360,267,Current,Current,none,0,0.0,0.0,0.0,0,25.653582,903226.75,25.653582,0.0,0.0,0,664
5792,2008-01-01,1998-08-01,113,1998,393093.0,393093.0,1413.9496072095349,0.018,360,247,Current,Current,none,0,0.0,0.0,0.0,0,30.935663,1.2706791e+06,45.235664,0.0,0.0,0,642
5793,2008-01-01,1997-01-01,132,1997,281861.0,281861.0,1354.2600418450131,0.04052913994053005,360,228,Current,Current,none,0,0.0,0.0,0.0,0,38.132847,739155.44,41.432846,0.0,0.0,0,211
5794,2008-01-01,2006-04-01,21,2006,787159.0,787159.0,3308.2242654199,0.02975316416663449,360,339,Current,Current,none,0,0.0,0.0,0.0,0,79.33075,992249.56,87.33075,0.0,0.0,0,510
5798,2008-01-01,2007-01-01,12,2007,253712.0,253712.0,1190.83624374948,0.03859752561502517,360,348,Current,Current,none,0,0.0,0.0,0.0,0,89.28814,284149.72,104.08814,0.0,0.0,0,389
5800,2008-01-01,2000-08-01,89,2000,160388.0,160388.0,1070.5561754637072,0.025146480955854957,180,91,Current,Current,none,0,0.0,0.0,0.0,0,41.407207,387343.2,44.00721,0.0,0.0,0,219
5808,2008-01-01,1996-10-01,135,1996,298154.0,298154.0,2424.67399509421,0.054272623459761714,180,45,Current,Current,none,0,0.0,0.0,0.0,0,33.43634,891706.44,35.13634,0.0,0.0,0,895
5810,2008-01-01,2005-06-01,31,2005,439214.0,439214.0,1717.9699729353017,0.02423334295326086,360,329,Current,Current,none,0,0.0,0.0,0.0,0,54.297028,808909.9,57.697025,0.0,0.0,0,440
5812,2008-01-01,1995-02-01,155,1995,388250.0,388250.0,1396.5294090688512,0.018,360,205,Current,Current,none,0,0.0,0.0,0.0,0,24.220427,1.6029858e+06,29.620428,0.0,0.0,0,903
5814,2008-01-01,2004-02-01,47,2004,511654.0,511654.0,2253.8577148902245,0.033462126775127526,360,313,Current,Current,none,0,0.0,0.0,0.0,0,63.17853,809854.2,66.87853,0.0,0.0,0,482
5816,2008-01-01,1996-07-01,138,1996,321245.0,321245.0,1319.207712888466,0.027954897252807493,360,222,Current,Current,none,0,0.0,0.0,0.0,0,39.69128,809359.2,40.891277,0.0,0.0,0,290
5818,2008-01-01,2001-04-01,81,2001,185324.0,185324.0,726.796147741119,0.02443235754037469,360,279,Current,Current,none,0,0.0,0.0,0.0,0,58.460014,317009.84,71.860016,0.0,0.0,0,363
5821,2008-01-01,2003-01-01,60,2003,551639.0,551639.0,2192.7519048657505,0.02545634604970301,360,300,Current,Current,none,0,0.0,0.0,0.0,0,58.79876,938181.4,58.79876,0.0,0.0,0,265
5823,2008-01-01,2004-08-01,41,2004,317881.0,317881.0,1326.4794571967655,0.029197453367360807,360,319,Current,Current,none,0,0.0,0.0,0.0,0,54.30549,585357.06,55.205486,0.0,0.0,0,932
5829,2008-01-01,2002-10-01,63,2002,294656.0,294656.0,1272.8230049214988,0.031908971235907475,360,297,Current,Current,none,0,0.0,0.0,0.0,0,58.76452,501418.22,78.36452,0.0,0.0,0,916
5831,2008-01-01,2006-05-01,20,2006,405315.0,405315.0,2897.5900744003534,0.0350032104728162,180,160,Current,Current,none,0,0.0,0.0,0.0,0,89.346855,453642.2,94.346855,0.0,0.0,0,373
5837,2008-01-01,2000-01-01,96,2000,351416.0,351416.0,2254.897710872059,0.019598269950558866,180,84,Current,Current,none,0,0.0,0.0,0.0,0,38.930065,902685.3,42.230064,0.0,0.0,0,702
5838,2008-01-01,2006-06-01,19,2006,262804.0,262804.0,1723.4059523615235,0.02264843961367769,180,161,Current,Current,none,0,0.0,0.0,0.0,0,97.73409,268896.94,104.534096,0.0,0.0,0,328
5841,2008-01-01,1999-12-01,97,1999,373492.0,373492.0,1343.4451050919342,0.018,360,263,Current,Current,none,0,0.0,0.0,0.0,0,44.68627,835809.25,44.68627,0.0,0.0,0,739
5843,2008-01-01,2004-07-01,42,2004,633513.0,633513.0,3040.2528309763557,0.04043106503117977,360,318,Current,Current,none,0,0.0,0.0,0.0,0,69.90187,906289.0,70.101875,0.0,0.0,0,316
5845,2008-01-01,1995-01-01,156,1995,188728.0,188728.0,968.7928479923781,0.04611428030387209,360,204,Current,Current,none,0,0.0,0.0,0.0,0,39.012886,483758.12,39.012886,0.0,0.0,0,706
5848,2008-01-01,2004-08-01,41,2004,293354.0,293354.0,1087.9986647286657,0.02025231674433214,360,319,Current,Current,none,0,0.0,0.0,0.0,0,46.48334,631094.94,46.98334,0.0,0.0,0,674
5850,2008-01-01,1993-01-01,180,1993,349082.0,349082.0,1255.642702322145,0.018,360,180,Current,Current,none,0,0.0,0.0,0.0,0,25.900244,1.3477942e+06,28.700243,0.0,0.0,0,473
5851,2008-01-01,2000-11-01,86,2000,173582.0,173582.0,699.8960783379498,0.026546390547857585,360,274,Current,Current,none,0,0.0,0.0,0.0,0,48.045097,361289.75,53.345097,0.0,0.0,0,695
5852,2008-01-01,2002-10-01,63,2002,559440.0,559440.0,3624.881552657396,0.06740221413393836,360,297,Current,Current,none,0,0.0,0.0,0.0,0,63.483376,881238.6,93.983376,0.0,0.0,0,496
5853,2008-01-01,1994-12-01,157,1994,153289.0,153289.0,624.3941216454249,0.02732811885223685,360,203,Current,Current,none,0,0.0,0.0,0.0,0,37.35313,410377.9,42.153133,0.0,0.0,0,818
5854,2008-01-01,2006-04-01,21,2006,196522.0,196522.0,885.9692101738124,0.035318494692820564,360,339,Current,Current,none,0,0.0,0.0,0.0,0,85.02023,231147.33,90.02023,0.0,0.0,0,676
5857,2008-01-01,1998-03-01,118,1998,285929.0,285929.0,1425.859305443393,0.04364667376106661,360,242,Current,Current,none,0,0.0,0.0,0.0,0,30.923424,924635.7,31.023424,0.0,0.0,0,225
5858,2008-01-01,2005-07-01,30,2005,79976.0,79976.0,327.58629941512805,0.027757378513535623,360,330,Current,Current,none,0,0.0,0.0,0.0,0,66.45389,120348.12,69.25388,0.0,0.0,0,786
5859,2008-01-01,2003-11-01,50,2003,277628.0,277628.0,1111.846635913944,0.02602691711898506,360,310,Current,Current,none,0,0.0,0.0,0.0,0,67.81102,409414.3,77.71101,0.0,0.0,0,974
5861,2008-01-01,2005-07-01,30,2005,852396.0,852396.0,6429.3575622365925,0.042892978469404916,180,150,Current,Current,none,0,0.0,0.0,0.0,0,87.926735,969438.94,92.22673,0.0,0.0,0,647
5862,2008-01-01,2002-03-01,70,2002,354971.0,354971.0,2315.7748062352084,0.02191925764371741,180,110,Current,Current,none,0,0.0,0.0,0.0,0,54.52701,651000.3,57.727013,0.0,0.0,0,713
5863,2008-01-01,1997-04-01,129,1997,533445.0,533445.0,2425.346559101437,0.03600212408865104,360,231,Current,Current,none,0,0.0,0.0,0.0,0,41.745975,1.2778358e+06,44.545975,0.0,0.0,0,703
5866,2008-01-01,2004-09-01,40,2004,317334.0,317334.0,2710.373873645887,0.06189107100657659,180,140,Current,Current,none,0,0.0,0.0,0.0,0,64.46362,492268.3,66.863625,0.0,0.0,0,666
5867,2008-01-01,2000-02-01,95,2000,352949.0,352949.0,2077.6768951461368,0.05829956394935967,360,265,Current,Current,none,0,0.0,0.0,0.0,0,50.145588,703848.56,50.145588,0.0,0.0,0,815
5868,2008-01-01,1999-09-01,100,1999,260812.0,260812.0,1805.7355995751375,0.030367694361417574,180,80,Current,Current,none,0,0.0,0.0,0.0,0,36.638783,711846.8,37.338783,0.0,0.0,0,138
5869,2008-01-01,2007-07-01,6,2007,397628.0,397628.0,1924.5566948075334,0.04113974000904597,360,354,Current,Current,none,0,0.0,0.0,0.0,0,76.1733,522004.4,80.973305,0.0,0.0,0,413
5870,2008-01-01,2000-12-01,85,2000,128295.0,128295.0,993.0785584434427,0.04676774090708291,180,95,Current,Current,none,0,0.0,0.0,0.0,0,44.260582,289862.88,44.56058,0.0,0.0,0,818
5872,2008-01-01,2003-09-01,52,2003,113536.0,113536.0,489.10121338822313,0.03169300169066075,360,308,Current,Current,none,0,0.0,0.0,0.0,0,37.979626,298939.22,51.579624,0.0,0.0,0,108
5875,2008-01-01,2004-05-01,44,2004,904292.0,904292.0,4012.383818861071,0.03404025118370522,360,316,Current,Current,none,0,0.0,0.0,0.0,0,71.44663,1.2656888e+06,71.54663,0.0,0.0,0,792
5877,2008-01-01,2006-12-01,13,2006,137967.0,137967.0,531.1145825475139,0.023030542324307488,360,347,Current,Current,none,0,0.0,0.0,0.0,0,44.44786,310401.9,49.647858,0.0,0.0,0,260
5881,2008-01-01,2004-10-01,39,2004,268148.0,268148.0,1914.1082665832073,0.03478461441900221,180,141,Current,Current,none,0,0.0,0.0,0.0,0,65.87181,407075.5,69.671814,0.0,0.0,0,443
5882,2008-01-01,2007-02-01,11,2007,204308.0,204308.0,856.0379214730056,0.029515188527006988,360,349,Current,Current,none,0,0.0,0.0,0.0,0,75.83457,269412.75,80.93457,0.0,0.0,0,794
5883,2008-01-01,1993-05-01,176,1993,194742.0,194742.0,787.7536279209892,0.02679402179596848,360,184,Current,Current,none,0,0.0,0.0,0.0,0,31.2932,622314.1,34.7932,0.0,0.0,0,858
5886,2008-01-01,2006-03-01,22,2006,603099.0,603099.0,3273.583189489758,0.05097459344520578,360,338,Current,Current,none,0,0.0,0.0,0.0,0,99.23883,607724.8,104.23883,0.0,0.0,0,961
5890,2008-01-01,2001-06-01,79,2001,281552.0,281552.0,1440.4516408572422,0.0458270406834754,360,281,Current,Current,none,0,0.0,0.0,0.0,0,52.373302,537586.9,52.473305,0.0,0.0,0,944
5892,2008-01-01,1997-05-01,128,1997,611880.0,611880.0,2200.923154722598,0.018,360,232,Current,Current,none,0,0.0,0.0,0.0,0,26.588202,2.3013215e+06,27.388203,0.0,0.0,0,805
5893,2008-01-01,2002-08-01,65,2002,136178.0,136178.0,489.83021730374253,0.018,360,295,Current,Current,none,0,0.0,0.0,0.0,0,45.422745,299801.34,48.222744,0.0,0.0,0,807
5897,2008-01-01,1998-02-01,119,1998,800368.0,800368.0,4941.736700513588,0.06276366710165375,360,241,Current,Current,none,0,0.0,0.0,0.0,0,45.09764,1.7747446e+06,47.39764,0.0,0.0,0,646
5899,2008-01-01,2003-11-01,50,2003,66034.0,66034.0,472.9617714301885,0.03527622173872963,180,130,Current,Current,none,0,0.0,0.0,0.0,0,52.886105,124860.77,54.086105,0.0,0.0,0,321
5905,2008-01-01,1996-07-01,138,1996,399387.0,399387.0,1700.2398996253396,0.030759710585616898,360,222,Current,Current,none,0,0.0,0.0,0.0,0,33.693703,1.1853461e+06,35.0937,0.0,0.0,0,171
5908,2008-01-01,1999-06-01,103,1999,331551.0,331551.0,1595.9145234324549,0.04068073201904629,360,257,Current,Current,none,0,0.0,0.0,0.0,0,54.243477,611227.44,79.443474,0.0,0.0,0,747
5910,2008-01-01,1994-03-01,166,1994,351610.0,351610.0,1969.9036200462813,0.05379510172120573,360,194,Current,Current,none,0,0.0,0.0,0.0,0,33.844124,1.03891006e+06,35.844124,0.0,0.0,0,722
5920,2008-01-01,2002-05-01,68,2002,132685.0,132685.0,631.418457259504,0.03973308834007763,360,292,Current,Current,none,0,0.0,0.0,0.0,0,56.55451,234614.38,56.55451,0.0,0.0,0,427
5927,2008-01-01,1995-10-01,147,1995,520694.0,520694.0,2254.9674856505812,0.032110160526914504,360,213,Current,Current,none,0,0.0,0.0,0.0,0,29.71403,1.7523508e+06,30.614029,0.0,0.0,0,233
5928,2008-01-01,2000-10-01,87,2000,165774.0,165774.0,845.7270661304894,0.0455852572611313,360,273,Current,Current,none,0,0.0,0.0,0.0,0,45.528343,364111.66,45.828342,0.0,0.0,0,458
5929,2008-01-01,2002-02-01,71,2002,182391.0,182391.0,656.0576830636879,0.018,360,289,Current,Current,none,0,0.0,0.0,0.0,0,35.332886,516207.47,42.832886,0.0,0.0,0,434
5932,2008-01-01,2000-12-01,85,2000,496594.0,496594.0,2295.5486756078803,0.03734890522660777,360,275,Current,Current,none,0,0.0,0.0,0.0,0,45.214474,1.0983076e+06,45.314472,0.0,0.0,0,848
5938,2008-01-01,2005-07-01,30,2005,426105.0,426105.0,2888.9003042291806,0.027364806556434106,180,150,Current,Current,none,0,0.0,0.0,0.0,0,85.38255,499053.94,90.58256,0.0,0.0,0,773
5941,2008-01-01,2006-01-01,24,2006,191877.0,191877.0,1001.4565710669275,0.04754627916329901,360,336,Current,Current,none,0,0.0,0.0,0.0,0,93.01634,206283.11,98.816345,0.0,0.0,0,821
5942,2008-01-01,1999-08-01,101,1999,298295.0,298295.0,1914.537039134628,0.019634428678142756,180,79,Current,Current,none,0,0.0,0.0,0.0,0,47.896717,622788.0,66.39672,0.0,0.0,0,515
5945,2008-01-01,1996-01-01,144,1996,647815.0,647815.0,3052.9698121130823,0.03893080324644692,360,216,Current,Current,none,0,0.0,0.0,0.0,0,38.363163,1.6886382e+06,38.863163,0.0,0.0,0,785
5949,2008-01-01,2004-04-01,45,2004,146314.0,146314.0,658.0384967191526,0.03512523283443043,360,315,Current,Current,none,0,0.0,0.0,0.0,0,80.747795,181198.75,82.84779,0.0,0.0,0,442
5952,2008-01-01,2006-08-01,17,2006,248888.0,248888.0,958.5449262056308,0.02306438318822017,360,343,Current,Current,none,0,0.0,0.0,0.0,0,65.75232,378523.53,70.75232,0.0,0.0,0,912
5958,2008-01-01,1999-02-01,107,1999,207846.0,207846.0,1039.4768990576108,0.04389125958493691,360,253,Current,Current,none,0,0.0,0.0,0.0,0,39.458183,526750.06,39.85818,0.0,0.0,0,663
5959,2008-01-01,2005-09-01,28,2005,166438.0,166438.0,599.114867821127,0.018053704312686585,360,332,Current,Current,none,0,0.0,0.0,0.0,0,75.99662,219007.1,78.696625,0.0,0.0,0,763
5963,2008-01-01,1997-06-01,127,1997,309902.0,309902.0,2043.5795525835285,0.023430818905099772,180,53,Current,Current,none,0,0.0,0.0,0.0,0,41.48151,747084.7,41.881508,0.0,0.0,0,143
5966,2008-01-01,2004-01-01,48,2004,284509.0,284509.0,1143.5118790280894,0.026302226406048478,360,312,30 DPD,Delinquent,none,0,0.0,0.0,0.0,1,71.4727,398066.66,73.9727,0.0,0.0,0,924
5967,2008-01-01,2005-07-01,30,2005,90130.0,90130.0,378.7873087671462,0.02975200858355822,360,330,Current,Current,none,0,0.0,0.0,0.0,0,92.913315,97004.39,102.21332,0.0,0.0,0,325
5970,2008-01-01,2003-11-01,50,2003,240049.0,240049.0,1236.2095615294475,0.046390741163474,360,310,Current,Current,none,0,0.0,0.0,0.0,0,62.78197,382353.4,62.88197,0.0,0.0,0,195
5975,2008-01-01,2005-09-01,28,2005,132604.0,132604.0,569.6713319477784,0.031475513246002215,360,332,Current,Current,none,0,0.0,0.0,0.0,0,63.538162,208699.78,66.13816,0.0,0.0,0,308
5976,2008-01-01,2007-07-01,6,2007,154501.0,154501.0,620.5187234524434,0.02624563861961663,360,354,Current,Current,none,0,0.0,0.0,0.0,0,62.41979,247519.25,67.01979,0.0,0.0,0,671
5977,2008-01-01,1996-02-01,143,1996,406467.0,406467.0,2122.278723573422,0.04757975522676257,360,217,Current,Current,none,0,0.0,0.0,0.0,0,40.348354,1.00739425e+06,44.348354,0.0,0.0,0,890
5988,2008-01-01,1993-09-01,172,1993,237322.0,237322.0,1127.1909423354186,0.039574011186843776,360,188,Current,Current,none,0,0.0,0.0,0.0,0,36.430946,651429.7,37.930946,0.0,0.0,0,620
5991,2008-01-01,2001-11-01,74,2001,185347.0,185347.0,674.3849021061228,0.018840851782517067,360,286,Current,Current,none,0,0.0,0.0,0.0,0,43.267227,428377.34,49.36723,0.0,0.0,0,130
5992,2008-01-01,2007-07-01,6,2007,1025854.0,1.025854e+06,4577.134509760997,0.034485560617731274,360,354,Current,Current,none,0,0.0,0.0,0.0,0,58.08214,1.7662124e+06,64.38214,0.0,0.0,0,312
5995,2008-01-01,2000-02-01,95,2000,215106.0,215106.0,773.7330458909577,0.018,360,265,Current,Current,none,0,0.0,0.0,0.0,0,28.33549,759139.9,28.33549,0.0,0.0,0,829
5997,2008-01-01,1999-12-01,97,1999,189652.0,189652.0,768.7250145257185,0.026950135335781618,360,263,Current,Current,none,0,0.0,0.0,0.0,0,42.12612,450200.47,43.62612,0.0,0.0,0,925
6003,2008-01-01,2002-11-01,62,2002,414710.0,414710.0,3145.0984756651387,0.043703725295798954,180,118,Current,Current,none,0,0.0,0.0,0.0,0,58.482056,709123.5,58.682056,0.0,0.0,0,293
6010,2008-01-01,2006-01-01,24,2006,329420.0,329420.0,1572.8766519305652,0.040009224167032655,360,336,Current,Current,none,0,0.0,0.0,0.0,0,102.31798,321957.1,108.31798,0.0,0.0,0,329
6012,2008-01-01,2006-01-01,24,2006,443934.0,443934.0,1699.2376830195337,0.02260230022494374,360,336,Current,Current,none,0,0.0,0.0,0.0,0,59.82642,742036.7,71.82642,0.0,0.0,0,318
6017,2008-01-01,1998-11-01,110,1998,330804.0,330804.0,1499.4298726525794,0.035754750944940836,360,250,Current,Current,none,0,0.0,0.0,0.0,0,42.304634,781956.9,43.70463,0.0,0.0,0,317
6018,2008-01-01,1994-07-01,162,1994,416336.0,416336.0,1741.9520731695325,0.029404757506512138,360,198,Current,Current,none,0,0.0,0.0,0.0,0,38.141254,1.0915635e+06,39.141254,0.0,0.0,0,339
6020,2008-01-01,2005-04-01,33,2005,218679.0,218679.0,1522.0197593637631,0.031125252630233885,180,147,Current,Current,none,0,0.0,0.0,0.0,0,73.99446,295534.3,76.59446,0.0,0.0,0,983
6021,2008-01-01,1998-08-01,113,1998,119574.0,119574.0,485.0082427299848,0.027003001644664584,360,247,Current,Current,none,0,0.0,0.0,0.0,0,36.545757,327189.8,37.44576,0.0,0.0,0,841
6023,2008-01-01,2002-10-01,63,2002,146263.0,146263.0,637.6336576064823,0.03263545192934118,360,297,Current,Current,none,0,0.0,0.0,0.0,0,60.755287,240741.19,61.655285,0.0,0.0,0,401
6025,2008-01-01,2004-12-01,37,2004,999302.0,999302.0,4595.138026715075,0.036920733813133495,360,323,Current,Current,none,0,0.0,0.0,0.0,0,51.289783,1.9483451e+06,55.489784,0.0,0.0,0,381
6026,2008-01-01,1996-05-01,140,1996,183062.0,183062.0,776.9597432857702,0.030521972255110892,360,220,Current,Current,none,0,0.0,0.0,0.0,0,39.881454,459015.34,43.581455,0.0,0.0,0,900
6030,2008-01-01,2004-03-01,46,2004,239751.0,239751.0,1427.8002766917034,0.05937444608804819,360,314,Current,Current,none,0,0.0,0.0,0.0,0,68.21763,351450.22,71.51763,0.0,0.0,0,598
6038,2008-01-01,1993-12-01,169,1993,347826.0,347826.0,1251.1248892177264,0.018,360,191,Current,Current,none,0,0.0,0.0,0.0,0,30.318512,1.1472398e+06,30.41851,0.0,0.0,0,370
6041,2008-01-01,2007-08-01,5,2007,390782.0,390782.0,2568.8089548172757,0.022986175236091182,180,175,Current,Current,none,0,0.0,0.0,0.0,0,87.86455,444755.03,95.56455,0.0,0.0,0,209
6042,2008-01-01,2007-09-01,4,2007,202768.0,202768.0,921.4854006084825,0.03596577760781787,360,356,Current,Current,none,0,0.0,0.0,0.0,0,80.935104,250531.6,95.0351,0.0,0.0,0,325
6044,2008-01-01,1993-11-01,170,1993,637772.0,637772.0,4098.098325731254,0.019794918174168574,180,10,Current,Current,none,0,0.0,0.0,0.0,0,23.3038,2.7367725e+06,24.1038,0.0,0.0,0,121
6046,2008-01-01,1995-11-01,146,1995,262487.0,262487.0,1230.5241250221914,0.03849756243149291,360,214,Current,Current,none,0,0.0,0.0,0.0,0,30.299429,866310.06,30.399427,0.0,0.0,0,204
6048,2008-01-01,2000-06-01,91,2000,202745.0,202745.0,1383.0527139898702,0.028243170568285257,180,89,Current,Current,none,0,0.0,0.0,0.0,0,52.83375,383741.44,54.633755,0.0,0.0,0,110
6055,2008-01-01,2002-12-01,61,2002,258423.0,258423.0,1639.2817634307069,0.018,180,119,Current,Current,none,0,0.0,0.0,0.0,0,50.02063,516632.8,54.22063,0.0,0.0,0,521
6056,2008-01-01,1996-09-01,136,1996,176340.0,176340.0,634.2923270964617,0.018,360,224,Current,Current,none,0,0.0,0.0,0.0,0,40.11949,439537.0,40.11949,0.0,0.0,0,632
6057,2008-01-01,1997-07-01,126,1997,266321.0,266321.0,957.9526303995507,0.018,360,234,Current,Current,none,0,0.0,0.0,0.0,0,38.08443,699291.0,43.38443,0.0,0.0,0,457
6061,2008-01-01,2007-05-01,8,2007,393521.0,393521.0,1742.7425873781763,0.033887711184275034,360,352,Current,Current,none,0,0.0,0.0,0.0,0,74.42155,528772.94,84.22154,0.0,0.0,0,379
6063,2008-01-01,1999-12-01,97,1999,343033.0,343033.0,2327.5206132729363,0.02747699194992172,180,83,Current,Current,none,0,0.0,0.0,0.0,0,38.69319,886546.1,38.69319,0.0,0.0,0,124
6065,2008-01-01,2005-04-01,33,2005,284371.0,284371.0,1482.7481648842847,0.0474611650501711,360,327,Current,Current,none,0,0.0,0.0,0.0,0,79.26583,358756.1,89.86583,0.0,0.0,0,601
6068,2008-01-01,2004-08-01,41,2004,193784.0,193784.0,1390.0443989152254,0.035495111494271786,180,139,Current,Current,none,0,0.0,0.0,0.0,0,78.94076,245480.28,79.54076,0.0,0.0,0,307
6071,2008-01-01,2004-11-01,38,2004,574697.0,574697.0,3645.535852452518,0.018,180,142,Current,Current,none,0,0.0,0.0,0.0,0,47.411934,1.2121358e+06,54.511932,0.0,0.0,0,139
6072,2008-01-01,1993-08-01,173,1993,141974.0,141974.0,518.5054840417502,0.019115400759605102,360,187,Current,Current,none,0,0.0,0.0,0.0,0,34.52678,411199.66,37.92678,0.0,0.0,0,221
6075,2008-01-01,2000-12-01,85,2000,101163.0,101163.0,641.7178851493119,0.018,180,95,Current,Current,none,0,0.0,0.0,0.0,0,50.492676,200351.83,54.892673,0.0,0.0,0,829
6079,2008-01-01,2005-11-01,26,2005,128238.0,128238.0,615.3728805598535,0.040424842245880846,360,334,Current,Current,none,0,0.0,0.0,0.0,0,100.61587,127453.055,112.81587,0.0,0.0,0,737
6080,2008-01-01,1999-12-01,97,1999,243931.0,243931.0,1775.1710474159026,0.03760327556096306,180,83,Current,Current,none,0,0.0,0.0,0.0,0,29.208996,835122.9,32.108997,0.0,0.0,0,320
6086,2008-01-01,1999-05-01,104,1999,317298.0,317298.0,1453.6662464864457,0.03662049107692889,360,256,Current,Current,none,0,0.0,0.0,0.0,0,44.091373,719637.4,48.091373,0.0,0.0,0,780
6094,2008-01-01,1993-06-01,175,1993,243123.0,243123.0,998.5380280284007,0.027965885794300177,360,185,Current,Current,none,0,0.0,0.0,0.0,0,22.927294,1.0604086e+06,23.127293,0.0,0.0,0,325
6097,2008-01-01,1997-04-01,129,1997,75308.0,75308.0,327.540097725803,0.03245037420788094,360,231,Current,Current,none,0,0.0,0.0,0.0,0,34.993675,215204.61,40.593674,0.0,0.0,0,728
6099,2008-01-01,2006-08-01,17,2006,642240.0,642240.0,2484.1169128508805,0.023387719597404398,360,343,Current,Current,none,0,0.0,0.0,0.0,0,83.21441,771789.4,88.41441,0.0,0.0,0,863
6101,2008-01-01,1998-11-01,110,1998,853749.0,853749.0,5907.634950911435,0.03028723188052287,180,70,Current,Current,none,0,0.0,0.0,0.0,0,47.208736,1.8084555e+06,47.30874,0.0,0.0,0,509
6104,2008-01-01,1998-09-01,112,1998,403801.0,403801.0,1721.6443909472691,0.03087902638793466,360,248,Current,Current,none,0,0.0,0.0,0.0,0,40.6524,993301.75,45.8524,0.0,0.0,0,596
6105,2008-01-01,2005-07-01,30,2005,207215.0,207215.0,772.6902173663858,0.02065290675005277,360,330,Current,Current,none,0,0.0,0.0,0.0,0,70.829865,292553.12,73.329865,0.0,0.0,0,271
6106,2008-01-01,2004-01-01,48,2004,856846.0,856846.0,3082.0621713921673,0.018,360,312,Current,Current,none,0,0.0,0.0,0.0,0,56.42149,1.5186519e+06,58.12149,0.0,0.0,0,283
6115,2008-01-01,2003-02-01,59,2003,294882.0,294882.0,1316.4591186163232,0.034531920533035686,360,301,Current,Current,none,0,0.0,0.0,0.0,0,56.858418,518625.06,70.15842,0.0,0.0,0,403
6118,2008-01-01,1998-12-01,109,1998,334396.0,334396.0,2293.135250521349,0.028994160000616626,180,71,Current,Current,none,0,0.0,0.0,0.0,0,27.23396,1.2278641e+06,31.033958,0.0,0.0,0,699
6123,2008-01-01,2005-10-01,27,2005,566330.0,566330.0,2240.8837338961275,0.025108482850850704,360,333,Current,Current,none,0,0.0,0.0,0.0,0,87.14304,649885.5,97.24304,0.0,0.0,0,505
6124,2008-01-01,2005-05-01,32,2005,202274.0,202274.0,986.3808233241319,0.04176488342506692,360,328,Current,Current,none,0,0.0,0.0,0.0,0,49.156406,411490.6,59.95641,0.0,0.0,0,218
6125,2008-01-01,2000-08-01,89,2000,201212.0,201212.0,932.625449575497,0.037568415264479224,360,271,Current,Current,none,0,0.0,0.0,0.0,0,39.60148,508092.12,40.40148,0.0,0.0,0,299
6136,2008-01-01,2006-11-01,14,2006,307926.0,307926.0,1575.1143316377331,0.04581237238748029,360,346,Current,Current,none,0,0.0,0.0,0.0,0,72.99001,421874.12,79.09002,0.0,0.0,0,688
6142,2008-01-01,2007-02-01,11,2007,228368.0,228368.0,821.4362603740772,0.018,360,349,Current,Current,none,0,0.0,0.0,0.0,0,102.39267,223031.6,113.59267,0.0,0.0,0,119
6143,2008-01-01,2007-04-01,9,2007,267836.0,267836.0,1296.967414589643,0.0411793567312919,360,351,Current,Current,none,0,0.0,0.0,0.0,0,85.27469,314086.16,89.97469,0.0,0.0,0,491
6147,2008-01-01,2001-05-01,80,2001,396822.0,396822.0,1510.7135453913963,0.022197114872620587,360,280,Current,Current,none,0,0.0,0.0,0.0,0,40.269836,985407.5,40.469837,0.0,0.0,0,961
6149,2008-01-01,1998-06-01,115,1998,153988.0,153988.0,768.068493830291,0.04366510305969383,360,245,Current,Current,none,0,0.0,0.0,0.0,0,33.108795,465096.94,33.108795,0.0,0.0,0,788
6157,2008-01-01,1998-06-01,115,1998,122542.0,122542.0,872.0983375887739,0.03434554936438118,180,65,Current,Current,none,0,0.0,0.0,0.0,0,28.62751,428056.78,31.62751,0.0,0.0,0,391
6162,2008-01-01,2001-06-01,79,2001,255511.0,255511.0,1082.3903936244212,0.030372916196799642,360,281,Current,Current,none,0,0.0,0.0,0.0,0,33.436813,764160.75,34.436813,0.0,0.0,0,968
6163,2008-01-01,2000-06-01,91,2000,1036715.0,1.036715e+06,4739.067268756067,0.03644036753853469,360,269,Current,Current,none,0,0.0,0.0,0.0,0,47.501343,2.182496e+06,48.401344,0.0,0.0,0,259
6165,2008-01-01,1999-10-01,99,1999,491838.0,491838.0,1956.070699227845,0.025496338405395967,360,261,Current,Current,none,0,0.0,0.0,0.0,0,44.136456,1.1143578e+06,46.136456,0.0,0.0,0,285
6166,2008-01-01,2006-05-01,20,2006,427802.0,427802.0,1970.762126279097,0.03706868475715777,360,340,Current,Current,none,0,0.0,0.0,0.0,0,95.38235,448512.78,108.082344,0.0,0.0,0,704
6169,2008-01-01,1994-10-01,159,1994,357832.0,357832.0,2392.329030326864,0.02537630377348312,180,21,Current,Current,none,0,0.0,0.0,0.0,0,32.06039,1.1161188e+06,39.26039,0.0,0.0,0,958
6170,2008-01-01,2002-04-01,69,2002,237680.0,237680.0,1170.8492943346932,0.04261541971876588,360,291,Current,Current,none,0,0.0,0.0,0.0,0,49.961918,475722.3,51.06192,0.0,0.0,0,501
6171,2008-01-01,2006-10-01,15,2006,233458.0,233458.0,1569.4763492927773,0.02616210741694672,180,165,Current,Current,none,0,0.0,0.0,0.0,0,89.94149,259566.52,97.74149,0.0,0.0,0,747
6173,2008-01-01,1998-05-01,116,1998,92401.0,92401.0,358.20363916466795,0.023557514563472937,360,244,Current,Current,none,0,0.0,0.0,0.0,0,32.442093,284818.25,32.942093,0.0,0.0,0,255
6175,2008-01-01,1998-12-01,109,1998,160314.0,160314.0,731.0901357750367,0.03624734585440845,360,251,Current,Current,none,0,0.0,0.0,0.0,0,47.983643,334101.34,49.08364,0.0,0.0,0,663
6176,2008-01-01,1994-10-01,159,1994,679205.0,679205.0,3150.5528678231935,0.037630939234910406,360,201,Current,Current,none,0,0.0,0.0,0.0,0,34.501297,1.9686361e+06,39.801296,0.0,0.0,0,869
6180,2008-01-01,2005-04-01,33,2005,145562.0,145562.0,555.3520492945574,0.022358087549308632,360,327,Current,Current,none,0,0.0,0.0,0.0,0,89.418106,162788.06,101.2181,0.0,0.0,0,572
6181,2008-01-01,1997-05-01,128,1997,404122.0,404122.0,2563.5095359203483,0.018,180,52,Current,Current,none,0,0.0,0.0,0.0,0,20.288385,1.9918884e+06,22.388386,0.0,0.0,0,261
6184,2008-01-01,2005-11-01,26,2005,506219.0,506219.0,3707.4152411804266,0.03853617052284752,180,154,Current,Current,none,0,0.0,0.0,0.0,0,90.638306,558504.5,93.8383,0.0,0.0,1,972
6185,2008-01-01,2002-10-01,63,2002,317150.0,317150.0,1261.9490394000718,0.025534005472099865,360,297,Current,Current,none,0,0.0,0.0,0.0,0,60.091698,527776.75,78.9917,0.0,0.0,0,358
6186,2008-01-01,1997-11-01,122,1997,306580.0,306580.0,1102.7636477329775,0.018,360,238,Current,Current,none,0,0.0,0.0,0.0,0,42.841003,715622.9,51.141003,0.0,0.0,0,510
6196,2008-01-01,2003-01-01,60,2003,391882.0,391882.0,1468.6226019780318,0.021024052031654153,360,300,Current,Current,none,0,0.0,0.0,0.0,0,41.636684,941194.06,43.436684,0.0,0.0,0,738
6197,2008-01-01,2002-06-01,67,2002,478774.0,478774.0,1896.2833714939738,0.025182549745410992,360,293,Current,Current,none,0,0.0,0.0,0.0,0,50.628067,945669.1,57.328068,0.0,0.0,0,299
6198,2008-01-01,1999-08-01,101,1999,277962.0,277962.0,1172.9074369761436,0.030067252390278847,360,259,Current,Current,none,0,0.0,0.0,0.0,0,50.586258,549481.25,61.28626,0.0,0.0,0,176
6200,2008-01-01,2002-01-01,72,2002,163187.0,163187.0,724.5456261104323,0.034093016081947376,360,288,Current,Current,none,0,0.0,0.0,0.0,0,55.946125,291685.97,59.246124,0.0,0.0,0,864
6201,2008-01-01,2003-01-01,60,2003,207793.0,207793.0,1441.0543054632922,0.030607002805099752,180,120,Current,Current,none,0,0.0,0.0,0.0,0,63.94738,324943.72,65.44738,0.0,0.0,0,530
6205,2008-01-01,2005-09-01,28,2005,81067.0,81067.0,644.5676978734048,0.05082634507478624,180,152,Current,Current,none,0,0.0,0.0,0.0,0,57.30893,141456.14,61.00893,0.0,0.0,0,149
6206,2008-01-01,1993-10-01,171,1993,216695.0,216695.0,938.8054142733087,0.03214094864717416,360,189,Current,Current,none,0,0.0,0.0,0.0,0,21.887856,990023.94,24.387856,0.0,0.0,0,504
6209,2008-01-01,2004-11-01,38,2004,194252.0,194252.0,698.7215216238056,0.018,360,322,Current,Current,none,0,0.0,0.0,0.0,0,78.62096,247074.08,80.52096,0.0,0.0,0,419
6212,2008-01-01,2008-01-01,0,2008,305330.0,305330.0,1267.461588581886,0.02879107042535496,360,360,Current,Current,none,0,0.0,0.0,0.0,0,93.5,326556.16,96.5,0.0,0.0,0,916
6214,2008-01-01,1993-07-01,174,1993,267472.0,267472.0,1078.7220304158864,0.026564457951253156,360,186,Current,Current,none,0,0.0,0.0,0.0,0,26.450926,1.01120094e+06,26.850925,0.0,0.0,0,863
6215,2008-01-01,2000-01-01,96,2000,184394.0,184394.0,1529.9526036416123,0.057370964810442945,180,84,Current,Current,none,0,0.0,0.0,0.0,0,51.731396,356445.06,51.931393,0.0,0.0,0,159
6218,2008-01-01,2007-06-01,7,2007,205755.0,205755.0,954.4434231003746,0.037633552396913524,360,353,Current,Current,none,0,0.0,0.0,0.0,0,81.70887,251814.78,86.508865,0.0,0.0,0,410
6223,2008-01-01,2006-06-01,19,2006,359905.0,359905.0,1605.8993282269116,0.03448968219445347,360,341,Current,Current,none,0,0.0,0.0,0.0,0,87.162415,412913.06,92.96242,0.0,0.0,0,423
6229,2008-01-01,2003-03-01,58,2003,205367.0,205367.0,1014.5476393256622,0.04285440207641384,360,302,Current,Current,none,0,0.0,0.0,0.0,0,56.462086,363725.5,58.862083,0.0,0.0,0,242
6231,2008-01-01,2004-06-01,43,2004,320449.0,320449.0,1278.8055215873821,0.025756779681097408,360,317,Current,Current,none,0,0.0,0.0,0.0,0,50.85458,630128.1,50.85458,0.0,0.0,0,512
6236,2008-01-01,1993-06-01,175,1993,178609.0,178609.0,724.461935633604,0.027002978812713317,360,185,Current,Current,none,0,0.0,0.0,0.0,0,39.2392,455180.0,39.2392,0.0,0.0,0,913
6247,2008-01-01,2005-12-01,25,2005,584887.0,584887.0,2740.3399169938193,0.03845033992991399,360,335,Current,Current,none,0,0.0,0.0,0.0,0,58.95686,992059.25,67.15686,0.0,0.0,0,125
6249,2008-01-01,2005-03-01,34,2005,307078.0,307078.0,1957.668082947302,0.0186945242916026,180,146,Current,Current,none,0,0.0,0.0,0.0,0,55.411835,554174.0,58.111835,0.0,0.0,0,247
6251,2008-01-01,2006-07-01,18,2006,1200763.0,1.200763e+06,8423.895519431488,0.03226871725597421,180,162,Current,Current,none,0,0.0,0.0,0.0,0,96.686775,1.2419102e+06,105.186775,0.0,0.0,0,247
6252,2008-01-01,1994-11-01,158,1994,436477.0,436477.0,1858.9367993571864,0.03079351637248708,360,202,Current,Current,none,0,0.0,0.0,0.0,0,22.634167,1.9283988e+06,23.634167,0.0,0.0,0,698
6255,2008-01-01,1994-12-01,157,1994,168977.0,168977.0,625.128505480417,0.020065853454669165,360,203,Current,Current,none,0,0.0,0.0,0.0,0,35.94888,470048.03,36.44888,0.0,0.0,0,759
6258,2008-01-01,2006-09-01,16,2006,149900.0,149900.0,644.0595842657249,0.03148580109756281,360,344,Current,Current,none,0,0.0,0.0,0.0,0,94.641655,158386.9,104.94166,0.0,0.0,0,250
6264,2008-01-01,2005-05-01,32,2005,418356.0,418356.0,2883.50147960353,0.029722099790680107,180,148,Current,Current,none,0,0.0,0.0,0.0,0,85.230865,490850.34,98.63087,0.0,0.0,0,911
6267,2008-01-01,1999-06-01,103,1999,148886.0,148886.0,944.4442043863908,0.018,180,77,Current,Current,none,0,0.0,0.0,0.0,0,40.78118,365085.06,41.08118,0.0,0.0,0,900
6269,2008-01-01,1996-04-01,141,1996,193193.0,193193.0,1317.874801357135,0.028241257854635615,180,39,Current,Current,none,0,0.0,0.0,0.0,0,37.53898,514646.38,43.83898,0.0,0.0,0,402
6275,2008-01-01,1994-04-01,165,1994,203647.0,203647.0,759.8665560011124,0.020699900086565574,360,195,Current,Current,none,0,0.0,0.0,0.0,0,40.29858,505345.34,41.398582,0.0,0.0,0,858
6279,2008-01-01,2003-08-01,53,2003,777055.0,777055.0,5386.564279909555,0.030544301560025893,180,127,Current,Current,none,0,0.0,0.0,0.0,0,63.26319,1.2282892e+06,65.063194,0.0,0.0,0,727
6281,2008-01-01,2004-04-01,45,2004,212904.0,212904.0,765.8124850184023,0.018,360,315,Current,Current,none,0,0.0,0.0,0.0,0,70.92135,300197.34,71.02135,0.0,0.0,0,133
6282,2008-01-01,2006-01-01,24,2006,178747.0,178747.0,799.4032676681113,0.03467385899811039,360,336,Current,Current,none,0,0.0,0.0,0.0,0,71.34776,250529.22,91.44776,0.0,0.0,0,277
6283,2008-01-01,2003-09-01,52,2003,565043.0,565043.0,2252.307083437316,0.02566902655681845,360,308,Current,Current,none,0,0.0,0.0,0.0,0,72.27347,781812.5,76.57346,0.0,0.0,0,380
6284,2008-01-01,2002-04-01,69,2002,237505.0,237505.0,863.9075780583048,0.018819248883346247,360,291,Current,Current,none,0,0.0,0.0,0.0,0,58.741837,404320.0,73.04184,0.0,0.0,0,480
6285,2008-01-01,2003-10-01,51,2003,731855.0,731855.0,3195.429821610891,0.032757462518741204,360,309,Current,Current,none,0,0.0,0.0,0.0,0,38.874203,1.8826238e+06,40.574203,0.0,0.0,0,332
6288,2008-01-01,2006-02-01,23,2006,327987.0,327987.0,1510.0511193118655,0.037020631717363264,360,337,Current,Current,none,0,0.0,0.0,0.0,0,83.91926,390836.4,96.31926,0.0,0.0,0,644
6292,2008-01-01,1995-06-01,151,1995,248753.0,248753.0,897.6194225922166,0.01823334074309958,360,209,Current,Current,none,0,0.0,0.0,0.0,0,30.232986,822786.75,32.132988,0.0,0.0,0,259
6297,2008-01-01,1997-11-01,122,1997,330889.0,330889.0,1781.3321708958424,0.05024947670122017,360,238,Current,Current,none,0,0.0,0.0,0.0,0,46.740242,707931.75,46.740242,0.0,0.0,0,697
6302,2008-01-01,2003-12-01,49,2003,339396.0,339396.0,1622.0462173271264,0.04008776845281151,360,311,Current,Current,none,0,0.0,0.0,0.0,0,63.253582,536564.06,63.353584,0.0,0.0,0,539
6305,2008-01-01,1993-11-01,170,1993,645195.0,645195.0,2320.7567085233163,0.018,360,190,Current,Current,none,0,0.0,0.0,0.0,0,37.8801,1.7032559e+06,42.5801,0.0,0.0,0,363
6309,2008-01-01,1998-03-01,118,1998,224308.0,224308.0,1037.6954976154473,0.03741278056815113,360,242,Current,Current,none,0,0.0,0.0,0.0,0,31.334366,715853.0,36.234367,0.0,0.0,0,435
6312,2008-01-01,2005-04-01,33,2005,306964.0,306964.0,1451.7279155843203,0.039220267792168965,360,327,Current,Current,none,0,0.0,0.0,0.0,0,68.43023,448579.53,74.53023,0.0,0.0,0,635
6313,2008-01-01,2007-06-01,7,2007,455409.0,455409.0,2018.2845691959346,0.03394578002149275,360,353,Current,Current,none,0,0.0,0.0,0.0,0,75.34194,604456.1,82.94194,0.0,0.0,0,626
6316,2008-01-01,2007-12-01,1,2007,627758.0,627758.0,2549.226747302193,0.027092189952959932,360,359,Current,Current,none,0,0.0,0.0,0.0,0,76.90268,816301.9,80.90268,0.0,0.0,0,228
6317,2008-01-01,2000-07-01,90,2000,167252.0,167252.0,650.0802084155515,0.02375590834516602,360,270,Current,Current,none,0,0.0,0.0,0.0,0,39.365868,424865.53,39.465866,0.0,0.0,0,500
6323,2008-01-01,1998-05-01,116,1998,218170.0,218170.0,862.4187752618609,0.025033805692098152,360,244,Current,Current,none,0,0.0,0.0,0.0,0,22.986345,949128.7,23.586346,0.0,0.0,1,686
6324,2008-01-01,1996-06-01,139,1996,582009.0,582009.0,2498.3722219732463,0.03141375346641443,360,221,Current,Current,none,0,0.0,0.0,0.0,0,35.339973,1.6468858e+06,35.539974,0.0,0.0,0,143
6325,2008-01-01,1999-10-01,99,1999,134294.0,134294.0,518.968543310738,0.023320054690474948,360,261,Current,Current,none,0,0.0,0.0,0.0,0,42.981052,312449.3,50.78105,0.0,0.0,0,491
6328,2008-01-01,2001-04-01,81,2001,271713.0,271713.0,1852.5244555000456,0.028165837995984617,180,99,Current,Current,none,0,0.0,0.0,0.0,0,47.795452,568491.4,49.19545,0.0,0.0,0,681
6332,2008-01-01,1998-10-01,111,1998,402817.0,402817.0,1889.9861562048688,0.038567229446944185,360,249,Current,Current,none,0,0.0,0.0,0.0,0,35.38429,1.1384064e+06,39.78429,0.0,0.0,0,856
6334,2008-01-01,2004-02-01,47,2004,207122.0,207122.0,756.9898718054891,0.019169487852794688,360,313,Current,Current,none,0,0.0,0.0,0.0,0,59.774696,346504.47,72.874695,0.0,0.0,0,357
6337,2008-01-01,1993-03-01,178,1993,220181.0,220181.0,1396.697267479816,0.018,180,2,Current,Current,none,0,0.0,0.0,0.0,0,31.030355,709566.5,33.730354,0.0,0.0,0,314
6339,2008-01-01,2001-05-01,80,2001,218186.0,218186.0,1032.4143583671284,0.039263811602622996,360,280,Current,Current,none,0,0.0,0.0,0.0,0,50.56685,431480.3,54.46685,0.0,0.0,0,523
6340,2008-01-01,2001-12-01,73,2001,428829.0,428829.0,1566.8736651476474,0.019150174724549558,360,287,Current,Current,none,0,0.0,0.0,0.0,0,59.357975,722445.44,59.457977,0.0,0.0,0,169
6342,2008-01-01,1999-03-01,106,1999,256233.0,256233.0,1172.2222197491826,0.03650414401124412,360,254,Current,Current,none,0,0.0,0.0,0.0,0,45.853996,558801.94,52.553993,0.0,0.0,0,316
6357,2008-01-01,2000-10-01,87,2000,380679.0,380679.0,1809.353896786095,0.03963205471575212,360,273,Current,Current,none,0,0.0,0.0,0.0,0,45.4024,838455.7,45.5024,0.0,0.0,0,407
6361,2008-01-01,1998-06-01,115,1998,233768.0,233768.0,840.859979135112,0.018,360,245,Current,Current,none,0,0.0,0.0,0.0,0,31.105398,751535.2,31.105398,0.0,0.0,0,151
6365,2008-01-01,1998-09-01,112,1998,294482.0,294482.0,2116.015847225663,0.035746741554040035,180,68,Current,Current,none,0,0.0,0.0,0.0,0,30.623379,961624.8,33.723377,0.0,0.0,0,810
6366,2008-01-01,1996-05-01,140,1996,206037.0,206037.0,810.793976989506,0.02469146408836983,360,220,Current,Current,none,0,0.0,0.0,0.0,0,39.83317,517249.78,40.533173,0.0,0.0,0,204
6369,2008-01-01,1997-09-01,124,1997,285408.0,285408.0,1705.2217782215505,0.059675852305086124,360,236,Current,Current,none,0,0.0,0.0,0.0,0,40.361477,707129.75,40.461475,0.0,0.0,0,111
6371,2008-01-01,1998-02-01,119,1998,728029.0,728029.0,5605.194003343296,0.04596094344423217,180,61,Current,Current,none,0,0.0,0.0,0.0,0,39.990322,1.820513e+06,43.39032,0.0,0.0,0,912
6380,2008-01-01,2004-07-01,42,2004,282997.0,282997.0,1171.8591922681758,0.028599583812599576,360,318,Current,Current,none,0,0.0,0.0,0.0,0,71.41567,396267.38,72.315674,0.0,0.0,0,986
6387,2008-01-01,1998-12-01,109,1998,214719.0,214719.0,992.1559357982893,0.037315941406229874,360,251,Current,Current,none,0,0.0,0.0,0.0,0,29.719599,722482.9,32.6196,0.0,0.0,0,248
6388,2008-01-01,2002-06-01,67,2002,439699.0,439699.0,1662.042977755557,0.02166392309085218,360,293,Current,Current,none,0,0.0,0.0,0.0,0,46.62359,943082.75,49.12359,0.0,0.0,0,956
6389,2008-01-01,2001-02-01,83,2001,328567.0,328567.0,1575.5739753790021,0.0403662142137853,360,277,Current,Current,none,0,0.0,0.0,0.0,0,54.476696,603133.1,60.676693,0.0,0.0,0,318
6392,2008-01-01,2000-02-01,95,2000,295013.0,295013.0,1328.536937671291,0.035230376569292406,360,265,Current,Current,none,0,0.0,0.0,0.0,0,50.26316,586936.8,50.36316,0.0,0.0,0,752
6393,2008-01-01,1996-03-01,142,1996,239541.0,239541.0,920.9433427972557,0.022933655713368695,360,218,Current,Current,none,0,0.0,0.0,0.0,0,26.732212,896076.25,28.232212,0.0,0.0,0,569
6394,2008-01-01,2004-02-01,47,2004,665121.0,665121.0,2758.3450357759248,0.028716468812896412,360,313,Current,Current,none,0,0.0,0.0,0.0,0,61.684166,1.0782686e+06,63.284164,0.0,0.0,0,957
6397,2008-01-01,2003-06-01,55,2003,266275.0,266275.0,1174.1714863902796,0.03354495118759893,360,305,Current,Current,none,0,0.0,0.0,0.0,0,69.93152,380765.34,84.031525,0.0,0.0,0,333
6398,2008-01-01,2003-12-01,49,2003,318402.0,318402.0,2490.9263905732973,0.04836856086007386,180,131,Current,Current,none,0,0.0,0.0,0.0,0,57.05065,558104.06,57.15065,0.0,0.0,0,578
6402,2008-01-01,1999-08-01,101,1999,280665.0,280665.0,1892.590491461005,0.026595023843089104,180,79,Current,Current,none,0,0.0,0.0,0.0,0,46.75223,600324.25,73.352234,0.0,0.0,0,565
6403,2008-01-01,1995-10-01,147,1995,214374.0,214374.0,881.0347463858825,0.028016134843610214,360,213,Current,Current,none,0,0.0,0.0,0.0,0,29.045225,738069.7,43.145226,0.0,0.0,0,570
6404,2008-01-01,2001-01-01,84,2001,246192.0,246192.0,1023.8713829364525,0.028935240974877527,360,276,Current,Current,none,0,0.0,0.0,0.0,0,59.179726,416007.34,63.379723,0.0,0.0,0,111
6406,2008-01-01,2003-01-01,60,2003,135590.0,135590.0,591.3885183681545,0.03267354968497819,360,300,Current,Current,none,0,0.0,0.0,0.0,0,43.8006,309561.97,52.2006,0.0,0.0,0,317
6407,2008-01-01,1993-01-01,180,1993,731612.0,731612.0,5874.879436039128,0.052333931719257,180,0,Current,Matured,matured,0,0.0,0.0,0.0,0,37.332073,1.9597411e+06,42.932076,0.0,0.0,0,293
6411,2008-01-01,2007-03-01,10,2007,329767.0,329767.0,1537.5170831109406,0.03805025192913579,360,350,Current,Current,none,0,0.0,0.0,0.0,0,87.646645,376246.03,91.646645,0.0,0.0,0,987
6415,2008-01-01,2007-10-01,3,2007,361785.0,361785.0,2760.9538649917695,0.044638625391504684,180,177,Current,Current,none,0,0.0,0.0,0.0,0,92.77218,389971.47,98.77218,0.0,0.0,0,943
6416,2008-01-01,2005-06-01,31,2005,509470.0,509470.0,2353.475166836537,0.037293705852499325,360,329,Current,Current,none,0,0.0,0.0,0.0,0,89.48954,569306.75,106.689545,0.0,0.0,0,338
6417,2008-01-01,2004-07-01,42,2004,325854.0,325854.0,1449.3559181793682,0.03423529095759266,360,318,Current,Current,none,0,0.0,0.0,0.0,0,70.970436,459140.47,73.070435,0.0,0.0,0,348
6420,2008-01-01,1993-11-01,170,1993,266513.0,266513.0,1774.456309579334,0.024790782355768436,180,10,Current,Current,none,0,0.0,0.0,0.0,0,35.54972,749690.9,39.44972,0.0,0.0,0,149
6421,2008-01-01,1993-04-01,177,1993,188439.0,188439.0,980.7587822608483,0.04730371339657042,360,183,Current,Current,none,0,0.0,0.0,0.0,0,35.4451,531636.25,35.6451,0.0,0.0,0,228
6422,2008-01-01,1996-12-01,133,1996,587214.0,587214.0,2676.4860710797943,0.03620427511684584,360,227,Current,Current,none,0,0.0,0.0,0.0,0,34.308006,1.7115946e+06,34.90801,0.0,0.0,0,159
6428,2008-01-01,1996-05-01,140,1996,327742.0,327742.0,1178.8830433664996,0.018,360,220,Current,Current,none,0,0.0,0.0,0.0,0,33.89441,966950.0,34.494408,0.0,0.0,0,208
6431,2008-01-01,2007-10-01,3,2007,368682.0,368682.0,1326.14360745479,0.018,360,357,Current,Current,none,0,0.0,0.0,0.0,0,81.14971,454323.25,87.44971,0.0,0.0,0,953
6437,2008-01-01,2000-07-01,90,2000,156243.0,156243.0,892.0169029711622,0.0554978308832341,360,270,Current,Current,none,0,0.0,0.0,0.0,0,47.64691,327918.4,47.64691,0.0,0.0,0,402
6438,2008-01-01,1997-01-01,132,1997,212374.0,212374.0,854.0205651658822,0.026341417952765196,360,228,Current,Current,none,0,0.0,0.0,0.0,0,29.100098,729805.1,29.200098,0.0,0.0,0,177
6439,2008-01-01,1993-05-01,176,1993,177804.0,177804.0,1027.223429249837,0.05657784272044297,360,184,Current,Paid off,payoff,0,0.0,0.0,0.0,0,31.203148,569827.1,31.603148,0.0,0.0,0,493
6442,2008-01-01,2006-07-01,18,2006,537525.0,537525.0,2648.4991919058807,0.04263339184737584,360,342,Current,Current,none,0,0.0,0.0,0.0,0,77.58682,692804.5,82.68682,0.0,0.0,0,572
6451,2008-01-01,1994-11-01,158,1994,296408.0,296408.0,1351.0063174061404,0.03620406480741412,360,202,Current,Current,none,0,0.0,0.0,0.0,0,37.911057,781851.06,38.01106,0.0,0.0,0,923
6454,2008-01-01,2007-01-01,12,2007,253571.0,253571.0,1734.4105574279924,0.02862629133902403,180,168,Current,Current,none,0,0.0,0.0,0.0,0,79.46217,319109.06,83.66217,0.0,0.0,0,342
6455,2008-01-01,1998-04-01,117,1998,723017.0,723017.0,2600.6812717494754,0.018,360,243,Current,Current,none,0,0.0,0.0,0.0,0,43.068726,1.6787518e+06,43.768726,0.0,0.0,0,400
6456,2008-01-01,1997-08-01,125,1997,572472.0,572472.0,3161.9379711660044,0.0525204851088209,360,235,Current,Current,none,0,0.0,0.0,0.0,0,28.653885,1.9978862e+06,28.653885,0.0,0.0,0,218
6457,2008-01-01,2003-03-01,58,2003,169334.0,169334.0,656.4171039153291,0.023554459347027545,360,302,Current,Current,none,0,0.0,0.0,0.0,0,50.112934,337904.78,64.41293,0.0,0.0,0,780
6458,2008-01-01,2005-06-01,31,2005,428805.0,428805.0,2924.7644090190197,0.028224240595130387,180,149,Current,Current,none,0,0.0,0.0,0.0,0,64.35203,666342.6,66.85203,0.0,0.0,0,936
6459,2008-01-01,1997-10-01,123,1997,572948.0,572948.0,2060.8853364254483,0.018,360,237,Current,Current,none,0,0.0,0.0,0.0,0,33.992252,1.6855252e+06,39.192253,0.0,0.0,0,965
6461,2008-01-01,1997-12-01,121,1997,202831.0,202831.0,1009.5808486310754,0.04348863244856944,360,239,Current,Current,none,0,0.0,0.0,0.0,0,38.429665,527798.0,44.229668,0.0,0.0,0,473
6465,2008-01-01,2001-11-01,74,2001,318820.0,318820.0,2380.8478282160545,0.04140901321473039,180,106,Current,Current,none,0,0.0,0.0,0.0,0,45.90795,694476.6,48.607952,0.0,0.0,0,483
6468,2008-01-01,1997-09-01,124,1997,423662.0,423662.0,1998.54590784841,0.03901099846140467,360,236,Current,Current,none,0,0.0,0.0,0.0,0,35.669456,1.1877445e+06,37.569454,0.0,0.0,0,800
6472,2008-01-01,2006-09-01,16,2006,105605.0,105605.0,407.2435442344684,0.023161559022953093,360,344,Current,Current,none,0,0.0,0.0,0.0,0,64.70948,163198.64,77.50948,0.0,0.0,0,778
6473,2008-01-01,2001-12-01,73,2001,334311.0,334311.0,1557.3714096533681,0.03798028003644673,360,287,Current,Current,none,0,0.0,0.0,0.0,0,40.4991,825477.6,40.4991,0.0,0.0,0,962
6474,2008-01-01,2007-02-01,11,2007,177955.0,177955.0,681.5643030858072,0.022647356613067066,360,349,Current,Current,none,0,0.0,0.0,0.0,0,79.88761,222756.69,95.38761,0.0,0.0,0,853
6477,2008-01-01,2003-03-01,58,2003,534796.0,534796.0,2676.768362181566,0.04395944611964156,360,302,Current,Current,none,0,0.0,0.0,0.0,0,56.613255,944648.06,61.613255,0.0,0.0,0,167
6479,2008-01-01,1999-03-01,106,1999,295706.0,295706.0,1940.0063406247693,0.022709177047915446,180,74,Current,Current,none,0,0.0,0.0,0.0,0,40.05385,738271.1,40.153847,0.0,0.0,0,458
6480,2008-01-01,2007-05-01,8,2007,833340.0,833340.0,2997.5114430223734,0.018,360,352,Current,Current,none,0,0.0,0.0,0.0,0,65.597275,1.2703881e+06,70.19727,0.0,0.0,0,823
6482,2008-01-01,2004-10-01,39,2004,154596.0,154596.0,628.6510397085658,0.027197602088695726,360,321,Current,Current,none,0,0.0,0.0,0.0,0,56.187466,275143.22,56.787468,0.0,0.0,0,617
6487,2008-01-01,1998-04-01,117,1998,221261.0,221261.0,1626.732947997471,0.03910481785309614,180,63,Current,Current,none,0,0.0,0.0,0.0,0,35.614525,621266.2,39.514526,0.0,0.0,0,530
6488,2008-01-01,1994-10-01,159,1994,171851.0,171851.0,707.948954367797,0.02819936847128172,360,201,Current,Current,none,0,0.0,0.0,0.0,0,35.064583,490098.5,35.264584,0.0,0.0,0,484
6491,2008-01-01,2007-05-01,8,2007,182141.0,182141.0,814.5143057488991,0.03466717425030267,360,352,Current,Current,none,0,0.0,0.0,0.0,0,100.043816,182061.22,120.34382,0.0,0.0,0,665
6494,2008-01-01,2007-11-01,2,2007,213994.0,213994.0,1441.0704791556911,0.026403520750888948,180,178,30 DPD,Delinquent,none,0,0.0,0.0,0.0,1,94.50397,226439.17,115.90396,0.0,0.0,0,875
6496,2008-01-01,2004-07-01,42,2004,113302.0,113302.0,472.62230976634396,0.029168909449810373,360,318,Current,Current,none,0,0.0,0.0,0.0,0,60.195755,188222.58,67.39575,0.0,0.0,0,618
6501,2008-01-01,1995-01-01,156,1995,162423.0,162423.0,584.2330874673279,0.018,360,204,Current,Current,none,0,0.0,0.0,0.0,0,32.51074,499598.0,40.51074,0.0,0.0,0,130
6502,2008-01-01,2006-04-01,21,2006,499595.0,499595.0,3862.3374820070817,0.04658014566260227,180,159,Current,Current,none,0,0.0,0.0,0.0,0,81.799774,610753.56,88.09977,0.0,0.0,0,723
6508,2008-01-01,2007-05-01,8,2007,656654.0,656654.0,3708.031954301336,0.05450477809512748,360,352,Current,Current,none,0,0.0,0.0,0.0,0,77.07945,851918.3,83.379456,0.0,0.0,0,906
6510,2008-01-01,2003-03-01,58,2003,221468.0,221468.0,812.499794732477,0.019448975522560197,360,302,Current,Current,none,0,0.0,0.0,0.0,0,44.368465,499156.3,46.368465,0.0,0.0,0,201
6511,2008-01-01,1999-01-01,108,1999,504802.0,504802.0,2285.1694941792816,0.03565096302647488,360,252,Current,Current,none,0,0.0,0.0,0.0,0,28.885424,1.7476011e+06,33.585426,0.0,0.0,0,701
6512,2008-01-01,1993-02-01,179,1993,450214.0,450214.0,3392.6945573124813,0.04275581232503921,180,1,Current,Current,none,0,0.0,0.0,0.0,0,31.320322,1.4374501e+06,31.720322,0.0,0.0,0,263
6513,2008-01-01,2007-05-01,8,2007,197780.0,197780.0,931.9277529475181,0.038917228843288715,360,352,Current,Current,none,0,0.0,0.0,0.0,0,98.98065,199816.83,105.18066,0.0,0.0,0,152
6515,2008-01-01,2005-04-01,33,2005,419001.0,419001.0,2950.3078805576647,0.03280027411377018,180,147,Current,Current,none,0,0.0,0.0,0.0,0,71.65163,584775.3,74.251625,0.0,0.0,0,877
6520,2008-01-01,1993-07-01,174,1993,233915.0,233915.0,1047.8685090053345,0.034807312638260375,360,186,Current,Current,none,0,0.0,0.0,0.0,0,26.587505,879793.0,26.687506,0.0,0.0,0,814
6521,2008-01-01,2006-08-01,17,2006,158200.0,158200.0,640.4435520557394,0.026854766001257597,360,343,Current,Current,none,0,0.0,0.0,0.0,0,103.479065,152881.17,113.17906,0.0,0.0,0,385
6523,2008-01-01,2002-10-01,63,2002,390290.0,390290.0,1586.9597343092532,0.027191773198462978,360,297,Current,Current,none,0,0.0,0.0,0.0,0,41.806126,933571.3,46.106125,0.0,0.0,0,772
6531,2008-01-01,2003-10-01,51,2003,171070.0,171070.0,715.288587284125,0.029353674982626365,360,309,Current,Current,none,0,0.0,0.0,0.0,0,63.31172,270202.72,64.51172,0.0,0.0,0,251
6533,2008-01-01,2001-01-01,84,2001,232102.0,232102.0,1213.2336893147503,0.047677164955861606,360,276,Current,Current,none,0,0.0,0.0,0.0,0,46.220196,502165.78,46.720196,0.0,0.0,0,526
6534,2008-01-01,1993-09-01,172,1993,450126.0,450126.0,3032.8897984597447,0.026481746630609437,180,8,Current,Current,none,0,0.0,0.0,0.0,0,30.580053,1.4719595e+06,30.580053,0.0,0.0,0,730
6536,2008-01-01,2006-06-01,19,2006,570672.0,570672.0,2055.011349106375,0.018082340394711287,360,341,Current,Current,none,0,0.0,0.0,0.0,0,87.917534,649099.2,93.11754,0.0,0.0,0,883
6540,2008-01-01,2007-03-01,10,2007,376085.0,376085.0,1445.9275335662285,0.022934946323543325,360,350,Current,Current,none,0,0.0,0.0,0.0,0,82.7478,454495.47,91.047806,0.0,0.0,0,735
6545,2008-01-01,2008-01-01,0,2008,336073.0,336073.0,1208.8495250328294,0.018,360,360,Current,Current,none,0,0.0,0.0,0.0,0,71.8,468068.25,76.1,0.0,0.0,0,822
6546,2008-01-01,1999-03-01,106,1999,238105.0,238105.0,1031.7482121349296,0.03215525549303614,360,254,Current,Current,none,0,0.0,0.0,0.0,0,46.237022,514966.1,46.237022,0.0,0.0,0,350
6548,2008-01-01,2003-07-01,54,2003,134489.0,134489.0,512.9478322846205,0.022334995733138678,360,306,Current,Current,none,0,0.0,0.0,0.0,0,58.084995,231538.28,58.184994,0.0,0.0,0,946
6552,2008-01-01,2000-10-01,87,2000,240277.0,240277.0,864.2727542120706,0.018,360,273,Current,Current,none,0,0.0,0.0,0.0,0,47.543427,505384.25,47.543427,0.0,0.0,0,355
6554,2008-01-01,1993-01-01,180,1993,380963.0,380963.0,1711.722265655577,0.03504834003990893,360,180,Current,Current,none,0,0.0,0.0,0.0,0,40.234688,946852.1,44.93469,0.0,0.0,0,717
6559,2008-01-01,2006-02-01,23,2006,174748.0,174748.0,657.0912079375939,0.02127386650006317,360,337,Current,Current,none,0,0.0,0.0,0.0,0,96.86256,180408.2,103.962555,0.0,0.0,0,784
6562,2008-01-01,2001-07-01,78,2001,215694.0,215694.0,1219.371127721277,0.05460681277923471,360,282,Current,Current,none,0,0.0,0.0,0.0,0,62.830875,343293.0,70.73087,0.0,0.0,0,405
6564,2008-01-01,2004-09-01,40,2004,345638.0,345638.0,2368.317780394823,0.02887874284764185,180,140,Current,Current,none,0,0.0,0.0,0.0,0,78.15421,442251.28,95.25421,0.0,0.0,0,115
6571,2008-01-01,2006-09-01,16,2006,276664.0,276664.0,1137.0772590727515,0.02801905333981679,360,344,Current,Current,none,0,0.0,0.0,0.0,0,71.60034,386400.38,79.30035,0.0,0.0,0,610
6572,2008-01-01,1993-10-01,171,1993,204469.0,204469.0,1509.9049856213353,0.0397532050284699,180,9,Current,Current,none,0,0.0,0.0,0.0,0,32.260597,633804.1,32.260597,0.0,0.0,0,341
6573,2008-01-01,1995-06-01,151,1995,213861.0,213861.0,946.8541863567065,0.03386676421044356,360,209,Current,Current,none,0,0.0,0.0,0.0,0,42.36409,504816.7,58.56409,0.0,0.0,0,883
6575,2008-01-01,1996-05-01,140,1996,354286.0,354286.0,2512.1602852693827,0.033814891668711516,180,40,Current,Paid off,payoff,0,0.0,0.0,0.0,0,42.633568,831002.5,42.733566,0.0,0.0,0,584
6576,2008-01-01,2006-05-01,20,2006,666731.0,666731.0,4263.600076125405,0.06612403662978454,360,340,Current,Current,none,0,0.0,0.0,0.0,0,104.327805,639073.1,109.327805,0.0,0.0,0,864
6577,2008-01-01,2004-09-01,40,2004,564024.0,564024.0,2100.715556716398,0.020565038322547906,360,320,Current,Current,none,0,0.0,0.0,0.0,0,75.524895,746805.44,80.024895,0.0,0.0,0,313
6581,2008-01-01,2005-11-01,26,2005,266709.0,266709.0,1210.3633766548046,0.03585201920339471,360,334,Current,Current,none,0,0.0,0.0,0.0,0,83.286415,320231.1,95.08642,0.0,0.0,0,161
6585,2008-01-01,2004-09-01,40,2004,395287.0,395287.0,1421.8413922024445,0.018,360,320,Current,Current,none,0,0.0,0.0,0.0,0,67.908936,582083.94,69.30894,0.0,0.0,0,421
6587,2008-01-01,1996-09-01,136,1996,128165.0,128165.0,526.7782421629688,0.02802280261936668,360,224,Current,Current,none,0,0.0,0.0,0.0,0,30.040691,426637.97,30.140692,0.0,0.0,0,552
6589,2008-01-01,1999-10-01,99,1999,261550.0,261550.0,1659.117591024411,0.018,180,81,Current,Current,none,0,0.0,0.0,0.0,0,46.909428,557563.8,48.10943,0.0,0.0,0,832
6591,2008-01-01,2007-07-01,6,2007,250071.0,250071.0,1059.6534565195554,0.03039568197214351,360,354,Current,Current,none,0,0.0,0.0,0.0,0,88.44567,282739.7,92.54567,0.0,0.0,0,137
6597,2008-01-01,1993-07-01,174,1993,229972.0,229972.0,1583.3454446816406,0.029565714169633592,180,6,Current,Current,none,0,0.0,0.0,0.0,0,29.455677,780739.1,30.655678,0.0,0.0,0,156
6598,2008-01-01,2001-04-01,81,2001,459667.0,459667.0,2216.834854258581,0.040839839599690335,360,279,Current,Current,none,0,0.0,0.0,0.0,0,56.379124,815314.2,59.879124,0.0,0.0,0,395
6600,2008-01-01,2005-05-01,32,2005,223793.0,223793.0,1010.1232862796393,0.03541509749667956,360,328,Current,Current,none,0,0.0,0.0,0.0,0,74.92388,298693.8,77.52388,0.0,0.0,0,603
6604,2008-01-01,1996-07-01,138,1996,323973.0,323973.0,2263.580741556579,0.03168083543079968,180,42,Current,Current,none,0,0.0,0.0,0.0,0,32.718487,990183.3,32.818485,0.0,0.0,0,794
6608,2008-01-01,2001-08-01,77,2001,147223.0,147223.0,602.4374324552249,0.027681015056933444,360,283,Current,Current,none,0,0.0,0.0,0.0,0,44.630863,329868.16,44.630863,0.0,0.0,0,345
6623,2008-01-01,2006-06-01,19,2006,223584.0,223584.0,966.3139132529756,0.03194987988815558,360,341,Current,Current,none,0,0.0,0.0,0.0,0,94.28212,237143.6,104.68212,0.0,0.0,0,904
6625,2008-01-01,2003-07-01,54,2003,182707.0,182707.0,760.1085506434468,0.02896189455224668,360,306,Current,Current,none,0,0.0,0.0,0.0,0,63.04347,289811.16,63.04347,0.0,0.0,0,608
6627,2008-01-01,1997-03-01,130,1997,390016.0,390016.0,1604.2457644050044,0.028081565759566236,360,230,Current,Current,none,0,0.0,0.0,0.0,0,37.423466,1.0421697e+06,43.923466,0.0,0.0,0,503
6628,2008-01-01,2004-10-01,39,2004,348522.0,348522.0,1645.953261831973,0.0391044286797386,360,321,Current,Current,none,0,0.0,0.0,0.0,0,73.63756,473293.8,73.73756,0.0,0.0,0,942
6630,2008-01-01,1998-12-01,109,1998,204677.0,204677.0,795.2577655454148,0.023728671408991188,360,251,Current,Current,none,0,0.0,0.0,0.0,0,33.448055,611924.94,33.448055,0.0,0.0,0,484
6631,2008-01-01,2004-11-01,38,2004,319042.0,319042.0,1719.60525225803,0.05035449675764818,360,322,Current,Current,none,0,0.0,0.0,0.0,0,83.500244,382085.12,84.40024,0.0,0.0,0,450
6634,2008-01-01,1999-06-01,103,1999,742556.0,742556.0,3053.980005015349,0.02807239642227984,360,257,Current,Current,none,0,0.0,0.0,0.0,0,42.583664,1.7437579e+06,44.783665,0.0,0.0,0,371
6639,2008-01-01,1999-07-01,102,1999,547901.0,547901.0,2674.7599577298756,0.04185702929407041,360,258,Current,Current,none,0,0.0,0.0,0.0,0,43.972626,1.2460048e+06,45.072624,0.0,0.0,0,794
6644,2008-01-01,1999-03-01,106,1999,408182.0,408182.0,2374.5978948224406,0.05721281871273372,360,254,Current,Current,none,0,0.0,0.0,0.0,0,25.444042,1.6042341e+06,26.644043,0.0,0.0,0,368
6645,2008-01-01,2003-03-01,58,2003,369787.0,369787.0,2480.0653799513943,0.025823782976071727,180,122,Current,Current,none,0,0.0,0.0,0.0,0,50.94437,725864.3,57.044373,0.0,0.0,0,939
6646,2008-01-01,2007-03-01,10,2007,289864.0,289864.0,2002.9852410717886,0.03008876358998294,180,170,Current,Current,none,0,0.0,0.0,0.0,0,91.267525,317598.2,96.16753,0.0,0.0,0,473
6648,2008-01-01,1994-11-01,158,1994,482249.0,482249.0,2325.3668974642087,0.04082645291268185,360,202,Current,Current,none,0,0.0,0.0,0.0,0,43.534454,1.107741e+06,48.73445,0.0,0.0,0,381
6651,2008-01-01,2000-02-01,95,2000,93640.0,93640.0,593.996448952498,0.018,180,85,Current,Current,none,0,0.0,0.0,0.0,0,40.68083,230182.14,43.38083,0.0,0.0,0,216
6652,2008-01-01,2002-08-01,65,2002,460356.0,460356.0,2335.3590487721535,0.0451024368280206,360,295,Current,Current,none,0,0.0,0.0,0.0,0,50.380604,913756.44,56.980602,0.0,0.0,0,132
6653,2008-01-01,2005-07-01,30,2005,336054.0,336054.0,1208.7811823186705,0.018,360,330,Current,Current,none,0,0.0,0.0,0.0,0,74.90055,448666.94,79.70055,0.0,0.0,0,153
6656,2008-01-01,1994-06-01,163,1994,192755.0,192755.0,1229.5413583431464,0.018773778975670913,180,17,Current,Current,none,0,0.0,0.0,0.0,0,30.142101,639487.6,34.2421,0.0,0.0,0,949
6658,2008-01-01,2004-06-01,43,2004,151811.0,151811.0,828.1375431975467,0.0514154830902866,360,317,Current,Current,none,0,0.0,0.0,0.0,0,61.412624,247198.36,62.612625,0.0,0.0,0,708
6661,2008-01-01,2003-11-01,50,2003,829946.0,829946.0,4224.16430389428,0.045383843469727285,360,310,Current,Current,none,0,0.0,0.0,0.0,0,54.265038,1.5294305e+06,54.265038,0.0,0.0,0,307
6668,2008-01-01,2008-01-01,0,2008,192088.0,192088.0,776.7396788243678,0.026766532310149475,360,360,Current,Current,none,0,0.0,0.0,0.0,0,85.8,223878.78,88.1,0.0,0.0,0,996
6675,2008-01-01,2001-03-01,82,2001,244065.0,244065.0,1140.1950887398673,0.03821263257913537,360,278,Current,Current,none,0,0.0,0.0,0.0,0,52.26914,466939.03,52.369137,0.0,0.0,0,517
6677,2008-01-01,2004-06-01,43,2004,459187.0,459187.0,2328.149957370822,0.045055587371362955,360,317,Current,Current,none,0,0.0,0.0,0.0,0,76.36986,601267.4,86.66985,0.0,0.0,0,403
6680,2008-01-01,1994-08-01,161,1994,335343.0,335343.0,1589.587499094788,0.03940969529482318,360,199,Current,Current,none,0,0.0,0.0,0.0,0,32.957184,1.01751106e+06,62.157185,0.0,0.0,0,307
6690,2008-01-01,2001-08-01,77,2001,454289.0,454289.0,3427.608095097363,0.04293846978548689,180,103,Current,Current,none,0,0.0,0.0,0.0,0,51.21795,886972.25,53.317947,0.0,0.0,0,728
6691,2008-01-01,1998-04-01,117,1998,140727.0,140727.0,506.19290186743655,0.018,360,243,Current,Current,none,0,0.0,0.0,0.0,0,29.972107,469526.56,30.872107,0.0,0.0,0,353
6692,2008-01-01,2006-08-01,17,2006,298810.0,298810.0,1439.3306113108758,0.040739350863759634,360,343,Current,Current,none,0,0.0,0.0,0.0,0,88.81953,336423.75,100.81953,0.0,0.0,0,970
6698,2008-01-01,2003-12-01,49,2003,86988.0,86988.0,551.80011855489,0.018,180,131,Current,Current,none,0,0.0,0.0,0.0,0,69.04843,125981.15,71.84843,0.0,0.0,0,328
6699,2008-01-01,2004-01-01,48,2004,123227.0,123227.0,459.0850941184045,0.02058512495595982,360,312,Current,Current,none,0,0.0,0.0,0.0,0,47.374313,260113.53,47.374313,0.0,0.0,0,689
6701,2008-01-01,2005-11-01,26,2005,145576.0,145576.0,575.264285207639,0.025008334694290493,360,334,Current,Current,none,0,0.0,0.0,0.0,0,95.364525,152652.16,130.36452,0.0,0.0,0,493
6704,2008-01-01,2003-07-01,54,2003,687723.0,687723.0,3368.525500390118,0.04213551947810938,360,306,Current,Current,none,0,0.0,0.0,0.0,0,65.95559,1.0427061e+06,65.95559,0.0,0.0,0,246
6710,2008-01-01,2007-12-01,1,2007,197398.0,197398.0,919.9295434639234,0.03801237376677653,360,359,Current,Current,none,0,0.0,0.0,0.0,0,91.796875,215037.83,95.89687,0.0,0.0,0,777
6711,2008-01-01,2000-06-01,91,2000,313072.0,313072.0,1441.2207316034803,0.03701149672966759,360,269,Current,Current,none,0,0.0,0.0,0.0,0,46.581963,672088.44,48.181965,0.0,0.0,0,370
6718,2008-01-01,1994-08-01,161,1994,269760.0,269760.0,1361.0210030165763,0.04463693137080922,360,199,Current,Current,none,0,0.0,0.0,0.0,0,37.98057,710257.9,38.080574,0.0,0.0,0,316
6724,2008-01-01,1999-12-01,97,1999,284469.0,284469.0,1128.9652056683713,0.02533552464379976,360,263,Current,Current,none,0,0.0,0.0,0.0,0,40.264194,706506.1,43.264194,0.0,0.0,0,724
6725,2008-01-01,2007-06-01,7,2007,161947.0,161947.0,1456.0694228546263,0.07004903521328552,180,173,Current,Current,none,0,0.0,0.0,0.0,0,86.80241,186569.72,92.5024,0.0,0.0,0,286
6726,2008-01-01,2005-10-01,27,2005,518631.0,518631.0,1865.5079045841273,0.018,360,333,Current,Current,none,0,0.0,0.0,0.0,0,64.46914,804464.0,66.96914,0.0,0.0,0,383
6736,2008-01-01,2000-08-01,89,2000,268888.0,268888.0,967.1860907809538,0.018,360,271,Current,Current,none,0,0.0,0.0,0.0,0,48.381054,555771.25,50.681053,0.0,0.0,0,853
6737,2008-01-01,2007-11-01,2,2007,303925.0,303925.0,1093.2136526754684,0.018,360,358,Current,Current,none,0,0.0,0.0,0.0,0,73.10491,415738.16,78.40491,0.0,0.0,0,505
6738,2008-01-01,1996-12-01,133,1996,645534.0,645534.0,2777.3417068712624,0.03159217014855089,360,227,Current,Current,none,0,0.0,0.0,0.0,0,41.530746,1.554352e+06,41.630745,0.0,0.0,0,129
6742,2008-01-01,1998-07-01,114,1998,431296.0,431296.0,1712.565863550625,0.025375193194473247,360,246,Current,Current,none,0,0.0,0.0,0.0,0,33.512238,1.2869805e+06,33.512238,0.0,0.0,0,494
6746,2008-01-01,1994-07-01,162,1994,207816.0,207816.0,1046.8218665455358,0.044501111696439555,360,198,Current,Current,none,0,0.0,0.0,0.0,0,28.734636,723224.75,38.034637,0.0,0.0,0,700
6749,2008-01-01,2005-07-01,30,2005,406102.0,406102.0,3166.8801420354685,0.04788573585112756,180,150,Current,Current,none,0,0.0,0.0,0.0,0,54.14007,750095.06,62.340073,0.0,0.0,0,501
6753,2008-01-01,2005-09-01,28,2005,200476.0,200476.0,1374.8038115448078,0.02899737225783458,180,152,Current,Current,none,0,0.0,0.0,0.0,0,59.07388,339364.88,62.473877,0.0,0.0,0,393
6757,2008-01-01,2007-02-01,11,2007,299497.0,299497.0,1404.9510632734005,0.03855170330740513,360,349,Current,Current,none,0,0.0,0.0,0.0,0,65.59531,456583.0,71.3953,0.0,0.0,0,215
6761,2008-01-01,2003-08-01,53,2003,390016.0,390016.0,2154.286772865127,0.05252500097689101,360,307,Current,Current,none,0,0.0,0.0,0.0,0,50.62645,770379.94,51.52645,0.0,0.0,0,836
6764,2008-01-01,2003-09-01,52,2003,187934.0,187934.0,737.0294437191134,0.02443210097212126,360,308,Current,Current,none,0,0.0,0.0,0.0,0,62.017365,303034.5,62.017365,0.0,0.0,0,229
6765,2008-01-01,2003-05-01,56,2003,176172.0,176172.0,651.8400928323731,0.020076490751580512,360,304,Current,Current,none,0,0.0,0.0,0.0,0,41.537807,424124.44,44.63781,0.0,0.0,0,635
6766,2008-01-01,2005-12-01,25,2005,1045564.0,1.045564e+06,6959.74651427352,0.02475684653228693,180,155,Current,Current,none,0,0.0,0.0,0.0,0,57.6935,1.8122735e+06,60.1935,0.0,0.0,0,131
6767,2008-01-01,2002-08-01,65,2002,186836.0,186836.0,903.9342448398152,0.04110567719079879,360,295,Current,Current,none,0,0.0,0.0,0.0,0,55.70301,335414.53,70.20301,0.0,0.0,0,241
6772,2008-01-01,2004-01-01,48,2004,362889.0,362889.0,1793.0840000039047,0.042870892448969036,360,312,Current,Current,none,0,0.0,0.0,0.0,0,63.083504,575251.8,76.2835,0.0,0.0,0,720
6774,2008-01-01,2004-09-01,40,2004,351457.0,351457.0,1635.3575521702815,0.03788589069431082,360,320,Current,Current,none,0,0.0,0.0,0.0,0,69.72226,504081.5,76.22226,0.0,0.0,0,257
6778,2008-01-01,2003-01-01,60,2003,197745.0,197745.0,793.142532497389,0.026143838137929813,360,300,Current,Current,none,0,0.0,0.0,0.0,0,52.978577,373254.66,53.37858,0.0,0.0,0,571
6780,2008-01-01,1995-11-01,146,1995,226674.0,226674.0,815.3429678590414,0.018,360,214,Current,Current,none,0,0.0,0.0,0.0,0,27.341059,829060.8,31.94106,0.0,0.0,0,611
6783,2008-01-01,2000-06-01,91,2000,407194.0,407194.0,1464.6706920705265,0.018,360,269,Current,Current,none,0,0.0,0.0,0.0,0,34.87518,1.1675754e+06,39.87518,0.0,0.0,0,274
6784,2008-01-01,2000-05-01,92,2000,219010.0,219010.0,1129.3602219736053,0.046504879312518656,360,268,Current,Current,none,0,0.0,0.0,0.0,0,47.947983,456765.8,55.847984,0.0,0.0,0,824
6789,2008-01-01,2001-09-01,76,2001,112242.0,112242.0,461.4797431954467,0.02804752005403672,360,284,Current,Current,none,0,0.0,0.0,0.0,0,49.000206,229064.34,50.900204,0.0,0.0,0,953
6794,2008-01-01,2002-12-01,61,2002,485920.0,485920.0,2365.057623938946,0.041605514362081306,360,299,Current,Current,none,0,0.0,0.0,0.0,0,59.534214,816202.94,69.83421,0.0,0.0,0,515
6795,2008-01-01,2002-09-01,64,2002,158100.0,158100.0,869.0252999068969,0.05209018351043515,360,296,Current,Current,none,0,0.0,0.0,0.0,0,52.229675,302701.47,63.329678,0.0,0.0,0,143
6803,2008-01-01,2007-01-01,12,2007,517476.0,517476.0,2496.2985126465037,0.04086212430218023,360,348,Current,Current,none,0,0.0,0.0,0.0,0,94.84195,545619.3,101.44195,0.0,0.0,0,159
6809,2008-01-01,1999-05-01,104,1999,136146.0,136146.0,497.53323946096555,0.01916158924124234,360,256,Current,Current,none,0,0.0,0.0,0.0,0,49.108093,277237.4,53.608093,0.0,0.0,0,799
6812,2008-01-01,1995-10-01,147,1995,242869.0,242869.0,898.2697797524245,0.02004763661611931,360,213,Current,Current,none,0,0.0,0.0,0.0,0,35.064465,692635.7,36.864464,0.0,0.0,0,925
6815,2008-01-01,2004-03-01,46,2004,224461.0,224461.0,1315.8263439587681,0.057915653460581876,360,314,Current,Current,none,0,0.0,0.0,0.0,0,70.65999,317663.5,71.05999,0.0,0.0,0,208
6817,2008-01-01,1998-07-01,114,1998,245959.0,245959.0,1501.7490638799786,0.06170698507055021,360,246,Current,Current,none,0,0.0,0.0,0.0,0,38.87632,632670.44,43.176323,0.0,0.0,0,896
6818,2008-01-01,2001-08-01,77,2001,360127.0,360127.0,2662.9742011583835,0.039953353898553444,180,103,Current,Current,none,0,0.0,0.0,0.0,0,39.99302,900474.7,40.593018,0.0,0.0,0,613
6820,2008-01-01,2004-02-01,47,2004,1121720.0,1.12172e+06,4189.446160262269,0.02077044746225991,360,313,Current,Current,none,0,0.0,0.0,0.0,0,48.48392,2.3135918e+06,73.08392,0.0,0.0,0,773
6823,2008-01-01,2000-12-01,85,2000,162658.0,162658.0,707.2577100673195,0.03242827108879618,360,275,Current,Current,none,0,0.0,0.0,0.0,0,34.21292,475428.56,34.61292,0.0,0.0,0,802
6828,2008-01-01,2005-07-01,30,2005,246584.0,246584.0,1869.106491105617,0.043627981600867394,180,150,Current,Current,none,0,0.0,0.0,0.0,0,80.09067,307881.06,83.49067,0.0,0.0,0,786
6829,2008-01-01,2005-12-01,25,2005,446519.0,446519.0,1669.8722648291716,0.020868094835824726,360,335,Current,Current,none,0,0.0,0.0,0.0,0,70.01128,637781.56,72.51128,0.0,0.0,0,678
6831,2008-01-01,1998-12-01,109,1998,335175.0,335175.0,1319.3737557165,0.024714336666086086,360,251,Current,Current,none,0,0.0,0.0,0.0,0,47.011,712971.44,54.611,0.0,0.0,0,571
6833,2008-01-01,2005-06-01,31,2005,191079.0,191079.0,776.1328044076643,0.0271111131349556,360,329,Current,Current,none,0,0.0,0.0,0.0,0,66.06138,289244.62,68.86138,0.0,0.0,0,293
6836,2008-01-01,1998-11-01,110,1998,248416.0,248416.0,1066.092004430676,0.03139337351256927,360,250,Current,Current,none,0,0.0,0.0,0.0,0,37.131073,669024.56,37.131073,0.0,0.0,0,616
6837,2008-01-01,1999-12-01,97,1999,431679.0,431679.0,1716.828621027318,0.02549696221971831,360,263,Current,Current,none,0,0.0,0.0,0.0,0,46.955498,919336.44,49.955498,0.0,0.0,0,687
6844,2008-01-01,2006-04-01,21,2006,479686.0,479686.0,3773.4385969152886,0.049202909155305376,180,159,Current,Current,none,0,0.0,0.0,0.0,0,78.14991,613802.4,83.849915,0.0,0.0,1,682
6849,2008-01-01,1998-07-01,114,1998,1452042.0,1.452042e+06,5784.165017966564,0.025619043350161443,360,246,Current,Current,none,0,0.0,0.0,0.0,0,45.14327,3.2165192e+06,52.24327,0.0,0.0,0,765
6851,2008-01-01,2002-03-01,70,2002,353401.0,353401.0,2675.363543751189,0.04343778261205437,180,110,Current,Current,none,0,0.0,0.0,0.0,0,53.148327,664933.44,54.248325,0.0,0.0,0,578
6853,2008-01-01,2001-07-01,78,2001,246648.0,246648.0,887.189145365136,0.018,360,282,Current,Current,none,0,0.0,0.0,0.0,0,59.6259,413659.16,61.7259,0.0,0.0,0,139
6854,2008-01-01,2001-05-01,80,2001,162965.0,162965.0,654.9555080665604,0.026297429486897398,360,280,Current,Current,none,0,0.0,0.0,0.0,0,56.076077,290614.12,61.276077,0.0,0.0,0,747
6862,2008-01-01,2006-10-01,15,2006,158204.0,158204.0,811.0702043642341,0.04600489780067734,360,345,Current,Current,none,0,0.0,0.0,0.0,0,95.751114,165224.19,106.751114,0.0,0.0,0,127
6864,2008-01-01,1998-05-01,116,1998,85821.0,85821.0,639.4053400758677,0.04106680648782156,180,64,Current,Current,none,0,0.0,0.0,0.0,0,44.9801,190797.72,45.280098,0.0,0.0,0,587
6868,2008-01-01,2004-06-01,43,2004,207411.0,207411.0,948.185695918619,0.036445620307093474,360,317,Current,Current,none,0,0.0,0.0,0.0,0,72.67454,285397.06,72.87454,0.0,0.0,0,201
6869,2008-01-01,2001-01-01,84,2001,585761.0,585761.0,3069.30026575628,0.04788742083282036,360,276,Current,Current,none,0,0.0,0.0,0.0,0,52.34884,1.118957e+06,52.34884,0.0,0.0,0,742
6871,2008-01-01,2002-11-01,62,2002,96455.0,96455.0,816.6095697400855,0.06051142093279529,180,118,Current,Paid off,payoff,0,0.0,0.0,0.0,0,39.604935,243542.88,40.704937,0.0,0.0,0,697
6875,2008-01-01,1998-02-01,119,1998,188114.0,188114.0,729.6073021101121,0.023594792099925578,360,241,Current,Current,none,0,0.0,0.0,0.0,0,42.18647,445910.75,55.086468,0.0,0.0,0,526
6878,2008-01-01,2005-06-01,31,2005,422792.0,422792.0,1766.9121585181292,0.02931436065770561,360,329,Current,Current,none,0,0.0,0.0,0.0,0,86.27194,490068.97,91.77194,0.0,0.0,0,733
6881,2008-01-01,1994-04-01,165,1994,247527.0,247527.0,890.3508951412377,0.018,360,195,Current,Current,none,0,0.0,0.0,0.0,0,39.424526,627850.3,40.624523,0.0,0.0,0,862
6885,2008-01-01,2003-08-01,53,2003,114563.0,114563.0,428.9641086038375,0.020959312444192562,360,307,Current,Current,none,0,0.0,0.0,0.0,0,45.61944,251127.6,45.919437,0.0,0.0,0,339
6886,2008-01-01,2006-01-01,24,2006,92132.0,92132.0,358.90561204327565,0.023925267173956967,360,336,Current,Current,none,0,0.0,0.0,0.0,0,87.20282,105652.55,92.402824,0.0,0.0,0,798
6892,2008-01-01,2005-06-01,31,2005,88207.0,88207.0,372.1434592337424,0.03005447280916328,360,329,Current,Current,none,0,0.0,0.0,0.0,0,77.72519,113485.734,96.32519,0.0,0.0,0,139
6895,2008-01-01,1997-03-01,130,1997,198926.0,198926.0,1019.993886347276,0.04601774330919644,360,230,Current,Current,none,0,0.0,0.0,0.0,0,44.044918,451643.5,54.544918,0.0,0.0,0,725
6897,2008-01-01,2006-12-01,13,2006,764640.0,764640.0,3350.375950687045,0.03303787598687265,360,347,Current,Current,none,0,0.0,0.0,0.0,0,48.196476,1.5865061e+06,54.896473,0.0,0.0,0,397
6901,2008-01-01,1993-08-01,173,1993,341310.0,341310.0,1896.7604560060602,0.0530684059127413,360,187,Current,Current,none,0,0.0,0.0,0.0,0,41.240322,827612.4,45.84032,0.0,0.0,0,374
6903,2008-01-01,2003-07-01,54,2003,320046.0,320046.0,1301.5240272863773,0.027202633792144666,360,306,Current,Current,none,0,0.0,0.0,0.0,0,54.54323,586774.94,55.243225,0.0,0.0,0,736
6904,2008-01-01,1993-05-01,176,1993,408959.0,408959.0,1962.0091762096808,0.04040566061907349,360,184,Current,Current,none,0,0.0,0.0,0.0,0,28.906813,1.4147496e+06,29.806812,0.0,0.0,0,480
6905,2008-01-01,2007-03-01,10,2007,221627.0,221627.0,797.1889847873853,0.018,360,350,Current,Current,none,0,0.0,0.0,0.0,0,73.695595,300733.03,77.8956,0.0,0.0,0,445
6906,2008-01-01,2005-08-01,29,2005,335223.0,335223.0,1355.1589327241995,0.026745531803301876,360,331,Current,Current,none,0,0.0,0.0,0.0,0,65.81365,509351.78,68.31365,0.0,0.0,0,298
6907,2008-01-01,1998-06-01,115,1998,397929.0,397929.0,1431.3446264555284,0.018,360,245,Current,Current,none,0,0.0,0.0,0.0,0,35.217636,1.129914e+06,39.617638,0.0,0.0,0,381
6913,2008-01-01,2001-06-01,79,2001,234025.0,234025.0,1019.9149030206785,0.032610772143448576,360,281,Current,Current,none,0,0.0,0.0,0.0,0,49.724842,470640.0,51.324844,0.0,0.0,0,624
6917,2008-01-01,1994-12-01,157,1994,779002.0,779002.0,2945.189004966619,0.021679009145526236,360,203,Current,Current,none,0,0.0,0.0,0.0,0,22.421242,3.474393e+06,22.821241,0.0,0.0,0,368
6919,2008-01-01,2007-01-01,12,2007,568563.0,568563.0,2724.3381311753083,0.040302700750920795,360,348,Current,Current,none,0,0.0,0.0,0.0,0,85.7636,662942.06,98.36361,0.0,0.0,0,910
6922,2008-01-01,2002-11-01,62,2002,324154.0,324154.0,2056.2401208217434,0.018,180,118,Current,Current,none,0,0.0,0.0,0.0,0,54.632603,593334.4,57.832603,0.0,0.0,1,163
6923,2008-01-01,2002-09-01,64,2002,721398.0,721398.0,2678.8316930370247,0.02034337399300339,360,296,Current,Current,none,0,0.0,0.0,0.0,0,33.890606,2.1286078e+06,33.890606,0.0,0.0,0,441
6925,2008-01-01,1996-01-01,144,1996,326389.0,326389.0,2185.1398897579793,0.025572900433379658,180,36,Current,Current,none,0,0.0,0.0,0.0,0,28.891363,1.1297112e+06,29.591364,0.0,0.0,0,630
6926,2008-01-01,1995-11-01,146,1995,300121.0,300121.0,1538.7717621590255,0.0460121737702294,360,214,Current,Current,none,0,0.0,0.0,0.0,0,37.122765,808455.44,69.32276,0.0,0.0,0,406
6928,2008-01-01,1999-06-01,103,1999,529432.0,529432.0,2002.4604458233312,0.021709787931979554,360,257,Current,Current,none,0,0.0,0.0,0.0,0,38.92237,1.3602255e+06,41.22237,0.0,0.0,0,597
6929,2008-01-01,2003-09-01,52,2003,420271.0,420271.0,1511.7084643368325,0.018,360,308,Current,Current,none,0,0.0,0.0,0.0,0,47.113964,892030.6,48.313965,0.0,0.0,0,207
6931,2008-01-01,1997-11-01,122,1997,732990.0,732990.0,2758.1286208819656,0.02132581035694464,360,238,Current,Current,none,0,0.0,0.0,0.0,0,31.19392,2.3497848e+06,31.39392,0.0,0.0,1,106
6932,2008-01-01,1993-09-01,172,1993,227641.0,227641.0,891.3426324234196,0.024312604503669094,360,188,Current,Current,none,0,0.0,0.0,0.0,0,31.311415,727022.44,32.511414,0.0,0.0,0,384
6939,2008-01-01,1993-03-01,178,1993,239316.0,239316.0,989.2504126400811,0.028464081453671946,360,182,Current,Current,none,0,0.0,0.0,0.0,0,41.34404,578840.4,44.144043,0.0,0.0,0,879
6941,2008-01-01,2004-08-01,41,2004,332997.0,332997.0,1233.894394166906,0.02018438296425325,360,319,Current,Current,none,0,0.0,0.0,0.0,0,67.97177,489904.84,68.27177,0.0,0.0,0,118
6943,2008-01-01,2000-03-01,94,2000,338343.0,338343.0,2902.8447123362557,0.06259838006235527,180,86,Current,Current,none,0,0.0,0.0,0.0,0,45.135277,749619.9,47.235275,0.0,0.0,0,956
6946,2008-01-01,1995-09-01,148,1995,187415.0,187415.0,1192.086050787553,0.018378132308357352,180,32,Current,Current,none,0,0.0,0.0,0.0,0,25.561327,733197.5,26.161327,0.0,0.0,0,729
6952,2008-01-01,2000-09-01,88,2000,309607.0,309607.0,1214.379715551515,0.024443309092097486,360,272,Current,Current,none,0,0.0,0.0,0.0,0,48.53467,637908.94,51.234673,0.0,0.0,0,120
6954,2008-01-01,2007-11-01,2,2007,204961.0,204961.0,956.1861130302433,0.03809898259012526,360,358,Current,Current,none,0,0.0,0.0,0.0,0,55.084652,372083.7,59.284653,0.0,0.0,0,635
6955,2008-01-01,1999-08-01,101,1999,176933.0,176933.0,1149.72554799213,0.02136394810366693,180,79,Current,Current,none,0,0.0,0.0,0.0,0,37.88247,467057.72,37.88247,0.0,0.0,0,931
6956,2008-01-01,1993-11-01,170,1993,372806.0,372806.0,1982.9663220186042,0.0491934227630879,360,190,Current,Current,none,0,0.0,0.0,0.0,0,41.261436,903521.6,41.861435,0.0,0.0,0,693
6957,2008-01-01,2006-08-01,17,2006,218759.0,218759.0,1044.082830288396,0.03997572743293123,360,343,Current,Current,none,0,0.0,0.0,0.0,0,74.48337,293701.8,79.48337,0.0,0.0,0,489
6958,2008-01-01,2002-04-01,69,2002,245112.0,245112.0,1588.9803889584407,0.0210309953587307,180,111,Current,Current,none,0,0.0,0.0,0.0,0,46.826233,523450.16,46.826233,0.0,0.0,0,955
6960,2008-01-01,1999-02-01,107,1999,1053425.0,1.053425e+06,7417.425292009286,0.032799367917359344,180,73,Current,Current,none,0,0.0,0.0,0.0,0,29.294712,3.5959562e+06,29.294712,0.0,0.0,0,150
6965,2008-01-01,2003-10-01,51,2003,155400.0,155400.0,672.5241987081522,0.03205536783721108,360,309,Current,Current,none,0,0.0,0.0,0.0,0,61.13412,254195.2,61.13412,0.0,0.0,0,997
6967,2008-01-01,1997-09-01,124,1997,257845.0,257845.0,936.9930759559536,0.018748775240179913,360,236,Current,Current,none,0,0.0,0.0,0.0,0,30.372011,848955.94,30.372011,0.0,0.0,0,353
6972,2008-01-01,1999-03-01,106,1999,270510.0,270510.0,1109.9578932741276,0.027891990230657717,360,254,Current,Current,none,0,0.0,0.0,0.0,0,33.049896,818489.7,35.349895,0.0,0.0,0,560
6973,2008-01-01,2006-06-01,19,2006,308144.0,308144.0,1286.6953721622845,0.0292487180234722,360,341,Current,Current,none,0,0.0,0.0,0.0,0,96.65535,318806.97,108.15535,0.0,0.0,0,196
6974,2008-01-01,2001-10-01,75,2001,382677.0,382677.0,2840.462001464119,0.04051292989091423,180,105,Current,Current,none,0,0.0,0.0,0.0,0,48.95663,781665.3,50.15663,0.0,0.0,0,855
6975,2008-01-01,2006-06-01,19,2006,232369.0,232369.0,1085.8126142961455,0.03823207631549892,360,341,Current,Current,none,0,0.0,0.0,0.0,0,63.7537,364479.25,70.1537,0.0,0.0,0,949
6976,2008-01-01,2006-08-01,17,2006,509065.0,509065.0,2226.2246526749623,0.03288395489004228,360,343,Current,Current,none,0,0.0,0.0,0.0,0,102.18558,498176.97,109.18558,0.0,0.0,0,631
6977,2008-01-01,1995-10-01,147,1995,263584.0,263584.0,1672.0200768976426,0.018,180,33,Current,Current,none,0,0.0,0.0,0.0,0,31.09941,847553.06,32.09941,0.0,0.0,0,818
6979,2008-01-01,1995-10-01,147,1995,219697.0,219697.0,824.1809525315025,0.021099985761895194,360,213,Current,Current,none,0,0.0,0.0,0.0,0,40.84485,537881.8,40.944847,0.0,0.0,0,149
6988,2008-01-01,2007-03-01,10,2007,205774.0,205774.0,784.7786372929913,0.02232986470097326,360,350,Current,Current,none,0,0.0,0.0,0.0,0,64.21741,320433.38,68.317406,0.0,0.0,0,623
6991,2008-01-01,2001-01-01,84,2001,229591.0,229591.0,991.5709347262483,0.03189372306733522,360,276,Current,Current,none,0,0.0,0.0,0.0,0,43.602753,526551.6,46.20275,0.0,0.0,0,313
6994,2008-01-01,1996-02-01,143,1996,111883.0,111883.0,402.4414678038642,0.018,360,217,Current,Current,none,0,0.0,0.0,0.0,0,33.972553,329333.5,34.872555,0.0,0.0,0,509
6997,2008-01-01,2001-05-01,80,2001,121186.0,121186.0,556.3185940528874,0.03678393461768097,360,280,Current,Current,none,0,0.0,0.0,0.0,0,51.812984,233891.19,60.112984,0.0,0.0,0,113
7000,2008-01-01,2006-03-01,22,2006,337453.0,337453.0,1343.2196342662376,0.025561499320925316,360,338,Current,Current,none,0,0.0,0.0,0.0,0,92.08167,366471.4,97.28167,0.0,0.0,0,461
7001,2008-01-01,2000-12-01,85,2000,91131.0,91131.0,327.7968360021983,0.018,360,275,Current,Current,none,0,0.0,0.0,0.0,0,38.664417,235697.34,38.964417,0.0,0.0,0,300
7003,2008-01-01,2003-08-01,53,2003,117709.0,117709.0,504.8568977692719,0.031346842234743696,360,307,Current,Current,none,0,0.0,0.0,0.0,0,55.47451,212185.75,55.47451,0.0,0.0,0,837
7006,2008-01-01,2002-01-01,72,2002,72540.0,72540.0,521.7608886780034,0.03589248244541573,180,108,Current,Current,none,0,0.0,0.0,0.0,0,60.50621,119888.52,70.30621,0.0,0.0,0,210
7008,2008-01-01,2002-12-01,61,2002,156480.0,156480.0,867.7575300339438,0.05287820158125249,360,299,Current,Current,none,0,0.0,0.0,0.0,0,65.70318,238162.0,78.60318,0.0,0.0,0,679
7011,2008-01-01,1994-01-01,168,1994,161876.0,161876.0,1031.883569951495,0.018681017004993025,180,12,Current,Current,none,0,0.0,0.0,0.0,0,38.441696,421094.84,43.5417,0.0,0.0,0,843
7014,2008-01-01,1993-07-01,174,1993,285584.0,285584.0,1167.262060372882,0.0275918957908642,360,186,Current,Current,none,0,0.0,0.0,0.0,0,34.41807,829750.1,37.118073,0.0,0.0,0,351
7017,2008-01-01,1998-04-01,117,1998,155750.0,155750.0,1178.8702699483317,0.04341133656220203,180,63,Current,Current,none,0,0.0,0.0,0.0,0,44.77698,347834.97,46.27698,0.0,0.0,0,372
7019,2008-01-01,1997-05-01,128,1997,442145.0,442145.0,1778.0077634286858,0.02634176227073933,360,232,Current,Current,none,0,0.0,0.0,0.0,0,28.671606,1.5421006e+06,28.771606,0.0,0.0,0,369
7022,2008-01-01,1996-03-01,142,1996,197771.0,197771.0,796.3455504664131,0.02644229074235034,360,218,Current,Current,none,0,0.0,0.0,0.0,0,38.14114,518524.1,49.541138,0.0,0.0,0,490
7023,2008-01-01,1996-06-01,139,1996,148700.0,148700.0,548.3735095323281,0.01983169878042451,360,221,Current,Current,none,0,0.0,0.0,0.0,0,45.631287,325872.9,45.831287,0.0,0.0,0,953
7026,2008-01-01,1997-03-01,130,1997,388455.0,388455.0,1608.2562987997599,0.028585467367747346,360,230,Current,Current,none,0,0.0,0.0,0.0,0,25.357708,1.531901e+06,25.457708,0.0,0.0,0,414
7029,2008-01-01,1994-04-01,165,1994,358048.0,358048.0,1515.994226408903,0.030333591582146796,360,195,Current,Current,none,0,0.0,0.0,0.0,0,31.189997,1.1479578e+06,31.189997,0.0,0.0,0,807
7030,2008-01-01,1996-04-01,141,1996,612761.0,612761.0,2479.45947395497,0.026817905962483766,360,219,Current,Current,none,0,0.0,0.0,0.0,0,43.779476,1.3996536e+06,55.479477,0.0,0.0,0,198
7038,2008-01-01,2007-05-01,8,2007,298136.0,298136.0,2270.0602100503597,0.044299422727833486,180,172,Current,Current,none,0,0.0,0.0,0.0,0,84.94688,350967.6,89.14687,0.0,0.0,0,937
7039,2008-01-01,2005-05-01,32,2005,200425.0,200425.0,1029.1331830467336,0.04613900849042768,360,328,Current,Current,none,0,0.0,0.0,0.0,0,63.52673,315497.12,68.22673,0.0,0.0,0,167
7044,2008-01-01,1999-08-01,101,1999,403447.0,403447.0,3030.3128638556555,0.04226815731708131,180,79,Current,Current,none,0,0.0,0.0,0.0,0,51.55907,782494.7,66.059074,0.0,0.0,0,505
7045,2008-01-01,2005-01-01,36,2005,134480.0,134480.0,704.7892148872075,0.047903924532946396,360,324,Current,Current,none,0,0.0,0.0,0.0,0,68.14202,197352.53,70.84202,0.0,0.0,0,976
7046,2008-01-01,2003-01-01,60,2003,325991.0,325991.0,2067.892955899976,0.018,180,120,Current,Current,none,0,0.0,0.0,0.0,0,54.993256,592783.6,55.593254,0.0,0.0,0,495
7047,2008-01-01,1999-06-01,103,1999,394833.0,394833.0,2017.192859395463,0.045707493755934185,360,257,Current,Current,none,0,0.0,0.0,0.0,0,33.74023,1.1702142e+06,33.74023,0.0,0.0,0,389
7048,2008-01-01,1994-12-01,157,1994,657421.0,657421.0,2844.98693263359,0.032051689389794094,360,203,Current,Current,none,0,0.0,0.0,0.0,0,35.527603,1.8504514e+06,37.727604,0.0,0.0,0,968
7055,2008-01-01,2000-05-01,92,2000,252884.0,252884.0,1145.317804062371,0.03568951129237043,360,268,Current,Current,none,0,0.0,0.0,0.0,0,50.736362,498427.56,53.43636,0.0,0.0,0,870
7057,2008-01-01,2000-07-01,90,2000,313319.0,313319.0,1516.6678773339897,0.04114933912306568,360,270,30 DPD,Delinquent,none,0,0.0,0.0,0.0,1,58.894302,532002.2,65.59431,0.0,0.0,0,586
7069,2008-01-01,1998-05-01,116,1998,223259.0,223259.0,803.0592642351647,0.018,360,244,Current,Current,none,0,0.0,0.0,0.0,0,37.35281,597703.3,37.35281,0.0,0.0,0,646
7072,2008-01-01,1994-09-01,160,1994,232550.0,232550.0,963.2216850072023,0.028620354603013643,360,200,Current,Current,none,0,0.0,0.0,0.0,0,38.414097,605376.7,38.414097,0.0,0.0,0,813
7076,2008-01-01,2001-09-01,76,2001,135315.0,135315.0,559.3492643437995,0.028464549773325944,360,284,Current,Current,none,0,0.0,0.0,0.0,0,62.903843,215114.05,66.503845,0.0,0.0,0,390
7081,2008-01-01,2001-06-01,79,2001,116205.0,116205.0,450.8452082068846,0.02361816090547817,360,281,Current,Paid off,payoff,0,0.0,0.0,0.0,0,47.40744,245119.75,52.70744,0.0,0.0,0,760
7084,2008-01-01,2004-07-01,42,2004,156278.0,156278.0,679.1627198844066,0.0323869794575143,360,318,Current,Current,none,0,0.0,0.0,0.0,0,64.202866,243412.8,66.00287,0.0,0.0,0,242
7085,2008-01-01,1994-03-01,166,1994,252889.0,252889.0,1199.0565315688928,0.03943145947673086,360,194,Current,Current,none,0,0.0,0.0,0.0,0,26.516573,953701.7,34.816574,0.0,0.0,0,216
7086,2008-01-01,2006-11-01,14,2006,586896.0,586896.0,2111.0560825882103,0.018,360,346,Current,Current,none,0,0.0,0.0,0.0,0,98.10717,598219.3,105.50717,0.0,0.0,0,651
7088,2008-01-01,2000-03-01,94,2000,167517.0,167517.0,864.1686708575694,0.046538776242194255,360,266,Current,Current,none,0,0.0,0.0,0.0,0,52.015293,322053.38,57.515293,0.0,0.0,0,338
7091,2008-01-01,2000-06-01,91,2000,279150.0,279150.0,1014.722596177431,0.01877109341907507,360,269,Current,Current,none,0,0.0,0.0,0.0,0,57.308075,487104.16,59.208073,0.0,0.0,0,936
7094,2008-01-01,2007-08-01,5,2007,434990.0,434990.0,2046.6423820147795,0.03879653795248244,360,355,Current,Current,none,0,0.0,0.0,0.0,0,79.014885,550516.56,87.31488,0.0,0.0,0,283
7095,2008-01-01,2002-12-01,61,2002,267954.0,267954.0,1127.3716928312128,0.02983845734802267,360,299,Current,Current,none,0,0.0,0.0,0.0,0,67.709946,395738.0,70.30995,0.0,0.0,0,462
7097,2008-01-01,1998-10-01,111,1998,109155.0,109155.0,771.714697754656,0.03338741762914624,180,69,Current,Current,none,0,0.0,0.0,0.0,0,38.77215,281529.44,38.972145,0.0,0.0,0,818
7098,2008-01-01,1999-04-01,105,1999,645047.0,645047.0,2499.754531308001,0.023531944537534967,360,255,Current,Current,none,0,0.0,0.0,0.0,0,24.45387,2.6378112e+06,24.45387,0.0,0.0,0,419
7108,2008-01-01,1999-12-01,97,1999,232909.0,232909.0,981.0317932175175,0.02992658542675332,360,263,Current,Current,none,0,0.0,0.0,0.0,0,45.617237,510572.34,46.817238,0.0,0.0,0,738
7109,2008-01-01,2005-07-01,30,2005,680142.0,680142.0,4031.5768257225363,0.058940395505546646,360,330,Current,Current,none,0,0.0,0.0,0.0,0,98.510506,690425.9,103.7105,0.0,0.0,0,287
7110,2008-01-01,2002-06-01,67,2002,268837.0,268837.0,1735.407757932596,0.06703710890725684,360,293,Current,Current,none,0,0.0,0.0,0.0,0,63.49961,423367.97,63.59961,0.0,0.0,0,363
7120,2008-01-01,1999-07-01,102,1999,317707.0,317707.0,1600.6700696778241,0.044517016603451316,360,258,Current,Current,none,0,0.0,0.0,0.0,0,37.950535,837160.8,37.950535,0.0,0.0,0,199
7121,2008-01-01,2002-03-01,70,2002,266580.0,266580.0,1395.536100453465,0.04780646644121917,360,290,Current,Current,none,0,0.0,0.0,0.0,0,45.63449,584163.44,46.13449,0.0,0.0,0,640
7123,2008-01-01,1999-06-01,103,1999,143812.0,143812.0,579.2362026389219,0.026463747785438564,360,257,Current,Current,none,0,0.0,0.0,0.0,0,39.429317,364733.7,39.729317,0.0,0.0,0,254
7127,2008-01-01,2003-09-01,52,2003,221845.0,221845.0,879.6277804044051,0.025266056358503014,360,308,Current,Current,none,0,0.0,0.0,0.0,0,67.14542,330394.88,67.14542,0.0,0.0,0,736
7129,2008-01-01,2007-09-01,4,2007,645243.0,645243.0,5630.512433284447,0.06527482818699654,180,176,Current,Current,none,0,0.0,0.0,0.0,0,94.23233,684736.3,103.43233,0.0,0.0,0,499
7130,2008-01-01,2001-07-01,78,2001,366466.0,366466.0,1618.745012760382,0.03368159573777375,360,282,Current,Current,none,0,0.0,0.0,0.0,0,58.757885,623688.2,58.757885,0.0,0.0,0,501
7131,2008-01-01,1993-07-01,174,1993,202235.0,202235.0,993.4959065034936,0.04238350616986636,360,186,Current,Current,none,0,0.0,0.0,0.0,0,42.521797,475603.12,45.321796,0.0,0.0,0,272
7132,2008-01-01,1994-03-01,166,1994,271458.0,271458.0,1041.6556086916642,0.022789872492286936,360,194,Current,Current,none,0,0.0,0.0,0.0,0,39.88935,680527.5,39.88935,0.0,0.0,0,935
7136,2008-01-01,2003-09-01,52,2003,428522.0,428522.0,1589.7068028968888,0.020270649347436324,360,308,Current,Current,none,0,0.0,0.0,0.0,0,59.132835,724676.94,62.932835,0.0,0.0,0,419
7140,2008-01-01,1994-09-01,160,1994,554811.0,554811.0,2949.406896228305,0.04914455447296558,360,200,Current,Current,none,0,0.0,0.0,0.0,0,33.671036,1.6477396e+06,33.671036,0.0,0.0,0,888
7150,2008-01-01,1999-04-01,105,1999,717044.0,717044.0,3811.9687756150797,0.049147351584066766,360,255,Current,Current,none,0,0.0,0.0,0.0,0,46.92052,1.5282098e+06,47.320522,0.0,0.0,0,329
7152,2008-01-01,1998-10-01,111,1998,434299.0,434299.0,1855.8463484871213,0.031055880049717877,360,249,Current,Current,none,0,0.0,0.0,0.0,0,36.997555,1.1738586e+06,37.097553,0.0,0.0,0,895
7155,2008-01-01,2004-04-01,45,2004,379035.0,379035.0,2050.1820970872636,0.05066533195280199,360,315,Current,Current,none,0,0.0,0.0,0.0,0,56.737076,668055.25,64.93707,0.0,0.0,0,429
7157,2008-01-01,2002-02-01,71,2002,133333.0,133333.0,1036.2475077706679,0.0473751001197889,180,109,Current,Current,none,0,0.0,0.0,0.0,0,61.71295,216053.52,79.21295,0.0,0.0,0,615
7159,2008-01-01,2002-01-01,72,2002,162371.0,162371.0,834.5480484808264,0.04622268433972237,360,288,Current,Current,none,0,0.0,0.0,0.0,0,56.96704,285026.22,65.66704,0.0,0.0,0,498
7161,2008-01-01,2005-11-01,26,2005,215148.0,215148.0,1123.2932435236526,0.04757550979760757,360,334,Current,Current,none,0,0.0,0.0,0.0,0,57.974907,371105.38,60.674908,0.0,0.0,0,701
7162,2008-01-01,2008-01-01,0,2008,340154.0,340154.0,3078.70823228462,0.07111838809452799,180,180,Current,Current,none,0,0.0,0.0,0.0,0,93.0,365757.0,95.4,0.0,0.0,0,939
7163,2008-01-01,1998-10-01,111,1998,303573.0,303573.0,1462.116888271048,0.040730449330803255,360,249,Current,Current,none,0,0.0,0.0,0.0,0,44.902554,676070.7,45.302555,0.0,0.0,0,322
7164,2008-01-01,2005-11-01,26,2005,149601.0,149601.0,701.6705996321039,0.03853848018880153,360,334,Current,Current,none,0,0.0,0.0,0.0,0,70.47312,212280.94,73.17312,0.0,0.0,0,828
7165,2008-01-01,2007-04-01,9,2007,706033.0,706033.0,3258.4514273811164,0.0372177498435471,360,351,Current,Current,none,0,0.0,0.0,0.0,0,62.70511,1.1259578e+06,66.905106,0.0,0.0,0,203
7169,2008-01-01,1998-04-01,117,1998,491351.0,491351.0,2243.4941020857163,0.03634692954482505,360,243,Current,Current,none,0,0.0,0.0,0.0,0,41.464005,1.1850061e+06,41.564003,0.0,0.0,0,430
7172,2008-01-01,1998-11-01,110,1998,645366.0,645366.0,2321.371792950749,0.018,360,250,Current,Current,none,0,0.0,0.0,0.0,0,33.95149,1.9008474e+06,35.55149,0.0,0.0,0,308
7176,2008-01-01,1993-02-01,179,1993,332837.0,332837.0,1287.7795899884243,0.02341117736846094,360,181,Current,Current,none,0,0.0,0.0,0.0,0,34.26497,971362.4,39.76497,0.0,0.0,0,896
7177,2008-01-01,1994-04-01,165,1994,457919.0,457919.0,1647.1277539508033,0.018,360,195,Current,Current,none,0,0.0,0.0,0.0,0,32.20206,1.4220176e+06,32.602062,0.0,0.0,0,683
7179,2008-01-01,2005-01-01,36,2005,334397.0,334397.0,1254.00636927369,0.021072406730507788,360,324,Current,Current,none,0,0.0,0.0,0.0,0,85.271126,392157.38,92.271126,0.0,0.0,0,629
7181,2008-01-01,1999-03-01,106,1999,311761.0,311761.0,2074.3329415742865,0.024696186931137197,180,74,Current,Current,none,0,0.0,0.0,0.0,0,38.95948,800218.56,62.95948,0.0,0.0,0,142
7186,2008-01-01,2003-11-01,50,2003,149448.0,149448.0,537.5622076665079,0.018,360,310,Current,Current,none,0,0.0,0.0,0.0,0,67.16211,222518.33,67.962105,0.0,0.0,0,851
7192,2008-01-01,2005-02-01,35,2005,290965.0,290965.0,1046.5967276489848,0.018,360,325,Current,Current,none,0,0.0,0.0,0.0,0,64.17332,453404.94,67.07332,0.0,0.0,0,215
7196,2008-01-01,2004-05-01,44,2004,434494.0,434494.0,3024.166888142156,0.03112815750978742,180,136,30 DPD,Delinquent,none,0,0.0,0.0,0.0,1,77.689545,559269.6,82.88954,0.0,0.0,0,845
7197,2008-01-01,1994-02-01,167,1994,355790.0,355790.0,1339.122957346274,0.02134471347908661,360,193,Current,Current,none,0,0.0,0.0,0.0,0,32.45624,1.0962144e+06,36.856243,0.0,0.0,0,426
7200,2008-01-01,1998-08-01,113,1998,656915.0,656915.0,4518.065519675028,0.029414707578767615,180,67,Current,Current,none,0,0.0,0.0,0.0,0,44.613605,1.4724544e+06,44.91361,0.0,0.0,0,374
7201,2008-01-01,2003-03-01,58,2003,412677.0,412677.0,1568.8322514619472,0.022090313147694537,360,302,Current,Current,none,0,0.0,0.0,0.0,0,55.479477,743837.2,56.87948,0.0,0.0,0,496
7205,2008-01-01,1995-07-01,150,1995,181047.0,181047.0,879.3460362953819,0.0414307436330006,360,210,Current,Current,none,0,0.0,0.0,0.0,0,26.553892,681809.6,28.353893,0.0,0.0,0,237
7206,2008-01-01,1997-12-01,121,1997,141423.0,141423.0,667.6315327494061,0.03907208895163504,360,239,Current,Current,none,0,0.0,0.0,0.0,0,36.449802,387993.88,36.649803,0.0,0.0,0,266
7210,2008-01-01,2007-05-01,8,2007,1046893.0,1.046893e+06,4765.090497503212,0.03609244917917819,360,352,Current,Current,none,0,0.0,0.0,0.0,0,92.70798,1.1292372e+06,96.70798,0.0,0.0,0,274
7211,2008-01-01,1996-03-01,142,1996,312896.0,312896.0,1984.8260667603677,0.018,180,38,Current,Current,none,0,0.0,0.0,0.0,0,35.94528,870478.7,39.64528,0.0,0.0,0,466
7213,2008-01-01,1995-10-01,147,1995,387922.0,387922.0,1395.3495980033663,0.018,360,213,Current,Current,none,0,0.0,0.0,0.0,0,36.115444,1.0741166e+06,38.215443,0.0,0.0,0,101
7214,2008-01-01,2000-03-01,94,2000,927546.0,927546.0,5218.783009345315,0.05417827245393579,360,266,Current,Current,none,0,0.0,0.0,0.0,0,33.45111,2.7728405e+06,35.15111,0.0,0.0,0,342
7216,2008-01-01,2004-07-01,42,2004,392097.0,392097.0,2151.2370722559494,0.05192524995788475,360,318,Current,Current,none,0,0.0,0.0,0.0,0,61.086224,641874.7,68.98622,0.0,0.0,0,661
7217,2008-01-01,2007-10-01,3,2007,182006.0,182006.0,1154.5377796673254,0.018,180,177,Current,Current,none,0,0.0,0.0,0.0,0,65.376366,278397.25,69.57636,0.0,0.0,0,589
7218,2008-01-01,2002-03-01,70,2002,296621.0,296621.0,1066.941274558691,0.018,360,290,Current,Current,none,0,0.0,0.0,0.0,0,51.90751,571441.44,52.207508,0.0,0.0,0,816
7219,2008-01-01,1996-12-01,133,1996,476767.0,476767.0,2245.4836531940864,0.03888006401404795,360,227,Current,Current,none,0,0.0,0.0,0.0,0,26.499641,1.7991451e+06,26.899641,0.0,0.0,0,708
7221,2008-01-01,2007-05-01,8,2007,136995.0,136995.0,548.2550351629727,0.025973472325704135,360,352,Current,Current,none,0,0.0,0.0,0.0,0,74.31522,184343.11,78.91523,0.0,0.0,0,290
7222,2008-01-01,1997-06-01,127,1997,292820.0,292820.0,1053.2691347418959,0.018,360,233,Current,Current,none,0,0.0,0.0,0.0,0,45.824337,639005.4,47.12434,0.0,0.0,0,158
7224,2008-01-01,1995-02-01,155,1995,252824.0,252824.0,933.5200621536346,0.01992351694865486,360,205,Current,Current,none,0,0.0,0.0,0.0,0,28.24158,895219.06,31.74158,0.0,0.0,0,559
7226,2008-01-01,2006-01-01,24,2006,415738.0,415738.0,2140.0660466719437,0.046354171326523676,360,336,Current,Current,none,0,0.0,0.0,0.0,0,97.66716,425668.16,103.26716,0.0,0.0,0,855
7227,2008-01-01,2001-04-01,81,2001,323915.0,323915.0,1222.4954856471722,0.02154877980209484,360,279,Current,Current,none,0,0.0,0.0,0.0,0,46.169754,701574.0,46.869755,0.0,0.0,0,287
7228,2008-01-01,1993-02-01,179,1993,310158.0,310158.0,2174.7533108897337,0.03219265267615355,180,1,Current,Current,none,0,0.0,0.0,0.0,0,28.241829,1.0982221e+06,32.44183,0.0,0.0,0,377
7231,2008-01-01,2007-03-01,10,2007,323488.0,323488.0,1600.2703324342194,0.04296949447905486,360,350,Current,Current,none,0,0.0,0.0,0.0,0,62.83295,514838.16,66.832954,0.0,0.0,0,314
7233,2008-01-01,2001-01-01,84,2001,865597.0,865597.0,5568.5771318115785,0.01995948082802666,180,96,Current,Current,none,0,0.0,0.0,0.0,0,43.602753,1.9851889e+06,43.602753,0.0,0.0,0,506
7235,2008-01-01,1997-11-01,122,1997,122836.0,122836.0,588.758430177132,0.04032735467637186,360,238,Current,Current,none,0,0.0,0.0,0.0,0,40.00519,307050.16,75.00519,0.0,0.0,0,496
7236,2008-01-01,1994-08-01,161,1994,522448.0,522448.0,1879.2375961602145,0.018,360,199,Current,Current,none,0,0.0,0.0,0.0,0,22.722616,2.2992422e+06,22.922617,0.0,0.0,0,457
7238,2008-01-01,1996-06-01,139,1996,155595.0,155595.0,589.9275172013541,0.021890149726251175,360,221,Current,Current,none,0,0.0,0.0,0.0,0,43.44681,358127.56,44.14681,0.0,0.0,0,205
7241,2008-01-01,2003-03-01,58,2003,360414.0,360414.0,1323.6809659420069,0.019528638665243476,360,302,Current,Current,none,0,0.0,0.0,0.0,0,66.21256,544328.7,67.112564,0.0,0.0,0,471
7242,2008-01-01,2006-03-01,22,2006,111204.0,111204.0,500.47451437029014,0.03518013465410645,360,338,Current,Current,none,0,0.0,0.0,0.0,0,95.92731,115925.28,107.82731,0.0,0.0,0,705
7244,2008-01-01,1993-08-01,173,1993,125779.0,125779.0,589.8805522338046,0.03853038043381576,360,187,Current,Current,none,0,0.0,0.0,0.0,0,32.517284,386806.56,34.717285,0.0,0.0,0,325
7247,2008-01-01,2003-03-01,58,2003,202396.0,202396.0,770.3361550901672,0.02217850593709917,360,302,Current,Current,none,0,0.0,0.0,0.0,0,67.044,301885.3,67.244,0.0,0.0,0,309
7249,2008-01-01,1998-07-01,114,1998,251041.0,251041.0,1248.790103323829,0.043437655068205794,360,246,Current,Current,none,0,0.0,0.0,0.0,0,39.24809,639626.06,45.548088,0.0,0.0,0,534
7251,2008-01-01,2002-08-01,65,2002,269357.0,269357.0,1777.523029156194,0.02353469580108786,180,115,Current,Current,none,0,0.0,0.0,0.0,0,42.214718,638064.2,45.514717,0.0,0.0,0,965
7253,2008-01-01,1996-03-01,142,1996,354971.0,354971.0,1521.9995035034804,0.031321996378081224,360,218,Current,Current,none,0,0.0,0.0,0.0,0,39.573223,896998.0,50.17322,0.0,0.0,0,929
7254,2008-01-01,2000-05-01,92,2000,908170.0,908170.0,4433.827068010825,0.04186259609234081,360,268,Current,Current,none,0,0.0,0.0,0.0,0,42.128757,2.1557008e+06,54.928757,0.0,0.0,0,954
7258,2008-01-01,1996-03-01,142,1996,138830.0,138830.0,600.385999352505,0.03199897940053346,360,218,Current,Current,none,0,0.0,0.0,0.0,0,29.023544,478335.78,44.723545,0.0,0.0,0,205
7260,2008-01-01,2005-04-01,33,2005,484445.0,484445.0,3415.3047357766327,0.03297779939061751,180,147,Current,Current,none,0,0.0,0.0,0.0,0,77.996796,621108.9,94.596794,0.0,0.0,0,328
7261,2008-01-01,1993-08-01,173,1993,330915.0,330915.0,1216.9125037094052,0.019623933066025293,360,187,Current,Current,none,0,0.0,0.0,0.0,0,34.16142,968680.5,35.36142,0.0,0.0,0,777
7262,2008-01-01,2006-10-01,15,2006,434253.0,434253.0,1779.4859801527841,0.027790383727087562,360,345,Current,Current,none,0,0.0,0.0,0.0,0,76.60089,566903.4,85.30089,0.0,0.0,0,237
7264,2008-01-01,1994-12-01,157,1994,449117.0,449117.0,1989.6110017381973,0.03391409590910214,360,203,Current,Current,none,0,0.0,0.0,0.0,0,28.225487,1.5911754e+06,30.425488,0.0,0.0,0,577
7265,2008-01-01,1996-11-01,134,1996,177334.0,177334.0,1215.7672952630276,0.028957843370566963,180,46,Current,Current,none,0,0.0,0.0,0.0,0,30.769745,576325.9,38.069744,0.0,0.0,0,454
7266,2008-01-01,2001-05-01,80,2001,170587.0,170587.0,613.598872646048,0.018,360,280,Current,Current,none,0,0.0,0.0,0.0,0,60.73269,280881.7,69.532684,0.0,0.0,0,358
7268,2008-01-01,1994-04-01,165,1994,502150.0,502150.0,1893.7479200479381,0.02149257102585164,360,195,Current,Current,none,0,0.0,0.0,0.0,0,27.64777,1.8162405e+06,28.047771,0.0,0.0,0,280
7275,2008-01-01,1999-11-01,98,1999,247013.0,247013.0,897.0781110113251,0.01870361410113785,360,262,Current,Current,none,0,0.0,0.0,0.0,0,39.409363,626787.6,40.109364,0.0,0.0,0,299
7276,2008-01-01,1999-10-01,99,1999,238289.0,238289.0,1841.8773200866367,0.04655403335075745,180,81,Current,Current,none,0,0.0,0.0,0.0,0,41.710106,571298.0,42.110107,0.0,0.0,0,190
7285,2008-01-01,1997-12-01,121,1997,540067.0,540067.0,2369.45705913071,0.03314132641663377,360,239,Current,Current,none,0,0.0,0.0,0.0,0,34.622234,1.5598849e+06,34.922237,0.0,0.0,0,143
7289,2008-01-01,2002-10-01,63,2002,188455.0,188455.0,1271.8565701149353,0.026713648306661945,180,117,Current,Current,none,0,0.0,0.0,0.0,0,65.40041,288155.7,66.60041,0.0,0.0,0,587
7292,2008-01-01,1998-01-01,120,1998,1024852.0,1.024852e+06,3929.7512649363293,0.022734985824869176,360,240,Current,Current,none,0,0.0,0.0,0.0,0,31.487381,3.2548022e+06,36.387383,0.0,0.0,0,109
7298,2008-01-01,2003-11-01,50,2003,255756.0,255756.0,1198.948151563502,0.03849609529811105,360,310,Current,Current,none,0,0.0,0.0,0.0,0,48.668194,525509.56,49.368195,0.0,0.0,0,254
7304,2008-01-01,1993-05-01,176,1993,468419.0,468419.0,1936.3225600524568,0.028465633512542915,360,184,Current,Current,none,0,0.0,0.0,0.0,0,36.336132,1.2891272e+06,38.13613,0.0,0.0,0,636
7307,2008-01-01,2005-11-01,26,2005,177241.0,177241.0,1013.6466719345638,0.05565463076755045,360,334,Current,Current,none,0,0.0,0.0,0.0,0,98.305275,180296.53,110.40527,0.0,0.0,0,627
7309,2008-01-01,2002-12-01,61,2002,456516.0,456516.0,3084.352016421559,0.026870133635654585,180,119,Current,Current,none,0,0.0,0.0,0.0,0,63.62208,717543.3,75.92208,0.0,0.0,0,616
7310,2008-01-01,2008-01-01,0,2008,346247.0,346247.0,2475.6760251365954,0.0350245040034459,180,180,Current,Current,none,0,0.0,0.0,0.0,0,54.6,634152.0,54.6,0.0,0.0,0,899
7311,2008-01-01,2001-06-01,79,2001,202395.0,202395.0,860.9953352799239,0.030702727299872352,360,281,Current,Current,none,0,0.0,0.0,0.0,0,41.117348,492237.5,48.217346,0.0,0.0,0,408
7312,2008-01-01,2003-08-01,53,2003,1310525.0,1.310525e+06,5259.053690284046,0.02618198284640908,360,307,Current,Current,none,0,0.0,0.0,0.0,0,55.553986,2.3590118e+06,57.353985,0.0,0.0,0,683
7316,2008-01-01,1993-08-01,173,1993,438442.0,438442.0,2987.963754189087,0.028103220924267272,180,7,Current,Current,none,0,0.0,0.0,0.0,0,34.70946,1.2631771e+06,35.609463,0.0,0.0,0,293
7324,2008-01-01,1997-07-01,126,1997,798365.0,798365.0,3468.3315647186305,0.03235835705001817,360,234,Current,Current,none,0,0.0,0.0,0.0,0,35.023624,2.2795042e+06,35.023624,0.0,0.0,0,440
7326,2008-01-01,1994-12-01,157,1994,190816.0,190816.0,1016.408249863152,0.04931845687415454,360,203,Current,Current,none,0,0.0,0.0,0.0,0,34.451008,553876.4,38.251007,0.0,0.0,0,299
7328,2008-01-01,1993-09-01,172,1993,571749.0,571749.0,3511.7122646850307,0.06226740343488823,360,188,Current,Current,none,0,0.0,0.0,0.0,0,43.37888,1.3180355e+06,43.778877,0.0,0.0,0,106
7329,2008-01-01,1995-02-01,155,1995,781459.0,781459.0,4537.1387279152295,0.0570312435253064,360,205,Current,Current,none,0,0.0,0.0,0.0,0,37.639854,2.0761479e+06,37.639854,0.0,0.0,0,457
7331,2008-01-01,2003-08-01,53,2003,302215.0,302215.0,1177.0873346751132,0.02391186048040165,360,307,Current,Current,none,0,0.0,0.0,0.0,0,61.99157,487509.8,68.09157,0.0,0.0,0,970
7332,2008-01-01,1998-11-01,110,1998,278088.0,278088.0,1000.278352373828,0.018,360,250,Current,Current,none,0,0.0,0.0,0.0,0,48.50213,573352.2,55.402126,0.0,0.0,0,150
7333,2008-01-01,2007-02-01,11,2007,357062.0,357062.0,2695.791387161028,0.04303570272449985,180,169,Current,Current,none,0,0.0,0.0,0.0,0,69.648346,512664.0,78.54835,0.0,0.0,0,520
7334,2008-01-01,2004-09-01,40,2004,193662.0,193662.0,751.8898078301779,0.023671501474473815,360,320,Current,Current,none,0,0.0,0.0,0.0,0,53.855686,359594.34,53.855686,0.0,0.0,0,286
7335,2008-01-01,2003-01-01,60,2003,163400.0,163400.0,655.798151359819,0.026191819764115117,360,300,Current,Current,none,0,0.0,0.0,0.0,0,57.381023,284763.12,57.381023,0.0,0.0,0,907
7336,2008-01-01,2004-04-01,45,2004,504546.0,504546.0,1815.9577907393445,0.018044843086860343,360,315,Current,Current,none,0,0.0,0.0,0.0,0,52.55015,960122.8,52.850155,0.0,0.0,0,915
7337,2008-01-01,2007-07-01,6,2007,439778.0,439778.0,1709.4233827298847,0.023759473537005034,360,354,Current,Current,none,0,0.0,0.0,0.0,0,59.140106,743620.56,64.14011,0.0,0.0,0,369
7339,2008-01-01,1998-03-01,118,1998,296206.0,296206.0,1625.4989430153632,0.05194531791676229,360,242,Current,Current,none,0,0.0,0.0,0.0,0,34.210964,865821.9,46.510963,0.0,0.0,0,171
7341,2008-01-01,1993-05-01,176,1993,215709.0,215709.0,1114.6583379821088,0.04668425162284087,360,184,Current,Current,none,0,0.0,0.0,0.0,0,36.38116,592914.06,36.68116,0.0,0.0,0,434
7343,2008-01-01,1996-06-01,139,1996,325320.0,325320.0,1549.4507504763624,0.039803843197992954,360,221,Current,Current,none,0,0.0,0.0,0.0,0,36.310852,895930.44,39.410854,0.0,0.0,0,464
7347,2008-01-01,2000-12-01,85,2000,525921.0,525921.0,3439.4357345747826,0.022263321969297457,180,95,Current,Current,none,0,0.0,0.0,0.0,0,34.467293,1.5258552e+06,34.467293,0.0,0.0,0,179
7352,2008-01-01,2007-07-01,6,2007,379581.0,379581.0,2211.713953642078,0.05735821488142138,360,354,Current,Current,none,0,0.0,0.0,0.0,0,75.750114,501096.25,80.150116,0.0,0.0,0,504
7360,2008-01-01,1997-07-01,126,1997,435957.0,435957.0,1897.3983199688844,0.03250359037285645,360,234,Current,Current,none,0,0.0,0.0,0.0,0,42.60037,1.0233644e+06,50.60037,0.0,0.0,0,554
7363,2008-01-01,2007-01-01,12,2007,155908.0,155908.0,560.7987304806348,0.018,360,348,Current,Current,none,0,0.0,0.0,0.0,0,60.344257,258364.28,78.64426,0.0,0.0,0,874
7364,2008-01-01,1998-07-01,114,1998,294995.0,294995.0,1478.709385487085,0.04408547128178248,360,246,Current,Current,none,0,0.0,0.0,0.0,0,46.258575,637708.8,50.058575,0.0,0.0,0,104
7365,2008-01-01,2007-10-01,3,2007,81561.0,81561.0,340.68466277983174,0.029275249550239864,360,357,30 DPD,Delinquent,none,0,0.0,0.0,0.0,1,82.91383,98368.38,107.41383,0.0,0.0,0,832
7369,2008-01-01,1993-07-01,174,1993,378878.0,378878.0,1576.593039467132,0.028979751125940145,360,186,Current,Current,none,0,0.0,0.0,0.0,0,32.005165,1.1838028e+06,32.305164,0.0,0.0,0,232
7372,2008-01-01,2006-01-01,24,2006,444141.0,444141.0,2211.4056367544413,0.04351603138509674,360,336,Current,Current,none,0,0.0,0.0,0.0,0,72.299065,614310.8,77.39907,0.0,0.0,0,969
7373,2008-01-01,2006-08-01,17,2006,276073.0,276073.0,1332.300023231932,0.04089505058928551,360,343,Current,Current,none,0,0.0,0.0,0.0,0,59.93162,460646.62,65.031624,0.0,0.0,0,150
7374,2008-01-01,2007-05-01,8,2007,159063.0,159063.0,790.9116394818867,0.04340147258145956,360,352,Current,Current,none,0,0.0,0.0,0.0,0,84.94688,187249.97,92.14687,0.0,0.0,0,953
7375,2008-01-01,1996-08-01,137,1996,682971.0,682971.0,3557.351319137545,0.0473700235343824,360,223,Current,Current,none,0,0.0,0.0,0.0,0,38.42981,1.7771906e+06,38.92981,0.0,0.0,0,547
7378,2008-01-01,2003-02-01,59,2003,276371.0,276371.0,1173.8883588495783,0.030582283304543878,360,301,Current,Current,none,0,0.0,0.0,0.0,0,62.184208,444439.22,72.684204,0.0,0.0,0,814
7385,2008-01-01,1997-09-01,124,1997,391608.0,391608.0,1774.6149102120703,0.03573562074388541,360,236,Current,Current,none,0,0.0,0.0,0.0,0,35.972168,1.0886418e+06,43.572166,0.0,0.0,0,614
7388,2008-01-01,2004-03-01,46,2004,261429.0,261429.0,2015.4610621057627,0.04616098605341367,180,134,Current,Current,none,0,0.0,0.0,0.0,0,60.97477,428749.47,70.67477,0.0,0.0,0,894
7393,2008-01-01,1999-06-01,103,1999,398748.0,398748.0,2069.6349936206584,0.04706579100709776,360,257,Current,Current,none,0,0.0,0.0,0.0,0,42.92163,929014.1,44.92163,0.0,0.0,0,768
7394,2008-01-01,1994-06-01,163,1994,238124.0,238124.0,867.1892479492052,0.018906552797145208,360,197,Current,Current,none,0,0.0,0.0,0.0,0,31.353374,759484.44,31.353374,0.0,0.0,0,820
7396,2008-01-01,2003-03-01,58,2003,457388.0,457388.0,2057.5655758073117,0.03514441906040371,360,302,Current,Current,none,0,0.0,0.0,0.0,0,60.997192,749850.94,68.297195,0.0,0.0,0,367
7401,2008-01-01,2002-11-01,62,2002,222720.0,222720.0,1034.6583574715798,0.03775357645009847,360,298,Current,Current,none,0,0.0,0.0,0.0,0,39.234795,567659.4,39.234795,0.0,0.0,0,703
7402,2008-01-01,2007-09-01,4,2007,679790.0,679790.0,4659.9650828281365,0.028941176466891774,180,176,Current,Current,none,0,0.0,0.0,0.0,0,63.55447,1.0696179e+06,68.65447,0.0,0.0,0,140
7404,2008-01-01,2005-10-01,27,2005,479725.0,479725.0,2717.787225255964,0.05479927220054745,360,333,Current,Current,none,0,0.0,0.0,0.0,0,85.7847,559219.75,90.6847,0.0,0.0,0,962
7405,2008-01-01,1994-12-01,157,1994,174171.0,174171.0,743.0583517487795,0.03092806012686411,360,203,Current,Current,none,0,0.0,0.0,0.0,0,25.838257,674081.9,25.838257,0.0,0.0,0,783
7406,2008-01-01,2007-10-01,3,2007,252985.0,252985.0,1059.056036182343,0.029446368893232426,360,357,Current,Current,none,0,0.0,0.0,0.0,0,85.404366,296220.22,90.904366,0.0,0.0,0,880
7407,2008-01-01,2000-02-01,95,2000,624600.0,624600.0,2569.6382486001758,0.028096082965163985,360,265,Current,Current,none,0,0.0,0.0,0.0,0,45.03109,1.3870418e+06,47.431087,0.0,0.0,0,720
7409,2008-01-01,2000-12-01,85,2000,160893.0,160893.0,586.5700876025614,0.018986427641424115,360,275,Current,Current,none,0,0.0,0.0,0.0,0,52.718422,305193.12,55.118423,0.0,0.0,0,226
7410,2008-01-01,2002-09-01,64,2002,513374.0,513374.0,2069.880124168639,0.026543293141460825,360,296,Current,Current,none,0,0.0,0.0,0.0,0,43.64699,1.1761956e+06,52.04699,0.0,0.0,0,791
7411,2008-01-01,2004-05-01,44,2004,289716.0,289716.0,1567.0971490210886,0.05066742702690114,360,316,Current,Current,none,0,0.0,0.0,0.0,0,56.61972,511687.44,62.019722,0.0,0.0,0,706
7412,2008-01-01,2003-11-01,50,2003,235606.0,235606.0,1571.8117414041894,0.025073594182972024,180,130,Current,Current,none,0,0.0,0.0,0.0,0,68.94661,341722.4,79.14661,0.0,0.0,0,126
7414,2008-01-01,2002-04-01,69,2002,348912.0,348912.0,1716.6797472751546,0.04251186832839437,360,291,Current,Current,none,0,0.0,0.0,0.0,0,47.66242,732048.5,47.66242,0.0,0.0,0,905
7418,2008-01-01,2007-11-01,2,2007,593507.0,593507.0,2173.1538522779083,0.019305205832155656,360,358,Current,Current,none,0,0.0,0.0,0.0,0,86.6201,685183.94,105.420105,0.0,0.0,0,438
7421,2008-01-01,2003-10-01,51,2003,250956.0,250956.0,1062.6201486007853,0.030337950080447016,360,309,Current,Current,none,0,0.0,0.0,0.0,0,47.261997,530989.0,47.461998,0.0,0.0,0,813
7422,2008-01-01,2000-07-01,90,2000,517739.0,517739.0,2329.9048120995226,0.03517378225517822,360,270,Current,Current,none,0,0.0,0.0,0.0,0,41.096233,1.259821e+06,46.696236,0.0,0.0,0,229
7424,2008-01-01,2002-02-01,71,2002,393490.0,393490.0,1415.3776102369666,0.018,360,289,Current,Current,none,0,0.0,0.0,0.0,0,55.083767,714348.44,55.283764,0.0,0.0,0,651
7427,2008-01-01,1999-10-01,99,1999,142034.0,142034.0,644.0547443738744,0.035787321510241256,360,261,Current,Current,none,0,0.0,0.0,0.0,0,38.417202,369714.56,38.817204,0.0,0.0,0,804
7432,2008-01-01,2005-10-01,27,2005,353828.0,353828.0,1382.937259303297,0.024176007616506498,360,333,Current,Current,none,0,0.0,0.0,0.0,0,77.32117,457608.2,83.82117,0.0,0.0,0,894
7438,2008-01-01,2007-07-01,6,2007,183300.0,183300.0,1265.6406357138512,0.02997782146588643,180,174,Current,Current,none,0,0.0,0.0,0.0,0,100.50644,182376.38,107.90644,0.0,0.0,0,406
7443,2008-01-01,2005-06-01,31,2005,324826.0,324826.0,1168.3942352355407,0.018,360,329,Current,Current,none,0,0.0,0.0,0.0,0,73.30099,443140.03,83.70098,0.0,0.0,0,119
7444,2008-01-01,2006-05-01,20,2006,519026.0,519026.0,2703.8435642951817,0.04738355492594486,360,340,Current,Current,none,0,0.0,0.0,0.0,0,102.71116,505325.8,108.411156,0.0,0.0,0,996
7447,2008-01-01,2003-12-01,49,2003,245237.0,245237.0,1094.9685692662824,0.03454236632998668,360,311,Current,Current,none,0,0.0,0.0,0.0,0,60.641823,404402.44,65.14182,0.0,0.0,0,929
7449,2008-01-01,2005-03-01,34,2005,377386.0,377386.0,1357.451764509614,0.018,360,326,Current,Current,none,0,0.0,0.0,0.0,0,53.19921,709382.7,57.49921,0.0,0.0,0,567
7453,2008-01-01,2006-07-01,18,2006,576973.0,576973.0,3213.593954791917,0.05326874937218888,360,342,Current,Current,none,0,0.0,0.0,0.0,0,89.348946,645752.5,96.04894,0.0,0.0,0,805
7454,2008-01-01,2003-06-01,55,2003,380076.0,380076.0,2732.4947697388716,0.03582357791645617,180,125,Current,Current,none,0,0.0,0.0,0.0,0,60.35293,629755.7,61.05293,0.0,0.0,0,738
7455,2008-01-01,1999-06-01,103,1999,262662.0,262662.0,1015.3436572987216,0.023342832778359798,360,257,Current,Current,none,0,0.0,0.0,0.0,0,50.525856,519856.62,55.525856,0.0,0.0,0,166
7463,2008-01-01,2006-01-01,24,2006,471913.0,471913.0,2104.7469915062898,0.03445413771077617,360,336,30 DPD,Delinquent,none,0,0.0,0.0,0.0,1,88.682625,532136.94,94.48263,0.0,0.0,0,380
7468,2008-01-01,2002-11-01,62,2002,102323.0,102323.0,558.9025073767737,0.05153046785508791,360,298,Current,Current,none,0,0.0,0.0,0.0,0,69.58624,147044.88,69.78624,0.0,0.0,0,498
7470,2008-01-01,2004-03-01,46,2004,161121.0,161121.0,721.9689037296837,0.034829077664458225,360,314,Current,Current,none,0,0.0,0.0,0.0,0,59.206165,272135.53,59.406162,0.0,0.0,0,642
7472,2008-01-01,1999-09-01,100,1999,169820.0,169820.0,729.5273840912868,0.03147279449020893,360,260,Current,Current,none,0,0.0,0.0,0.0,0,33.70538,503836.5,34.70538,0.0,0.0,0,394
7473,2008-01-01,2003-01-01,60,2003,225789.0,225789.0,812.1596361732052,0.018,360,300,Current,Current,none,0,0.0,0.0,0.0,0,66.335144,340376.12,66.835144,0.0,0.0,0,475
7478,2008-01-01,1993-04-01,177,1993,473411.0,473411.0,1702.8522448852389,0.018,360,183,Current,Current,none,0,0.0,0.0,0.0,0,25.945276,1.824652e+06,27.145275,0.0,0.0,0,316
7479,2008-01-01,2005-07-01,30,2005,744314.0,744314.0,4757.754517581599,0.06608394218361767,360,330,Current,Current,none,0,0.0,0.0,0.0,0,83.95782,886533.3,86.45782,0.0,0.0,0,612
7482,2008-01-01,2007-05-01,8,2007,562585.0,562585.0,3568.7045304777994,0.018,180,172,Current,Current,none,0,0.0,0.0,0.0,0,97.59854,576427.7,105.69854,0.0,0.0,0,246
7483,2008-01-01,1998-03-01,118,1998,176902.0,176902.0,654.8072380161974,0.0201065524025969,360,242,Current,Current,none,0,0.0,0.0,0.0,0,37.3444,473704.22,37.8444,0.0,0.0,0,924
7485,2008-01-01,2003-11-01,50,2003,448503.0,448503.0,1637.4982245639924,0.019093545282329386,360,310,Current,Current,none,0,0.0,0.0,0.0,0,49.317104,909426.9,72.017105,0.0,0.0,0,766
7486,2008-01-01,2004-03-01,46,2004,528762.0,528762.0,3390.0998543604123,0.06637521013902074,360,314,Current,Current,none,0,0.0,0.0,0.0,0,72.59703,728352.06,82.89703,0.0,0.0,0,828
7489,2008-01-01,2001-08-01,77,2001,166635.0,166635.0,635.7896233481091,0.022362716441310923,360,283,Current,Current,none,0,0.0,0.0,0.0,0,33.00264,504914.12,33.802643,0.0,0.0,0,385
7490,2008-01-01,2006-01-01,24,2006,194707.0,194707.0,882.5957763485407,0.03575937828322101,360,336,Current,Current,none,0,0.0,0.0,0.0,0,97.98426,198712.53,109.184265,0.0,0.0,0,994
7494,2008-01-01,2003-07-01,54,2003,446021.0,446021.0,1821.8099914883664,0.027540992567301505,360,306,Current,Current,none,0,0.0,0.0,0.0,0,61.154526,729334.4,74.85453,0.0,0.0,0,738
7500,2008-01-01,1993-03-01,178,1993,180093.0,180093.0,1193.632185352988,0.024148130611227284,180,2,Current,Current,none,0,0.0,0.0,0.0,0,31.030355,580376.9,36.630356,0.0,0.0,0,374
7502,2008-01-01,2000-12-01,85,2000,125755.0,125755.0,647.3557576679794,0.04635620984009478,360,275,Current,Current,none,0,0.0,0.0,0.0,0,31.096874,404397.56,31.196875,0.0,0.0,0,855
7503,2008-01-01,2000-06-01,91,2000,649286.0,649286.0,2649.4684809357263,0.027465558331328375,360,269,Current,Current,none,0,0.0,0.0,0.0,0,34.32355,1.8916632e+06,38.32355,0.0,0.0,0,827
7507,2008-01-01,2006-09-01,16,2006,168737.0,168737.0,943.5869256973382,0.053627164754437226,360,344,Current,Current,none,0,0.0,0.0,0.0,0,77.199165,218573.6,82.699165,0.0,0.0,0,272
7509,2008-01-01,1997-12-01,121,1997,390878.0,390878.0,1405.982285532555,0.018,360,239,Current,Current,none,0,0.0,0.0,0.0,0,38.785027,1.00780644e+06,42.485027,0.0,0.0,0,355
7513,2008-01-01,2003-05-01,56,2003,219160.0,219160.0,1379.2702060107142,0.06458541216843929,360,304,Current,Current,none,0,0.0,0.0,0.0,0,66.04434,331837.66,67.04434,0.0,0.0,0,310
7515,2008-01-01,2003-07-01,54,2003,86592.0,86592.0,383.22877891348804,0.03383526847535699,360,306,Current,Current,none,0,0.0,0.0,0.0,0,67.293594,128677.93,99.19359,0.0,0.0,0,740
7518,2008-01-01,2003-06-01,55,2003,120949.0,120949.0,484.0729868860188,0.02597886585277256,360,305,Current,Current,none,0,0.0,0.0,0.0,0,45.556725,265490.97,47.356728,0.0,0.0,0,153
7519,2008-01-01,2007-01-01,12,2007,652967.0,652967.0,3521.8026025743047,0.050413866353720804,360,348,30 DPD,Delinquent,none,0,0.0,0.0,0.0,1,73.26754,891209.1,77.46754,0.0,0.0,0,207
7521,2008-01-01,1998-09-01,112,1998,218202.0,218202.0,1082.3107886551245,0.04319433599832846,360,248,Current,Current,none,0,0.0,0.0,0.0,0,50.252373,434212.34,53.952374,0.0,0.0,0,994
7524,2008-01-01,2000-09-01,88,2000,182054.0,182054.0,795.2053705333801,0.0327894358387598,360,272,Current,Current,none,0,0.0,0.0,0.0,0,45.278152,402079.12,54.67815,0.0,0.0,0,125
7526,2008-01-01,2001-01-01,84,2001,228279.0,228279.0,821.1161287130155,0.018,360,276,Current,Current,none,0,0.0,0.0,0.0,0,53.11492,429783.2,53.41492,0.0,0.0,0,414
7527,2008-01-01,2001-10-01,75,2001,741241.0,741241.0,2855.3405719318225,0.02307995793509316,360,285,Current,Current,none,0,0.0,0.0,0.0,0,44.426113,1.6684804e+06,47.726112,0.0,0.0,0,890
7533,2008-01-01,1998-03-01,118,1998,339523.0,339523.0,1221.2591231301574,0.018,360,242,Current,Current,none,0,0.0,0.0,0.0,0,33.645916,1.00910606e+06,33.74592,0.0,0.0,0,146
7534,2008-01-01,1994-06-01,163,1994,177612.0,177612.0,897.7609555789385,0.044793973155319466,360,197,Current,Current,none,0,0.0,0.0,0.0,0,32.70441,543082.7,41.304413,0.0,0.0,0,833
7536,2008-01-01,2006-05-01,20,2006,566747.0,566747.0,4121.682513444175,0.03750608651135758,180,160,Current,Current,none,0,0.0,0.0,0.0,0,85.57467,662283.6,90.57467,0.0,0.0,0,882
7539,2008-01-01,2007-03-01,10,2007,311041.0,311041.0,1293.4195104632379,0.02892634917574487,360,350,Current,Current,none,0,0.0,0.0,0.0,0,82.641304,376374.75,92.7413,0.0,0.0,0,290
7550,2008-01-01,1999-05-01,104,1999,256629.0,256629.0,1153.3465637028148,0.03506753473887401,360,256,Current,Current,none,0,0.0,0.0,0.0,0,32.44144,791053.0,33.74144,0.0,0.0,0,224
7552,2008-01-01,1996-10-01,135,1996,242148.0,242148.0,1223.6501764215182,0.04477200614331482,360,225,Current,Current,none,0,0.0,0.0,0.0,0,42.57756,568722.1,50.177563,0.0,0.0,0,735
7557,2008-01-01,1996-03-01,142,1996,186785.0,186785.0,990.3152110043403,0.04891165974683717,360,218,Current,Current,none,0,0.0,0.0,0.0,0,42.43739,440142.56,42.837387,0.0,0.0,0,628
7559,2008-01-01,2003-01-01,60,2003,432827.0,432827.0,1833.656919421368,0.030378221236083178,360,300,Current,Current,none,0,0.0,0.0,0.0,0,56.41099,767274.25,68.71099,0.0,0.0,0,426
7561,2008-01-01,2000-12-01,85,2000,295492.0,295492.0,1920.779079921693,0.021411217118638425,180,95,Current,Current,none,0,0.0,0.0,0.0,0,25.945858,1.1388792e+06,26.145859,0.0,0.0,0,888
7564,2008-01-01,2002-04-01,69,2002,242905.0,242905.0,1059.1099037990423,0.03264784468740621,360,291,Current,Current,none,0,0.0,0.0,0.0,0,55.327427,439031.8,60.527424,0.0,0.0,0,722
7565,2008-01-01,1999-04-01,105,1999,194805.0,194805.0,830.6711774217242,0.030888610893025845,360,255,Current,Current,none,0,0.0,0.0,0.0,0,46.20291,421629.25,49.302914,0.0,0.0,0,253
7574,2008-01-01,1994-12-01,157,1994,369061.0,369061.0,1701.7592998881034,0.0371452931051285,360,203,Current,Current,none,0,0.0,0.0,0.0,0,34.872284,1.0583219e+06,35.172283,0.0,0.0,0,714
7575,2008-01-01,2001-06-01,79,2001,409553.0,409553.0,2940.685604025164,0.035638709461573666,180,101,Current,Current,none,0,0.0,0.0,0.0,0,60.053837,681976.4,60.053837,0.0,0.0,0,676
7576,2008-01-01,2006-04-01,21,2006,276932.0,276932.0,2018.5862224769955,0.03784000882357158,180,159,Current,Current,none,0,0.0,0.0,0.0,0,83.8394,330312.5,89.0394,0.0,0.0,0,439
7577,2008-01-01,2000-03-01,94,2000,319640.0,319640.0,1604.1154529207718,0.044184384826028836,360,266,Current,Current,none,0,0.0,0.0,0.0,0,40.44975,790215.06,44.549747,0.0,0.0,0,979
7579,2008-01-01,2001-04-01,81,2001,480074.0,480074.0,2425.027058949806,0.04473906869092892,360,279,Current,Current,none,0,0.0,0.0,0.0,0,43.178474,1.1118364e+06,43.178474,0.0,0.0,0,491
7580,2008-01-01,2003-11-01,50,2003,218094.0,218094.0,888.7940186229517,0.027365282019523308,360,310,Current,Current,none,0,0.0,0.0,0.0,0,65.78317,331534.62,71.683174,0.0,0.0,0,210
7581,2008-01-01,2000-07-01,90,2000,514309.0,514309.0,2020.5550824301235,0.024565956678428452,360,270,Current,Current,none,0,0.0,0.0,0.0,0,55.433567,927793.44,55.433567,0.0,0.0,0,251
7584,2008-01-01,1999-09-01,100,1999,117678.0,117678.0,445.32709080286514,0.0217493216448843,360,260,Current,Current,none,0,0.0,0.0,0.0,0,38.99701,301761.62,67.69701,0.0,0.0,0,652
7588,2008-01-01,2001-08-01,77,2001,275852.0,275852.0,1412.3611814151861,0.04589208161193418,360,283,Current,Current,none,0,0.0,0.0,0.0,0,52.763897,522804.44,53.6639,0.0,0.0,0,483
7589,2008-01-01,1999-02-01,107,1999,153236.0,153236.0,568.3503760118516,0.02025555439436881,360,253,Current,Current,none,0,0.0,0.0,0.0,0,37.88203,404508.44,49.28203,0.0,0.0,0,317
7593,2008-01-01,1995-04-01,153,1995,136809.0,136809.0,505.9924855802354,0.020046733399165538,360,207,Current,Current,none,0,0.0,0.0,0.0,0,25.180494,543313.4,26.480495,0.0,0.0,0,205
7594,2008-01-01,1997-07-01,126,1997,345347.0,345347.0,2352.6357164336514,0.07236165997690137,360,234,Current,Current,none,0,0.0,0.0,0.0,0,44.557278,775063.06,63.357277,0.0,0.0,0,165
7597,2008-01-01,2006-09-01,16,2006,235250.0,235250.0,1638.1755113162728,0.031197420935867654,180,164,Current,Current,none,0,0.0,0.0,0.0,0,92.81127,253471.36,99.71127,0.0,0.0,0,457
7599,2008-01-01,2007-03-01,10,2007,177583.0,177583.0,1064.670277564977,0.059997413391670695,360,350,Current,Current,none,0,0.0,0.0,0.0,0,99.14827,179108.53,107.84827,0.0,0.0,0,931
7605,2008-01-01,1996-12-01,133,1996,416478.0,416478.0,2846.080898564749,0.02849549915600222,180,47,Current,Current,none,0,0.0,0.0,0.0,0,30.355022,1.3720234e+06,31.655022,0.0,0.0,0,277
7607,2008-01-01,1997-07-01,126,1997,311848.0,311848.0,1517.962962536164,0.04161345612481316,360,234,Current,Current,none,0,0.0,0.0,0.0,0,36.980534,843276.1,42.680534,0.0,0.0,0,913
7609,2008-01-01,2005-03-01,34,2005,482759.0,482759.0,2181.2455090187514,0.035497980441104124,360,326,Current,Current,none,0,0.0,0.0,0.0,0,64.64714,746760.0,70.14714,0.0,0.0,0,476
7611,2008-01-01,2002-05-01,68,2002,250842.0,250842.0,977.7855186935486,0.02397286260205281,360,292,Current,Current,none,0,0.0,0.0,0.0,0,36.573326,685860.5,36.573326,0.0,0.0,0,103
7614,2008-01-01,1996-11-01,134,1996,318748.0,318748.0,1172.833823237415,0.01966573800334799,360,226,Current,Current,none,0,0.0,0.0,0.0,0,35.65383,894007.7,35.753834,0.0,0.0,0,650
7622,2008-01-01,2001-11-01,74,2001,102541.0,102541.0,540.279426473918,0.048367852047261434,360,286,Current,Current,none,0,0.0,0.0,0.0,0,53.626987,191211.56,60.926987,0.0,0.0,0,588
7623,2008-01-01,2007-03-01,10,2007,414612.0,414612.0,2662.8938796378598,0.019729015293040227,180,170,Current,Current,none,0,0.0,0.0,0.0,0,72.09815,575066.06,76.39815,0.0,0.0,0,821
7624,2008-01-01,2005-10-01,27,2005,746901.0,746901.0,3395.8987898026676,0.03600352922567564,360,333,Current,Current,none,0,0.0,0.0,0.0,0,91.427055,816936.5,101.62705,0.0,0.0,0,942
7629,2008-01-01,1996-09-01,136,1996,485055.0,485055.0,1744.7355377099593,0.018,360,224,Current,Current,none,0,0.0,0.0,0.0,0,27.154045,1.7863084e+06,36.454044,0.0,0.0,0,911
7630,2008-01-01,1995-07-01,150,1995,575741.0,575741.0,2827.8972605745316,0.0423693350698174,360,210,Current,Current,none,0,0.0,0.0,0.0,0,29.2188,1.9704471e+06,29.5188,0.0,0.0,0,587
7633,2008-01-01,2007-08-01,5,2007,224711.0,224711.0,1025.7952365723888,0.03632887112548106,360,355,Current,Current,none,0,0.0,0.0,0.0,0,68.163506,329664.7,74.3635,0.0,0.0,0,918
7634,2008-01-01,1997-07-01,126,1997,638579.0,638579.0,2296.959056056093,0.018,360,234,Current,Current,none,0,0.0,0.0,0.0,0,30.056091,2.1246242e+06,45.15609,0.0,0.0,0,546
7635,2008-01-01,1995-06-01,151,1995,129654.0,129654.0,913.907310387849,0.032954882954570934,180,29,Current,Current,none,0,0.0,0.0,0.0,0,36.061604,359534.78,42.261604,0.0,0.0,0,520
7636,2008-01-01,1994-01-01,168,1994,294621.0,294621.0,1059.7473046471966,0.018,360,192,Current,Current,none,0,0.0,0.0,0.0,0,17.826708,1.6526944e+06,19.72671,0.0,0.0,0,243
7637,2008-01-01,2002-11-01,62,2002,350232.0,350232.0,1838.9533639962121,0.04806646919946643,360,298,Current,Current,none,0,0.0,0.0,0.0,0,59.370388,589910.25,64.37039,0.0,0.0,0,640
7639,2008-01-01,1997-09-01,124,1997,254606.0,254606.0,1011.7631675601576,0.025434540053931243,360,236,Current,Current,none,0,0.0,0.0,0.0,0,40.260574,632395.4,40.760574,0.0,0.0,0,550
7640,2008-01-01,2007-09-01,4,2007,158652.0,158652.0,570.6688571992051,0.018,360,356,Current,Current,none,0,0.0,0.0,0.0,0,79.992775,198332.9,84.19278,0.0,0.0,0,291
7643,2008-01-01,2002-07-01,66,2002,307253.0,307253.0,1226.844082450493,0.025800306691991775,360,294,Current,Current,none,0,0.0,0.0,0.0,0,45.91052,669243.1,51.61052,0.0,0.0,0,910
7649,2008-01-01,2001-12-01,73,2001,570041.0,570041.0,2184.3571611765033,0.022685514035125632,360,287,Current,Current,none,0,0.0,0.0,0.0,0,52.574207,1.0842599e+06,54.474205,0.0,0.0,0,555
7651,2008-01-01,2007-12-01,1,2007,556237.0,556237.0,2000.7761208299567,0.018,360,359,Current,Current,none,0,0.0,0.0,0.0,0,58.968853,943272.56,64.76885,0.0,0.0,0,582
7655,2008-01-01,2000-01-01,96,2000,223362.0,223362.0,917.6237801976166,0.02798667101511077,360,264,Current,Current,none,0,0.0,0.0,0.0,0,30.746569,726461.56,31.746569,0.0,0.0,0,579
7660,2008-01-01,2000-10-01,87,2000,986096.0,986096.0,3639.61097746801,0.019894668670149444,360,273,Current,Current,none,0,0.0,0.0,0.0,0,56.548344,1.7438106e+06,58.44834,0.0,0.0,0,298
7666,2008-01-01,2003-03-01,58,2003,163505.0,163505.0,921.6136014894556,0.05434092858398765,360,302,Current,Current,none,0,0.0,0.0,0.0,0,55.10155,296733.94,57.401554,0.0,0.0,0,821
7672,2008-01-01,2001-05-01,80,2001,255722.0,255722.0,1108.66467547797,0.032196609005630615,360,280,Current,Current,none,0,0.0,0.0,0.0,0,53.321465,479585.5,59.121464,0.0,0.0,0,778
7674,2008-01-01,2005-11-01,26,2005,252156.0,252156.0,1131.473845525943,0.03494178316757164,360,334,Current,Current,none,0,0.0,0.0,0.0,0,95.99468,262677.06,100.394684,0.0,0.0,0,840
7677,2008-01-01,2007-05-01,8,2007,676171.0,676171.0,3114.40442621346,0.037055014170226094,360,352,Current,Current,none,0,0.0,0.0,0.0,0,87.81742,769973.6,91.81742,0.0,0.0,0,849
7679,2008-01-01,2000-08-01,89,2000,410433.0,410433.0,1476.3213263421915,0.018,360,271,Current,Current,none,0,0.0,0.0,0.0,0,41.033607,1.0002362e+06,41.23361,0.0,0.0,0,891
7682,2008-01-01,1993-01-01,180,1993,197822.0,197822.0,782.9285237645896,0.025125602877379808,360,180,Current,Current,none,0,0.0,0.0,0.0,0,40.056065,493862.78,51.056065,0.0,0.0,0,302
7684,2008-01-01,2002-10-01,63,2002,445394.0,445394.0,3495.7811463937965,0.048861158564253035,180,117,Current,Current,none,0,0.0,0.0,0.0,0,58.985714,755087.94,60.485714,0.0,0.0,0,445
7685,2008-01-01,1996-09-01,136,1996,158885.0,158885.0,768.0801082491167,0.04103801014095866,360,224,Current,Current,none,0,0.0,0.0,0.0,0,35.37365,449162.03,37.273647,0.0,0.0,0,152
7686,2008-01-01,2005-09-01,28,2005,128953.0,128953.0,626.749245379536,0.04148726251264991,360,332,Current,Current,none,0,0.0,0.0,0.0,0,100.29063,128579.31,106.09063,0.0,0.0,0,255
7688,2008-01-01,2006-05-01,20,2006,518352.0,518352.0,1977.51348362738,0.02235365796195665,360,340,Current,Current,none,0,0.0,0.0,0.0,0,77.16809,671718.06,82.26809,0.0,0.0,0,794
7693,2008-01-01,1999-08-01,101,1999,267340.0,267340.0,2144.6690839185912,0.0521855485671652,180,79,Current,Current,none,0,0.0,0.0,0.0,0,40.915356,653397.7,41.015358,0.0,0.0,0,260
7706,2008-01-01,1993-10-01,171,1993,438426.0,438426.0,1577.011726208423,0.018,360,189,Current,Current,none,0,0.0,0.0,0.0,0,38.657883,1.134118e+06,48.457882,0.0,0.0,0,467
7708,2008-01-01,2002-06-01,67,2002,491402.0,491402.0,1767.565601224087,0.018,360,293,Current,Current,none,0,0.0,0.0,0.0,0,36.54088,1.3448008e+06,37.54088,0.0,0.0,0,891
7711,2008-01-01,2000-10-01,87,2000,255925.0,255925.0,934.8663994913628,0.019131034491619327,360,273,Current,Current,none,0,0.0,0.0,0.0,0,27.455544,932143.3,27.455544,0.0,0.0,0,938
7713,2008-01-01,2002-12-01,61,2002,210950.0,210950.0,1156.4162919620444,0.05185159931123194,360,299,Current,Current,none,0,0.0,0.0,0.0,0,55.892296,377422.3,59.092297,0.0,0.0,0,385
7716,2008-01-01,2007-06-01,7,2007,295073.0,295073.0,2289.7590408547544,0.04714425484827137,180,173,Current,Current,none,0,0.0,0.0,0.0,0,81.072174,363963.34,85.472176,0.0,0.0,0,818
7717,2008-01-01,1993-12-01,169,1993,293364.0,293364.0,1104.2566889357806,0.021350972282228185,360,191,Current,Current,none,0,0.0,0.0,0.0,0,34.65625,846496.7,35.35625,0.0,0.0,0,545
7719,2008-01-01,2003-01-01,60,2003,178496.0,178496.0,734.8863802365769,0.028153376305269286,360,300,Current,Current,none,0,0.0,0.0,0.0,0,56.187138,317681.25,64.587135,0.0,0.0,0,678
7720,2008-01-01,2004-03-01,46,2004,84617.0,84617.0,341.9175341843043,0.026711486934011187,360,314,Current,Current,none,0,0.0,0.0,0.0,0,76.47112,110652.234,83.17112,0.0,0.0,0,141
7722,2008-01-01,2002-11-01,62,2002,343004.0,343004.0,1708.0962156920064,0.04352880055386606,360,298,Current,Current,none,0,0.0,0.0,0.0,0,65.58874,522961.75,65.788734,0.0,0.0,0,491
7723,2008-01-01,1997-10-01,123,1997,361222.0,361222.0,2662.569733510412,0.039483172905246354,180,57,Current,Current,none,0,0.0,0.0,0.0,0,44.245487,816404.2,49.545486,0.0,0.0,0,882
7727,2008-01-01,2002-08-01,65,2002,367094.0,367094.0,1320.4315953450637,0.018,360,295,Current,Current,none,0,0.0,0.0,0.0,0,37.913044,968252.5,38.013046,0.0,0.0,0,946
7729,2008-01-01,2006-08-01,17,2006,179810.0,179810.0,1447.2446229800473,0.05268948506613653,180,163,Current,Current,none,0,0.0,0.0,0.0,0,97.65836,184121.45,107.35837,0.0,0.0,0,872
7732,2008-01-01,1999-12-01,97,1999,100334.0,100334.0,540.6093366843444,0.050325011958159915,360,263,Current,Current,none,0,0.0,0.0,0.0,0,49.108353,204311.48,49.108353,0.0,0.0,0,320
7733,2008-01-01,2001-04-01,81,2001,199171.0,199171.0,803.6923904478452,0.026605511747480867,360,279,Current,Current,none,0,0.0,0.0,0.0,0,42.268085,471208.94,44.668087,0.0,0.0,0,631
7735,2008-01-01,1993-09-01,172,1993,317300.0,317300.0,1176.7736187389858,0.020250016571319602,360,188,Current,Current,none,0,0.0,0.0,0.0,0,27.791737,1.1417062e+06,27.791737,0.0,0.0,0,789
7736,2008-01-01,2006-03-01,22,2006,475552.0,475552.0,1968.9820429015078,0.028590680976264684,360,338,Current,Current,none,0,0.0,0.0,0.0,0,88.87697,535067.75,105.07697,0.0,0.0,0,560
7739,2008-01-01,2000-07-01,90,2000,289239.0,289239.0,1116.8585749731901,0.02326058825752827,360,270,Current,Current,none,0,0.0,0.0,0.0,0,45.422153,636779.56,45.422153,0.0,0.0,0,992
7746,2008-01-01,1998-02-01,119,1998,174323.0,174323.0,670.3646069907024,0.022951530864205278,360,241,Current,Current,none,0,0.0,0.0,0.0,0,33.197586,525107.5,40.797585,0.0,0.0,0,772
7748,2008-01-01,1993-12-01,169,1993,307823.0,307823.0,1253.6889427277472,0.027317643606499693,360,191,Current,Current,none,0,0.0,0.0,0.0,0,31.27738,984171.3,31.27738,0.0,0.0,0,567
7765,2008-01-01,1994-10-01,159,1994,193397.0,193397.0,939.5355836554305,0.041449015546171926,360,201,Current,Current,none,0,0.0,0.0,0.0,0,35.48705,544979.1,37.28705,0.0,0.0,0,225
7767,2008-01-01,2002-07-01,66,2002,841689.0,841689.0,4466.753298102157,0.048993840137770375,360,294,Current,Current,none,0,0.0,0.0,0.0,0,55.887924,1.5060302e+06,55.987923,0.0,0.0,0,322
7771,2008-01-01,2004-12-01,37,2004,208134.0,208134.0,748.6548667794882,0.018,360,323,Current,Current,none,0,0.0,0.0,0.0,0,78.55777,264943.88,83.25777,0.0,0.0,0,721
7772,2008-01-01,2000-05-01,92,2000,282821.0,282821.0,1077.507283886267,0.022252626500018028,360,268,Current,Current,none,0,0.0,0.0,0.0,0,40.1284,704790.1,40.428402,0.0,0.0,0,971
7776,2008-01-01,2001-01-01,84,2001,269744.0,269744.0,1021.4955796719468,0.021801030975635568,360,276,Current,Current,none,0,0.0,0.0,0.0,0,52.02964,518442.97,56.229637,0.0,0.0,0,620
7778,2008-01-01,1997-05-01,128,1997,460317.0,460317.0,1937.1717149360331,0.029857201287389445,360,232,Current,Current,none,0,0.0,0.0,0.0,0,35.36826,1.3014974e+06,36.06826,0.0,0.0,0,657
7779,2008-01-01,2002-10-01,63,2002,176567.0,176567.0,732.6792873713462,0.02876229964986071,360,297,Current,Current,none,0,0.0,0.0,0.0,0,44.01809,401123.72,44.01809,0.0,0.0,0,693
7781,2008-01-01,2007-05-01,8,2007,192106.0,192106.0,889.7770996849267,0.037509564247902534,360,352,Current,Current,none,0,0.0,0.0,0.0,0,83.35213,230475.22,90.05213,0.0,0.0,0,969
7785,2008-01-01,2001-02-01,83,2001,257534.0,257534.0,1298.447917443199,0.044578687681186675,360,277,Current,Current,none,0,0.0,0.0,0.0,0,52.425808,491235.16,52.425808,0.0,0.0,0,840
7787,2008-01-01,2000-07-01,90,2000,257026.0,257026.0,1731.1530583896715,0.02642800605203392,180,90,Current,Current,none,0,0.0,0.0,0.0,0,37.14111,692025.6,55.64111,0.0,0.0,0,152
7791,2008-01-01,2001-09-01,76,2001,181039.0,181039.0,651.1945594035178,0.018,360,284,Current,Current,none,0,0.0,0.0,0.0,0,61.081524,296389.16,62.881523,0.0,0.0,0,655
7797,2008-01-01,1999-01-01,108,1999,582781.0,582781.0,2984.8547861358193,0.04592133475928633,360,252,Current,Current,none,0,0.0,0.0,0.0,0,40.808113,1.4281008e+06,41.908115,0.0,0.0,0,863
7801,2008-01-01,2002-04-01,69,2002,293595.0,293595.0,1094.7263176566396,0.020648240356094583,360,291,Current,Current,none,0,0.0,0.0,0.0,0,43.06341,681773.7,44.263412,0.0,0.0,0,141
7807,2008-01-01,2002-11-01,62,2002,477807.0,477807.0,2260.7175169564803,0.039257477138999415,360,298,Current,Current,none,0,0.0,0.0,0.0,0,59.29636,805794.8,60.99636,0.0,0.0,0,242
7809,2008-01-01,2004-06-01,43,2004,190919.0,190919.0,1277.4074337557604,0.02548685376912343,180,137,Current,Current,none,0,0.0,0.0,0.0,0,81.47291,234334.33,86.17291,0.0,0.0,0,317
7813,2008-01-01,2000-06-01,91,2000,172228.0,172228.0,954.1833109354492,0.052793557863823955,360,269,Current,Current,none,0,0.0,0.0,0.0,0,48.84977,352566.66,50.949768,0.0,0.0,0,339
7814,2008-01-01,2006-07-01,18,2006,1007856.0,1.007856e+06,6980.893310246573,0.03042923253153834,180,162,Current,Current,none,0,0.0,0.0,0.0,0,94.204865,1.0698556e+06,99.704865,0.0,0.0,0,600
7817,2008-01-01,2002-04-01,69,2002,318869.0,318869.0,1334.6049983550033,0.029431347194811795,360,291,Current,Current,none,0,0.0,0.0,0.0,0,43.899593,726359.8,48.099594,0.0,0.0,0,669
7818,2008-01-01,2003-04-01,57,2003,227917.0,227917.0,930.1868265523292,0.027478111418014553,360,303,Current,Current,none,0,0.0,0.0,0.0,0,54.231434,420267.34,57.831432,0.0,0.0,0,836
7824,2008-01-01,2003-11-01,50,2003,656106.0,656106.0,5010.996084245397,0.04475621294352167,180,130,Current,Current,none,0,0.0,0.0,0.0,0,54.670605,1.2001075e+06,59.070606,0.0,0.0,0,631
7828,2008-01-01,2005-10-01,27,2005,210817.0,210817.0,758.305577415758,0.018,360,333,Current,Current,none,0,0.0,0.0,0.0,0,72.09676,292408.4,74.79676,0.0,0.0,0,473
7829,2008-01-01,1995-12-01,145,1995,181462.0,181462.0,652.716084039799,0.018,360,215,Current,Current,none,0,0.0,0.0,0.0,0,38.78438,467873.9,40.38438,0.0,0.0,0,875
7833,2008-01-01,1994-03-01,166,1994,334464.0,334464.0,1325.4030831533635,0.025222127653144195,360,194,Current,Current,none,0,0.0,0.0,0.0,0,31.966438,1.0462974e+06,32.266438,0.0,0.0,0,616
7837,2008-01-01,2005-06-01,31,2005,362290.0,362290.0,3225.262519036177,0.06846050132460488,180,149,Current,Current,none,0,0.0,0.0,0.0,0,85.36699,424391.22,87.96699,0.0,0.0,0,222
7838,2008-01-01,2003-11-01,50,2003,494707.0,494707.0,2449.3759043307687,0.04304172600909117,360,310,Current,Current,none,0,0.0,0.0,0.0,0,74.218994,666550.4,74.519,0.0,0.0,0,350
7840,2008-01-01,1993-11-01,170,1993,560135.0,560135.0,3626.894898396953,0.02086591604533106,180,10,Current,Current,none,0,0.0,0.0,0.0,0,27.416237,2.0430776e+06,30.616236,0.0,0.0,0,274
7842,2008-01-01,2005-09-01,28,2005,544811.0,544811.0,4219.866099571121,0.046864368088610456,180,152,Current,Current,none,0,0.0,0.0,0.0,0,86.171036,632243.75,88.771034,0.0,0.0,0,226
7844,2008-01-01,1994-07-01,162,1994,168233.0,168233.0,1213.9549269580284,0.0363623494340946,180,18,Current,Current,none,0,0.0,0.0,0.0,0,42.072376,399865.7,42.572376,0.0,0.0,0,712
7847,2008-01-01,1993-03-01,178,1993,435052.0,435052.0,1672.3944401708811,0.022924053986134018,360,182,Current,Current,none,0,0.0,0.0,0.0,0,34.69149,1.2540598e+06,37.79149,0.0,0.0,0,571
7848,2008-01-01,1999-08-01,101,1999,237005.0,237005.0,1062.2951687408822,0.034851535295493126,360,259,Current,Current,none,0,0.0,0.0,0.0,0,49.15565,482152.1,49.35565,0.0,0.0,0,194
7851,2008-01-01,1993-04-01,177,1993,141266.0,141266.0,508.1316767585843,0.018,360,183,Current,Current,none,0,0.0,0.0,0.0,0,29.754168,474777.2,35.654167,0.0,0.0,0,477
7852,2008-01-01,2000-11-01,86,2000,602053.0,602053.0,2612.2242583318884,0.03225925085267294,360,274,Current,Current,none,0,0.0,0.0,0.0,0,59.059387,1.01940275e+06,61.059387,0.0,0.0,0,191
7853,2008-01-01,2007-08-01,5,2007,455738.0,455738.0,1845.6232141007135,0.02688189670028776,360,355,Current,Current,none,0,0.0,0.0,0.0,0,94.71251,481180.38,98.71251,0.0,0.0,0,397
7854,2008-01-01,1997-06-01,127,1997,154154.0,154154.0,1052.7846399812133,0.02840646471567072,180,53,Current,Current,none,0,0.0,0.0,0.0,0,35.491398,434341.84,38.2914,0.0,0.0,0,177
7857,2008-01-01,1998-08-01,113,1998,222426.0,222426.0,1101.8403988935438,0.043085551507026976,360,247,Current,Current,none,0,0.0,0.0,0.0,0,49.101685,452990.6,49.201683,0.0,0.0,0,734
7858,2008-01-01,2006-04-01,21,2006,169429.0,169429.0,1219.6934541448788,0.03601648862938328,180,159,Current,Current,none,0,0.0,0.0,0.0,0,79.438095,213284.31,84.438095,0.0,0.0,0,272
7860,2008-01-01,2004-07-01,42,2004,178024.0,178024.0,965.6564066269559,0.050915466900805784,360,318,Current,Current,none,0,0.0,0.0,0.0,0,79.96418,222629.67,92.26418,0.0,0.0,0,545
7861,2008-01-01,2003-09-01,52,2003,193120.0,193120.0,1070.68292848257,0.05285640830634689,360,308,Current,Current,none,0,0.0,0.0,0.0,0,54.245163,356013.3,67.145164,0.0,0.0,0,638
7867,2008-01-01,2005-09-01,28,2005,268470.0,268470.0,1895.54870216182,0.03319593343929488,180,152,Current,Current,none,0,0.0,0.0,0.0,0,69.55975,385955.94,77.75975,0.0,0.0,0,357
7868,2008-01-01,1998-11-01,110,1998,143430.0,143430.0,621.4978762347023,0.0321542424697594,360,250,Current,Current,none,0,0.0,0.0,0.0,0,28.562365,502164.3,30.162365,0.0,0.0,0,274
7869,2008-01-01,1993-02-01,179,1993,110815.0,110815.0,429.23619448700117,0.023495810001824047,360,181,Current,Current,none,0,0.0,0.0,0.0,0,39.975796,277205.25,42.375797,0.0,0.0,0,629
7870,2008-01-01,1993-04-01,177,1993,246872.0,246872.0,1566.0090916894605,0.018,180,3,Current,Current,none,0,0.0,0.0,0.0,0,29.126822,847576.2,30.126822,0.0,0.0,0,344
7874,2008-01-01,1997-03-01,130,1997,928033.0,928033.0,4124.307353215824,0.03416810538100227,360,230,Current,Current,none,0,0.0,0.0,0.0,0,46.055878,2.0150154e+06,47.655876,0.0,0.0,0,412
7876,2008-01-01,1994-07-01,162,1994,324754.0,324754.0,1168.135252318727,0.018,360,198,Current,Current,none,0,0.0,0.0,0.0,0,37.579662,864174.8,37.579662,0.0,0.0,0,884
7877,2008-01-01,2003-10-01,51,2003,337279.0,337279.0,2500.326813587664,0.040326070433568555,180,129,Current,Current,none,0,0.0,0.0,0.0,0,52.343067,644362.3,62.443066,0.0,0.0,0,620
7878,2008-01-01,2003-09-01,52,2003,203034.0,203034.0,920.1201503012077,0.035739936386122335,360,308,Current,Current,none,0,0.0,0.0,0.0,0,53.68428,378200.1,55.38428,0.0,0.0,0,766
7882,2008-01-01,2002-12-01,61,2002,277408.0,277408.0,1061.7745048493368,0.02259843075158417,360,299,Current,Current,none,0,0.0,0.0,0.0,0,46.30439,599096.56,46.504387,0.0,0.0,0,146
7883,2008-01-01,2000-05-01,92,2000,487131.0,487131.0,1836.513540583551,0.021468490850421084,360,268,Current,Current,none,0,0.0,0.0,0.0,0,38.431126,1.2675429e+06,38.731125,0.0,0.0,0,813
7894,2008-01-01,2007-03-01,10,2007,276130.0,276130.0,1240.410754369128,0.03503007759786096,360,350,Current,Current,none,0,0.0,0.0,0.0,0,52.928776,521701.1,57.928776,0.0,0.0,0,351
7900,2008-01-01,1995-07-01,150,1995,324391.0,324391.0,1862.4404691300572,0.056008795707121466,360,210,Current,Current,none,0,0.0,0.0,0.0,0,45.779293,708597.7,54.17929,0.0,0.0,0,341
7902,2008-01-01,2006-11-01,14,2006,380940.0,380940.0,2016.4965191055546,0.04877295093918156,360,346,Current,Current,none,0,0.0,0.0,0.0,0,83.07981,458522.94,90.47981,0.0,0.0,0,133
7903,2008-01-01,2001-11-01,74,2001,172287.0,172287.0,1225.7142037255487,0.034297443275983434,180,106,Current,Current,none,0,0.0,0.0,0.0,0,56.809395,303272.0,60.109398,0.0,0.0,0,605
7904,2008-01-01,1994-05-01,164,1994,262990.0,262990.0,945.9710735119568,0.018,360,196,Current,Current,none,0,0.0,0.0,0.0,0,25.32604,1.0384174e+06,25.32604,0.0,0.0,0,968
7906,2008-01-01,1999-12-01,97,1999,352707.0,352707.0,1415.4086102390645,0.026182944595059543,360,263,Current,Current,none,0,0.0,0.0,0.0,0,46.606384,756778.25,49.006386,0.0,0.0,0,746
7908,2008-01-01,1997-01-01,132,1997,942709.0,942709.0,3390.910090647489,0.018,360,228,Current,Current,none,0,0.0,0.0,0.0,0,24.656963,3.8232975e+06,32.456963,0.0,0.0,0,332
7910,2008-01-01,2002-07-01,66,2002,938084.0,938084.0,6125.706985391064,0.022052232719146414,180,114,Current,Current,none,0,0.0,0.0,0.0,0,43.018517,2.1806515e+06,47.81852,0.0,0.0,0,780
7912,2008-01-01,2005-02-01,35,2005,296267.0,296267.0,1934.7993293116624,0.02206457956863571,180,145,Current,Current,none,0,0.0,0.0,0.0,0,56.127995,527841.8,60.127995,0.0,0.0,0,387
7914,2008-01-01,2006-11-01,14,2006,461349.0,461349.0,3011.6998094170103,0.022009397319767306,180,166,Current,Current,none,0,0.0,0.0,0.0,0,88.23205,522881.44,97.93205,0.0,0.0,0,449
7916,2008-01-01,1997-10-01,123,1997,107563.0,107563.0,635.6467609483851,0.05865848202320507,360,237,Current,Current,none,0,0.0,0.0,0.0,0,46.46786,231478.27,56.76786,0.0,0.0,0,132
7917,2008-01-01,1995-11-01,146,1995,249600.0,249600.0,1216.9162013831185,0.04174784084275851,360,214,Current,Current,none,0,0.0,0.0,0.0,0,34.30754,727536.8,36.10754,0.0,0.0,0,666
7919,2008-01-01,1995-02-01,155,1995,397871.0,397871.0,1631.154396124294,0.027826124174401057,360,205,Current,Current,none,0,0.0,0.0,0.0,0,36.56443,1.0881368e+06,36.964428,0.0,0.0,0,319
7932,2008-01-01,2004-07-01,42,2004,139321.0,139321.0,501.13554101965605,0.018,360,318,Current,Current,none,0,0.0,0.0,0.0,0,55.120075,252759.08,77.62008,0.0,0.0,0,409
7936,2008-01-01,1996-04-01,141,1996,137095.0,137095.0,547.868446896104,0.02586384913622805,360,219,Current,Current,none,0,0.0,0.0,0.0,0,32.35457,423726.88,32.954567,0.0,0.0,0,530
7948,2008-01-01,2003-05-01,56,2003,619775.0,619775.0,3931.4838653303555,0.018,180,124,Current,Current,none,0,0.0,0.0,0.0,0,45.236908,1.3700649e+06,48.336906,0.0,0.0,0,650
7949,2008-01-01,1998-07-01,114,1998,643757.0,643757.0,2326.6257971495643,0.018348101523488466,360,246,Current,Current,none,0,0.0,0.0,0.0,0,23.42139,2.7485858e+06,23.42139,0.0,0.0,0,809
7951,2008-01-01,2003-06-01,55,2003,206461.0,206461.0,1053.1022628830988,0.045569240606987756,360,305,Current,Current,none,0,0.0,0.0,0.0,0,55.836193,369761.97,57.73619,0.0,0.0,0,580
7952,2008-01-01,1993-09-01,172,1993,676350.0,676350.0,3148.4134592175396,0.037919748080093414,360,188,Current,Current,none,0,0.0,0.0,0.0,0,37.75654,1.7913454e+06,39.75654,0.0,0.0,0,401
7955,2008-01-01,2005-06-01,31,2005,164314.0,164314.0,740.6553176149346,0.03530627042860871,360,329,Current,Current,none,0,0.0,0.0,0.0,0,84.16039,195239.11,88.96039,0.0,0.0,0,939
7963,2008-01-01,2001-11-01,74,2001,338822.0,338822.0,1378.2003226060217,0.027220521537199272,360,286,Current,Current,none,0,0.0,0.0,0.0,0,58.84072,575829.1,59.64072,0.0,0.0,0,664
7964,2008-01-01,2000-03-01,94,2000,527656.0,527656.0,3469.77086521407,0.023035698823034422,180,86,Current,Current,none,0,0.0,0.0,0.0,0,54.15047,974425.5,55.15047,0.0,0.0,0,837
7970,2008-01-01,2002-10-01,63,2002,331920.0,331920.0,1647.6283561043908,0.04325896037125267,360,297,Current,Current,none,0,0.0,0.0,0.0,0,61.27141,541720.8,61.47141,0.0,0.0,0,235
7972,2008-01-01,1998-07-01,114,1998,197404.0,197404.0,798.7386634397016,0.026814876012208753,360,246,Current,Current,none,0,0.0,0.0,0.0,0,43.17821,457184.3,43.17821,0.0,0.0,0,479
7982,2008-01-01,2007-12-01,1,2007,316519.0,316519.0,1235.8600102132361,0.024099246654472866,360,359,Current,Current,none,0,0.0,0.0,0.0,0,88.04799,359484.62,92.74799,0.0,0.0,0,460
7983,2008-01-01,1993-12-01,169,1993,277013.0,277013.0,1089.755727436914,0.02466765829720013,360,191,Current,Current,none,0,0.0,0.0,0.0,0,37.304554,742571.56,37.904552,0.0,0.0,0,283
7988,2008-01-01,2007-07-01,6,2007,170021.0,170021.0,706.3036390981928,0.02884891997155939,360,354,Current,Current,none,0,0.0,0.0,0.0,0,70.35451,241663.27,77.15451,0.0,0.0,0,115
7989,2008-01-01,2002-07-01,66,2002,251986.0,251986.0,1199.2806390333676,0.03974241084988257,360,294,Current,Current,none,0,0.0,0.0,0.0,0,54.08042,465946.8,54.180424,0.0,0.0,0,652
7990,2008-01-01,2001-09-01,76,2001,154354.0,154354.0,828.7990670626713,0.05002050237079727,360,284,Current,Current,none,0,0.0,0.0,0.0,0,48.055298,321200.8,49.555298,0.0,0.0,0,509
7992,2008-01-01,2005-11-01,26,2005,586294.0,586294.0,2737.3620778949685,0.03816416762963144,360,334,Current,Current,none,0,0.0,0.0,0.0,0,82.02609,714765.25,86.52609,0.0,0.0,0,456
8002,2008-01-01,2004-10-01,39,2004,292519.0,292519.0,1145.9386248591406,0.024349752294440266,360,321,Current,Current,none,0,0.0,0.0,0.0,0,76.74386,381162.75,79.24386,0.0,0.0,0,167
8008,2008-01-01,1999-03-01,106,1999,159446.0,159446.0,698.8997655983934,0.033068050157073786,360,254,Current,Current,none,0,0.0,0.0,0.0,0,45.087936,353633.38,52.68794,0.0,0.0,0,447
8010,2008-01-01,2006-01-01,24,2006,312571.0,312571.0,1550.623594063809,0.04320685671987998,360,336,Current,Current,none,0,0.0,0.0,0.0,0,86.67432,360627.0,94.67432,0.0,0.0,0,901
8011,2008-01-01,2002-03-01,70,2002,203425.0,203425.0,911.4486670223259,0.03482196202221718,360,290,Current,Current,none,0,0.0,0.0,0.0,0,51.011364,398783.7,52.711365,0.0,0.0,0,892
8012,2008-01-01,1993-10-01,171,1993,371433.0,371433.0,1518.1029660297456,0.027589453503639436,360,189,Current,Current,none,0,0.0,0.0,0.0,0,38.566494,963097.7,40.46649,0.0,0.0,0,123
8013,2008-01-01,1997-10-01,123,1997,175487.0,175487.0,1301.4779725786595,0.04038880438661451,180,57,Current,Current,none,0,0.0,0.0,0.0,0,30.355637,578103.5,47.255634,0.0,0.0,0,861
8015,2008-01-01,2005-04-01,33,2005,228480.0,228480.0,1254.1145270808477,0.05196499588314892,360,327,Current,Current,none,0,0.0,0.0,0.0,0,56.13036,407052.44,66.93036,0.0,0.0,0,860
8020,2008-01-01,1993-01-01,180,1993,285504.0,285504.0,1082.5739724284076,0.021897436143638007,360,180,Current,Current,none,0,0.0,0.0,0.0,0,38.939674,733195.6,39.439674,0.0,0.0,0,252
8021,2008-01-01,2002-07-01,66,2002,208964.0,208964.0,1396.5747831077263,0.02532765665271501,180,114,Current,Current,none,0,0.0,0.0,0.0,0,43.95842,475367.4,43.95842,0.0,0.0,0,473
8022,2008-01-01,2006-03-01,22,2006,176017.0,176017.0,719.002479863091,0.027545963044789103,360,338,Current,Current,none,0,0.0,0.0,0.0,0,84.17675,209104.06,105.67675,0.0,0.0,0,253
8024,2008-01-01,1995-04-01,153,1995,740217.0,740217.0,4695.4962564531315,0.018,180,27,Current,Current,none,0,0.0,0.0,0.0,0,29.267628,2.5291322e+06,29.667627,0.0,0.0,0,605
8026,2008-01-01,2006-10-01,15,2006,170916.0,170916.0,903.170910727018,0.048621692765013956,360,345,Current,Current,none,0,0.0,0.0,0.0,0,91.662865,186461.56,96.76286,0.0,0.0,0,965
8035,2008-01-01,1993-11-01,170,1993,564311.0,564311.0,2387.5904121772933,0.03027679602279196,360,190,Current,Current,none,0,0.0,0.0,0.0,0,34.04183,1.657699e+06,34.641827,0.0,0.0,0,739
8037,2008-01-01,1994-06-01,163,1994,230369.0,230369.0,1118.2642428825316,0.0413830502154261,360,197,Current,Current,none,0,0.0,0.0,0.0,0,20.079205,1.1473014e+06,20.079205,0.0,0.0,0,675
8043,2008-01-01,2002-01-01,72,2002,247622.0,247622.0,1702.8800642423812,0.02939869440028225,180,108,Current,Current,none,0,0.0,0.0,0.0,0,53.836235,459954.16,54.036236,0.0,0.0,0,375
8044,2008-01-01,2003-10-01,51,2003,356398.0,356398.0,1565.7026999875766,0.033246336216951736,360,309,Current,Current,none,0,0.0,0.0,0.0,0,56.45631,631281.06,56.65631,0.0,0.0,0,791
8056,2008-01-01,2000-12-01,85,2000,392094.0,392094.0,1410.3562192387437,0.018,360,275,Current,Current,none,0,0.0,0.0,0.0,0,40.190643,975585.3,40.29064,0.0,0.0,0,117
8062,2008-01-01,2000-03-01,94,2000,321366.0,321366.0,1344.2375726968792,0.02938392538631249,360,266,Current,Current,none,0,0.0,0.0,0.0,0,47.270454,679845.4,47.670456,0.0,0.0,0,706
8064,2008-01-01,2000-06-01,91,2000,862824.0,862824.0,3285.095519057258,0.022203903187781374,360,269,Current,Current,none,0,0.0,0.0,0.0,0,42.720566,2.0196925e+06,49.820564,0.0,0.0,0,212
8065,2008-01-01,2003-08-01,53,2003,466978.0,466978.0,2030.5445026218604,0.03243079502767715,360,307,Current,Current,none,0,0.0,0.0,0.0,0,67.79334,688825.7,67.99335,0.0,0.0,0,913
8074,2008-01-01,2007-02-01,11,2007,262288.0,262288.0,2111.119400499828,0.05269169407495166,180,169,Current,Current,none,0,0.0,0.0,0.0,0,103.24594,254041.95,111.74594,0.0,0.0,0,988
8075,2008-01-01,1996-12-01,133,1996,159727.0,159727.0,624.642702894671,0.024218348928575814,360,227,Current,Current,none,0,0.0,0.0,0.0,0,35.576866,448963.1,35.876865,0.0,0.0,0,916
8085,2008-01-01,1999-10-01,99,1999,724858.0,724858.0,3031.212140458274,0.029363710170246343,360,261,Current,Current,none,0,0.0,0.0,0.0,0,32.23579,2.2486125e+06,33.03579,0.0,0.0,0,651
8086,2008-01-01,2007-03-01,10,2007,120184.0,120184.0,990.1484026911403,0.05627414390214497,180,170,Current,Current,none,0,0.0,0.0,0.0,0,95.31439,126092.19,105.114395,0.0,0.0,0,217
8088,2008-01-01,2007-05-01,8,2007,253932.0,253932.0,1087.274062797461,0.0312132063130728,360,352,Current,Current,none,0,0.0,0.0,0.0,0,77.39841,328084.28,81.6984,0.0,0.0,0,604
8089,2008-01-01,2007-04-01,9,2007,131232.0,131232.0,617.510698118997,0.03880449982062418,360,351,Current,Current,none,0,0.0,0.0,0.0,0,86.339294,151995.69,108.839294,0.0,0.0,0,389
8090,2008-01-01,2006-09-01,16,2006,272362.0,272362.0,1240.9007313768273,0.036171066291635745,360,344,Current,Current,none,0,0.0,0.0,0.0,0,75.04578,362927.84,80.145775,0.0,0.0,0,742
8091,2008-01-01,1993-01-01,180,1993,192913.0,192913.0,693.9051587680601,0.018,360,180,Current,Current,none,0,0.0,0.0,0.0,0,27.284567,707040.75,27.784567,0.0,0.0,0,808
8092,2008-01-01,2001-07-01,78,2001,524246.0,524246.0,2404.3707514851367,0.036708191194086484,360,282,Current,Current,none,0,0.0,0.0,0.0,0,41.864994,1.25223e+06,43.164993,0.0,0.0,0,406
8096,2008-01-01,2002-01-01,72,2002,122658.0,122658.0,590.9035766945143,0.04074994237796887,360,288,Current,Current,none,0,0.0,0.0,0.0,0,61.459064,199576.75,70.95906,0.0,0.0,0,647
8098,2008-01-01,1994-04-01,165,1994,695789.0,695789.0,4775.76590859567,0.02912504000344175,180,15,Current,Current,none,0,0.0,0.0,0.0,0,39.562534,1.7587069e+06,40.562534,0.0,0.0,0,179
8102,2008-01-01,2001-03-01,82,2001,112846.0,112846.0,732.2833227861598,0.06754882963384837,360,278,Current,Current,none,0,0.0,0.0,0.0,0,57.62511,195827.83,76.92511,0.0,0.0,0,970
8104,2008-01-01,1993-02-01,179,1993,185542.0,185542.0,783.0815280673859,0.030082817047691043,360,181,Current,Current,none,0,0.0,0.0,0.0,0,32.43572,572029.9,46.335716,0.0,0.0,0,991
8109,2008-01-01,2003-09-01,52,2003,122363.0,122363.0,487.42167438690876,0.025617853677261274,360,308,Current,Current,none,0,0.0,0.0,0.0,0,61.13598,200148.92,62.935978,0.0,0.0,0,677
8110,2008-01-01,1994-05-01,164,1994,512428.0,512428.0,1877.5051964414524,0.01935330596142691,360,196,Current,Current,none,0,0.0,0.0,0.0,0,21.946148,2.3349338e+06,22.046148,0.0,0.0,0,825
8113,2008-01-01,1995-10-01,147,1995,192654.0,192654.0,692.9735396645215,0.018,360,213,Current,Current,none,0,0.0,0.0,0.0,0,40.65376,473889.75,47.95376,0.0,0.0,0,248
8114,2008-01-01,2005-04-01,33,2005,253976.0,253976.0,1073.910060585728,0.030228833211675826,360,327,Current,Current,none,0,0.0,0.0,0.0,0,82.48723,307897.38,86.287224,0.0,0.0,0,691
8121,2008-01-01,1998-11-01,110,1998,254455.0,254455.0,1686.3446109041488,0.024135652238902263,180,70,Current,Current,none,0,0.0,0.0,0.0,0,28.077343,906264.56,28.077343,0.0,0.0,0,854
8126,2008-01-01,2001-01-01,84,2001,447642.0,447642.0,3039.0367919077826,0.027558267690314234,180,96,Current,Current,none,0,0.0,0.0,0.0,0,47.305477,946279.44,47.405476,0.0,0.0,0,749
8127,2008-01-01,2007-06-01,7,2007,211381.0,211381.0,797.07140885972,0.021482718119249858,360,353,Current,Current,none,0,0.0,0.0,0.0,0,64.942635,325488.8,72.64263,0.0,0.0,0,941
8128,2008-01-01,1998-09-01,112,1998,244298.0,244298.0,952.3842795374006,0.023981381226340175,360,248,Current,Current,none,0,0.0,0.0,0.0,0,48.53618,503331.78,52.436176,0.0,0.0,0,458
8131,2008-01-01,2006-05-01,20,2006,152796.0,152796.0,1037.9565843044427,0.027644349903789917,180,160,Current,Current,none,0,0.0,0.0,0.0,0,54.319435,281291.56,62.519436,0.0,0.0,0,625
8134,2008-01-01,1999-09-01,100,1999,156204.0,156204.0,667.0377430567013,0.031002480760364933,360,260,Current,Current,none,0,0.0,0.0,0.0,0,52.916294,295190.75,52.916294,0.0,0.0,0,120
8137,2008-01-01,2005-05-01,32,2005,305961.0,305961.0,1764.9565584603274,0.056440023985392475,360,328,Current,Current,none,0,0.0,0.0,0.0,0,86.71745,352825.16,94.71745,0.0,0.0,0,304
8138,2008-01-01,2005-03-01,34,2005,345960.0,345960.0,2244.17737353689,0.06751249704061116,360,326,Current,Current,none,0,0.0,0.0,0.0,0,72.24703,478857.06,77.94703,0.0,0.0,0,796
8141,2008-01-01,2004-02-01,47,2004,119221.0,119221.0,472.94803447285295,0.02530310317062073,360,313,Current,Current,none,0,0.0,0.0,0.0,0,66.49935,179281.45,67.29935,0.0,0.0,0,260
8145,2008-01-01,2005-11-01,26,2005,424757.0,424757.0,1745.2044464318844,0.027995639465890693,360,334,Current,Current,none,0,0.0,0.0,0.0,0,56.504528,751722.06,60.40453,0.0,0.0,0,897
8149,2008-01-01,1999-04-01,105,1999,174927.0,174927.0,1253.77609589824,0.03537845003234899,180,75,Current,Current,none,0,0.0,0.0,0.0,0,30.194735,579329.5,30.294735,0.0,0.0,0,125
8150,2008-01-01,2003-01-01,60,2003,206419.0,206419.0,1125.450216667999,0.05137008442228937,360,300,30 DPD,Delinquent,none,0,0.0,0.0,0.0,1,48.128426,428892.06,48.128426,0.0,0.0,0,198
8152,2008-01-01,2000-09-01,88,2000,312987.0,312987.0,1262.6170791311167,0.026584608034813165,360,272,Current,Current,none,0,0.0,0.0,0.0,0,44.150894,708902.94,44.150894,0.0,0.0,0,613
8155,2008-01-01,2005-11-01,26,2005,509494.0,509494.0,2742.186230014352,0.05022826884839159,360,334,Current,Current,none,0,0.0,0.0,0.0,0,92.31874,551885.8,96.11874,0.0,0.0,0,689
8156,2008-01-01,2005-01-01,36,2005,106890.0,106890.0,624.649186403305,0.05762781277487514,360,324,Current,Current,none,0,0.0,0.0,0.0,0,68.23562,156648.39,70.93562,0.0,0.0,0,545
8160,2008-01-01,2000-04-01,93,2000,88690.0,88690.0,562.5965939512714,0.018,180,87,Current,Current,none,0,0.0,0.0,0.0,0,30.268827,293007.72,32.368828,0.0,0.0,0,251
8161,2008-01-01,2007-03-01,10,2007,418594.0,418594.0,1573.116365367364,0.021231778302721625,360,350,Current,Current,none,0,0.0,0.0,0.0,0,76.57101,546674.3,81.57101,0.0,0.0,0,971
8162,2008-01-01,2007-03-01,10,2007,355077.0,355077.0,1940.8317748626398,0.051592232184111846,360,350,Current,Current,none,0,0.0,0.0,0.0,0,96.05987,369641.34,107.759865,0.0,0.0,0,708
8165,2008-01-01,2007-05-01,8,2007,191739.0,191739.0,1499.8931758567228,0.04835630113897721,180,172,Current,Paid off,payoff,0,0.0,0.0,0.0,0,64.53411,297112.66,70.63411,0.0,0.0,0,261
8176,2008-01-01,2000-09-01,88,2000,420021.0,420021.0,1510.8092180978958,0.018,360,272,Current,Current,none,0,0.0,0.0,0.0,0,28.995552,1.4485705e+06,29.095552,0.0,0.0,0,123
8178,2008-01-01,1996-03-01,142,1996,646794.0,646794.0,2803.6563402273705,0.032183245228252555,360,218,Current,Current,none,0,0.0,0.0,0.0,0,34.465458,1.876644e+06,38.26546,0.0,0.0,0,532
8181,2008-01-01,2001-02-01,83,2001,166681.0,166681.0,628.0823119209743,0.021431107458902747,360,277,Current,Current,none,0,0.0,0.0,0.0,0,33.19874,502070.28,33.998737,0.0,0.0,0,460
8182,2008-01-01,2002-02-01,71,2002,158550.0,158550.0,704.397167009092,0.03414299069431837,360,289,Current,Current,none,0,0.0,0.0,0.0,0,63.899902,248122.45,64.5999,0.0,0.0,0,984
8185,2008-01-01,2003-10-01,51,2003,374780.0,374780.0,1741.6595880040488,0.037781642757247165,360,309,Current,Current,none,0,0.0,0.0,0.0,0,70.81235,529258.0,73.412346,0.0,0.0,0,949
8186,2008-01-01,2003-02-01,59,2003,1317018.0,1.317018e+06,6516.878312083028,0.042991366413109515,360,301,Current,Current,none,0,0.0,0.0,0.0,0,56.033295,2.3504202e+06,56.633297,0.0,0.0,0,582
8191,2008-01-01,2007-07-01,6,2007,514560.0,514560.0,2217.780027336809,0.03173249838110025,360,354,Current,Current,none,0,0.0,0.0,0.0,0,81.251526,633292.75,85.851524,0.0,0.0,0,471
8192,2008-01-01,1999-09-01,100,1999,396613.0,396613.0,1763.165795711559,0.03419365798570876,360,260,Current,Current,none,0,0.0,0.0,0.0,0,40.377434,982264.0,43.977432,0.0,0.0,0,850
8201,2008-01-01,2006-08-01,17,2006,204723.0,204723.0,965.6959151709996,0.039007043924929326,360,343,Current,Current,none,0,0.0,0.0,0.0,0,52.170692,392409.97,58.370693,0.0,0.0,0,574
8202,2008-01-01,1993-03-01,178,1993,229322.0,229322.0,829.7030924500389,0.018427793818500106,360,182,Current,Current,none,0,0.0,0.0,0.0,0,34.155716,671401.56,49.855713,0.0,0.0,0,668
8203,2008-01-01,1999-11-01,98,1999,645603.0,645603.0,2632.83341450055,0.027418566831218173,360,262,Current,Current,none,0,0.0,0.0,0.0,0,37.72867,1.7111735e+06,37.828667,0.0,0.0,0,475
8206,2008-01-01,2004-01-01,48,2004,178681.0,178681.0,655.5662463897289,0.01945337599498779,360,312,Current,Current,none,0,0.0,0.0,0.0,0,68.34731,261430.89,72.147316,0.0,0.0,0,530
8207,2008-01-01,1994-09-01,160,1994,507461.0,507461.0,2894.013509133188,0.05539866310631171,360,200,Current,Current,none,0,0.0,0.0,0.0,0,43.53285,1.1656968e+06,44.332848,0.0,0.0,0,356
8209,2008-01-01,1997-06-01,127,1997,574269.0,574269.0,3127.6068877162693,0.05127227164727309,360,233,Current,Current,none,0,0.0,0.0,0.0,0,36.639503,1.5673492e+06,36.739506,0.0,0.0,0,957
8210,2008-01-01,2001-08-01,77,2001,231837.0,231837.0,1778.9075242891115,0.04545282390274978,180,103,Current,Current,none,0,0.0,0.0,0.0,0,47.789974,485116.38,48.089977,0.0,0.0,0,799
8211,2008-01-01,1995-08-01,149,1995,380163.0,380163.0,2510.017378058963,0.023606144315799743,180,31,Current,Current,none,0,0.0,0.0,0.0,0,36.8473,1.0317255e+06,48.3473,0.0,0.0,0,298
8212,2008-01-01,2002-08-01,65,2002,363449.0,363449.0,1522.0808312785048,0.029476887840702206,360,295,Current,Current,none,0,0.0,0.0,0.0,0,58.40067,622337.06,61.00067,0.0,0.0,0,550
8217,2008-01-01,2005-06-01,31,2005,227037.0,227037.0,1019.8365230036871,0.035026741381916415,360,329,Current,Current,none,0,0.0,0.0,0.0,0,97.33244,233259.31,100.43245,0.0,0.0,0,955
8220,2008-01-01,2000-10-01,87,2000,198980.0,198980.0,1262.2107369988046,0.018,180,93,Current,Current,none,0,0.0,0.0,0.0,0,39.546055,503160.16,40.346058,0.0,0.0,0,393
8223,2008-01-01,1993-04-01,177,1993,138243.0,138243.0,499.2125631808837,0.018287021796802833,360,183,Current,Current,none,0,0.0,0.0,0.0,0,26.841486,515034.84,33.941486,0.0,0.0,0,548
8230,2008-01-01,2007-07-01,6,2007,550116.0,550116.0,2408.109338585891,0.03296195773675766,360,354,Current,Current,none,0,0.0,0.0,0.0,0,96.27459,571403.1,106.974594,0.0,0.0,0,715
8232,2008-01-01,1993-10-01,171,1993,241130.0,241130.0,962.9137199743274,0.02580784554477549,360,189,Current,Current,none,0,0.0,0.0,0.0,0,31.301004,770358.7,34.801003,0.0,0.0,0,381
8236,2008-01-01,1993-03-01,178,1993,328818.0,328818.0,1450.239793495386,0.033560215594777454,360,182,Current,Current,none,0,0.0,0.0,0.0,0,34.24501,960192.44,61.54501,0.0,0.0,0,467
8237,2008-01-01,2006-04-01,21,2006,309893.0,309893.0,2035.0507120919576,0.02284548929953254,180,159,Current,Current,none,0,0.0,0.0,0.0,0,79.008705,392226.4,86.008705,0.0,0.0,0,852
8244,2008-01-01,2003-04-01,57,2003,703234.0,703234.0,3728.5356915896896,0.04891306475842129,360,303,Current,Current,none,0,0.0,0.0,0.0,0,63.308144,1.1108112e+06,77.10815,0.0,0.0,0,473
8246,2008-01-01,2006-03-01,22,2006,205807.0,205807.0,740.2846827874645,0.018,360,338,Current,Current,none,0,0.0,0.0,0.0,0,74.24218,277210.34,79.24218,0.0,0.0,0,349
8249,2008-01-01,2005-09-01,28,2005,421194.0,421194.0,2118.8535361474287,0.04438856887063749,360,332,Current,Current,none,0,0.0,0.0,0.0,0,98.00658,429760.97,101.40658,0.0,0.0,0,589
8250,2008-01-01,2005-06-01,31,2005,350181.0,350181.0,1897.530339638037,0.05082440396593603,360,329,Current,Current,none,0,0.0,0.0,0.0,0,96.72915,362022.22,99.429146,0.0,0.0,0,751
8255,2008-01-01,1998-05-01,116,1998,460030.0,460030.0,1654.7209891923856,0.018,360,244,Current,Current,none,0,0.0,0.0,0.0,0,39.18127,1.1741069e+06,43.581272,0.0,0.0,0,111
8258,2008-01-01,2006-11-01,14,2006,364924.0,364924.0,1765.4110861652957,0.0410993717820627,360,346,Current,Current,none,0,0.0,0.0,0.0,0,93.06227,392128.84,99.96227,0.0,0.0,0,386
8259,2008-01-01,2000-07-01,90,2000,652116.0,652116.0,2345.6514414020426,0.018,360,270,Current,Current,none,0,0.0,0.0,0.0,0,38.809677,1.6802922e+06,38.809677,0.0,0.0,0,142
8260,2008-01-01,2001-04-01,81,2001,79757.0,79757.0,521.0026858074597,0.022102926772642317,180,99,Current,Current,none,0,0.0,0.0,0.0,0,46.234783,172504.33,57.434784,0.0,0.0,0,486
8265,2008-01-01,2006-01-01,24,2006,169292.0,169292.0,733.0190866032023,0.032095793819985105,360,336,Current,Current,none,0,0.0,0.0,0.0,0,72.19337,234498.0,77.293365,0.0,0.0,0,170
8267,2008-01-01,2007-05-01,8,2007,329278.0,329278.0,1318.9480386419211,0.026041587175250097,360,352,Current,Current,none,0,0.0,0.0,0.0,0,83.67108,393538.62,103.17108,0.0,0.0,0,204
8270,2008-01-01,1994-09-01,160,1994,166930.0,166930.0,1175.4053365579794,0.032800602265260125,180,20,Current,Current,none,0,0.0,0.0,0.0,0,32.778778,509262.44,32.97878,0.0,0.0,0,723
8272,2008-01-01,1997-09-01,124,1997,173765.0,173765.0,821.468388197822,0.039188148157937516,360,236,Current,Current,none,0,0.0,0.0,0.0,0,41.118256,422598.2,44.218254,0.0,0.0,0,758
8275,2008-01-01,2001-03-01,82,2001,201602.0,201602.0,1299.8447475348685,0.020271115195847254,180,98,Current,Current,none,0,0.0,0.0,0.0,0,50.978542,395464.44,51.07854,0.0,0.0,0,893
8277,2008-01-01,1998-10-01,111,1998,231981.0,231981.0,1084.1334132129857,0.03824219607918612,360,249,Current,Current,none,0,0.0,0.0,0.0,0,41.24582,562435.2,43.64582,0.0,0.0,0,161
8282,2008-01-01,2007-04-01,9,2007,257659.0,257659.0,1053.6397817096074,0.02762960353100982,360,351,Current,Current,none,0,0.0,0.0,0.0,0,50.355717,511677.75,54.355717,0.0,0.0,0,705
8285,2008-01-01,1994-07-01,162,1994,159881.0,159881.0,575.0895517098185,0.018,360,198,Current,Current,none,0,0.0,0.0,0.0,0,37.29887,428648.38,39.29887,0.0,0.0,0,202
8297,2008-01-01,1999-06-01,103,1999,617520.0,617520.0,3527.3135755026215,0.055543927052755966,360,257,Current,Current,none,0,0.0,0.0,0.0,0,37.007233,1.6686469e+06,37.007233,0.0,0.0,0,722
8298,2008-01-01,2000-03-01,94,2000,334145.0,334145.0,1201.914538038149,0.018,360,266,Current,Current,none,0,0.0,0.0,0.0,0,45.31321,737411.94,45.513206,0.0,0.0,0,878
8301,2008-01-01,2007-07-01,6,2007,215221.0,215221.0,951.8362176408804,0.03377957165151292,360,354,Current,Current,none,0,0.0,0.0,0.0,0,81.251526,264882.4,86.351524,0.0,0.0,0,395
8308,2008-01-01,2003-04-01,57,2003,129361.0,129361.0,484.893481879388,0.02103912996801006,360,303,Current,Current,none,0,0.0,0.0,0.0,0,41.417255,312336.0,43.017254,0.0,0.0,0,777
8315,2008-01-01,1996-04-01,141,1996,319334.0,319334.0,1509.0394783873285,0.03915529860984032,360,219,Current,Current,none,0,0.0,0.0,0.0,0,37.442974,852854.3,38.542973,0.0,0.0,0,597
8320,2008-01-01,2004-05-01,44,2004,578724.0,578724.0,2081.661521529844,0.018,360,316,Current,Current,none,0,0.0,0.0,0.0,0,53.75839,1.0765279e+06,59.358387,0.0,0.0,0,401
8328,2008-01-01,2007-10-01,3,2007,310978.0,310978.0,1389.8003669277048,0.03461759011278341,360,357,Current,Current,none,0,0.0,0.0,0.0,0,80.42331,386676.47,84.52331,0.0,0.0,0,984
8330,2008-01-01,1998-09-01,112,1998,695719.0,695719.0,3368.2581620520887,0.04116234514203207,360,248,Current,Current,none,0,0.0,0.0,0.0,0,48.482544,1.4349886e+06,50.082546,0.0,0.0,0,830
8333,2008-01-01,1996-03-01,142,1996,164777.0,164777.0,605.8237573153672,0.019608106084459453,360,218,Current,Current,none,0,0.0,0.0,0.0,0,32.556015,506133.78,34.656017,0.0,0.0,0,857
8334,2008-01-01,2003-04-01,57,2003,207583.0,207583.0,1434.5399857833459,0.030101134052265475,180,123,Current,Current,none,0,0.0,0.0,0.0,0,58.807926,352984.72,58.807926,0.0,0.0,0,388
8335,2008-01-01,2003-12-01,49,2003,764558.0,764558.0,3871.5586689267197,0.04494838559943312,360,311,Current,Current,none,0,0.0,0.0,0.0,0,72.80283,1.0501761e+06,82.40283,0.0,0.0,0,715
8336,2008-01-01,1999-01-01,108,1999,80258.0,80258.0,288.68681857835895,0.018,360,252,Current,Current,none,0,0.0,0.0,0.0,0,41.187473,194860.22,50.58747,0.0,0.0,0,989
8341,2008-01-01,1997-09-01,124,1997,568607.0,568607.0,2054.3148203033984,0.018322842564699827,360,236,Current,Current,none,0,0.0,0.0,0.0,0,31.835115,1.7861e+06,31.935114,0.0,0.0,0,660
8342,2008-01-01,2007-12-01,1,2007,204569.0,204569.0,877.9679900334298,0.031397680502702724,360,359,Current,Current,none,0,0.0,0.0,0.0,0,55.118652,371142.97,59.818653,0.0,0.0,0,821
8344,2008-01-01,1995-08-01,149,1995,180078.0,180078.0,737.8146674401175,0.027778808978285455,360,211,Current,Current,none,0,0.0,0.0,0.0,0,39.85427,451841.2,44.15427,0.0,0.0,0,677
8345,2008-01-01,2004-03-01,46,2004,258032.0,258032.0,1069.7607332152595,0.028692374517904816,360,314,Current,Current,none,0,0.0,0.0,0.0,0,45.562637,566323.7,46.062637,0.0,0.0,0,318
8346,2008-01-01,2005-05-01,32,2005,478591.0,478591.0,3189.6123797177584,0.024929824165664763,180,148,Current,Current,none,0,0.0,0.0,0.0,0,68.77933,695835.5,72.07933,0.0,0.0,0,637
8348,2008-01-01,2003-11-01,50,2003,131823.0,131823.0,484.92909836520045,0.019648417944120034,360,310,Current,Current,none,0,0.0,0.0,0.0,0,55.562855,237250.23,60.762856,0.0,0.0,0,187
8349,2008-01-01,2002-04-01,69,2002,311391.0,311391.0,1214.9335786915044,0.02404301572936898,360,291,Current,Current,none,0,0.0,0.0,0.0,0,43.133095,721930.6,46.633095,0.0,0.0,0,352
8351,2008-01-01,1994-03-01,166,1994,377733.0,377733.0,1752.4033277971162,0.037642833868869366,360,194,Current,Current,none,0,0.0,0.0,0.0,0,23.173378,1.63003e+06,23.873379,0.0,0.0,0,733
8355,2008-01-01,2004-11-01,38,2004,233055.0,233055.0,931.2738226926865,0.025857571377321607,360,322,Current,Current,none,0,0.0,0.0,0.0,0,53.856274,432735.1,57.156273,0.0,0.0,0,995
8356,2008-01-01,2002-02-01,71,2002,495686.0,495686.0,1936.9621774178672,0.02415932293353701,360,289,Current,Current,none,0,0.0,0.0,0.0,0,56.040554,884513.0,59.340553,0.0,0.0,0,138
8361,2008-01-01,2006-12-01,13,2006,329624.0,329624.0,1361.216706833634,0.028388073175552135,360,347,Current,Current,none,0,0.0,0.0,0.0,0,71.43788,461413.44,76.43788,0.0,0.0,0,860
8363,2008-01-01,2004-11-01,38,2004,188569.0,188569.0,688.2153247026602,0.019066207345838367,360,322,Current,Current,none,0,0.0,0.0,0.0,0,68.31001,276048.84,71.21001,0.0,0.0,0,525
8373,2008-01-01,2007-10-01,3,2007,235334.0,235334.0,1727.44391996211,0.03887024771932435,180,177,Current,Current,none,0,0.0,0.0,0.0,0,95.470245,246499.83,110.27025,0.0,0.0,0,421
8375,2008-01-01,1993-04-01,177,1993,174480.0,174480.0,669.2061413086194,0.022754055155762804,360,183,Current,Current,none,0,0.0,0.0,0.0,0,22.6293,771035.8,26.6293,0.0,0.0,0,220
8376,2008-01-01,1998-06-01,115,1998,119045.0,119045.0,524.5742172841021,0.033488871495106695,360,245,Current,Current,none,0,0.0,0.0,0.0,0,35.586685,334521.2,43.286682,0.0,0.0,0,446
8377,2008-01-01,2007-10-01,3,2007,235003.0,235003.0,1199.918638280087,0.04565710638118351,360,357,Current,Current,none,0,0.0,0.0,0.0,0,80.00822,293723.56,84.00822,0.0,0.0,0,426
8379,2008-01-01,2006-10-01,15,2006,320586.0,320586.0,1255.8569164652743,0.024347717805310216,360,345,Current,Current,none,0,0.0,0.0,0.0,0,83.80912,382519.25,89.00912,0.0,0.0,0,210
8380,2008-01-01,2002-02-01,71,2002,283196.0,283196.0,1095.5540083394774,0.023400205547521223,360,289,Current,Current,none,0,0.0,0.0,0.0,0,46.814365,604933.94,46.914368,0.0,0.0,0,562
8381,2008-01-01,2007-12-01,1,2007,193497.0,193497.0,731.8570940404412,0.021709494477689467,360,359,Current,Current,none,0,0.0,0.0,0.0,0,80.44891,240521.58,84.848915,0.0,0.0,0,876
8382,2008-01-01,2004-07-01,42,2004,473112.0,473112.0,2286.53068761527,0.041016803929525635,360,318,Current,Current,none,0,0.0,0.0,0.0,0,72.84042,649518.44,86.740425,0.0,0.0,0,116
8384,2008-01-01,1996-08-01,137,1996,140549.0,140549.0,509.23551231732796,0.018531411569906633,360,223,Current,Current,none,0,0.0,0.0,0.0,0,35.300667,398148.28,36.800667,0.0,0.0,0,118
8389,2008-01-01,2005-09-01,28,2005,303463.0,303463.0,2453.845210127051,0.05339933515726695,180,152,Current,Current,none,0,0.0,0.0,0.0,0,89.18183,340274.47,91.98183,0.0,0.0,0,121
8392,2008-01-01,2007-09-01,4,2007,153040.0,153040.0,700.413306668056,0.036536759629599465,360,356,Current,Current,none,0,0.0,0.0,0.0,0,85.64672,178687.53,90.94672,0.0,0.0,0,751
8393,2008-01-01,1997-04-01,129,1997,474444.0,474444.0,2663.5274429491164,0.053979006492286985,360,231,Current,Current,none,0,0.0,0.0,0.0,0,43.126007,1.1001342e+06,59.826008,0.0,0.0,0,150
8394,2008-01-01,1997-05-01,128,1997,73390.0,73390.0,295.8905298137433,0.02654026658918878,360,232,Current,Current,none,0,0.0,0.0,0.0,0,39.683884,184936.53,39.683884,0.0,0.0,0,498
8397,2008-01-01,2000-10-01,87,2000,444901.0,444901.0,1600.302203796886,0.018,360,273,Current,Current,none,0,0.0,0.0,0.0,0,31.2968,1.4215542e+06,31.2968,0.0,0.0,0,959
8400,2008-01-01,2004-12-01,37,2004,247480.0,247480.0,1101.1379814918475,0.03426288965428321,360,323,Current,Current,none,0,0.0,0.0,0.0,0,69.74669,354826.9,69.84669,0.0,0.0,0,940
8409,2008-01-01,1999-01-01,108,1999,255555.0,255555.0,1561.3076123809024,0.06176544998628334,360,252,Current,Current,none,0,0.0,0.0,0.0,0,43.734592,584331.5,44.134594,0.0,0.0,0,113
8411,2008-01-01,2005-05-01,32,2005,493892.0,493892.0,1975.539485005422,0.02593403126228029,360,328,Current,Current,none,0,0.0,0.0,0.0,0,73.437294,672535.7,79.53729,0.0,0.0,0,903
8413,2008-01-01,2005-05-01,32,2005,108571.0,108571.0,390.5282536304295,0.018,360,328,Current,Current,none,0,0.0,0.0,0.0,0,85.726395,126648.27,88.626396,0.0,0.0,0,725
8414,2008-01-01,2001-09-01,76,2001,366617.0,366617.0,1740.839820184887,0.039552466428992905,360,284,Current,Current,none,0,0.0,0.0,0.0,0,53.319782,687581.56,58.91978,0.0,0.0,0,753
8418,2008-01-01,1998-09-01,112,1998,277859.0,277859.0,1156.3003072386512,0.02898439624521223,360,248,Current,Current,none,0,0.0,0.0,0.0,0,27.88819,996332.1,27.88819,0.0,0.0,0,862
8421,2008-01-01,2006-09-01,16,2006,310540.0,310540.0,1358.6106629959465,0.032917210959445546,360,344,Current,Current,none,0,0.0,0.0,0.0,0,65.3555,475155.1,70.3555,0.0,0.0,0,644
8424,2008-01-01,2006-03-01,22,2006,424092.0,424092.0,2361.265348518357,0.053237653270893796,360,338,Current,Current,none,0,0.0,0.0,0.0,0,85.67227,495016.62,94.972275,0.0,0.0,0,976
8425,2008-01-01,2007-02-01,11,2007,285748.0,285748.0,1535.5869215713005,0.05009330534699941,360,349,Current,Current,none,0,0.0,0.0,0.0,0,100.68613,283800.78,105.58612,0.0,0.0,0,817
8426,2008-01-01,2005-10-01,27,2005,460872.0,460872.0,2659.349632044499,0.05646675425858283,360,333,Current,Current,none,0,0.0,0.0,0.0,0,73.037155,631010.3,77.13715,0.0,0.0,0,129
8427,2008-01-01,1998-10-01,111,1998,265096.0,265096.0,1139.8079310189892,0.03154101044262669,360,249,Current,Current,none,0,0.0,0.0,0.0,0,29.092554,911216.0,29.292553,0.0,0.0,0,411
8429,2008-01-01,2001-12-01,73,2001,90721.0,90721.0,336.59755685394015,0.020280743683070986,360,287,Current,Current,none,0,0.0,0.0,0.0,0,64.31013,141067.98,79.910126,0.0,0.0,0,160
8430,2008-01-01,2005-03-01,34,2005,214388.0,214388.0,1505.8646176170437,0.03244501112465757,180,146,Current,Current,none,0,0.0,0.0,0.0,0,58.490273,366536.16,65.890274,0.0,0.0,0,157
8431,2008-01-01,1994-05-01,164,1994,314663.0,314663.0,2199.3623849866362,0.031735292646205455,180,16,Current,Current,none,0,0.0,0.0,0.0,0,26.761337,1.175812e+06,29.361336,0.0,0.0,0,856
8435,2008-01-01,2003-01-01,60,2003,307562.0,307562.0,1452.387137705957,0.03909729974038372,360,300,Current,Current,none,0,0.0,0.0,0.0,0,51.411606,598234.56,57.211605,0.0,0.0,0,396
8444,2008-01-01,2004-09-01,40,2004,208767.0,208767.0,959.3294039840223,0.0368653220234377,360,320,Current,Current,none,0,0.0,0.0,0.0,0,46.511726,448848.1,47.31173,0.0,0.0,0,389
8445,2008-01-01,2008-01-01,0,2008,151551.0,151551.0,577.2228880352068,0.022231289548064827,360,360,Current,Current,none,0,0.0,0.0,0.0,0,84.5,179350.3,90.7,0.0,0.0,0,260
8448,2008-01-01,2005-08-01,29,2005,344834.0,344834.0,1624.1290059318158,0.03888133941622768,360,331,Current,Current,none,0,0.0,0.0,0.0,0,74.96586,459988.06,78.36586,0.0,0.0,0,714
8449,2008-01-01,2002-03-01,70,2002,384539.0,384539.0,1570.0380763372104,0.027509402554615987,360,290,Current,Current,none,0,0.0,0.0,0.0,0,59.421345,647139.5,61.421345,0.0,0.0,0,649
8450,2008-01-01,2002-10-01,63,2002,362038.0,362038.0,1910.5740850765903,0.04850588504222692,360,297,Current,Current,none,0,0.0,0.0,0.0,0,66.211464,546790.5,66.41146,0.0,0.0,0,835
8455,2008-01-01,2006-09-01,16,2006,260790.0,260790.0,1061.9575878776182,0.027304792576142354,360,344,Current,Current,none,0,0.0,0.0,0.0,0,75.261116,346513.6,80.46111,0.0,0.0,0,463
8461,2008-01-01,2006-02-01,23,2006,299242.0,299242.0,1076.3689721277044,0.018,360,337,Current,Current,none,0,0.0,0.0,0.0,0,63.443382,471667.78,69.64339,0.0,0.0,0,551
8464,2008-01-01,2007-12-01,1,2007,467935.0,467935.0,1948.4464009006049,0.029030353063035606,360,359,Current,Current,none,0,0.0,0.0,0.0,0,83.38722,561159.1,98.48722,0.0,0.0,0,569
8466,2008-01-01,2004-11-01,38,2004,287203.0,287203.0,1235.1445542813212,0.031559227526280396,360,322,Current,Current,none,0,0.0,0.0,0.0,0,81.843124,350918.9,82.04312,0.0,0.0,0,669
8469,2008-01-01,2005-09-01,28,2005,222464.0,222464.0,938.4635975954894,0.0300455334599679,360,332,Current,Current,none,0,0.0,0.0,0.0,0,85.23665,260995.7,89.03665,0.0,0.0,0,572
8470,2008-01-01,1995-06-01,151,1995,92016.0,92016.0,457.1842330679528,0.04333711913715789,360,209,Current,Current,none,0,0.0,0.0,0.0,0,42.221928,217934.14,42.32193,0.0,0.0,0,953
8471,2008-01-01,2002-01-01,72,2002,664660.0,664660.0,2390.772020686936,0.018,360,288,Current,Current,none,0,0.0,0.0,0.0,0,56.558674,1.175169e+06,68.658676,0.0,0.0,0,557
8482,2008-01-01,2001-05-01,80,2001,272749.0,272749.0,1328.1258086628688,0.04164384020513127,360,280,Current,Current,none,0,0.0,0.0,0.0,0,52.73119,517244.2,60.73119,0.0,0.0,0,237
8484,2008-01-01,2001-01-01,84,2001,449446.0,449446.0,1998.5289924880356,0.03421333625308156,360,276,Current,Current,none,0,0.0,0.0,0.0,0,59.945805,749753.9,60.345806,0.0,0.0,0,587
8485,2008-01-01,1999-09-01,100,1999,473914.0,473914.0,2291.611337364405,0.04106061101850596,360,260,Current,Current,none,0,0.0,0.0,0.0,0,30.196798,1.569418e+06,57.6968,0.0,0.0,0,731
8487,2008-01-01,1999-05-01,104,1999,295721.0,295721.0,1337.528947577799,0.035581008345633255,360,256,Current,Current,none,0,0.0,0.0,0.0,0,44.816013,659855.7,45.71601,0.0,0.0,1,183
8489,2008-01-01,2007-12-01,1,2007,538092.0,538092.0,3598.6903206542934,0.0254240412215865,180,179,Current,Current,none,0,0.0,0.0,0.0,0,71.2287,755442.7,75.8287,0.0,0.0,0,930
8490,2008-01-01,2006-05-01,20,2006,197497.0,197497.0,710.3937378052052,0.018,360,340,Current,Current,none,0,0.0,0.0,0.0,0,84.17357,234630.66,89.17357,0.0,0.0,0,198
8491,2008-01-01,2004-06-01,43,2004,201180.0,201180.0,827.2421125706902,0.02805652535040494,360,317,Current,Current,none,0,0.0,0.0,0.0,0,51.11853,393555.9,51.718533,0.0,0.0,0,256
8492,2008-01-01,1998-06-01,115,1998,216249.0,216249.0,885.9332158832233,0.027771743882462625,360,245,Current,Current,none,0,0.0,0.0,0.0,0,49.50503,436822.28,50.40503,0.0,0.0,0,231
8496,2008-01-01,2001-06-01,79,2001,179171.0,179171.0,976.6423987976343,0.05134790835768763,360,281,Current,Current,none,0,0.0,0.0,0.0,0,51.446342,348267.72,51.54634,0.0,0.0,0,365
8497,2008-01-01,2002-08-01,65,2002,545657.0,545657.0,1962.7200199981512,0.018,360,295,Current,Current,none,0,0.0,0.0,0.0,0,62.483612,873280.2,64.48361,0.0,0.0,0,403
8499,2008-01-01,1997-01-01,132,1997,217997.0,217997.0,1483.3558987089862,0.02788346241930677,180,48,Current,Current,none,0,0.0,0.0,0.0,0,20.897387,1.0431783e+06,20.897387,0.0,0.0,0,223
8504,2008-01-01,2002-09-01,64,2002,80218.0,80218.0,324.5990917405029,0.026819598218433452,360,296,Current,Current,none,0,0.0,0.0,0.0,0,53.990227,148578.75,54.690228,0.0,0.0,0,683
8507,2008-01-01,1997-05-01,128,1997,266601.0,266601.0,1197.6421269854875,0.035032552657024006,360,232,Current,Current,none,0,0.0,0.0,0.0,0,29.911728,891292.56,34.61173,0.0,0.0,0,507
8508,2008-01-01,2006-03-01,22,2006,208268.0,208268.0,924.2109919823093,0.03405034631142428,360,338,Current,Current,none,0,0.0,0.0,0.0,0,102.87082,202455.86,121.67082,0.0,0.0,0,602
8513,2008-01-01,2005-11-01,26,2005,377952.0,377952.0,1849.9726625758728,0.042078064702964484,360,334,Current,Current,none,0,0.0,0.0,0.0,0,97.14998,389039.72,104.84998,0.0,0.0,0,863
8514,2008-01-01,2003-04-01,57,2003,248920.0,248920.0,1247.7535703571937,0.0440856381717644,360,303,Current,Current,none,0,0.0,0.0,0.0,0,60.333424,412573.97,60.833424,0.0,0.0,0,668
8516,2008-01-01,2000-08-01,89,2000,150792.0,150792.0,1030.368785600983,0.028482070771172735,180,91,Current,Current,none,0,0.0,0.0,0.0,0,50.43585,298977.8,50.43585,0.0,0.0,0,388
8518,2008-01-01,1998-10-01,111,1998,497302.0,497302.0,1957.8125398953339,0.024723889459819313,360,249,Current,Current,none,0,0.0,0.0,0.0,0,38.664597,1.2861948e+06,39.564594,0.0,0.0,0,674
8519,2008-01-01,1994-12-01,157,1994,367781.0,367781.0,2369.726451721598,0.02017847472219011,180,23,Current,Current,none,0,0.0,0.0,0.0,0,35.995686,1.0217363e+06,35.995686,0.0,0.0,0,932
8522,2008-01-01,2007-09-01,4,2007,288471.0,288471.0,1037.6258471693513,0.018,360,356,Current,Current,none,0,0.0,0.0,0.0,0,87.42666,329957.7,92.12666,0.0,0.0,0,652
8526,2008-01-01,2002-07-01,66,2002,351101.0,351101.0,1733.8158082523355,0.04282127056292191,360,294,Current,Current,none,0,0.0,0.0,0.0,0,65.865326,533058.94,65.865326,0.0,0.0,0,434
8528,2008-01-01,2003-05-01,56,2003,216832.0,216832.0,1012.4022350275127,0.03816660557735832,360,304,Current,Current,none,0,0.0,0.0,0.0,0,67.20031,322665.16,69.70031,0.0,0.0,0,483
8532,2008-01-01,2005-09-01,28,2005,113554.0,113554.0,545.0813604549427,0.04045108515374506,360,332,Current,Current,none,0,0.0,0.0,0.0,0,78.48832,144676.31,82.68832,0.0,0.0,0,598
8536,2008-01-01,2007-05-01,8,2007,620384.0,620384.0,4026.597507473219,0.021200010484265664,180,172,Current,Current,none,0,0.0,0.0,0.0,0,83.45844,743344.8,88.45844,0.0,0.0,0,842
8537,2008-01-01,2002-05-01,68,2002,233415.0,233415.0,999.9383290176202,0.03125360373135496,360,292,Current,Current,none,0,0.0,0.0,0.0,0,55.213013,422753.6,55.513016,0.0,0.0,0,558
8539,2008-01-01,1996-10-01,135,1996,308823.0,308823.0,2221.8262343840124,0.035928265136707035,180,45,Current,Current,none,0,0.0,0.0,0.0,0,34.756195,888540.9,38.056194,0.0,0.0,0,629
8541,2008-01-01,1996-11-01,134,1996,251042.0,251042.0,1616.9621203329245,0.020128426850549747,180,46,Current,Current,none,0,0.0,0.0,0.0,0,33.21179,755882.2,35.91179,0.0,0.0,0,929
8542,2008-01-01,1995-09-01,148,1995,329016.0,329016.0,1571.9580935204322,0.040062481139086684,360,212,Current,Current,none,0,0.0,0.0,0.0,0,35.881413,916953.8,37.981415,0.0,0.0,0,608
8543,2008-01-01,1998-05-01,116,1998,669236.0,669236.0,2909.3233562238647,0.03241192544691596,360,244,Current,Current,none,0,0.0,0.0,0.0,0,31.971916,2.0931995e+06,33.271915,0.0,0.0,0,602
8545,2008-01-01,1998-04-01,117,1998,182279.0,182279.0,812.0450854797825,0.03436286281808985,360,243,Current,Current,none,0,0.0,0.0,0.0,0,38.513382,473287.44,41.31338,0.0,0.0,0,769
8547,2008-01-01,1997-12-01,121,1997,225436.0,225436.0,810.8899004838263,0.018,360,239,Current,Current,none,0,0.0,0.0,0.0,0,28.428816,792984.1,30.128815,0.0,0.0,0,489
8551,2008-01-01,1999-04-01,105,1999,291640.0,291640.0,1229.9387285749215,0.030023694871499557,360,255,Current,Current,none,0,0.0,0.0,0.0,0,52.550983,554965.8,73.650986,0.0,0.0,0,728
8552,2008-01-01,2007-01-01,12,2007,462988.0,462988.0,2598.6079943289637,0.05395805233426254,360,348,Current,Current,none,0,0.0,0.0,0.0,0,77.32609,598747.44,85.22609,0.0,0.0,0,664
8553,2008-01-01,2004-04-01,45,2004,179949.0,179949.0,647.2738458017534,0.018,360,315,Current,Current,none,0,0.0,0.0,0.0,0,73.82655,243745.62,73.82655,0.0,0.0,0,872
8559,2008-01-01,1993-06-01,175,1993,247679.0,247679.0,1351.9652142955706,0.051472010551401604,360,185,Current,Current,none,0,0.0,0.0,0.0,0,39.28451,630474.94,49.984512,0.0,0.0,0,758
8565,2008-01-01,2006-04-01,21,2006,505161.0,505161.0,3920.3143702365323,0.047154924250587864,180,159,Current,Current,none,0,0.0,0.0,0.0,0,77.29112,653582.2,83.29112,0.0,0.0,0,897
8570,2008-01-01,1998-04-01,117,1998,209620.0,209620.0,826.6005131863585,0.02484834135624295,360,243,Current,Current,none,0,0.0,0.0,0.0,0,21.637894,968763.4,21.637894,0.0,0.0,0,717
8574,2008-01-01,1998-08-01,113,1998,135145.0,135145.0,875.3825531184499,0.02091612013725464,180,67,Current,Current,none,0,0.0,0.0,0.0,0,37.721207,358273.28,37.721207,0.0,0.0,0,177
8575,2008-01-01,1997-07-01,126,1997,157784.0,157784.0,775.820771349068,0.04245867606248882,360,234,Current,Current,none,0,0.0,0.0,0.0,0,39.890804,395539.78,40.290806,0.0,0.0,0,678
8578,2008-01-01,1995-06-01,151,1995,295229.0,295229.0,1401.613854625137,0.03953785217861979,360,209,Current,Current,none,0,0.0,0.0,0.0,0,34.213505,862901.94,34.213505,0.0,0.0,0,786
8579,2008-01-01,2002-03-01,70,2002,193634.0,193634.0,1228.2988935974797,0.018,180,110,Current,Current,none,0,0.0,0.0,0.0,0,47.90932,404167.7,48.10932,0.0,0.0,0,653
8580,2008-01-01,1998-10-01,111,1998,122945.0,122945.0,614.8085239011359,0.04388264478124741,360,249,Current,Current,none,0,0.0,0.0,0.0,0,40.439186,304024.4,42.03919,0.0,0.0,0,727
8584,2008-01-01,1993-03-01,178,1993,389477.0,389477.0,1900.5988208231427,0.04182347676086443,360,182,Current,Current,none,0,0.0,0.0,0.0,0,39.692066,981246.5,44.792065,0.0,0.0,0,849
8585,2008-01-01,1997-02-01,131,1997,170008.0,170008.0,922.9987148234374,0.050994319900129086,360,229,Current,Current,none,0,0.0,0.0,0.0,0,41.63234,408355.62,41.732338,0.0,0.0,0,982
8586,2008-01-01,2005-03-01,34,2005,322821.0,322821.0,1341.225869003041,0.028858087769166738,360,326,Current,Current,none,0,0.0,0.0,0.0,0,59.548485,542114.56,66.14848,0.0,0.0,0,552
8587,2008-01-01,2001-03-01,82,2001,284251.0,284251.0,1263.5221492900187,0.034185297214278106,360,278,Current,Current,none,0,0.0,0.0,0.0,0,32.71661,868827.8,33.21661,0.0,0.0,0,723
8588,2008-01-01,2003-07-01,54,2003,253499.0,253499.0,1359.3326160622933,0.049902843265803395,360,306,Current,Current,none,0,0.0,0.0,0.0,0,69.65477,363936.3,70.45477,0.0,0.0,0,954
8593,2008-01-01,1995-01-01,156,1995,251880.0,251880.0,986.1593314235652,0.02430549420781936,360,204,Current,Current,none,0,0.0,0.0,0.0,0,41.211452,611189.3,46.51145,0.0,0.0,0,830
8594,2008-01-01,2004-12-01,37,2004,220189.0,220189.0,958.207907647651,0.032494328761791376,360,323,Current,Current,none,0,0.0,0.0,0.0,0,69.375694,317386.38,69.375694,0.0,0.0,0,147
8595,2008-01-01,1997-12-01,121,1997,169601.0,169601.0,694.7124125224589,0.02775926222609161,360,239,Current,Current,none,0,0.0,0.0,0.0,0,25.99206,652510.8,26.09206,0.0,0.0,0,533
8596,2008-01-01,1994-12-01,157,1994,397527.0,397527.0,1477.298626550439,0.020399852053208795,360,203,Current,Current,none,0,0.0,0.0,0.0,0,34.9659,1.136899e+06,35.265903,0.0,0.0,0,556
8600,2008-01-01,1995-09-01,148,1995,990560.0,990560.0,4814.288714583506,0.04148514198856658,360,212,Current,Current,none,0,0.0,0.0,0.0,0,34.495846,2.8715342e+06,35.395847,0.0,0.0,0,611
8601,2008-01-01,1995-12-01,145,1995,440295.0,440295.0,1706.9527157404782,0.02356175261735152,360,215,Current,Current,none,0,0.0,0.0,0.0,0,38.11733,1.1551046e+06,39.717327,0.0,0.0,0,222
8603,2008-01-01,2007-07-01,6,2007,202199.0,202199.0,880.8635882116779,0.03257934487793737,360,354,Current,Current,none,0,0.0,0.0,0.0,0,86.75293,233074.55,90.95293,0.0,0.0,0,288
8609,2008-01-01,2002-10-01,63,2002,356268.0,356268.0,1316.2854418290565,0.019969098885435698,360,297,Current,Current,none,0,0.0,0.0,0.0,0,55.44657,642542.9,62.54657,0.0,0.0,0,782
8612,2008-01-01,2006-07-01,18,2006,383276.0,383276.0,1456.162959291886,0.022044196014386973,360,342,Current,Current,none,0,0.0,0.0,0.0,0,97.010506,395087.1,106.81051,0.0,0.0,0,349
8614,2008-01-01,2006-01-01,24,2006,346115.0,346115.0,2021.7482624011902,0.05758708010297203,360,336,Current,Current,none,0,0.0,0.0,0.0,0,73.67317,469797.88,78.77317,0.0,0.0,0,136
8621,2008-01-01,2003-03-01,58,2003,175399.0,175399.0,735.8802913425972,0.02961797135596486,360,302,Current,Current,none,0,0.0,0.0,0.0,0,60.69485,288984.97,63.094852,0.0,0.0,0,686
8622,2008-01-01,1995-11-01,146,1995,237647.0,237647.0,1035.7391195812966,0.03261376111683022,360,214,Current,Current,none,0,0.0,0.0,0.0,0,35.07099,677617.0,35.970993,0.0,0.0,0,239
8623,2008-01-01,2002-10-01,63,2002,163720.0,163720.0,1043.7989291973745,0.06583225609595492,360,297,Current,Current,none,0,0.0,0.0,0.0,0,66.358925,246718.88,72.65893,0.0,0.0,0,438
8627,2008-01-01,1993-03-01,178,1993,707252.0,707252.0,2826.622181024911,0.02587069030320384,360,182,Current,Current,none,0,0.0,0.0,0.0,0,20.404133,3.4662195e+06,20.504133,0.0,0.0,0,577
8629,2008-01-01,1997-09-01,124,1997,588805.0,588805.0,3997.1138867596896,0.02754838302952507,180,56,Current,Current,none,0,0.0,0.0,0.0,0,42.329098,1.3910171e+06,42.329098,0.0,0.0,0,308
8630,2008-01-01,2002-04-01,69,2002,257401.0,257401.0,985.1363988584711,0.02259373869356926,360,291,Current,Current,none,0,0.0,0.0,0.0,0,48.010826,536131.2,49.810825,0.0,0.0,0,707
8634,2008-01-01,1997-10-01,123,1997,267816.0,267816.0,1039.6546449854068,0.023661565410421016,360,237,Current,Current,none,0,0.0,0.0,0.0,0,35.659035,751046.7,44.259033,0.0,0.0,0,528
8635,2008-01-01,2005-05-01,32,2005,167085.0,167085.0,611.5483868239293,0.019276171058999293,360,328,Current,Current,none,0,0.0,0.0,0.0,0,82.356804,202879.4,89.9568,0.0,0.0,0,508
8639,2008-01-01,2000-08-01,89,2000,717811.0,717811.0,3258.5517500425976,0.0358774126425189,360,271,Current,Current,none,0,0.0,0.0,0.0,0,42.21667,1.7003022e+06,42.41667,0.0,0.0,0,735
8640,2008-01-01,1995-10-01,147,1995,348393.0,348393.0,1551.2491449678835,0.034320168692889286,360,213,Current,Current,none,0,0.0,0.0,0.0,0,35.685497,976287.4,39.5855,0.0,0.0,0,616
8641,2008-01-01,2003-05-01,56,2003,423124.0,423124.0,2050.6907587316673,0.04125087151471595,360,304,Current,Current,none,0,0.0,0.0,0.0,0,67.35444,628205.06,71.85444,0.0,0.0,0,958
8648,2008-01-01,2006-12-01,13,2006,235133.0,235133.0,1127.8386683190051,0.04038886702928467,360,347,Current,Current,none,0,0.0,0.0,0.0,0,71.866295,327181.2,86.366295,0.0,0.0,0,510
8649,2008-01-01,2004-06-01,43,2004,41470.0,41470.0,167.34875194656922,0.026609871404156993,360,317,Current,Current,none,0,0.0,0.0,0.0,0,72.23462,57410.145,72.93462,0.0,0.0,0,143
8651,2008-01-01,1995-02-01,155,1995,285382.0,285382.0,1206.5055916730323,0.030215772134241335,360,205,Current,Current,none,0,0.0,0.0,0.0,0,35.114944,812708.1,35.614944,0.0,0.0,0,619
8653,2008-01-01,1998-07-01,114,1998,217054.0,217054.0,1259.4108552351654,0.056972990432181375,360,246,Current,Current,none,0,0.0,0.0,0.0,0,49.710705,436634.3,52.310707,0.0,0.0,0,328
8654,2008-01-01,1994-07-01,162,1994,239361.0,239361.0,1019.7728337996571,0.030820059530628805,360,198,Current,Current,none,0,0.0,0.0,0.0,0,39.124035,611800.44,39.524033,0.0,0.0,0,165
8657,2008-01-01,1993-10-01,171,1993,136582.0,136582.0,560.6746248598112,0.027926543579550742,360,189,Current,Current,none,0,0.0,0.0,0.0,0,31.666563,431313.0,31.766563,0.0,0.0,0,874
8660,2008-01-01,2002-02-01,71,2002,648365.0,648365.0,2413.3860237992303,0.020520239607322598,360,289,Current,Current,none,0,0.0,0.0,0.0,0,59.047607,1.0980376e+06,62.94761,0.0,0.0,0,128
8662,2008-01-01,2005-09-01,28,2005,284833.0,284833.0,1231.876296507828,0.03200436165546581,360,332,Current,Current,none,0,0.0,0.0,0.0,0,81.08383,351282.12,83.68383,0.0,0.0,0,866
8668,2008-01-01,2004-10-01,39,2004,685248.0,685248.0,4517.951188750554,0.06910703521956535,360,321,Current,Current,none,0,0.0,0.0,0.0,0,64.684105,1.0593761e+06,64.88411,0.0,0.0,0,440
8670,2008-01-01,2007-05-01,8,2007,326872.0,326872.0,1227.290843394256,0.021163579048450478,360,352,Current,Current,none,0,0.0,0.0,0.0,0,90.79428,360013.84,96.494286,0.0,0.0,0,239
8673,2008-01-01,2007-06-01,7,2007,256167.0,256167.0,1881.3431165622067,0.03894667284211653,180,173,Current,Current,none,0,0.0,0.0,0.0,0,74.06856,345851.22,80.56856,0.0,0.0,0,254
8675,2008-01-01,2004-01-01,48,2004,892890.0,892890.0,3755.5190407145406,0.02981420443198785,360,312,Current,Current,none,0,0.0,0.0,0.0,0,40.7123,2.19317e+06,42.4123,0.0,0.0,0,448
8677,2008-01-01,1994-03-01,166,1994,376850.0,376850.0,1403.4824216783184,0.02055971020147714,360,194,Current,Current,none,0,0.0,0.0,0.0,0,35.080647,1.074239e+06,38.480648,0.0,0.0,0,216
8680,2008-01-01,1995-07-01,150,1995,498276.0,498276.0,2257.883965527523,0.0357317291620628,360,210,Current,Current,none,0,0.0,0.0,0.0,0,40.497066,1.2304002e+06,43.397068,0.0,0.0,0,363
8681,2008-01-01,2004-11-01,38,2004,255041.0,255041.0,917.3786400987223,0.018,360,322,Current,Current,none,0,0.0,0.0,0.0,0,78.25271,325919.72,78.35271,0.0,0.0,0,892
8684,2008-01-01,1994-05-01,164,1994,796207.0,796207.0,3865.906102517249,0.04140321761776695,360,196,Current,Current,none,0,0.0,0.0,0.0,0,32.31732,2.4637158e+06,33.517323,0.0,0.0,0,773
8685,2008-01-01,1997-05-01,128,1997,255735.0,255735.0,1195.8515225813298,0.03829066647087478,360,232,Current,Current,none,0,0.0,0.0,0.0,0,23.41349,1.0922549e+06,23.41349,0.0,0.0,0,256
8700,2008-01-01,1994-11-01,158,1994,151824.0,151824.0,566.9131890926246,0.020754036906182143,360,202,Current,Current,none,0,0.0,0.0,0.0,0,41.191372,368582.03,51.49137,0.0,0.0,0,108
8705,2008-01-01,1994-08-01,161,1994,283260.0,283260.0,1018.8819585649526,0.018,360,199,Current,Current,none,0,0.0,0.0,0.0,0,30.656754,923972.56,32.056755,0.0,0.0,0,729
8711,2008-01-01,2001-03-01,82,2001,118161.0,118161.0,562.3503981813096,0.039740209787479754,360,278,Current,Current,none,0,0.0,0.0,0.0,0,30.780714,383879.97,30.880714,0.0,0.0,0,775
8712,2008-01-01,1993-11-01,170,1993,469827.0,469827.0,2082.7293955713885,0.03396678516571844,360,190,Current,Current,none,0,0.0,0.0,0.0,0,37.78871,1.2432999e+06,40.988712,0.0,0.0,0,796
8715,2008-01-01,1996-12-01,133,1996,257750.0,257750.0,965.8960289051066,0.021020083745564487,360,227,Current,Current,none,0,0.0,0.0,0.0,0,35.284054,730500.0,36.68405,0.0,0.0,0,955
8717,2008-01-01,1993-12-01,169,1993,786036.0,786036.0,3770.4507335340945,0.040392199686865506,360,191,Current,Current,none,0,0.0,0.0,0.0,0,28.811718,2.7281818e+06,28.811718,0.0,0.0,0,383
8718,2008-01-01,1994-03-01,166,1994,338242.0,338242.0,1917.1198966474233,0.05484061935927768,360,194,Current,Current,none,0,0.0,0.0,0.0,0,36.912537,916333.7,41.412537,0.0,0.0,0,900
8720,2008-01-01,2001-10-01,75,2001,117149.0,117149.0,421.383190580829,0.018,360,285,Current,Current,none,0,0.0,0.0,0.0,0,38.5432,303942.03,38.743202,0.0,0.0,0,472
8722,2008-01-01,2002-11-01,62,2002,684232.0,684232.0,2970.4261099898063,0.03230295083777332,360,298,Current,Current,none,0,0.0,0.0,0.0,0,42.343967,1.6158901e+06,60.24397,0.0,0.0,0,178
8724,2008-01-01,2002-05-01,68,2002,188354.0,188354.0,677.5065043548085,0.018,360,292,Current,Current,none,0,0.0,0.0,0.0,0,47.375874,397573.7,67.575874,0.0,0.0,0,325
8725,2008-01-01,2000-02-01,95,2000,458555.0,458555.0,1745.8043119072531,0.02220017223470787,360,265,Current,Current,none,0,0.0,0.0,0.0,0,40.56325,1.130469e+06,57.56325,0.0,0.0,0,118
8726,2008-01-01,2004-05-01,44,2004,256821.0,256821.0,1019.8060209142317,0.02537785624681588,360,316,Current,Current,none,0,0.0,0.0,0.0,0,74.22126,346020.8,79.92126,0.0,0.0,0,430
8729,2008-01-01,2006-02-01,23,2006,169588.0,169588.0,694.745141041257,0.02776881523577082,360,337,Current,Current,none,0,0.0,0.0,0.0,0,90.39091,187616.22,96.590904,0.0,0.0,0,549
8730,2008-01-01,1995-10-01,147,1995,760072.0,760072.0,2845.0452320146437,0.020934994936603713,360,213,Current,Current,none,0,0.0,0.0,0.0,0,31.624899,2.4033975e+06,35.324898,0.0,0.0,0,681
8734,2008-01-01,2001-10-01,75,2001,193868.0,193868.0,1261.0850528292938,0.021510251588492017,180,105,Current,Current,none,0,0.0,0.0,0.0,0,56.124313,345426.06,71.62431,0.0,0.0,0,217
8736,2008-01-01,1999-12-01,97,1999,689958.0,689958.0,5436.574886539685,0.04945497083457672,180,83,Current,Current,none,0,0.0,0.0,0.0,0,47.013683,1.4675685e+06,47.013683,0.0,0.0,0,777
8737,2008-01-01,2006-09-01,16,2006,533522.0,533522.0,2841.5857125420407,0.04930939946703507,360,344,Current,Current,none,0,0.0,0.0,0.0,0,99.91747,533962.7,123.51747,0.0,0.0,0,764
8738,2008-01-01,1996-10-01,135,1996,225091.0,225091.0,1563.13301183677,0.030801907704179836,180,45,Current,Current,none,0,0.0,0.0,0.0,0,25.56609,880427.94,27.76609,0.0,0.0,0,578
8739,2008-01-01,2005-01-01,36,2005,428574.0,428574.0,2031.846832134176,0.0394229884176838,360,324,Current,Current,none,0,0.0,0.0,0.0,0,82.18227,521492.03,84.68227,0.0,0.0,0,441
8740,2008-01-01,2002-08-01,65,2002,373242.0,373242.0,1652.6021948985617,0.03387160537256746,360,295,Current,Current,none,0,0.0,0.0,0.0,0,57.96321,643929.1,63.263214,0.0,0.0,0,779
8747,2008-01-01,2004-01-01,48,2004,692092.0,692092.0,2985.547831247788,0.03180118321831724,360,312,Current,Current,none,0,0.0,0.0,0.0,0,70.07451,987651.6,74.4745,0.0,0.0,0,785
8748,2008-01-01,1997-09-01,124,1997,399172.0,399172.0,1555.2276111792069,0.02393642359501846,360,236,Current,Current,none,0,0.0,0.0,0.0,0,37.18301,1.0735332e+06,42.18301,0.0,0.0,0,875
8752,2008-01-01,2007-02-01,11,2007,398852.0,398852.0,2746.6366319518465,0.029595013209750196,180,169,Current,Current,none,0,0.0,0.0,0.0,0,74.76798,533452.94,82.36798,0.0,0.0,0,766
8757,2008-01-01,2002-10-01,63,2002,431123.0,431123.0,1550.7429450766012,0.018,360,297,Current,Current,none,0,0.0,0.0,0.0,0,61.787537,697750.75,63.587536,0.0,0.0,0,579
8762,2008-01-01,1993-12-01,169,1993,203660.0,203660.0,763.2483211415383,0.02102494657435884,360,191,Current,Current,none,0,0.0,0.0,0.0,0,36.208702,562461.44,39.308704,0.0,0.0,0,656
8764,2008-01-01,2000-02-01,95,2000,257975.0,257975.0,966.5478225584448,0.02100536837987576,360,265,Current,Current,none,0,0.0,0.0,0.0,0,41.03355,628692.9,76.033554,0.0,0.0,0,770
8765,2008-01-01,1997-07-01,126,1997,161065.0,161065.0,828.9572055578432,0.04633902645907923,360,234,Current,Current,none,0,0.0,0.0,0.0,0,37.683014,427420.72,39.183014,0.0,0.0,0,884
8773,2008-01-01,2004-01-01,48,2004,458768.0,458768.0,1650.1815941782327,0.018,360,312,Current,Current,none,0,0.0,0.0,0.0,0,53.789585,852893.75,56.089584,0.0,0.0,0,653
8776,2008-01-01,2000-02-01,95,2000,833880.0,833880.0,3440.4969986641327,0.028318380301510102,360,265,Current,Current,none,0,0.0,0.0,0.0,0,44.32564,1.8812588e+06,49.62564,0.0,0.0,0,663
8779,2008-01-01,2007-11-01,2,2007,179064.0,179064.0,921.5315108278741,0.046333282071648794,360,358,Current,Current,none,0,0.0,0.0,0.0,0,67.98552,263385.5,72.68552,0.0,0.0,0,905
8780,2008-01-01,2006-07-01,18,2006,427359.0,427359.0,1786.2820928849067,0.02932673128339783,360,342,Current,Current,none,0,0.0,0.0,0.0,0,89.133125,479461.5,94.93312,0.0,0.0,0,925
8781,2008-01-01,2003-06-01,55,2003,673470.0,673470.0,2570.9376173463534,0.022401703178740885,360,305,Current,Current,none,0,0.0,0.0,0.0,0,57.47156,1.1718318e+06,92.471565,0.0,0.0,0,363
8784,2008-01-01,1994-05-01,164,1994,474803.0,474803.0,2171.7214749232917,0.03648840933058794,360,196,Current,Current,none,0,0.0,0.0,0.0,0,33.38222,1.422323e+06,33.68222,0.0,0.0,0,897
8787,2008-01-01,1997-09-01,124,1997,162722.0,162722.0,1127.8053689300505,0.030520394602654356,180,56,Current,Current,none,0,0.0,0.0,0.0,0,38.847923,418869.25,45.147923,0.0,0.0,0,506
8789,2008-01-01,2007-07-01,6,2007,163681.0,163681.0,787.0980687869062,0.0405986805390397,360,354,Current,Current,none,0,0.0,0.0,0.0,0,87.17612,187759.0,94.97611,0.0,0.0,0,535
8791,2008-01-01,2002-01-01,72,2002,204092.0,204092.0,823.5734291968547,0.02660773527819528,360,288,Current,Current,none,0,0.0,0.0,0.0,0,38.114147,535475.7,38.21415,0.0,0.0,0,548
8793,2008-01-01,1998-02-01,119,1998,161764.0,161764.0,1026.134574629986,0.018,180,61,Current,Current,none,0,0.0,0.0,0.0,0,33.708317,479893.44,33.708317,0.0,0.0,0,931
8794,2008-01-01,2006-12-01,13,2006,189513.0,189513.0,909.9099610156335,0.040470303583923437,360,347,Current,Current,none,0,0.0,0.0,0.0,0,91.5733,206952.25,96.6733,0.0,0.0,0,894
8796,2008-01-01,1997-07-01,126,1997,1028219.0,1.028219e+06,3827.9764416073044,0.02053328033611486,360,234,Current,Current,none,0,0.0,0.0,0.0,0,33.468136,3.0722328e+06,36.968136,0.0,0.0,0,195
8798,2008-01-01,2005-02-01,35,2005,368285.0,368285.0,1615.427666685339,0.03312342010701361,360,325,Current,Current,none,0,0.0,0.0,0.0,0,78.65491,468228.88,83.15491,0.0,0.0,0,169
8799,2008-01-01,2004-09-01,40,2004,324105.0,324105.0,2055.9292939742563,0.018,180,140,Current,Current,none,0,0.0,0.0,0.0,0,61.924973,523383.38,62.02497,0.0,0.0,0,426
8806,2008-01-01,1993-08-01,173,1993,245435.0,245435.0,922.0210598858523,0.02120376332798673,360,187,Current,Current,none,0,0.0,0.0,0.0,0,29.914076,820466.56,31.014076,0.0,0.0,0,499
8809,2008-01-01,1999-01-01,108,1999,486482.0,486482.0,3154.7555456767054,0.021077778048719634,180,72,Current,Current,none,0,0.0,0.0,0.0,0,24.658289,1.9728944e+06,27.85829,0.0,0.0,0,108
8813,2008-01-01,2005-10-01,27,2005,415788.0,415788.0,1495.5831807802178,0.018,360,333,Current,Current,none,0,0.0,0.0,0.0,0,78.470535,529865.1,82.17053,0.0,0.0,0,490
8815,2008-01-01,2006-10-01,15,2006,567873.0,567873.0,3602.24845638618,0.018,180,165,Current,Current,none,0,0.0,0.0,0.0,0,87.03668,652452.5,110.23669,0.0,0.0,0,245
8820,2008-01-01,2007-12-01,1,2007,631487.0,631487.0,3637.934441250996,0.05631868918500143,360,359,Current,Current,none,0,0.0,0.0,0.0,0,69.8102,904576.94,74.3102,0.0,0.0,0,157
8821,2008-01-01,2005-02-01,35,2005,203012.0,203012.0,745.192829828769,0.019488800004777776,360,325,Current,Current,none,0,0.0,0.0,0.0,0,68.14866,297895.8,75.74866,0.0,0.0,0,321
8822,2008-01-01,1998-02-01,119,1998,121783.0,121783.0,452.36757178452274,0.0203662759858316,360,241,Current,Current,none,0,0.0,0.0,0.0,0,32.278267,377291.0,33.778267,0.0,0.0,0,155
8825,2008-01-01,1995-12-01,145,1995,576640.0,576640.0,2511.508709025365,0.03256112799051781,360,215,Current,Current,none,0,0.0,0.0,0.0,0,38.546146,1.4959731e+06,39.34615,0.0,0.0,0,717
8831,2008-01-01,1993-09-01,172,1993,261368.0,261368.0,1034.4117623553739,0.025124466114646287,360,188,Current,Current,none,0,0.0,0.0,0.0,0,38.89929,671909.44,38.89929,0.0,0.0,0,864
8832,2008-01-01,2005-11-01,26,2005,363132.0,363132.0,1306.1803409503932,0.018,360,334,Current,Current,none,0,0.0,0.0,0.0,0,49.677773,730974.8,54.877773,0.0,0.0,0,844
8833,2008-01-01,1997-06-01,127,1997,197264.0,197264.0,853.5476369247925,0.032041350064338114,360,233,Current,Current,none,0,0.0,0.0,0.0,0,44.17706,446530.4,44.67706,0.0,0.0,0,524
8835,2008-01-01,1997-10-01,123,1997,255975.0,255975.0,1348.8975287086405,0.04837997585906432,360,237,Current,Current,none,0,0.0,0.0,0.0,0,35.305473,725029.25,36.90547,0.0,0.0,0,314
8836,2008-01-01,2007-06-01,7,2007,241900.0,241900.0,1111.4616553113235,0.03685646794218159,360,353,Current,Current,none,0,0.0,0.0,0.0,0,77.03979,313993.6,85.43979,0.0,0.0,0,634
8844,2008-01-01,2001-05-01,80,2001,350810.0,350810.0,1768.3769505939142,0.04456163251810777,360,280,Current,Current,none,0,0.0,0.0,0.0,0,56.731937,618364.2,58.33194,0.0,0.0,0,768
8845,2008-01-01,2005-11-01,26,2005,330765.0,330765.0,1950.2690254233662,0.05845030714398669,360,334,Current,Current,none,0,0.0,0.0,0.0,0,93.263985,354654.6,95.86398,0.0,0.0,0,508
8850,2008-01-01,2004-04-01,45,2004,351821.0,351821.0,1526.8803011423317,0.03227885295047413,360,315,Current,Current,none,0,0.0,0.0,0.0,0,50.755756,693164.7,51.05576,0.0,0.0,0,728
8852,2008-01-01,2001-03-01,82,2001,485472.0,485472.0,3632.1571185574157,0.04168699055613949,180,98,Current,Current,none,0,0.0,0.0,0.0,0,41.42813,1.1718414e+06,41.92813,0.0,0.0,0,748
8854,2008-01-01,1997-02-01,131,1997,138265.0,138265.0,1193.3331735449863,0.0635355297851348,180,49,Current,Current,none,0,0.0,0.0,0.0,0,38.847076,355921.25,45.647076,0.0,0.0,0,877
8855,2008-01-01,2006-02-01,23,2006,185842.0,185842.0,1499.7256042328338,0.05309118892799454,180,157,Current,Current,none,0,0.0,0.0,0.0,0,85.08627,218415.95,90.986275,0.0,0.0,0,710
8857,2008-01-01,2004-02-01,47,2004,534340.0,534340.0,2292.1633930234516,0.03135940586267427,360,313,Current,Current,none,0,0.0,0.0,0.0,0,69.65413,767133.3,71.854126,0.0,0.0,0,475
8858,2008-01-01,2003-02-01,59,2003,246582.0,246582.0,928.9156191528527,0.021411283078043866,360,301,Current,Current,none,0,0.0,0.0,0.0,0,47.256996,521789.4,50.556995,0.0,0.0,0,231
8859,2008-01-01,1993-09-01,172,1993,189387.0,189387.0,848.0333053170124,0.034772906883607554,360,188,Current,Current,none,0,0.0,0.0,0.0,0,38.85358,487437.72,39.25358,0.0,0.0,0,486
8863,2008-01-01,2000-05-01,92,2000,309613.0,309613.0,1636.0367444535311,0.04861901370242547,360,268,Current,Current,none,0,0.0,0.0,0.0,0,51.34253,603034.2,51.44253,0.0,0.0,0,196
8867,2008-01-01,1996-09-01,136,1996,298426.0,298426.0,1380.1167392940831,0.03738535872347244,360,224,Current,Current,none,0,0.0,0.0,0.0,0,32.63378,914469.56,32.833782,0.0,0.0,0,518
8871,2008-01-01,2007-05-01,8,2007,567090.0,567090.0,2609.190018073467,0.036967922925409874,360,352,Current,Current,none,0,0.0,0.0,0.0,0,97.81117,579780.4,107.01117,0.0,0.0,0,961
8872,2008-01-01,2001-12-01,73,2001,447804.0,447804.0,2109.131905623282,0.03888234916217397,360,287,Current,Current,none,0,0.0,0.0,0.0,0,37.175053,1.204582e+06,37.57505,0.0,0.0,0,579
8874,2008-01-01,2007-06-01,7,2007,89585.0,89585.0,452.5862762552587,0.04475037726635618,360,353,Current,Current,none,0,0.0,0.0,0.0,0,81.496635,109924.78,85.596634,0.0,0.0,0,531
8877,2008-01-01,2003-05-01,56,2003,157197.0,157197.0,805.6307209885662,0.04597542589828689,360,304,Current,Current,none,0,0.0,0.0,0.0,0,47.78004,329001.4,50.980038,0.0,0.0,1,787
8885,2008-01-01,2002-01-01,72,2002,178250.0,178250.0,853.241749441675,0.04021870167008099,360,288,Current,Current,none,0,0.0,0.0,0.0,0,44.784122,398020.5,44.884125,0.0,0.0,0,780
8887,2008-01-01,2006-11-01,14,2006,201379.0,201379.0,1647.02089167912,0.055148412759744324,180,166,Current,Current,none,0,0.0,0.0,0.0,0,95.74573,210326.88,112.345726,0.0,0.0,0,252
8893,2008-01-01,1995-06-01,151,1995,328920.0,328920.0,1577.9774962109418,0.04040360783692815,360,209,Current,Current,none,0,0.0,0.0,0.0,0,22.27195,1.4768352e+06,24.071949,0.0,0.0,0,454
8894,2008-01-01,2007-07-01,6,2007,156063.0,156063.0,561.3562631487757,0.018,360,354,Current,Current,none,0,0.0,0.0,0.0,0,75.644325,206311.58,82.54432,0.0,0.0,0,857
8896,2008-01-01,2006-07-01,18,2006,116577.0,116577.0,521.1173093894142,0.03463604878828943,360,342,Current,Current,none,0,0.0,0.0,0.0,0,88.593575,131586.3,98.39358,0.0,0.0,0,230
8897,2008-01-01,2007-06-01,7,2007,257815.0,257815.0,1279.8695224007497,0.04326511753615184,360,353,Current,Current,none,0,0.0,0.0,0.0,0,99.32403,259569.62,121.42403,0.0,0.0,0,420
8899,2008-01-01,2005-02-01,35,2005,400136.0,400136.0,1481.8947087689628,0.020145552369699306,360,325,Current,Current,none,0,0.0,0.0,0.0,0,53.288464,750886.7,63.288464,0.0,0.0,0,731
8904,2008-01-01,2001-04-01,81,2001,456350.0,456350.0,2117.4686697750403,0.03765596191338824,360,279,Current,Current,none,0,0.0,0.0,0.0,0,48.250645,945790.44,51.150646,0.0,0.0,0,479
8905,2008-01-01,2004-05-01,44,2004,667735.0,667735.0,4182.3470838152025,0.0641286244498752,360,316,Current,Current,none,0,0.0,0.0,0.0,0,53.845097,1.2401036e+06,55.845097,0.0,0.0,0,892
8914,2008-01-01,1994-05-01,164,1994,206386.0,206386.0,1412.7581397764457,0.028736737606816703,180,16,Current,Current,none,0,0.0,0.0,0.0,0,33.93782,608129.8,34.03782,0.0,0.0,0,253
8916,2008-01-01,2008-01-01,0,2008,543307.0,543307.0,2356.177312318417,0.032220406176334426,360,360,Current,Current,none,0,0.0,0.0,0.0,0,89.4,607725.94,104.1,0.0,0.0,0,296
8918,2008-01-01,1994-09-01,160,1994,435529.0,435529.0,1951.6589759111096,0.03483287329829424,360,200,Current,Current,none,0,0.0,0.0,0.0,0,40.527344,1.0746548e+06,42.227345,0.0,0.0,0,564
8920,2008-01-01,2002-08-01,65,2002,327522.0,327522.0,1236.4515611486004,0.02156945272797382,360,295,Current,Current,none,0,0.0,0.0,0.0,0,51.620068,634485.8,54.02007,0.0,0.0,0,261
8921,2008-01-01,2005-09-01,28,2005,121112.0,121112.0,689.6206956393609,0.05525777990031837,360,332,Current,Current,none,0,0.0,0.0,0.0,0,78.17686,154920.53,85.47685,0.0,0.0,0,276
8923,2008-01-01,2002-05-01,68,2002,105978.0,105978.0,423.13161507653626,0.025794421092920097,360,292,Current,Current,none,0,0.0,0.0,0.0,0,53.44789,198282.84,54.24789,0.0,0.0,0,739
8925,2008-01-01,1999-10-01,99,1999,552717.0,552717.0,2008.2065536257426,0.018736587216988315,360,261,Current,Current,none,0,0.0,0.0,0.0,0,33.04457,1.6726409e+06,51.54457,0.0,0.0,0,110
8927,2008-01-01,2000-12-01,85,2000,129154.0,129154.0,538.5649478284163,0.029142680233355367,360,275,Current,Current,none,0,0.0,0.0,0.0,0,55.770878,231579.66,55.970875,0.0,0.0,0,870
8931,2008-01-01,2007-05-01,8,2007,250946.0,250946.0,1603.3931334809579,0.0660424922642892,360,352,Current,Current,none,0,0.0,0.0,0.0,0,91.64481,273824.56,96.14481,0.0,0.0,0,985
8936,2008-01-01,2007-03-01,10,2007,190253.0,190253.0,1444.2946216254948,0.043852981117259944,180,170,Current,Current,none,0,0.0,0.0,0.0,0,90.73504,209679.73,100.73504,0.0,0.0,0,854
8939,2008-01-01,2001-01-01,84,2001,262908.0,262908.0,945.6761207455855,0.018,360,276,Current,Current,none,0,0.0,0.0,0.0,0,46.347874,567249.3,46.347874,0.0,0.0,0,843
8941,2008-01-01,2006-03-01,22,2006,158147.0,158147.0,617.5459020730129,0.024106000731808234,360,338,Current,Current,none,0,0.0,0.0,0.0,0,103.40494,152939.5,110.90494,0.0,0.0,0,698
8942,2008-01-01,1997-04-01,129,1997,200532.0,200532.0,885.7487193304626,0.03367830382304115,360,231,Current,Current,none,0,0.0,0.0,0.0,0,26.664194,752064.7,27.864195,0.0,0.0,0,914
8943,2008-01-01,1995-06-01,151,1995,354839.0,354839.0,2250.887504804095,0.018,180,29,Current,Current,none,0,0.0,0.0,0.0,0,32.93405,1.0774229e+06,33.334053,0.0,0.0,0,833
8945,2008-01-01,2000-07-01,90,2000,697433.0,697433.0,4344.510892769331,0.06360606132594201,360,270,Current,Current,none,0,0.0,0.0,0.0,0,55.74256,1.2511679e+06,56.24256,0.0,0.0,0,734
8946,2008-01-01,2001-03-01,82,2001,339665.0,339665.0,1488.2902858404575,0.03303793448037958,360,278,Current,Current,none,0,0.0,0.0,0.0,0,30.329006,1.1199345e+06,33.229008,0.0,0.0,0,711
8949,2008-01-01,1997-12-01,121,1997,466182.0,466182.0,2236.77424038089,0.04041433586435395,360,239,Current,Current,none,0,0.0,0.0,0.0,0,29.44413,1.5832765e+06,34.44413,0.0,0.0,0,633
8950,2008-01-01,2003-11-01,50,2003,195161.0,195161.0,701.9911809485798,0.018,360,310,Current,Current,none,0,0.0,0.0,0.0,0,43.314693,450565.34,44.71469,0.0,0.0,0,785
8953,2008-01-01,2005-12-01,25,2005,370419.0,370419.0,1653.4756517493854,0.0345218411494231,360,335,Current,Current,none,0,0.0,0.0,0.0,0,59.48326,622728.1,61.98326,0.0,0.0,0,520
8957,2008-01-01,1999-09-01,100,1999,312460.0,312460.0,2126.3997433254885,0.02790175178198618,180,80,Current,Current,none,0,0.0,0.0,0.0,0,37.21396,839631.2,49.41396,0.0,0.0,0,402
8959,2008-01-01,1997-10-01,123,1997,330704.0,330704.0,1597.4360810417331,0.04097287836755202,360,237,Current,Current,none,0,0.0,0.0,0.0,0,26.011902,1.2713565e+06,57.4119,0.0,0.0,0,279
8963,2008-01-01,2004-05-01,44,2004,174797.0,174797.0,694.4435856649903,0.025415730383811994,360,316,Current,Current,none,0,0.0,0.0,0.0,0,62.082268,281557.06,62.382267,0.0,0.0,0,579
8965,2008-01-01,2007-03-01,10,2007,489200.0,489200.0,2002.7779477822628,0.02771833695281064,360,350,Current,Current,none,0,0.0,0.0,0.0,0,76.784,637111.94,84.284,0.0,0.0,0,804
8970,2008-01-01,2001-07-01,78,2001,322724.0,322724.0,1728.8994050322024,0.04981978098441649,360,282,Current,Current,none,0,0.0,0.0,0.0,0,50.278053,641878.44,68.37805,0.0,0.0,0,746
8975,2008-01-01,1994-02-01,167,1994,328386.0,328386.0,1181.1995016780008,0.018,360,193,Current,Current,none,0,0.0,0.0,0.0,0,20.159441,1.628944e+06,21.25944,0.0,0.0,0,345
8977,2008-01-01,2002-05-01,68,2002,297720.0,297720.0,1260.798583804779,0.03034827320513388,360,292,Current,Current,none,0,0.0,0.0,0.0,0,34.45518,864079.06,35.35518,0.0,0.0,0,427
8982,2008-01-01,1998-08-01,113,1998,447884.0,447884.0,2029.1420823483215,0.03571596712045626,360,247,Current,Current,none,0,0.0,0.0,0.0,0,32.752266,1.3674901e+06,32.752266,0.0,0.0,0,611
8986,2008-01-01,1993-12-01,169,1993,364758.0,364758.0,2688.4378890871376,0.039472442889339446,180,11,Current,Current,none,0,0.0,0.0,0.0,0,32.601532,1.118837e+06,32.90153,0.0,0.0,0,843
8990,2008-01-01,2003-11-01,50,2003,967113.0,967113.0,3602.9256686661442,0.02058354811060529,360,310,Current,Current,none,0,0.0,0.0,0.0,0,69.35218,1.3944955e+06,72.05218,0.0,0.0,0,337
8992,2008-01-01,2006-04-01,21,2006,566115.0,566115.0,2337.9405736258036,0.028391704656656157,360,339,Current,Current,none,0,0.0,0.0,0.0,0,68.488525,826583.75,73.68852,0.0,0.0,0,296
8993,2008-01-01,1998-07-01,114,1998,254353.0,254353.0,1651.4326149996957,0.0676007569031951,360,246,Current,Current,none,0,0.0,0.0,0.0,0,34.83998,730060.6,36.33998,0.0,0.0,0,689
8996,2008-01-01,2004-05-01,44,2004,429862.0,429862.0,1805.3933647240826,0.029701100979027013,360,316,Current,Current,none,0,0.0,0.0,0.0,0,39.278305,1.0944005e+06,39.278305,0.0,0.0,0,876
8998,2008-01-01,1996-10-01,135,1996,708621.0,708621.0,2605.0401420819635,0.019599732654397222,360,225,Current,Current,none,0,0.0,0.0,0.0,0,35.9294,1.9722595e+06,38.6294,0.0,0.0,0,968
8999,2008-01-01,2004-02-01,47,2004,233867.0,233867.0,841.2160806457309,0.018,360,313,Current,Current,none,0,0.0,0.0,0.0,0,61.186043,382222.78,61.386044,0.0,0.0,0,506
9001,2008-01-01,2000-05-01,92,2000,1043434.0,1.043434e+06,4520.539107342195,0.03214068474781738,360,268,Current,Current,none,0,0.0,0.0,0.0,0,42.007526,2.4839218e+06,45.407524,0.0,0.0,0,378
9002,2008-01-01,2007-06-01,7,2007,205058.0,205058.0,867.4342106945492,0.03026210696638779,360,353,Current,Current,none,0,0.0,0.0,0.0,0,72.15848,284177.28,76.95848,0.0,0.0,0,430
9003,2008-01-01,2005-09-01,28,2005,260489.0,260489.0,936.975014137633,0.018,360,332,Current,Current,none,0,0.0,0.0,0.0,0,85.02901,306353.1,88.52901,0.0,0.0,0,424
9004,2008-01-01,2000-02-01,95,2000,326531.0,326531.0,1240.434051191586,0.02203574595681997,360,265,Current,Current,none,0,0.0,0.0,0.0,0,32.450603,1.0062402e+06,32.450603,0.0,0.0,0,814
9005,2008-01-01,2004-11-01,38,2004,677572.0,677572.0,2516.9111052831527,0.020367577118782752,360,322,Current,Current,none,0,0.0,0.0,0.0,0,53.67215,1.2624275e+06,54.57215,0.0,0.0,0,148
9007,2008-01-01,2004-06-01,43,2004,128908.0,128908.0,584.4578404486493,0.03577668833868515,360,317,Current,Current,none,0,0.0,0.0,0.0,0,48.830956,263988.28,53.530956,0.0,0.0,0,567
9008,2008-01-01,1999-03-01,106,1999,345877.0,345877.0,1515.4357069850346,0.033034085390936455,360,254,Current,Current,none,0,0.0,0.0,0.0,0,48.04273,719936.2,59.342728,0.0,0.0,0,875
9011,2008-01-01,2006-08-01,17,2006,142257.0,142257.0,705.9005317543698,0.04322864949051327,360,343,Current,Current,none,0,0.0,0.0,0.0,0,86.23255,164969.03,92.13255,0.0,0.0,0,202
9019,2008-01-01,1999-02-01,107,1999,259756.0,259756.0,1166.3836070989396,0.034997454282487406,360,253,Current,Current,none,0,0.0,0.0,0.0,0,30.870865,841427.7,30.970865,0.0,0.0,0,383
9020,2008-01-01,2004-08-01,41,2004,163574.0,163574.0,1106.9993418112965,0.027107926208862418,180,139,Current,Current,none,0,0.0,0.0,0.0,0,55.384403,295343.06,58.784405,0.0,0.0,0,132
9022,2008-01-01,2004-09-01,40,2004,397984.0,397984.0,1802.0697993645815,0.03567116406372706,360,320,Current,Current,none,0,0.0,0.0,0.0,0,58.932987,675316.2,59.03299,0.0,0.0,0,127
9024,2008-01-01,2004-05-01,44,2004,716124.0,716124.0,3491.9487775972234,0.04176008214333754,360,316,Current,Current,none,0,0.0,0.0,0.0,0,65.63726,1.0910328e+06,70.537254,0.0,0.0,0,513
9030,2008-01-01,1999-12-01,97,1999,227422.0,227422.0,1712.637165862077,0.04265551666650674,180,83,Current,Current,none,0,0.0,0.0,0.0,0,54.51958,417138.22,54.81958,0.0,0.0,0,969
9034,2008-01-01,1996-05-01,140,1996,195002.0,195002.0,880.0970462834562,0.0354083415570082,360,220,Current,Current,none,0,0.0,0.0,0.0,0,42.29559,461045.72,43.995586,0.0,0.0,0,885
9035,2008-01-01,2007-11-01,2,2007,256653.0,256653.0,1220.5345416725324,0.03967755999151368,360,358,Current,Current,none,0,0.0,0.0,0.0,0,78.32669,327669.94,82.42669,0.0,0.0,0,666
9036,2008-01-01,2004-09-01,40,2004,316806.0,316806.0,2418.7463118980713,0.04470347467970094,180,140,Current,Current,none,0,0.0,0.0,0.0,0,62.287636,508617.78,64.48763,0.0,0.0,0,386
9037,2008-01-01,1995-03-01,154,1995,271036.0,271036.0,2025.3163093647952,0.041504497111824495,180,26,Current,Current,none,0,0.0,0.0,0.0,0,36.697357,738570.94,37.297356,0.0,0.0,0,846
9039,2008-01-01,2005-09-01,28,2005,308747.0,308747.0,1432.7134360671114,0.03766304369758623,360,332,Current,Current,none,0,0.0,0.0,0.0,0,75.3737,409621.66,77.9737,0.0,0.0,0,679
9041,2008-01-01,2004-03-01,46,2004,40000.0,40000.0,309.4508546800776,0.04668386607160078,180,134,Current,Current,none,0,0.0,0.0,0.0,0,53.310814,75031.68,55.010815,0.0,0.0,0,516
9042,2008-01-01,2000-02-01,95,2000,208689.0,208689.0,809.4017324449284,0.023594187555018832,360,265,Current,Current,none,0,0.0,0.0,0.0,0,35.97784,580048.7,36.17784,0.0,0.0,0,412
9044,2008-01-01,1996-10-01,135,1996,286669.0,286669.0,1094.7397619505825,0.02242876167825826,360,225,Current,Current,none,0,0.0,0.0,0.0,0,24.686186,1.1612526e+06,32.986187,0.0,0.0,0,568
9045,2008-01-01,1993-08-01,173,1993,206392.0,206392.0,784.979502001625,0.022124615179268985,360,187,Current,Current,none,0,0.0,0.0,0.0,0,32.243263,640108.9,34.143265,0.0,0.0,0,513
9046,2008-01-01,1998-05-01,116,1998,92290.0,92290.0,371.80367219444287,0.02648111971357152,360,244,Current,Current,none,0,0.0,0.0,0.0,0,37.87523,243668.5,37.975227,0.0,0.0,0,108
9047,2008-01-01,2001-12-01,73,2001,116523.0,116523.0,419.1314779985313,0.018,360,287,Current,Current,none,0,0.0,0.0,0.0,0,52.16718,223364.58,52.86718,0.0,0.0,0,862
9055,2008-01-01,2005-09-01,28,2005,843292.0,843292.0,6517.1837559219475,0.046528168867663575,180,152,Current,Current,none,0,0.0,0.0,0.0,0,100.49827,839111.0,105.29827,0.0,0.0,0,717
9060,2008-01-01,2007-02-01,11,2007,600537.0,600537.0,2224.374559164903,0.020155504674337424,360,349,Current,Current,none,0,0.0,0.0,0.0,0,101.43274,592054.44,111.13274,0.0,0.0,0,861
9063,2008-01-01,2005-12-01,25,2005,336863.0,336863.0,1620.422224684019,0.04062629446093168,360,335,Current,Current,none,0,0.0,0.0,0.0,0,98.75274,341117.62,101.65274,0.0,0.0,0,756
9065,2008-01-01,2001-01-01,84,2001,382505.0,382505.0,1375.8647304980836,0.018,360,276,Current,Current,none,0,0.0,0.0,0.0,0,60.711884,630033.1,84.81188,0.0,0.0,0,867
9071,2008-01-01,2007-02-01,11,2007,658112.0,658112.0,2367.218963196703,0.018,360,349,Current,Current,none,0,0.0,0.0,0.0,0,95.45983,689412.5,99.759834,0.0,0.0,0,238
9086,2008-01-01,2004-07-01,42,2004,87079.0,87079.0,657.092497086956,0.042957021410640464,180,138,Current,Current,none,0,0.0,0.0,0.0,0,57.346252,151847.77,57.346252,0.0,0.0,0,929
9090,2008-01-01,2003-03-01,58,2003,524600.0,524600.0,2207.9911802736287,0.02986762281685741,360,302,Current,Current,none,0,0.0,0.0,0.0,0,41.798573,1.2550669e+06,41.798573,0.0,0.0,0,827
9092,2008-01-01,2001-03-01,82,2001,189514.0,189514.0,914.7828181000411,0.04091395109079577,360,278,Current,Current,none,0,0.0,0.0,0.0,0,54.85033,345511.16,55.05033,0.0,0.0,0,920
9093,2008-01-01,1998-03-01,118,1998,108572.0,108572.0,570.390674722838,0.0481144000371921,360,242,Current,Current,none,0,0.0,0.0,0.0,0,46.590607,233034.1,47.890606,0.0,0.0,0,686
9094,2008-01-01,1996-03-01,142,1996,975904.0,975904.0,3713.6496483196474,0.02216394656191358,360,218,Current,Current,none,0,0.0,0.0,0.0,0,29.166754,3.3459465e+06,46.566753,0.0,0.0,0,942
9109,2008-01-01,2002-08-01,65,2002,329557.0,329557.0,2135.852882185682,0.06742477961581297,360,295,Current,Current,none,0,0.0,0.0,0.0,0,62.848164,524370.1,62.948162,0.0,0.0,0,458
9110,2008-01-01,2006-09-01,16,2006,198128.0,198128.0,834.6711196688979,0.02993966994198558,360,344,Current,Current,none,0,0.0,0.0,0.0,0,79.67557,248668.44,85.17557,0.0,0.0,0,484
9114,2008-01-01,2005-12-01,25,2005,277229.0,277229.0,1143.6518690747764,0.028307248262087917,360,335,Current,Current,none,0,0.0,0.0,0.0,0,85.17161,325494.62,94.97161,0.0,0.0,0,966
9129,2008-01-01,2006-10-01,15,2006,96482.0,96482.0,347.0443025004016,0.018,360,345,Current,Current,none,0,0.0,0.0,0.0,0,92.30837,104521.4,97.30837,0.0,0.0,0,571
9135,2008-01-01,1994-06-01,163,1994,276010.0,276010.0,1111.5343952158184,0.02645272412816036,360,197,Current,Current,none,0,0.0,0.0,0.0,0,34.05545,810472.4,34.15545,0.0,0.0,0,828
9137,2008-01-01,2007-08-01,5,2007,130120.0,130120.0,566.03283782088,0.03246392100170025,360,355,Current,Current,none,0,0.0,0.0,0.0,0,93.76433,138773.45,98.964325,0.0,0.0,0,401
9139,2008-01-01,1999-05-01,104,1999,106332.0,106332.0,382.47460431451157,0.018,360,256,Current,Current,none,0,0.0,0.0,0.0,0,32.32996,328896.2,36.12996,0.0,0.0,0,554
9140,2008-01-01,2003-02-01,59,2003,166007.0,166007.0,1371.2424147736665,0.05667796582361942,180,121,Current,Current,none,0,0.0,0.0,0.0,0,54.683098,303580.1,54.683098,0.0,0.0,0,576
9142,2008-01-01,1999-01-01,108,1999,466025.0,466025.0,1676.28491400209,0.018,360,252,Current,Current,none,0,0.0,0.0,0.0,0,46.986237,991833.06,46.986237,0.0,0.0,0,449
9152,2008-01-01,1993-02-01,179,1993,715074.0,715074.0,3293.4664750758116,0.037051976180363974,360,181,Current,Current,none,0,0.0,0.0,0.0,0,31.498785,2.2701638e+06,31.998785,0.0,0.0,0,899
9158,2008-01-01,1999-05-01,104,1999,499400.0,499400.0,1796.3342869001528,0.018,360,256,Current,Current,none,0,0.0,0.0,0.0,0,31.270874,1.5970132e+06,31.270874,0.0,0.0,0,202
9159,2008-01-01,1995-06-01,151,1995,476528.0,476528.0,2145.466524293891,0.035211985627394644,360,209,Current,Current,none,0,0.0,0.0,0.0,0,37.10412,1.2842994e+06,38.90412,0.0,0.0,0,392
9168,2008-01-01,1995-05-01,152,1995,318240.0,318240.0,1753.9871327754488,0.052330175772283445,360,208,Current,Current,none,0,0.0,0.0,0.0,0,41.223743,771982.25,45.023746,0.0,0.0,0,635
9170,2008-01-01,2003-11-01,50,2003,342314.0,342314.0,1936.7345103976547,0.05467908697775558,360,310,Current,Current,none,0,0.0,0.0,0.0,0,67.56767,506623.9,69.76768,0.0,0.0,0,516
9172,2008-01-01,2005-07-01,30,2005,280619.0,280619.0,1336.3114422587298,0.03978929284932928,360,330,Current,Current,none,0,0.0,0.0,0.0,0,78.462395,357647.75,89.8624,0.0,0.0,0,800
9175,2008-01-01,1999-07-01,102,1999,340433.0,340433.0,1377.3003826745296,0.026805729105215812,360,258,Current,Current,none,0,0.0,0.0,0.0,0,41.5297,819733.8,47.729702,0.0,0.0,0,285
9179,2008-01-01,1998-12-01,109,1998,207009.0,207009.0,1482.6154585257252,0.03526980222253359,180,71,Current,Current,none,0,0.0,0.0,0.0,0,42.309902,489268.47,42.309902,0.0,0.0,0,529
9182,2008-01-01,2003-08-01,53,2003,261451.0,261451.0,1956.6521705911193,0.041728954300376535,180,127,Current,Current,none,0,0.0,0.0,0.0,0,55.156605,474015.78,58.456604,0.0,0.0,0,412
9188,2008-01-01,2003-01-01,60,2003,180320.0,180320.0,1332.669540521381,0.039874282892421,180,120,Current,Current,none,0,0.0,0.0,0.0,0,62.455025,288719.75,62.455025,0.0,0.0,0,926
9189,2008-01-01,1999-12-01,97,1999,291145.0,291145.0,1193.3187412688912,0.027807339432757757,360,263,Current,Current,none,0,0.0,0.0,0.0,0,46.140903,630991.1,47.040905,0.0,0.0,0,478
9190,2008-01-01,2001-07-01,78,2001,308819.0,308819.0,2256.267481633814,0.038182205173710106,180,102,Current,Current,none,0,0.0,0.0,0.0,0,58.958195,523793.16,58.958195,0.0,0.0,0,706
9192,2008-01-01,2002-07-01,66,2002,127148.0,127148.0,485.3677797562621,0.022399655239205157,360,294,Current,Current,none,0,0.0,0.0,0.0,0,44.68142,284565.72,49.48142,0.0,0.0,0,772
9194,2008-01-01,2000-07-01,90,2000,97230.0,97230.0,372.0549307942346,0.02258003791546261,360,270,Current,Current,none,0,0.0,0.0,0.0,0,50.42786,192810.08,67.82786,0.0,0.0,0,747
9195,2008-01-01,2002-02-01,71,2002,389686.0,389686.0,1637.0925645517696,0.0297218829542204,360,289,Current,Current,none,0,0.0,0.0,0.0,0,36.563046,1.065792e+06,37.063046,0.0,0.0,0,846
9198,2008-01-01,2000-04-01,93,2000,403190.0,403190.0,2917.8361273692667,0.03678646335500657,180,87,Current,Current,none,0,0.0,0.0,0.0,0,42.676052,944768.75,42.676052,0.0,0.0,0,403
9200,2008-01-01,1997-11-01,122,1997,436774.0,436774.0,1721.608649024178,0.02481594716962456,360,238,Current,Current,none,0,0.0,0.0,0.0,0,32.763744,1.3331016e+06,36.163746,0.0,0.0,0,344
9202,2008-01-01,1999-08-01,101,1999,589067.0,589067.0,2414.146291461174,0.027798764600365133,360,259,Current,Current,none,0,0.0,0.0,0.0,0,35.5935,1.6549849e+06,41.4935,0.0,0.0,0,560
9205,2008-01-01,2006-05-01,20,2006,509957.0,509957.0,2366.752456194716,0.03767483662774752,360,340,Current,Current,none,0,0.0,0.0,0.0,0,95.38235,534645.06,100.68234,0.0,0.0,0,840
9206,2008-01-01,2004-11-01,38,2004,335060.0,335060.0,1557.4451432907995,0.037801089594386,360,322,Current,Current,none,0,0.0,0.0,0.0,0,69.23063,483976.53,71.430626,0.0,0.0,0,197
9210,2008-01-01,2005-01-01,36,2005,366536.0,366536.0,1480.6534438547649,0.026689056475010846,360,324,Current,Current,none,0,0.0,0.0,0.0,0,66.26999,553095.06,68.969986,0.0,0.0,0,518
9211,2008-01-01,1997-07-01,126,1997,554564.0,554564.0,2280.0143259774422,0.02804550075134089,360,234,Current,Current,none,0,0.0,0.0,0.0,0,28.902018,1.9187726e+06,39.40202,0.0,0.0,0,585
9213,2008-01-01,2005-08-01,29,2005,172736.0,172736.0,1309.0466186288832,0.043594714705125215,180,151,Current,Current,none,0,0.0,0.0,0.0,0,89.15693,193743.78,92.65693,0.0,0.0,0,783
9216,2008-01-01,1998-03-01,118,1998,94597.0,94597.0,366.80524846004624,0.023575716542827384,360,242,Current,Current,none,0,0.0,0.0,0.0,0,43.508537,217421.69,48.008537,0.0,0.0,0,924
9220,2008-01-01,1999-05-01,104,1999,484599.0,484599.0,3583.659427122704,0.039964548233332724,180,76,Current,Current,none,0,0.0,0.0,0.0,0,38.79595,1.2490969e+06,40.39595,0.0,0.0,0,672
9223,2008-01-01,2004-09-01,40,2004,266332.0,266332.0,1513.2448734487868,0.05506229221054484,360,320,Current,Current,none,0,0.0,0.0,0.0,0,76.612885,347633.44,82.112885,0.0,0.0,0,590
9226,2008-01-01,2000-09-01,88,2000,461053.0,461053.0,1852.7255519105915,0.026287343915870977,360,272,Current,Current,none,0,0.0,0.0,0.0,0,51.916443,888067.4,51.916443,0.0,0.0,0,985
9242,2008-01-01,1993-09-01,172,1993,152795.0,152795.0,914.996002492984,0.05988929530266769,360,188,Current,Current,none,0,0.0,0.0,0.0,0,36.202393,422057.72,38.102394,0.0,0.0,0,546
9245,2008-01-01,2000-10-01,87,2000,169313.0,169313.0,870.5059436119188,0.046250089303345523,360,273,Current,Current,none,0,0.0,0.0,0.0,0,47.73234,354713.38,62.132343,0.0,0.0,0,186
9250,2008-01-01,1996-04-01,141,1996,1133518.0,1.133518e+06,7575.2816322413955,0.02532035726690604,180,39,Current,Current,none,0,0.0,0.0,0.0,0,31.058466,3.6496265e+06,36.358467,0.0,0.0,0,902
9251,2008-01-01,2007-11-01,2,2007,288134.0,288134.0,1082.6327779620983,0.02121786713914265,360,358,Current,Current,none,0,0.0,0.0,0.0,0,87.029655,331075.66,91.32965,0.0,0.0,0,880
9254,2008-01-01,2007-08-01,5,2007,234271.0,234271.0,1023.69860117714,0.032821352864365716,360,355,Current,Current,none,0,0.0,0.0,0.0,0,84.28254,277959.1,90.68254,0.0,0.0,0,600
9255,2008-01-01,2007-10-01,3,2007,157291.0,157291.0,793.2122202632619,0.044597406091799074,360,357,Current,Current,none,0,0.0,0.0,0.0,0,82.2912,191139.52,88.9912,0.0,0.0,0,440
9257,2008-01-01,2002-10-01,63,2002,230966.0,230966.0,1492.4313361928926,0.0205770508678722,180,117,Current,Current,none,0,0.0,0.0,0.0,0,48.22082,478975.66,52.02082,0.0,0.0,0,393
9263,2008-01-01,1998-04-01,117,1998,312548.0,312548.0,1212.895570061143,0.023636227925031388,360,243,Current,Current,none,0,0.0,0.0,0.0,0,35.303932,885306.44,35.303932,0.0,0.0,0,188
9264,2008-01-01,1994-07-01,162,1994,140056.0,140056.0,888.4319377882429,0.018,180,18,Current,Current,none,0,0.0,0.0,0.0,0,26.301085,532510.4,26.301085,0.0,0.0,0,388
9265,2008-01-01,2004-06-01,43,2004,176852.0,176852.0,942.6500336542198,0.049376302305522535,360,317,Current,Current,none,0,0.0,0.0,0.0,0,82.79266,213608.3,89.39266,0.0,0.0,0,742
9266,2008-01-01,2002-12-01,61,2002,281934.0,281934.0,1157.3342334635008,0.027925460787300273,360,299,Current,Paid off,payoff,0,0.0,0.0,0.0,0,65.55453,430075.56,100.55453,0.0,0.0,0,799
9267,2008-01-01,2007-06-01,7,2007,201417.0,201417.0,1590.1988057828478,0.049752655026598036,180,173,Current,Current,none,0,0.0,0.0,0.0,0,95.82221,210198.64,99.82221,0.0,0.0,0,235
9270,2008-01-01,1997-06-01,127,1997,135262.0,135262.0,490.0076519723586,0.018520629926048086,360,233,Current,Current,none,0,0.0,0.0,0.0,0,25.5578,529239.56,27.457802,0.0,0.0,0,505
9277,2008-01-01,2006-01-01,24,2006,314263.0,314263.0,1332.0114212273113,0.030416279713050977,360,336,Current,Current,none,0,0.0,0.0,0.0,0,63.103134,498014.9,70.603134,0.0,0.0,0,940
9287,2008-01-01,2007-03-01,10,2007,245525.0,245525.0,883.1497312598319,0.018,360,350,Current,Current,none,0,0.0,0.0,0.0,0,91.161026,269331.1,95.161026,0.0,0.0,0,187
9290,2008-01-01,2005-07-01,30,2005,296574.0,296574.0,1235.3078726717795,0.029055273295483703,360,330,Current,Current,none,0,0.0,0.0,0.0,0,78.36063,378473.22,80.96063,0.0,0.0,0,557
9293,2008-01-01,2007-10-01,3,2007,319134.0,319134.0,1432.4162462240029,0.03496418038250718,360,357,Current,Current,none,0,0.0,0.0,0.0,0,78.45164,406790.75,84.45164,0.0,0.0,0,201
9294,2008-01-01,1996-06-01,139,1996,230336.0,230336.0,855.2468422105388,0.020336411008014303,360,221,Current,Current,none,0,0.0,0.0,0.0,0,36.068134,638613.56,43.968136,0.0,0.0,0,981
9300,2008-01-01,2005-05-01,32,2005,835479.0,835479.0,3636.925057267748,0.032518920842425976,360,328,Current,Current,none,0,0.0,0.0,0.0,0,63.625835,1.3131129e+06,70.325836,0.0,0.0,0,118
9301,2008-01-01,2002-05-01,68,2002,630025.0,630025.0,2675.5764336608713,0.030568784778576327,360,292,Current,Current,none,0,0.0,0.0,0.0,0,53.730312,1.172569e+06,54.930313,0.0,0.0,0,495
9304,2008-01-01,1999-02-01,107,1999,158087.0,158087.0,1197.2307080491446,0.043494976651274,180,73,Current,Current,none,0,0.0,0.0,0.0,0,41.251736,383225.1,41.951736,0.0,0.0,0,937
9306,2008-01-01,2003-03-01,58,2003,66379.0,66379.0,245.96323882915095,0.020184694304849413,360,302,Current,Current,none,0,0.0,0.0,0.0,0,35.222668,188455.36,35.322666,0.0,0.0,0,411
9307,2008-01-01,1993-11-01,170,1993,204997.0,204997.0,865.6616818656231,0.030125311666571605,360,190,Current,Current,none,0,0.0,0.0,0.0,0,34.133213,600579.25,36.933212,0.0,0.0,0,160
9314,2008-01-01,1995-08-01,149,1995,373330.0,373330.0,1342.862393529103,0.018,360,211,Current,Current,none,0,0.0,0.0,0.0,0,35.41541,1.0541456e+06,36.31541,0.0,0.0,0,585
9315,2008-01-01,2006-06-01,19,2006,170469.0,170469.0,793.8468420283949,0.03795197274028571,360,341,Current,Current,none,0,0.0,0.0,0.0,0,82.2002,207382.7,88.5002,0.0,0.0,0,789
9320,2008-01-01,1998-12-01,109,1998,219057.0,219057.0,1165.329806404709,0.049205354182136465,360,251,Current,Current,none,0,0.0,0.0,0.0,0,36.960373,592680.7,42.56037,0.0,0.0,0,729
9324,2008-01-01,2002-12-01,61,2002,170558.0,170558.0,806.3769481288808,0.039195257145466636,360,299,Current,Current,none,0,0.0,0.0,0.0,0,34.189438,498861.7,34.189438,0.0,0.0,0,743
9326,2008-01-01,2002-04-01,69,2002,303954.0,303954.0,1314.3404507393368,0.031990382319609656,360,291,Current,Current,none,0,0.0,0.0,0.0,0,38.25536,794539.6,43.355362,0.0,0.0,0,649
9327,2008-01-01,2008-01-01,0,2008,212861.0,212861.0,1099.600053792605,0.0466575111207959,360,360,Current,Current,none,0,0.0,0.0,0.0,0,54.5,390570.66,59.0,0.0,0.0,0,980
9329,2008-01-01,1994-11-01,158,1994,250578.0,250578.0,1150.2545854674258,0.03678017482341998,360,202,Current,Current,none,0,0.0,0.0,0.0,0,39.0826,641149.8,39.8826,0.0,0.0,0,555
9331,2008-01-01,2006-10-01,15,2006,741359.0,741359.0,4091.7974288259275,0.05245612527133452,360,345,Current,Current,none,0,0.0,0.0,0.0,0,96.07387,771655.2,101.17387,0.0,0.0,0,931
9332,2008-01-01,2005-04-01,33,2005,169671.0,169671.0,745.314541090419,0.03323862252901053,360,327,Current,Current,none,0,0.0,0.0,0.0,0,70.77306,239739.52,76.57306,0.0,0.0,0,696
9333,2008-01-01,2006-12-01,13,2006,211322.0,211322.0,1002.3851806732067,0.039465710532874586,360,347,Current,Current,none,0,0.0,0.0,0.0,0,62.441208,338433.53,71.34121,0.0,0.0,0,184
9334,2008-01-01,1998-12-01,109,1998,150287.0,150287.0,540.5800780443798,0.018,360,251,Current,Current,none,0,0.0,0.0,0.0,0,43.71483,343789.53,43.71483,0.0,0.0,0,638
9340,2008-01-01,1998-03-01,118,1998,108328.0,108328.0,550.1153515782327,0.04519149861364108,360,242,Current,Current,none,0,0.0,0.0,0.0,0,35.28969,306967.88,35.389687,0.0,0.0,0,835
9346,2008-01-01,1993-12-01,169,1993,186696.0,186696.0,1210.0740393487029,0.02100613925038586,180,11,Current,Current,none,0,0.0,0.0,0.0,0,35.660778,523533.16,42.160778,0.0,0.0,0,821
9350,2008-01-01,1996-11-01,134,1996,123735.0,123735.0,875.8226672783012,0.033557810665196176,180,46,Current,Current,none,0,0.0,0.0,0.0,0,38.633125,320282.16,39.933125,0.0,0.0,0,248
9355,2008-01-01,2006-05-01,20,2006,168703.0,168703.0,833.0710852036021,0.04281901478657223,360,340,Current,Current,none,0,0.0,0.0,0.0,0,89.346855,188818.06,96.44685,0.0,0.0,0,235
9356,2008-01-01,2006-03-01,22,2006,319988.0,319988.0,2259.8487634063404,0.03323145646955478,180,158,Current,Current,none,0,0.0,0.0,0.0,0,76.69912,417199.06,84.59912,0.0,0.0,0,142
9362,2008-01-01,2000-05-01,92,2000,332377.0,332377.0,1302.0585003989056,0.02434840205845542,360,268,Current,Current,none,0,0.0,0.0,0.0,0,52.069935,638328.06,53.469933,0.0,0.0,0,520
9370,2008-01-01,2005-07-01,30,2005,703126.0,703126.0,3500.025728614031,0.0434947254761509,360,330,Current,Current,none,0,0.0,0.0,0.0,0,93.01508,755926.9,95.61508,0.0,0.0,0,194
9373,2008-01-01,2001-10-01,75,2001,604292.0,604292.0,2173.6292328783884,0.018,360,285,Current,Current,none,0,0.0,0.0,0.0,0,60.046253,1.00637756e+06,66.34625,0.0,0.0,0,691
9380,2008-01-01,2000-11-01,86,2000,529754.0,529754.0,3151.2014520437597,0.059266428082577656,360,274,Current,Current,none,0,0.0,0.0,0.0,0,48.171696,1.0997205e+06,49.371696,0.0,0.0,0,921
9381,2008-01-01,1994-05-01,164,1994,218314.0,218314.0,1222.3608806717855,0.05374010053603977,360,196,Current,Current,none,0,0.0,0.0,0.0,0,33.56742,650374.7,34.06742,0.0,0.0,0,836
9382,2008-01-01,2004-07-01,42,2004,336968.0,336968.0,2629.5162432080515,0.04798675879358026,180,138,Current,Current,none,0,0.0,0.0,0.0,0,68.38808,492729.2,68.988075,0.0,0.0,0,586
9386,2008-01-01,2007-04-01,9,2007,326246.0,326246.0,1523.8055679708766,0.03819578178078255,360,351,Current,Current,none,0,0.0,0.0,0.0,0,89.639565,363953.16,108.93956,0.0,0.0,0,440
9390,2008-01-01,2005-06-01,31,2005,234009.0,234009.0,1046.0831564827765,0.034638086610839725,360,329,Current,Current,none,0,0.0,0.0,0.0,0,63.74873,367080.25,66.64873,0.0,0.0,0,141
9396,2008-01-01,1997-11-01,122,1997,120873.0,120873.0,442.2272149215054,0.01924613574034521,360,238,Current,Current,none,0,0.0,0.0,0.0,0,44.208267,273417.2,45.508266,0.0,0.0,0,533
9398,2008-01-01,2003-12-01,49,2003,419738.0,419738.0,1530.9741721540104,0.019021433337265917,360,311,Current,Current,none,0,0.0,0.0,0.0,0,63.74329,658481.9,64.44329,0.0,0.0,0,217
9399,2008-01-01,2007-03-01,10,2007,468070.0,468070.0,2685.950453050326,0.05596133739651778,360,350,Current,Current,none,0,0.0,0.0,0.0,0,86.79467,539284.25,91.79467,0.0,0.0,0,428
9406,2008-01-01,2000-10-01,87,2000,180354.0,180354.0,785.2678578664055,0.03253594584326772,360,273,Current,Current,none,0,0.0,0.0,0.0,0,40.364685,446811.38,42.664684,0.0,0.0,0,411
9411,2008-01-01,1995-06-01,151,1995,322849.0,322849.0,1276.682843818865,0.025061882331598593,360,209,Current,Current,none,0,0.0,0.0,0.0,0,33.076214,976076.06,36.376213,0.0,0.0,0,250
9413,2008-01-01,2007-11-01,2,2007,229333.0,229333.0,1339.7813106387737,0.05759992797277075,360,358,Current,Current,none,0,0.0,0.0,0.0,0,92.96815,246679.11,97.46815,0.0,0.0,0,329
9416,2008-01-01,2007-12-01,1,2007,170583.0,170583.0,1278.3640634084425,0.041932380090081066,180,179,Current,Current,none,0,0.0,0.0,0.0,0,91.89819,185621.72,96.59819,0.0,0.0,0,180
9417,2008-01-01,1998-06-01,115,1998,617266.0,617266.0,2220.296515694253,0.018,360,245,Current,Current,none,0,0.0,0.0,0.0,0,34.637707,1.7820638e+06,47.937706,0.0,0.0,0,542
9419,2008-01-01,1996-12-01,133,1996,179329.0,179329.0,645.0437151291901,0.018,360,227,Current,Current,none,0,0.0,0.0,0.0,0,38.84662,461633.47,42.34662,0.0,0.0,0,127
9428,2008-01-01,2002-08-01,65,2002,337789.0,337789.0,1548.422404654061,0.03666659898779126,360,295,Current,Current,none,0,0.0,0.0,0.0,0,39.29833,859550.56,42.69833,0.0,0.0,0,163
9430,2008-01-01,2005-03-01,34,2005,76642.0,76642.0,388.2815474683954,0.04498853521337894,360,326,Current,Current,none,0,0.0,0.0,0.0,0,59.25988,129332.02,68.55988,0.0,0.0,0,704
9436,2008-01-01,2007-09-01,4,2007,930153.0,930153.0,3417.174499047427,0.019550893476969658,360,356,Current,Current,none,0,0.0,0.0,0.0,0,64.39209,1.4445144e+06,68.39209,0.0,0.0,0,517
9441,2008-01-01,2000-04-01,93,2000,313327.0,313327.0,1216.399389398899,0.02366604546304851,360,267,Current,Current,none,0,0.0,0.0,0.0,0,47.11148,665075.6,48.711483,0.0,0.0,0,535
9443,2008-01-01,1996-06-01,139,1996,194164.0,194164.0,1055.4969467363235,0.05110758571578539,360,221,Current,Current,none,0,0.0,0.0,0.0,0,40.242912,482480.0,41.64291,0.0,0.0,0,223
9444,2008-01-01,2000-11-01,86,2000,389189.0,389189.0,1631.469124058684,0.029553008779761122,360,274,Current,Current,none,0,0.0,0.0,0.0,0,53.932045,721628.5,55.832043,0.0,0.0,0,754
9445,2008-01-01,2007-04-01,9,2007,229538.0,229538.0,977.8742217895541,0.03081614553579188,360,351,Current,Current,none,0,0.0,0.0,0.0,0,61.853428,371099.9,65.95343,0.0,0.0,0,626
9446,2008-01-01,2002-09-01,64,2002,215671.0,215671.0,809.4498126631266,0.021134188320973617,360,296,Current,Current,none,0,0.0,0.0,0.0,0,49.808918,432996.75,63.908916,0.0,0.0,0,144
9450,2008-01-01,1997-12-01,121,1997,429286.0,429286.0,2134.4518445056874,0.04339774533453939,360,239,Current,Current,none,0,0.0,0.0,0.0,0,29.79949,1.4405816e+06,31.89949,0.0,0.0,0,992
9452,2008-01-01,2007-10-01,3,2007,94615.0,94615.0,572.2316928463104,0.06081497691621777,360,357,Current,Current,none,0,0.0,0.0,0.0,0,99.102264,95472.086,119.70227,0.0,0.0,0,926
9453,2008-01-01,2007-05-01,8,2007,204981.0,204981.0,737.3135732140172,0.018,360,352,Current,Current,none,0,0.0,0.0,0.0,0,71.65732,286057.3,75.95731,0.0,0.0,0,419
9456,2008-01-01,1997-05-01,128,1997,147211.0,147211.0,1016.5463023867087,0.029990701001338067,180,52,Current,Current,none,0,0.0,0.0,0.0,0,39.981514,368197.7,42.981514,0.0,0.0,0,253
9457,2008-01-01,2006-01-01,24,2006,271511.0,271511.0,1270.2812070748807,0.03833321624339454,360,336,Current,Current,none,0,0.0,0.0,0.0,0,74.201675,365909.53,88.00167,0.0,0.0,0,447
9458,2008-01-01,2007-07-01,6,2007,96712.0,96712.0,391.78993012185884,0.026907559834603734,360,354,Current,Current,none,0,0.0,0.0,0.0,0,78.924,122538.13,85.424,0.0,0.0,0,645
9459,2008-01-01,1997-02-01,131,1997,315692.0,315692.0,2217.4088028881943,0.03244392422834692,180,49,Current,Current,none,0,0.0,0.0,0.0,0,36.59932,862562.44,36.79932,0.0,0.0,0,627
9460,2008-01-01,2005-12-01,25,2005,408889.0,408889.0,2873.2666129475283,0.03250660742691222,180,155,Current,Current,none,0,0.0,0.0,0.0,0,92.96233,439843.72,99.06234,0.0,0.0,0,151
9462,2008-01-01,1993-02-01,179,1993,232328.0,232328.0,939.7241741412131,0.026788375997756547,360,181,Current,Current,none,0,0.0,0.0,0.0,0,29.357225,791382.7,29.557224,0.0,0.0,0,790
9465,2008-01-01,2007-05-01,8,2007,173891.0,173891.0,1535.242493440128,0.06713306400555098,180,172,Current,Current,none,0,0.0,0.0,0.0,0,91.113235,190851.53,101.01323,0.0,0.0,0,419
9466,2008-01-01,2004-03-01,46,2004,169255.0,169255.0,721.2155491033133,0.030833356674000393,360,314,Current,Current,none,0,0.0,0.0,0.0,0,58.53241,289164.6,61.63241,0.0,0.0,0,659
9473,2008-01-01,2000-09-01,88,2000,211574.0,211574.0,1105.1493022172615,0.04761595024137631,360,272,Current,Current,none,0,0.0,0.0,0.0,0,55.172962,383474.06,56.97296,0.0,0.0,0,436
9482,2008-01-01,2004-01-01,48,2004,217073.0,217073.0,1006.6059682930686,0.03760607745229876,360,312,Current,Current,none,0,0.0,0.0,0.0,0,59.629128,364038.53,60.629128,0.0,0.0,0,965
9486,2008-01-01,2003-11-01,50,2003,149009.0,149009.0,535.9831312709349,0.018,360,310,Current,Current,none,0,0.0,0.0,0.0,0,59.537426,250277.88,59.737423,0.0,0.0,0,373
9492,2008-01-01,2005-04-01,33,2005,444602.0,444602.0,2129.9368794019524,0.040286065237611114,360,327,Current,Current,none,0,0.0,0.0,0.0,0,89.02763,499397.75,91.52763,0.0,0.0,0,432
9493,2008-01-01,1995-05-01,152,1995,834008.0,834008.0,3196.9088396916422,0.02271012772900684,360,208,Current,Current,none,0,0.0,0.0,0.0,0,28.394388,2.9372282e+06,28.894388,0.0,0.0,0,550
9494,2008-01-01,2004-01-01,48,2004,121562.0,121562.0,906.0923402762018,0.04113224027622874,180,132,Current,Current,none,0,0.0,0.0,0.0,0,67.77158,179370.16,67.97159,0.0,0.0,0,440
9495,2008-01-01,2005-08-01,29,2005,297369.0,297369.0,1110.2087962945623,0.02074255947241444,360,331,Current,Current,none,0,0.0,0.0,0.0,0,77.02254,386080.5,84.92254,0.0,0.0,0,204
9497,2008-01-01,1996-03-01,142,1996,330113.0,330113.0,1291.6370569060066,0.024257472335242277,360,218,Current,Current,none,0,0.0,0.0,0.0,0,24.2022,1.3639794e+06,25.8022,0.0,0.0,1,270
9499,2008-01-01,2002-10-01,63,2002,242233.0,242233.0,1071.890197368637,0.03382361243189305,360,297,Current,Current,none,0,0.0,0.0,0.0,0,51.98116,466001.53,52.08116,0.0,0.0,0,235
9505,2008-01-01,2005-01-01,36,2005,249845.0,249845.0,1061.0046956091535,0.030566448829106103,360,324,Current,Current,none,0,0.0,0.0,0.0,0,80.12303,311826.7,82.72303,0.0,0.0,0,769
9506,2008-01-01,1999-04-01,105,1999,137600.0,137600.0,514.836745226488,0.020903633204799068,360,255,Current,Current,none,0,0.0,0.0,0.0,0,44.436493,309655.4,46.03649,0.0,0.0,0,479
9507,2008-01-01,2002-05-01,68,2002,474377.0,474377.0,3061.0039866757998,0.020381785640844006,180,112,Current,Current,none,0,0.0,0.0,0.0,0,45.116516,1.0514486e+06,46.21652,0.0,0.0,0,400
9509,2008-01-01,1995-11-01,146,1995,292376.0,292376.0,1612.9460308953164,0.0524135563132457,360,214,Current,Current,none,0,0.0,0.0,0.0,0,32.208054,907772.94,32.208054,0.0,0.0,0,752
9511,2008-01-01,1994-08-01,161,1994,93161.0,93161.0,378.83430777870853,0.02719827096800034,360,199,Current,Current,none,0,0.0,0.0,0.0,0,36.572147,254732.11,39.672146,0.0,0.0,0,165
9514,2008-01-01,2002-02-01,71,2002,301702.0,301702.0,1455.172756041939,0.040848721527695114,360,289,Current,Current,none,0,0.0,0.0,0.0,0,54.673714,551822.8,56.173714,0.0,0.0,0,678
9515,2008-01-01,1998-07-01,114,1998,380125.0,380125.0,1438.6041763342914,0.02175465698725021,360,246,Current,Current,none,0,0.0,0.0,0.0,0,43.656197,870724.0,43.7562,0.0,0.0,0,432
9519,2008-01-01,2000-11-01,86,2000,349958.0,349958.0,1780.949079083787,0.045372943238953585,360,274,Current,Current,none,0,0.0,0.0,0.0,0,40.44903,865182.6,40.549034,0.0,0.0,0,620
9523,2008-01-01,1999-05-01,104,1999,96883.0,96883.0,785.0135663481943,0.05371293917481814,180,76,Current,Current,none,0,0.0,0.0,0.0,0,41.583015,232986.95,61.683014,0.0,0.0,0,545
9524,2008-01-01,1999-03-01,106,1999,141674.0,141674.0,898.6955671603611,0.018,180,74,Current,Current,none,0,0.0,0.0,0.0,0,37.97455,373076.2,40.37455,0.0,0.0,0,831
9525,2008-01-01,2000-08-01,89,2000,571546.0,571546.0,2324.8142043024486,0.02721986864537433,360,271,Current,Current,none,0,0.0,0.0,0.0,0,44.956398,1.2713341e+06,44.956398,0.0,0.0,0,516
9529,2008-01-01,2006-05-01,20,2006,250273.0,250273.0,1250.706372455566,0.043826544237208664,360,340,Current,Current,none,0,0.0,0.0,0.0,0,68.869286,363402.94,74.76929,0.0,0.0,0,110
9530,2008-01-01,2003-06-01,55,2003,324254.0,324254.0,1173.8388831743398,0.018469332985594417,360,305,Current,Current,none,0,0.0,0.0,0.0,0,57.54944,563435.56,63.249435,0.0,0.0,0,782
9531,2008-01-01,2004-12-01,37,2004,97971.0,97971.0,423.00675765690664,0.031872042065526275,360,323,Current,Current,none,0,0.0,0.0,0.0,0,74.476845,131545.58,78.07684,0.0,0.0,0,696
9536,2008-01-01,2007-03-01,10,2007,232137.0,232137.0,1101.787486128283,0.039515813657790284,360,350,Current,Current,none,0,0.0,0.0,0.0,0,94.781906,244916.98,99.48191,0.0,0.0,0,814
9537,2008-01-01,2002-10-01,63,2002,584629.0,584629.0,2656.4251878511573,0.03595240320269651,360,297,Current,Current,none,0,0.0,0.0,0.0,0,66.72759,876142.9,67.32759,0.0,0.0,0,612
9538,2008-01-01,2007-03-01,10,2007,406649.0,406649.0,1723.9468720304708,0.0304324236242208,360,350,Current,Current,none,0,0.0,0.0,0.0,0,96.05987,423328.72,105.259865,0.0,0.0,0,892
9539,2008-01-01,1999-11-01,98,1999,87266.0,87266.0,333.92590982543754,0.022579739145248794,360,262,Current,Current,none,0,0.0,0.0,0.0,0,43.408253,201035.5,43.608253,0.0,0.0,0,890
9544,2008-01-01,2006-05-01,20,2006,155437.0,155437.0,658.3055461399722,0.030354659082266058,360,340,Current,Current,none,0,0.0,0.0,0.0,0,87.62243,177394.08,92.62243,0.0,0.0,0,264
9546,2008-01-01,1995-06-01,151,1995,587858.0,587858.0,2431.4993755935284,0.028511770621920774,360,209,Current,Current,none,0,0.0,0.0,0.0,0,35.966827,1.6344449e+06,37.66683,0.0,0.0,0,149
9547,2008-01-01,1998-04-01,117,1998,361359.0,361359.0,2151.5724543308947,0.059355208428489355,360,243,Current,Current,none,0,0.0,0.0,0.0,0,39.85928,906586.9,40.05928,0.0,0.0,0,825
9550,2008-01-01,2006-12-01,13,2006,141793.0,141793.0,700.8592069652024,0.042899818523617045,360,347,Current,Current,none,0,0.0,0.0,0.0,0,63.619347,222877.17,72.91934,0.0,0.0,0,968
9554,2008-01-01,1998-10-01,111,1998,505998.0,505998.0,2211.3868852186356,0.03283275864361226,360,249,Current,Current,none,0,0.0,0.0,0.0,0,25.973574,1.9481262e+06,29.673574,0.0,0.0,1,621
9557,2008-01-01,2003-02-01,59,2003,344210.0,344210.0,1409.2645168925524,0.027722367162853284,360,301,Current,Current,none,0,0.0,0.0,0.0,0,68.48514,502605.38,86.08514,0.0,0.0,0,350
9558,2008-01-01,2005-11-01,26,2005,170743.0,170743.0,1075.7188576968738,0.06468871259427852,360,334,Current,Current,none,0,0.0,0.0,0.0,0,73.93901,230924.11,76.93901,0.0,0.0,0,400
9566,2008-01-01,2004-04-01,45,2004,265901.0,265901.0,1039.1081490277063,0.02416390230419739,360,315,Current,Current,none,0,0.0,0.0,0.0,0,78.09893,340466.9,78.09893,0.0,0.0,0,275
9567,2008-01-01,1998-04-01,117,1998,163925.0,163925.0,745.4239765561679,0.03601591298258278,360,243,Current,Current,none,0,0.0,0.0,0.0,0,39.28986,417219.6,50.08986,0.0,0.0,0,568
9570,2008-01-01,1994-06-01,163,1994,442273.0,442273.0,2829.132253232389,0.01916698833610298,180,17,Current,Current,none,0,0.0,0.0,0.0,0,29.862576,1.4810276e+06,30.562576,0.0,0.0,0,715
9571,2008-01-01,2006-01-01,24,2006,198065.0,198065.0,922.2265781449021,0.037940401899854315,360,336,Current,Current,none,0,0.0,0.0,0.0,0,88.78833,223075.5,94.88833,0.0,0.0,0,810
9572,2008-01-01,2001-09-01,76,2001,545472.0,545472.0,2127.942680063144,0.024032744000821442,360,284,Current,Current,none,0,0.0,0.0,0.0,0,53.589756,1.0178662e+06,56.189754,0.0,0.0,0,360
9574,2008-01-01,2007-08-01,5,2007,206663.0,206663.0,880.0134258191289,0.03077964979050593,360,355,Current,Current,none,0,0.0,0.0,0.0,0,87.86455,235206.34,92.26455,0.0,0.0,0,102
9579,2008-01-01,2003-11-01,50,2003,230329.0,230329.0,912.6562668017646,0.025215123227890095,360,310,Current,Current,none,0,0.0,0.0,0.0,0,61.646378,373629.4,62.24638,0.0,0.0,0,280
9583,2008-01-01,1995-11-01,146,1995,255225.0,255225.0,1027.406314250892,0.026421134921157843,360,214,Current,Current,none,0,0.0,0.0,0.0,0,42.4192,601673.3,43.5192,0.0,0.0,0,170
9585,2008-01-01,1994-02-01,167,1994,322307.0,322307.0,2044.523851693003,0.018,180,13,Current,Current,none,0,0.0,0.0,0.0,0,30.399157,1.0602499e+06,30.399157,0.0,0.0,0,340
9589,2008-01-01,2000-01-01,96,2000,692617.0,692617.0,2560.2406663642037,0.02000558266376067,360,264,Current,Current,none,0,0.0,0.0,0.0,0,54.829433,1.2632211e+06,58.72943,0.0,0.0,0,855
9595,2008-01-01,2002-11-01,62,2002,384118.0,384118.0,2490.8850449828756,0.02107457979638217,180,118,Current,Current,none,0,0.0,0.0,0.0,0,45.379112,846464.3,48.279114,0.0,0.0,0,130
9597,2008-01-01,2006-07-01,18,2006,153982.0,153982.0,1117.7148125921558,0.03722798360748021,180,162,Current,Current,none,0,0.0,0.0,0.0,0,92.04668,167286.86,99.646675,0.0,0.0,0,785
9600,2008-01-01,1996-08-01,137,1996,230492.0,230492.0,830.1892143390187,0.01809809921994415,360,223,Current,Current,none,0,0.0,0.0,0.0,0,42.927956,536927.5,43.627956,0.0,0.0,0,823
9608,2008-01-01,2005-04-01,33,2005,217695.0,217695.0,1081.470594877569,0.04332513556024294,360,327,Current,Current,none,0,0.0,0.0,0.0,0,84.04911,259009.28,88.54911,0.0,0.0,0,353
9609,2008-01-01,2002-09-01,64,2002,302626.0,302626.0,1309.1989774680342,0.03202668934795316,360,296,Current,Current,none,0,0.0,0.0,0.0,0,46.141106,655870.75,46.141106,0.0,0.0,0,494
9611,2008-01-01,1995-12-01,145,1995,263553.0,263553.0,989.6145207504586,0.02116843026057305,360,215,Current,Current,none,0,0.0,0.0,0.0,0,34.162655,771465.2,34.762653,0.0,0.0,0,881
9613,2008-01-01,2003-01-01,60,2003,670436.0,670436.0,3359.6083854458593,0.044058747922724906,360,300,Current,Current,none,0,0.0,0.0,0.0,0,60.6642,1.1051592e+06,60.764202,0.0,0.0,0,447
9614,2008-01-01,1998-10-01,111,1998,315244.0,315244.0,1133.927925389571,0.018,360,249,Current,Current,none,0,0.0,0.0,0.0,0,39.20235,804145.7,44.20235,0.0,0.0,0,250
9616,2008-01-01,2002-09-01,64,2002,304287.0,304287.0,2182.246830488985,0.035464808720074306,180,116,Current,Current,none,0,0.0,0.0,0.0,0,60.812363,500370.3,64.91236,0.0,0.0,0,647
9621,2008-01-01,1995-08-01,149,1995,509499.0,509499.0,2614.8214796671846,0.04609533114964224,360,211,Current,Current,none,0,0.0,0.0,0.0,0,41.715725,1.2213595e+06,49.215725,0.0,0.0,0,832
9623,2008-01-01,1998-07-01,114,1998,150039.0,150039.0,1049.6920275563878,0.031870397871858885,180,66,Current,Current,none,0,0.0,0.0,0.0,0,32.025166,468503.4,32.825165,0.0,0.0,0,382
9626,2008-01-01,1995-06-01,151,1995,235462.0,235462.0,846.9532716501478,0.018,360,209,Current,Current,none,0,0.0,0.0,0.0,0,23.977886,981996.5,24.177885,0.0,0.0,0,134
9629,2008-01-01,1997-06-01,127,1997,254479.0,254479.0,1692.6691744140896,0.024651692259125946,180,53,Current,Current,none,0,0.0,0.0,0.0,0,33.494698,759759.06,43.294697,0.0,0.0,0,901
9633,2008-01-01,2003-02-01,59,2003,251847.0,251847.0,1072.5316776438212,0.030788107409176292,360,301,Current,Current,none,0,0.0,0.0,0.0,0,29.329342,858686.1,29.329342,0.0,0.0,0,922
9634,2008-01-01,1996-02-01,143,1996,188826.0,188826.0,703.129859872022,0.020548663356081232,360,217,Current,Current,none,0,0.0,0.0,0.0,0,41.775772,451998.8,43.575775,0.0,0.0,0,263
9636,2008-01-01,2004-03-01,46,2004,268590.0,268590.0,966.114189264141,0.018,360,314,Current,Current,none,0,0.0,0.0,0.0,0,48.341873,555605.25,49.041874,0.0,0.0,0,250
9637,2008-01-01,1997-04-01,129,1997,121268.0,121268.0,436.19917161355175,0.018,360,231,Current,Current,none,0,0.0,0.0,0.0,0,42.92886,282485.94,44.528862,0.0,0.0,0,326
9643,2008-01-01,2007-01-01,12,2007,450632.0,450632.0,1874.0880673037325,0.028934614570913213,360,348,Current,Current,none,0,0.0,0.0,0.0,0,95.48277,471951.12,103.48277,0.0,0.0,0,397
9649,2008-01-01,1995-12-01,145,1995,108823.0,108823.0,391.7702305736864,0.018062650593871743,360,215,Current,Current,none,0,0.0,0.0,0.0,0,34.686768,313730.6,53.186768,0.0,0.0,0,446
9651,2008-01-01,2003-01-01,60,2003,334276.0,334276.0,1502.268935330096,0.03506538447194098,360,300,Current,Current,none,0,0.0,0.0,0.0,0,60.216496,555123.6,65.8165,0.0,0.0,0,776
9652,2008-01-01,2005-03-01,34,2005,366360.0,366360.0,1779.5742367056114,0.04143835460654592,360,326,Current,Current,none,0,0.0,0.0,0.0,0,62.915524,582304.6,65.51552,0.0,0.0,0,788
9653,2008-01-01,1997-06-01,127,1997,287810.0,287810.0,1225.2236731499352,0.030758485067789283,360,233,Current,Current,none,0,0.0,0.0,0.0,0,41.331757,696341.06,48.431755,0.0,0.0,0,601
9655,2008-01-01,2007-04-01,9,2007,252547.0,252547.0,1245.779154229391,0.04272978745057349,360,351,Current,Current,none,0,0.0,0.0,0.0,0,103.05356,245063.83,110.05356,0.0,0.0,0,788
9656,2008-01-01,1996-09-01,136,1996,120458.0,120458.0,433.2856137993965,0.018,360,224,Current,Current,none,0,0.0,0.0,0.0,0,33.80801,356300.2,35.90801,0.0,0.0,0,155
9657,2008-01-01,2001-11-01,74,2001,625950.0,625950.0,4433.010432304764,0.03363644208129722,180,106,Current,Current,none,0,0.0,0.0,0.0,0,61.14289,1.02374944e+06,62.44289,0.0,0.0,0,437
9659,2008-01-01,1997-07-01,126,1997,206973.0,206973.0,1464.6709565467247,0.03352534576614579,180,54,Current,Current,none,0,0.0,0.0,0.0,0,43.704266,473576.2,53.104267,0.0,0.0,0,838
9660,2008-01-01,1999-09-01,100,1999,276016.0,276016.0,1061.4789767424897,0.02295512122924066,360,260,Current,Current,none,0,0.0,0.0,0.0,0,49.00509,563239.44,54.50509,0.0,0.0,0,687
9663,2008-01-01,2001-02-01,83,2001,444311.0,444311.0,2121.372217120301,0.040006384534787956,360,277,Current,Current,none,0,0.0,0.0,0.0,0,39.47958,1.1254198e+06,50.97958,0.0,0.0,0,327
9667,2008-01-01,2007-07-01,6,2007,209169.0,209169.0,1177.7851161575102,0.05424774198574081,360,354,Current,Current,none,0,0.0,0.0,0.0,0,100.612236,207896.19,108.91224,0.0,0.0,0,512
9668,2008-01-01,2006-03-01,22,2006,298759.0,298759.0,2189.7049825911813,0.03864850744974874,180,158,Current,Current,none,0,0.0,0.0,0.0,0,89.09062,335342.84,94.79062,0.0,0.0,0,185
9675,2008-01-01,1999-12-01,97,1999,116982.0,116982.0,590.6729471109462,0.044703711655177863,360,263,Current,Current,none,0,0.0,0.0,0.0,0,43.871677,266645.8,45.67168,0.0,0.0,0,420
9677,2008-01-01,1998-08-01,113,1998,369406.0,369406.0,2145.0966210151773,0.057045387412853386,360,247,Current,Current,none,0,0.0,0.0,0.0,0,44.667038,827021.5,53.967037,0.0,0.0,0,151
9680,2008-01-01,2000-04-01,93,2000,494652.0,494652.0,2151.1591869120753,0.03244114184026762,360,267,Current,Current,none,0,0.0,0.0,0.0,0,46.15247,1.071778e+06,46.45247,0.0,0.0,0,103
9685,2008-01-01,2007-07-01,6,2007,292137.0,292137.0,1389.3968082235424,0.03968441209257656,360,354,Current,Current,none,0,0.0,0.0,0.0,0,97.01517,301125.1,103.715164,0.0,0.0,0,905
9686,2008-01-01,1999-12-01,97,1999,296792.0,296792.0,1544.9613157161184,0.04731844408109494,360,263,Current,Current,none,0,0.0,0.0,0.0,0,37.762226,785949.4,37.762226,0.0,0.0,0,865
9687,2008-01-01,2001-03-01,82,2001,737170.0,737170.0,4160.453100532105,0.05445619102222351,360,278,Current,Current,none,0,0.0,0.0,0.0,0,57.49605,1.2821229e+06,57.59605,0.0,0.0,0,851
9688,2008-01-01,2005-11-01,26,2005,575010.0,575010.0,2156.2230501718245,0.021069139690022453,360,334,Current,Current,none,0,0.0,0.0,0.0,0,76.669716,749983.25,82.269714,0.0,0.0,0,397
9689,2008-01-01,1995-04-01,153,1995,202336.0,202336.0,1366.8592846388767,0.02685135435864992,180,27,Current,Current,none,0,0.0,0.0,0.0,0,38.428444,526526.7,38.62844,0.0,0.0,0,174
9692,2008-01-01,1996-01-01,144,1996,252993.0,252993.0,910.012014909352,0.018,360,216,Current,Current,none,0,0.0,0.0,0.0,0,37.7444,670279.56,37.9444,0.0,0.0,0,243
9698,2008-01-01,1996-06-01,139,1996,324596.0,324596.0,1693.8786900264934,0.0475323147130001,360,221,Current,Current,none,0,0.0,0.0,0.0,0,40.194366,807565.9,46.594368,0.0,0.0,0,174
9700,2008-01-01,2000-04-01,93,2000,367185.0,367185.0,1362.8397049684295,0.02030745885054422,360,267,Current,Current,none,0,0.0,0.0,0.0,0,40.33846,910260.4,45.738457,0.0,0.0,0,441
9701,2008-01-01,2001-08-01,77,2001,187701.0,187701.0,855.1670217645085,0.036169916111902636,360,283,Current,Current,none,0,0.0,0.0,0.0,0,52.898327,354833.53,53.198326,0.0,0.0,0,904
9702,2008-01-01,2006-08-01,17,2006,81781.0,81781.0,411.06716356597957,0.044318464934900464,360,343,Current,Current,none,0,0.0,0.0,0.0,0,77.5015,105521.82,92.801506,0.0,0.0,0,987
9705,2008-01-01,1996-07-01,138,1996,79515.0,79515.0,361.92303910339456,0.03609213409625073,360,222,Current,Current,none,0,0.0,0.0,0.0,0,35.497852,223999.47,38.29785,0.0,0.0,0,607
9707,2008-01-01,1994-11-01,158,1994,765067.0,765067.0,5429.437584609577,0.03393586442700279,180,22,Current,Current,none,0,0.0,0.0,0.0,0,38.332813,1.9958541e+06,56.032814,0.0,0.0,0,262
9709,2008-01-01,1994-01-01,168,1994,369767.0,369767.0,1595.6188619886047,0.03182679201715053,360,192,Current,Current,none,0,0.0,0.0,0.0,0,37.07041,997472.06,37.67041,0.0,0.0,0,860
9712,2008-01-01,2001-04-01,81,2001,258749.0,258749.0,1107.1475209189282,0.031159785725178343,360,279,Current,Current,none,0,0.0,0.0,0.0,0,41.87792,617865.0,42.177917,0.0,0.0,0,764
9713,2008-01-01,1995-06-01,151,1995,460785.0,460785.0,2557.2309380098473,0.05294653748188491,360,209,Current,Current,none,0,0.0,0.0,0.0,0,34.545216,1.3338606e+06,34.945213,0.0,0.0,0,356
9714,2008-01-01,1999-11-01,98,1999,198446.0,198446.0,1157.3024913254449,0.05743855440226414,360,262,Current,Current,none,0,0.0,0.0,0.0,0,42.249153,469704.06,42.449154,0.0,0.0,0,892
9715,2008-01-01,2004-06-01,43,2004,110538.0,110538.0,496.5479277101364,0.03502964061415792,360,317,Current,Current,none,0,0.0,0.0,0.0,0,74.78615,147805.45,79.68615,0.0,0.0,0,266
9718,2008-01-01,2000-10-01,87,2000,196576.0,196576.0,870.8731235559583,0.03391698860443269,360,273,Current,Current,none,0,0.0,0.0,0.0,0,56.48537,348012.22,56.885372,0.0,0.0,0,862
9723,2008-01-01,2002-02-01,71,2002,556700.0,556700.0,3081.9305014464744,0.05272644066387931,360,289,Current,Current,none,0,0.0,0.0,0.0,0,58.637558,949391.56,59.837555,0.0,0.0,0,731
9726,2008-01-01,1997-04-01,129,1997,270523.0,270523.0,973.0671611836004,0.018,360,231,Current,Current,none,0,0.0,0.0,0.0,0,31.79003,850968.06,31.79003,0.0,0.0,0,922
9730,2008-01-01,1997-04-01,129,1997,200836.0,200836.0,766.701739047105,0.022403704032135995,360,231,Current,Current,none,0,0.0,0.0,0.0,0,35.930126,558962.7,38.230125,0.0,0.0,0,227
9745,2008-01-01,1998-01-01,120,1998,424550.0,424550.0,2157.516665199458,0.04525289500963,360,240,Current,Current,none,0,0.0,0.0,0.0,0,40.658463,1.04418606e+06,40.75846,0.0,0.0,0,810
9748,2008-01-01,2002-03-01,70,2002,527411.0,527411.0,2511.1894368479616,0.03977780520768538,360,290,Current,Current,none,0,0.0,0.0,0.0,0,53.83767,979631.94,63.13767,0.0,0.0,0,462
9749,2008-01-01,2000-02-01,95,2000,601580.0,601580.0,4572.087556436057,0.04402372221536835,180,85,Current,Current,none,0,0.0,0.0,0.0,0,30.09911,1.9986638e+06,30.19911,0.0,0.0,0,909
9750,2008-01-01,1993-01-01,180,1993,496491.0,496491.0,3149.4435170533393,0.018,180,0,Current,Matured,matured,0,0.0,0.0,0.0,0,34.697395,1.4309172e+06,52.597393,0.0,0.0,0,160
9755,2008-01-01,2002-04-01,69,2002,192748.0,192748.0,884.2950389444626,0.03673456897541955,360,291,Current,Current,none,0,0.0,0.0,0.0,0,31.914309,603954.8,34.01431,0.0,0.0,0,952
9756,2008-01-01,2006-03-01,22,2006,400281.0,400281.0,1615.16458045302,0.02660340235583149,360,338,Current,Current,none,0,0.0,0.0,0.0,0,79.26288,505004.38,85.26288,0.0,0.0,0,190
9757,2008-01-01,2005-05-01,32,2005,298961.0,298961.0,1287.9021090313206,0.03169357711510706,360,328,Current,Current,none,0,0.0,0.0,0.0,0,56.589333,528299.2,59.089333,0.0,0.0,0,561
9760,2008-01-01,1999-04-01,105,1999,271531.0,271531.0,1125.5805699531984,0.028682384521615617,360,255,Current,Current,none,0,0.0,0.0,0.0,0,49.62535,547161.9,58.42535,0.0,0.0,0,190
9762,2008-01-01,1996-02-01,143,1996,219224.0,219224.0,1399.2247775240305,0.018857787863684243,180,37,Current,Current,none,0,0.0,0.0,0.0,0,39.72981,551787.25,41.629807,0.0,0.0,0,191
9764,2008-01-01,2003-09-01,52,2003,483738.0,483738.0,3581.0326934922805,0.04011882366346286,180,128,Current,Current,none,0,0.0,0.0,0.0,0,55.847675,866173.9,56.547676,0.0,0.0,0,319
9767,2008-01-01,2000-12-01,85,2000,502926.0,502926.0,2558.795926592133,0.04535247607474723,360,275,Current,Current,none,0,0.0,0.0,0.0,0,37.201782,1.3518869e+06,45.00178,0.0,0.0,0,827
9768,2008-01-01,2001-02-01,83,2001,178691.0,178691.0,762.8121687855532,0.030976536707932247,360,277,Current,Current,none,0,0.0,0.0,0.0,0,46.144966,387238.34,46.344963,0.0,0.0,0,711
9769,2008-01-01,1993-09-01,172,1993,153967.0,153967.0,749.4392042616694,0.04161163678555581,360,188,Current,Current,none,0,0.0,0.0,0.0,0,30.168661,510354.1,30.968662,0.0,0.0,0,922
9771,2008-01-01,2005-02-01,35,2005,187377.0,187377.0,1009.0856337668197,0.0502796921468646,360,325,Current,Current,none,0,0.0,0.0,0.0,0,82.5356,227025.67,85.4356,0.0,0.0,0,870
9775,2008-01-01,1996-08-01,137,1996,266129.0,266129.0,1133.2452972141668,0.030780581805008995,360,223,Current,Current,none,0,0.0,0.0,0.0,0,30.704735,866736.06,31.604734,0.0,0.0,0,700
9787,2008-01-01,2003-12-01,49,2003,319174.0,319174.0,1659.184326485607,0.04719939042712214,360,311,Current,Current,none,0,0.0,0.0,0.0,0,57.132267,558658.0,57.332268,0.0,0.0,0,224
9788,2008-01-01,2004-05-01,44,2004,290267.0,290267.0,1094.1925764933328,0.02145952313727347,360,316,Current,Current,none,0,0.0,0.0,0.0,0,73.00736,397585.94,73.20736,0.0,0.0,0,512
9790,2008-01-01,2007-09-01,4,2007,157538.0,157538.0,1124.822884497434,0.03482042049157714,180,176,Current,Current,none,0,0.0,0.0,0.0,0,78.317535,201152.9,87.71754,0.0,0.0,0,498
9802,2008-01-01,2003-06-01,55,2003,481531.0,481531.0,1921.0286158155282,0.025732881748696673,360,305,Current,Current,none,0,0.0,0.0,0.0,0,66.58291,723205.1,66.882904,0.0,0.0,0,719
9807,2008-01-01,1998-03-01,118,1998,219340.0,219340.0,951.3535983581534,0.03223160974600958,360,242,Current,Current,none,0,0.0,0.0,0.0,0,45.35778,483577.47,46.15778,0.0,0.0,0,658
9809,2008-01-01,1994-03-01,166,1994,300112.0,300112.0,1612.4641638441376,0.05007620748900931,360,194,Current,Current,none,0,0.0,0.0,0.0,0,39.980946,750637.56,51.780945,0.0,0.0,0,928
9811,2008-01-01,1994-01-01,168,1994,319511.0,319511.0,1180.428275410832,0.019965785336335723,360,192,Current,Current,none,0,0.0,0.0,0.0,0,41.00143,779267.94,41.00143,0.0,0.0,0,653
9815,2008-01-01,2003-10-01,51,2003,343084.0,343084.0,1567.6734159151035,0.03640705700182173,360,309,Current,Current,none,0,0.0,0.0,0.0,0,70.81235,484497.44,72.21235,0.0,0.0,0,112
9817,2008-01-01,2003-03-01,58,2003,212284.0,212284.0,984.326600997952,0.03760011040256087,360,302,Current,Current,none,0,0.0,0.0,0.0,0,57.671448,368092.03,58.671448,0.0,0.0,0,819
9821,2008-01-01,2004-10-01,39,2004,446447.0,446447.0,2140.3709730451083,0.04034792573182643,360,321,Current,Current,none,0,0.0,0.0,0.0,0,68.88675,648088.4,68.98675,0.0,0.0,0,160
9824,2008-01-01,2000-06-01,91,2000,202380.0,202380.0,917.0872427610001,0.035733851688928404,360,269,Current,Current,none,0,0.0,0.0,0.0,0,53.078922,381281.28,54.578922,0.0,0.0,0,197
9828,2008-01-01,2003-02-01,59,2003,405465.0,405465.0,1458.4515050820394,0.018,360,301,Current,Current,none,0,0.0,0.0,0.0,0,41.631165,973945.9,43.931164,0.0,0.0,0,976
9831,2008-01-01,1994-12-01,157,1994,329195.0,329195.0,1513.0746137369963,0.03688427299998406,360,203,Current,Current,none,0,0.0,0.0,0.0,0,40.536106,812103.2,46.636105,0.0,0.0,0,811
9833,2008-01-01,2002-03-01,70,2002,226682.0,226682.0,1471.9111711028918,0.06760987827676453,360,290,Current,Current,none,0,0.0,0.0,0.0,0,45.42769,498995.25,51.727688,0.0,0.0,0,476
9835,2008-01-01,1999-01-01,108,1999,225409.0,225409.0,940.661082374757,0.029202106050578915,360,252,Current,Current,none,0,0.0,0.0,0.0,0,42.433937,531199.9,44.133934,0.0,0.0,0,860
9840,2008-01-01,2008-01-01,0,2008,108397.0,108397.0,429.1414786153121,0.0251493676343638,360,360,Current,Paid off,payoff,0,0.0,0.0,0.0,0,66.8,162270.95,88.5,0.0,0.0,0,313
9841,2008-01-01,1996-05-01,140,1996,264460.0,264460.0,1036.332829157429,0.02437276561846675,360,220,Current,Current,none,0,0.0,0.0,0.0,0,39.495193,669600.44,48.195194,0.0,0.0,0,745
9848,2008-01-01,1997-07-01,126,1997,555959.0,555959.0,3932.741889454566,0.033467364013850226,180,54,Current,Current,none,0,0.0,0.0,0.0,0,35.726105,1.5561701e+06,35.726105,0.0,0.0,0,690
9854,2008-01-01,1993-08-01,173,1993,444487.0,444487.0,3180.2943449849618,0.03512523883128046,180,7,Current,Current,none,0,0.0,0.0,0.0,0,35.66854,1.2461598e+06,37.16854,0.0,0.0,0,383
9857,2008-01-01,2003-11-01,50,2003,550773.0,550773.0,2232.017551441534,0.026934457099222663,360,310,Current,Current,none,0,0.0,0.0,0.0,0,59.294083,928883.56,64.39408,0.0,0.0,0,657
9859,2008-01-01,2005-12-01,25,2005,1934083.0,1.934083e+06,8180.915636397663,0.030256154168707177,360,335,Current,Current,none,0,0.0,0.0,0.0,0,64.74727,2.9871268e+06,68.547264,0.0,0.0,0,991
9861,2008-01-01,1993-01-01,180,1993,318338.0,318338.0,2019.3468770465647,0.018,180,0,Current,Matured,matured,0,0.0,0.0,0.0,0,24.381952,1.3056296e+06,24.381952,0.0,0.0,0,212
9863,2008-01-01,1993-09-01,172,1993,427964.0,427964.0,1590.5041213163252,0.020404269475854192,360,188,Current,Current,none,0,0.0,0.0,0.0,0,38.076508,1.1239581e+06,38.076508,0.0,0.0,0,377
9866,2008-01-01,1997-10-01,123,1997,516567.0,516567.0,1858.083727635465,0.018,360,237,Current,Current,none,0,0.0,0.0,0.0,0,44.649555,1.1569365e+06,71.74956,0.0,0.0,0,818
9867,2008-01-01,2007-09-01,4,2007,377993.0,377993.0,2041.7660546490295,0.05054539018815574,360,356,Current,Current,none,0,0.0,0.0,0.0,0,63.030956,599694.2,73.830956,0.0,0.0,0,135
9871,2008-01-01,1995-05-01,152,1995,707375.0,707375.0,2590.193588394024,0.01930823873677885,360,208,Current,Current,none,0,0.0,0.0,0.0,0,31.743227,2.2284282e+06,52.243225,0.0,0.0,0,240
9872,2008-01-01,2001-08-01,77,2001,833004.0,833004.0,3527.365546892651,0.030342083455626185,360,283,Current,Current,none,0,0.0,0.0,0.0,0,48.193268,1.7284655e+06,48.39327,0.0,0.0,0,880
9874,2008-01-01,1996-05-01,140,1996,440637.0,440637.0,1584.96465994558,0.018,360,220,Current,Current,none,0,0.0,0.0,0.0,0,44.275177,995223.6,45.875175,0.0,0.0,0,637
9878,2008-01-01,2000-12-01,85,2000,359283.0,359283.0,1649.9465205659503,0.03681426914458489,360,275,Current,Current,none,0,0.0,0.0,0.0,0,41.144535,873221.7,42.044533,0.0,0.0,0,683
9879,2008-01-01,2002-05-01,68,2002,716912.0,716912.0,4533.023621400185,0.06503503849159525,360,292,Current,Current,none,0,0.0,0.0,0.0,0,62.202896,1.152538e+06,62.402897,0.0,0.0,0,650
9885,2008-01-01,2006-03-01,22,2006,294408.0,294408.0,1058.9811468516225,0.018,360,338,Current,Current,none,0,0.0,0.0,0.0,0,94.75225,310713.47,99.85225,0.0,0.0,0,622
9887,2008-01-01,1998-03-01,118,1998,212126.0,212126.0,1217.566821263311,0.05598475160964297,360,242,Current,Current,none,0,0.0,0.0,0.0,0,36.21431,585751.9,37.114307,0.0,0.0,0,757
9889,2008-01-01,2001-08-01,77,2001,590766.0,590766.0,2240.056339395222,0.021897103258008102,360,283,Current,Current,none,0,0.0,0.0,0.0,0,42.547195,1.3884958e+06,46.047195,0.0,0.0,0,217
9890,2008-01-01,1996-01-01,144,1996,139494.0,139494.0,530.5531577394144,0.02212597888557798,360,216,Current,Current,none,0,0.0,0.0,0.0,0,26.321127,529969.7,26.721127,0.0,0.0,0,537
9893,2008-01-01,1995-08-01,149,1995,148522.0,148522.0,907.0697261259807,0.061731986121495164,360,211,Current,Current,none,0,0.0,0.0,0.0,0,31.978874,464437.84,33.478874,0.0,0.0,0,866
9900,2008-01-01,2002-10-01,63,2002,227631.0,227631.0,818.7852824616914,0.018,360,297,Current,Current,none,0,0.0,0.0,0.0,0,48.22082,472059.56,52.22082,0.0,0.0,0,738
9902,2008-01-01,2004-12-01,37,2004,514380.0,514380.0,2450.4411393279283,0.03982159278225305,360,323,Current,Current,none,0,0.0,0.0,0.0,0,74.84784,687234.25,86.44784,0.0,0.0,0,936
9903,2008-01-01,2006-08-01,17,2006,242385.0,242385.0,1118.9523863687523,0.03724019346294885,360,343,Current,Current,none,0,0.0,0.0,0.0,0,88.28057,274562.1,95.080574,0.0,0.0,0,646
9904,2008-01-01,2003-08-01,53,2003,203741.0,203741.0,1036.4806120040512,0.04534287178034668,360,307,Current,Current,none,0,0.0,0.0,0.0,0,68.11125,299129.72,81.31125,0.0,0.0,0,636
9905,2008-01-01,2007-09-01,4,2007,360058.0,360058.0,1681.526082298015,0.03818574069146827,360,356,Current,Current,none,0,0.0,0.0,0.0,0,77.68932,463458.8,81.88932,0.0,0.0,0,332
9906,2008-01-01,1996-01-01,144,1996,186684.0,186684.0,789.9178288675602,0.03028283707603656,360,216,Current,Current,none,0,0.0,0.0,0.0,0,28.986557,644036.44,28.986557,0.0,0.0,0,729
9909,2008-01-01,2004-03-01,46,2004,381361.0,381361.0,1661.890024650805,0.03260425335153039,360,314,Current,Current,none,0,0.0,0.0,0.0,0,60.80633,627173.2,60.80633,0.0,0.0,0,414
9911,2008-01-01,1999-12-01,97,1999,263073.0,263073.0,1253.821817955686,0.03985956829348528,360,263,Current,Current,none,0,0.0,0.0,0.0,0,35.43482,742413.9,37.63482,0.0,0.0,0,579
9912,2008-01-01,2002-07-01,66,2002,98015.0,98015.0,464.70851258902195,0.0394273475915995,360,294,Current,Current,none,0,0.0,0.0,0.0,0,50.46542,194222.1,50.46542,0.0,0.0,0,475
9918,2008-01-01,2000-04-01,93,2000,542125.0,542125.0,3249.9671236777804,0.05999006810167318,360,267,Current,Current,none,0,0.0,0.0,0.0,0,41.177593,1.3165534e+06,44.77759,0.0,0.0,0,235
9919,2008-01-01,1998-12-01,109,1998,315666.0,315666.0,1634.5148908527642,0.04686036185950099,360,251,Current,Current,none,0,0.0,0.0,0.0,0,48.307858,653446.5,48.307858,0.0,0.0,0,570
9922,2008-01-01,2005-09-01,28,2005,426485.0,426485.0,1655.9183826923436,0.02367591004577682,360,332,Current,Current,none,0,0.0,0.0,0.0,0,95.411064,446997.44,98.21106,0.0,0.0,0,501
9930,2008-01-01,2002-06-01,67,2002,371914.0,371914.0,1690.7925021913697,0.03599534861771842,360,293,Current,Current,none,0,0.0,0.0,0.0,0,61.99793,599881.3,79.59793,0.0,0.0,0,108
9935,2008-01-01,2005-09-01,28,2005,272775.0,272775.0,1606.3309445588493,0.05833451087272418,360,332,Current,Current,none,0,0.0,0.0,0.0,0,70.49413,386947.1,72.99413,0.0,0.0,0,886
9940,2008-01-01,1994-04-01,165,1994,303415.0,303415.0,1091.3791903480374,0.018,360,195,Current,Current,none,0,0.0,0.0,0.0,0,33.996178,892497.44,39.296177,0.0,0.0,0,578
9946,2008-01-01,2003-09-01,52,2003,230802.0,230802.0,833.02361670299,0.018249156744978,360,308,Current,Current,none,0,0.0,0.0,0.0,0,59.693714,386643.72,59.693714,0.0,0.0,0,993
9948,2008-01-01,2006-04-01,21,2006,264191.0,264191.0,1314.1360571523358,0.04343328165815896,360,339,Current,Current,none,0,0.0,0.0,0.0,0,81.69242,323397.2,88.29242,0.0,0.0,0,440
9950,2008-01-01,2003-10-01,51,2003,560285.0,560285.0,2298.8587199473477,0.027888452027116824,360,309,Current,Current,none,0,0.0,0.0,0.0,0,66.05389,848224.1,74.153885,0.0,0.0,0,415
9952,2008-01-01,2007-05-01,8,2007,525193.0,525193.0,2284.3764816137696,0.03245500899931794,360,352,Current,Current,none,0,0.0,0.0,0.0,0,72.29521,726456.1,76.29521,0.0,0.0,0,181
9954,2008-01-01,1995-04-01,153,1995,143727.0,143727.0,574.1258559856487,0.025831158849875625,360,207,Current,Current,none,0,0.0,0.0,0.0,0,35.233902,407922.47,40.433903,0.0,0.0,0,729
9957,2008-01-01,1999-02-01,107,1999,186215.0,186215.0,888.617367251566,0.03996259410502476,360,253,Current,Current,none,0,0.0,0.0,0.0,0,49.404255,376921.0,50.404255,0.0,0.0,0,212
9958,2008-01-01,2005-09-01,28,2005,377342.0,377342.0,1795.2729157979009,0.039714029821299804,360,332,Current,Current,none,0,0.0,0.0,0.0,0,91.46588,412549.47,97.06588,0.0,0.0,0,112
9960,2008-01-01,1998-04-01,117,1998,333768.0,333768.0,1257.505027019977,0.021419883351086744,360,243,Current,Current,none,0,0.0,0.0,0.0,0,33.492146,996556.0,34.592148,0.0,0.0,0,975
9965,2008-01-01,2001-07-01,78,2001,859927.0,859927.0,3402.114627007531,0.025097557416428225,360,282,Current,Current,none,0,0.0,0.0,0.0,0,35.521812,2.420842e+06,35.521812,0.0,0.0,0,935
9966,2008-01-01,2007-11-01,2,2007,362563.0,362563.0,1750.846180927016,0.040949958125413154,360,358,Current,Current,none,0,0.0,0.0,0.0,0,73.2073,495255.28,77.2073,0.0,0.0,0,269
9967,2008-01-01,2001-05-01,80,2001,555140.0,555140.0,2723.2461266707774,0.042262626283614026,360,280,Current,Current,none,0,0.0,0.0,0.0,0,55.551388,999326.94,67.85139,0.0,0.0,0,207
9968,2008-01-01,1995-10-01,147,1995,123952.0,123952.0,533.4030592064574,0.03160883989069005,360,213,Current,Current,none,0,0.0,0.0,0.0,0,26.799952,462508.28,28.099953,0.0,0.0,0,486
9969,2008-01-01,2006-02-01,23,2006,454262.0,454262.0,3639.568888174113,0.051991167390562004,180,157,Current,Current,none,0,0.0,0.0,0.0,0,83.60098,543369.25,88.60098,0.0,0.0,0,436
9970,2008-01-01,1998-05-01,116,1998,118808.0,118808.0,482.63366374024605,0.02711976277910154,360,244,Current,Current,none,0,0.0,0.0,0.0,0,45.03234,263828.2,46.03234,0.0,0.0,0,197
9972,2008-01-01,2004-04-01,45,2004,169981.0,169981.0,611.4190997628652,0.018,360,315,Current,Current,none,0,0.0,0.0,0.0,0,73.39932,231583.89,74.29932,0.0,0.0,0,481
9974,2008-01-01,2001-09-01,76,2001,270045.0,270045.0,1115.390555491786,0.028402766505477788,360,284,Current,Current,none,0,0.0,0.0,0.0,0,43.060787,627125.1,45.860786,0.0,0.0,0,608
9977,2008-01-01,1999-06-01,103,1999,657282.0,657282.0,2606.226704703849,0.025268012070739605,360,257,Current,Current,none,0,0.0,0.0,0.0,0,28.389109,2.315261e+06,38.68911,0.0,0.0,0,851
9987,2008-01-01,2006-04-01,21,2006,159144.0,159144.0,824.3769851730277,0.04689501034220098,360,339,Current,Current,none,0,0.0,0.0,0.0,0,85.66433,185776.28,90.86433,0.0,0.0,0,770
9988,2008-01-01,2004-10-01,39,2004,308964.0,308964.0,1111.3388598674787,0.018,360,321,Current,Current,none,0,0.0,0.0,0.0,0,64.2273,481047.78,64.2273,0.0,0.0,0,314
9989,2008-01-01,2002-05-01,68,2002,290850.0,290850.0,1107.8365399363654,0.022235059701474942,360,292,Current,Current,none,0,0.0,0.0,0.0,0,46.74043,622266.44,47.24043,0.0,0.0,0,984
9992,2008-01-01,2003-08-01,53,2003,270978.0,270978.0,1226.8421829935817,0.035661619880763856,360,307,Current,Current,none,0,0.0,0.0,0.0,0,49.831684,543786.56,50.231686,0.0,0.0,0,435
9997,2008-01-01,2003-08-01,53,2003,403189.0,403189.0,3105.3323892652757,0.04601536027307434,180,127,Current,Current,none,0,0.0,0.0,0.0,0,65.48853,615663.5,65.68853,0.0,0.0,0,196
9998,2008-01-01,2004-06-01,43,2004,348387.0,348387.0,1392.63221324799,0.02588491979989347,360,317,Current,Current,none,0,0.0,0.0,0.0,0,67.13157,518961.53,69.431564,0.0,0.0,0,835
10012,2008-01-01,2007-05-01,8,2007,100610.0,100610.0,450.59663663270567,0.03478845612413465,360,352,Current,Current,none,0,0.0,0.0,0.0,0,87.285835,115264.98,91.68584,0.0,0.0,0,826
10014,2008-01-01,2004-02-01,47,2004,136751.0,136751.0,586.292430816408,0.03131513017454712,360,313,Current,Current,none,0,0.0,0.0,0.0,0,47.985798,284982.25,47.985798,0.0,0.0,0,869
10015,2008-01-01,2001-06-01,79,2001,123502.0,123502.0,561.9206744182151,0.03606116717785754,360,281,Current,Current,none,0,0.0,0.0,0.0,0,49.923477,247382.61,53.523476,0.0,0.0,0,480
10019,2008-01-01,2001-08-01,77,2001,346315.0,346315.0,2250.2000767832096,0.021352480304059836,180,103,Current,Current,none,0,0.0,0.0,0.0,0,39.11922,885280.94,40.11922,0.0,0.0,0,826
10022,2008-01-01,1997-09-01,124,1997,175025.0,175025.0,758.7317989715959,0.032188604268108024,360,236,Current,Current,none,0,0.0,0.0,0.0,0,31.532404,555063.94,32.432404,0.0,0.0,0,397
10024,2008-01-01,2002-12-01,61,2002,735650.0,735650.0,5001.72788901902,0.027769735100972706,180,119,Current,Current,none,0,0.0,0.0,0.0,0,42.142197,1.7456375e+06,65.34219,0.0,0.0,0,676
10030,2008-01-01,2001-03-01,82,2001,195247.0,195247.0,902.6133124492083,0.03735497505744779,360,278,Current,Current,none,0,0.0,0.0,0.0,0,35.814037,545168.9,36.314037,0.0,0.0,0,109
10034,2008-01-01,1996-04-01,141,1996,354097.0,354097.0,2435.7042023252297,0.02943416793238396,180,39,Current,Current,none,0,0.0,0.0,0.0,0,42.339363,836330.5,42.339363,0.0,0.0,0,325
10035,2008-01-01,2007-07-01,6,2007,277904.0,277904.0,1602.521239925198,0.056406618467020504,360,354,Current,Current,none,0,0.0,0.0,0.0,0,94.687645,293495.53,98.98765,0.0,0.0,0,237
10039,2008-01-01,1995-07-01,150,1995,417844.0,417844.0,2633.356906783991,0.06471956872027601,360,210,Current,Current,none,0,0.0,0.0,0.0,0,38.40321,1.0880445e+06,53.703213,0.0,0.0,0,424
10047,2008-01-01,2006-09-01,16,2006,132894.0,132894.0,964.251111831568,0.03716853624080757,180,164,Current,Current,none,0,0.0,0.0,0.0,0,92.27293,144022.75,98.07292,0.0,0.0,0,117
10049,2008-01-01,2000-05-01,92,2000,181280.0,181280.0,1266.0734493233942,0.031621663060135634,180,88,Current,Current,none,0,0.0,0.0,0.0,0,37.885574,478493.47,43.285576,0.0,0.0,0,321
10050,2008-01-01,2004-01-01,48,2004,217068.0,217068.0,809.9642709544303,0.020701735606390364,360,312,Current,Current,none,0,0.0,0.0,0.0,0,54.858795,395684.94,54.958797,0.0,0.0,0,647
10053,2008-01-01,2004-12-01,37,2004,584656.0,584656.0,2688.2681270886183,0.036915183857397775,360,323,Current,Current,none,0,0.0,0.0,0.0,0,60.10087,972791.3,68.50087,0.0,0.0,0,641
10069,2008-01-01,1998-01-01,120,1998,324286.0,324286.0,1233.9964651863818,0.02216254875697906,360,240,Current,Current,none,0,0.0,0.0,0.0,0,37.24478,870688.4,43.144783,0.0,0.0,0,967
10070,2008-01-01,1997-11-01,122,1997,122464.0,122464.0,510.0165631647162,0.0290434045805361,360,238,Current,Current,none,0,0.0,0.0,0.0,0,31.852234,384475.38,32.052235,0.0,0.0,0,106
10075,2008-01-01,2001-10-01,75,2001,329228.0,329228.0,1298.079153834603,0.02483810616140076,360,285,Current,Current,none,0,0.0,0.0,0.0,0,41.18037,799478.0,65.18037,0.0,0.0,0,414
10079,2008-01-01,2007-06-01,7,2007,345345.0,345345.0,1339.0031411489522,0.023570551260410688,360,353,Current,Current,none,0,0.0,0.0,0.0,0,88.92471,388356.6,94.72472,0.0,0.0,0,562
10080,2008-01-01,2002-12-01,61,2002,129758.0,129758.0,744.3887949030418,0.05593587413333604,360,299,Current,Current,none,0,0.0,0.0,0.0,0,60.426113,214738.3,63.02611,0.0,0.0,0,318
10086,2008-01-01,1994-03-01,166,1994,304534.0,304534.0,1326.6073759259166,0.032575137318896316,360,194,Current,Current,none,0,0.0,0.0,0.0,0,39.019207,780472.06,41.819206,0.0,0.0,0,132
10087,2008-01-01,2001-12-01,73,2001,338810.0,338810.0,1366.61146738579,0.026574629598166796,360,287,Current,Current,none,0,0.0,0.0,0.0,0,37.310726,908076.6,38.510727,0.0,0.0,0,249
10090,2008-01-01,2007-05-01,8,2007,473821.0,473821.0,2067.6144094794327,0.03271193834778482,360,352,Current,Current,none,0,0.0,0.0,0.0,0,100.68172,470612.75,109.381714,0.0,0.0,0,686
10092,2008-01-01,2001-03-01,82,2001,73029.0,73029.0,282.8210320741171,0.023481679512812582,360,278,Current,Current,none,0,0.0,0.0,0.0,0,41.87984,174377.45,46.17984,0.0,0.0,0,379
10098,2008-01-01,2006-09-01,16,2006,221946.0,221946.0,927.5387941232103,0.029313744296339737,360,344,Current,Current,none,0,0.0,0.0,0.0,0,73.5384,301809.7,80.0384,0.0,0.0,0,696
10107,2008-01-01,1996-02-01,143,1996,177349.0,177349.0,637.9216849168106,0.018,360,217,Current,Current,none,0,0.0,0.0,0.0,0,19.936274,889579.44,29.836275,0.0,0.0,0,799
10109,2008-01-01,2000-03-01,94,2000,254021.0,254021.0,949.0827596286128,0.020798191728326407,360,266,Current,Current,none,0,0.0,0.0,0.0,0,44.660793,568778.5,45.26079,0.0,0.0,0,319
10114,2008-01-01,1999-01-01,108,1999,522327.0,522327.0,4192.873999695704,0.05228157684353445,180,72,Current,Current,none,0,0.0,0.0,0.0,0,44.27653,1.1796926e+06,49.77653,0.0,0.0,0,448
10117,2008-01-01,2001-12-01,73,2001,154805.0,154805.0,950.7164994372383,0.0622570719247667,360,287,Current,Current,none,0,0.0,0.0,0.0,0,56.57663,273620.03,59.97663,0.0,0.0,0,385
10119,2008-01-01,1997-09-01,124,1997,223115.0,223115.0,802.5412984015371,0.018,360,236,Current,Current,none,0,0.0,0.0,0.0,0,38.79747,575076.2,39.49747,0.0,0.0,0,443
10125,2008-01-01,2003-10-01,51,2003,311905.0,311905.0,2065.4646822870427,0.024025066908691096,180,129,Current,Current,none,0,0.0,0.0,0.0,0,45.56831,684477.9,45.968307,0.0,0.0,0,211
10128,2008-01-01,1994-05-01,164,1994,167941.0,167941.0,766.6365055905578,0.036328201990875705,360,196,Current,Current,none,0,0.0,0.0,0.0,0,41.2069,407555.5,44.606903,0.0,0.0,0,533
10129,2008-01-01,1994-11-01,158,1994,264675.0,264675.0,1678.9407318080139,0.018,180,22,Current,Current,none,0,0.0,0.0,0.0,0,30.413197,870263.6,35.713196,0.0,0.0,0,812
10132,2008-01-01,2006-11-01,14,2006,145441.0,145441.0,571.9899112474611,0.024645391433878228,360,346,Current,Current,none,0,0.0,0.0,0.0,0,96.28242,151056.66,101.28242,0.0,0.0,0,412
10136,2008-01-01,1993-07-01,174,1993,181380.0,181380.0,808.3404479121617,0.03439265322042536,360,186,Current,Current,none,0,0.0,0.0,0.0,0,27.589088,657433.8,29.48909,0.0,0.0,0,458
10137,2008-01-01,1994-06-01,163,1994,195995.0,195995.0,1290.2198562326505,0.02318782563058239,180,17,Current,Current,none,0,0.0,0.0,0.0,0,37.73586,519386.6,44.035862,0.0,0.0,0,296
10139,2008-01-01,2006-10-01,15,2006,175831.0,175831.0,672.1113079846615,0.022500464295501073,360,345,Current,Current,none,0,0.0,0.0,0.0,0,79.39811,221454.89,84.79811,0.0,0.0,0,571
10145,2008-01-01,2002-05-01,68,2002,345498.0,345498.0,1835.6682610452754,0.04909607245120319,360,292,Current,Current,none,0,0.0,0.0,0.0,0,54.365757,635506.7,57.965755,0.0,0.0,0,477
10151,2008-01-01,2000-02-01,95,2000,121384.0,121384.0,436.6164218684184,0.018,360,265,Current,Current,none,0,0.0,0.0,0.0,0,41.739,290816.75,46.139,0.0,0.0,0,697
10152,2008-01-01,1995-01-01,156,1995,316737.0,316737.0,1149.8418776955853,0.018674698694853012,360,204,Current,Current,none,0,0.0,0.0,0.0,0,36.627205,864758.9,36.827206,0.0,0.0,0,772
10158,2008-01-01,2005-01-01,36,2005,287347.0,287347.0,1300.2173234418926,0.0356159995016445,360,324,Current,Current,none,0,0.0,0.0,0.0,0,68.70363,418241.38,71.403625,0.0,0.0,0,547
10160,2008-01-01,1999-06-01,103,1999,263809.0,263809.0,1070.9663664055518,0.02706917626590271,360,257,Current,Paid off,payoff,0,0.0,0.0,0.0,0,46.47027,567694.2,46.570267,0.0,0.0,0,245
10161,2008-01-01,2004-01-01,48,2004,219321.0,219321.0,788.8943374794322,0.018,360,312,Current,Current,none,0,0.0,0.0,0.0,0,53.213856,412150.2,53.913857,0.0,0.0,0,425
10162,2008-01-01,2002-10-01,63,2002,120157.0,120157.0,525.2155458772536,0.032846034050797786,360,297,Current,Current,none,0,0.0,0.0,0.0,0,62.156197,193314.6,62.856197,0.0,0.0,0,447
10163,2008-01-01,2003-07-01,54,2003,120312.0,120312.0,594.716670124991,0.04290470092513354,360,306,Current,Current,none,0,0.0,0.0,0.0,0,60.367466,199299.4,63.367466,0.0,0.0,0,418
10171,2008-01-01,2004-06-01,43,2004,323468.0,323468.0,1163.5095296656361,0.018,360,317,Current,Current,none,0,0.0,0.0,0.0,0,72.67454,445091.22,75.57454,0.0,0.0,0,778
10174,2008-01-01,1996-10-01,135,1996,282446.0,282446.0,1015.9540128109743,0.018,360,225,Current,Current,none,0,0.0,0.0,0.0,0,45.510574,620616.25,47.510574,0.0,0.0,0,397
10177,2008-01-01,1996-04-01,141,1996,74845.0,74845.0,550.3307666224313,0.039121636910310564,180,39,Current,Current,none,0,0.0,0.0,0.0,0,42.57938,175777.56,49.57938,0.0,0.0,0,363
10179,2008-01-01,1997-04-01,129,1997,205339.0,205339.0,1058.1870010361424,0.04644990182007972,360,231,Current,Current,none,0,0.0,0.0,0.0,0,26.812056,765845.8,26.912056,0.0,0.0,0,339
10180,2008-01-01,2001-04-01,81,2001,273808.0,273808.0,1206.663989959422,0.0334970315126243,360,279,Current,Current,none,0,0.0,0.0,0.0,0,48.250645,567470.1,48.250645,0.0,0.0,0,656
10183,2008-01-01,1997-06-01,127,1997,212959.0,212959.0,895.1243376499156,0.02976303057229189,360,233,Current,Current,none,0,0.0,0.0,0.0,0,35.34165,602572.4,42.741646,0.0,0.0,0,571
10185,2008-01-01,2007-01-01,12,2007,165083.0,165083.0,1119.1796516446402,0.027358743254438385,180,168,Current,Current,none,0,0.0,0.0,0.0,0,81.91866,201520.62,85.91866,0.0,0.0,0,624
10193,2008-01-01,2004-11-01,38,2004,181075.0,181075.0,658.4514066261486,0.018797388250295984,360,322,Current,Current,none,0,0.0,0.0,0.0,0,50.726166,356965.7,50.726166,0.0,0.0,0,756
10195,2008-01-01,2002-03-01,70,2002,235337.0,235337.0,878.5597247600349,0.02073779265917071,360,290,Current,Current,none,0,0.0,0.0,0.0,0,57.973724,405937.34,59.473724,0.0,0.0,0,159
10198,2008-01-01,1999-01-01,108,1999,278923.0,278923.0,1151.4190338088738,0.028359650450803242,360,252,Current,Current,none,0,0.0,0.0,0.0,0,29.210588,954869.5,29.210588,0.0,0.0,0,186
10199,2008-01-01,1996-03-01,142,1996,260306.0,260306.0,936.3167658907313,0.018,360,218,Current,Current,none,0,0.0,0.0,0.0,0,37.90246,686778.7,41.202457,0.0,0.0,0,440
10200,2008-01-01,2002-11-01,62,2002,848913.0,848913.0,4083.2764707689576,0.04062069155927658,360,298,Current,Current,none,0,0.0,0.0,0.0,0,53.00399,1.6016021e+06,55.30399,0.0,0.0,0,595
10202,2008-01-01,2004-12-01,37,2004,336887.0,336887.0,1518.256637607149,0.03529130762045877,360,323,Current,Current,none,0,0.0,0.0,0.0,0,70.48867,477930.7,70.58867,0.0,0.0,0,948
10206,2008-01-01,2000-11-01,86,2000,369546.0,369546.0,1378.844026409206,0.020697734140511903,360,274,Current,Current,none,0,0.0,0.0,0.0,0,47.22219,782568.56,48.02219,0.0,0.0,0,436
10211,2008-01-01,1997-10-01,123,1997,250309.0,250309.0,1587.8113748488981,0.018,180,57,Current,Current,none,0,0.0,0.0,0.0,0,38.23497,654659.9,54.33497,0.0,0.0,0,599
10212,2008-01-01,2006-11-01,14,2006,461976.0,461976.0,2359.943254187925,0.045697274063528706,360,346,Current,Current,none,0,0.0,0.0,0.0,0,94.35033,489639.0,100.25033,0.0,0.0,0,482
10214,2008-01-01,1998-09-01,112,1998,166099.0,166099.0,597.4556041646546,0.018,360,248,Current,Current,none,0,0.0,0.0,0.0,0,36.95185,449501.16,39.351852,0.0,0.0,0,183
10216,2008-01-01,2001-05-01,80,2001,458923.0,458923.0,2301.9429438877337,0.04414144460050086,360,280,Current,Current,none,0,0.0,0.0,0.0,0,49.51747,926790.06,51.917473,0.0,0.0,0,291
10217,2008-01-01,1999-12-01,97,1999,325468.0,325468.0,1292.4682072903443,0.02538215869148456,360,263,Current,Current,none,0,0.0,0.0,0.0,0,38.402267,847522.94,38.402267,0.0,0.0,0,486
10220,2008-01-01,2002-02-01,71,2002,159433.0,159433.0,1023.129038815117,0.01961333883973293,180,109,Current,Current,none,0,0.0,0.0,0.0,0,38.203255,417328.3,38.303257,0.0,0.0,0,790
10223,2008-01-01,1994-02-01,167,1994,568279.0,568279.0,3118.879918429215,0.05195436315821997,360,193,Current,Current,none,0,0.0,0.0,0.0,0,38.993202,1.4573796e+06,38.993202,0.0,0.0,0,975
10230,2008-01-01,1993-09-01,172,1993,495026.0,495026.0,3203.2274738915953,0.020774814281537393,180,8,Current,Current,none,0,0.0,0.0,0.0,0,24.95771,1.9834591e+06,24.95771,0.0,0.0,0,283
10233,2008-01-01,2002-05-01,68,2002,261873.0,261873.0,1140.6034884886933,0.03256369397476713,360,292,Current,Current,none,0,0.0,0.0,0.0,0,60.50838,432788.0,61.20838,0.0,0.0,0,900
10238,2008-01-01,2003-11-01,50,2003,894521.0,894521.0,3303.353629261097,0.01993358326522919,360,310,Current,Current,none,0,0.0,0.0,0.0,0,67.243225,1.3302769e+06,91.44322,0.0,0.0,0,287
10240,2008-01-01,2003-08-01,53,2003,374376.0,374376.0,1987.4322526691353,0.04902279703941419,360,307,Current,Current,none,0,0.0,0.0,0.0,0,72.3235,517640.88,72.3235,0.0,0.0,0,534
10243,2008-01-01,1993-01-01,180,1993,548765.0,548765.0,3251.2978633837242,0.05889666385215236,360,180,Current,Current,none,0,0.0,0.0,0.0,0,33.268417,1.6495075e+06,38.368416,0.0,0.0,0,853
10245,2008-01-01,2007-10-01,3,2007,136509.0,136509.0,1082.3788110387952,0.05040390165446824,180,177,Current,Current,none,0,0.0,0.0,0.0,0,76.89506,177526.36,82.89506,0.0,0.0,0,110
10246,2008-01-01,1999-04-01,105,1999,117605.0,117605.0,442.933532049521,0.021393767609725448,360,255,Current,Current,none,0,0.0,0.0,0.0,0,23.40506,502476.8,23.80506,0.0,0.0,0,703
10247,2008-01-01,1993-04-01,177,1993,323969.0,323969.0,1177.252594512439,0.01874683711133194,360,183,Current,Current,none,0,0.0,0.0,0.0,0,21.91233,1.478478e+06,22.012331,0.0,0.0,0,727
10249,2008-01-01,2005-01-01,36,2005,283197.0,283197.0,1198.5473040261538,0.03029937261647072,360,324,Current,Paid off,payoff,0,0.0,0.0,0.0,0,74.41333,380572.94,78.613335,0.0,0.0,0,196
10251,2008-01-01,2007-03-01,10,2007,269749.0,269749.0,1430.9634289082896,0.04895933921784414,360,350,Current,Current,none,0,0.0,0.0,0.0,0,91.80001,293844.22,102.600006,0.0,0.0,0,454
10252,2008-01-01,2006-08-01,17,2006,298794.0,298794.0,1074.7575228675296,0.018,360,343,Current,Current,none,0,0.0,0.0,0.0,0,68.01592,439300.06,73.71593,0.0,0.0,0,514
10253,2008-01-01,2002-03-01,70,2002,160955.0,160955.0,671.3898263705232,0.029167770304741065,360,290,Current,Current,none,0,0.0,0.0,0.0,0,36.535164,440548.16,36.635166,0.0,0.0,0,663
10257,2008-01-01,2000-05-01,92,2000,447517.0,447517.0,1968.965976100665,0.03336641695084627,360,268,Current,Current,none,0,0.0,0.0,0.0,0,50.433277,887344.7,52.033276,0.0,0.0,0,586
10262,2008-01-01,1995-04-01,153,1995,281146.0,281146.0,1160.3426033191367,0.028342754813392046,360,207,Current,Current,none,0,0.0,0.0,0.0,0,28.281078,994113.44,38.581078,0.0,0.0,0,799
10267,2008-01-01,2006-11-01,14,2006,162514.0,162514.0,762.1824699890595,0.03853269361082874,360,346,Current,Current,none,0,0.0,0.0,0.0,0,78.89362,205991.31,91.89362,0.0,0.0,0,140
10271,2008-01-01,2004-08-01,41,2004,188110.0,188110.0,940.2071545282166,0.043840254377100464,360,319,Current,Current,none,0,0.0,0.0,0.0,0,75.16455,250264.25,76.56455,0.0,0.0,0,995
10281,2008-01-01,1998-05-01,116,1998,310151.0,310151.0,1598.5600851807642,0.04646273521007615,360,244,Current,Current,none,0,0.0,0.0,0.0,0,33.121235,936411.4,42.721233,0.0,0.0,0,559
10282,2008-01-01,2006-08-01,17,2006,390053.0,390053.0,1403.0147729440637,0.018,360,343,Current,Current,none,0,0.0,0.0,0.0,0,93.238945,418337.0,99.33894,0.0,0.0,0,470
10287,2008-01-01,2007-11-01,2,2007,178354.0,178354.0,859.8934899616474,0.04081527469261782,360,358,Current,Current,none,0,0.0,0.0,0.0,0,75.86938,235080.34,80.06938,0.0,0.0,0,221
10288,2008-01-01,2000-06-01,91,2000,139095.0,139095.0,693.0221532234752,0.043572108814284104,360,269,Current,Current,none,0,0.0,0.0,0.0,0,42.536686,327000.06,42.83669,0.0,0.0,0,356
10291,2008-01-01,2007-02-01,11,2007,298637.0,298637.0,1386.2452891679727,0.03768935801157205,360,349,Current,Current,none,0,0.0,0.0,0.0,0,90.76683,329015.56,98.86684,0.0,0.0,0,995
10294,2008-01-01,1996-04-01,141,1996,414749.0,414749.0,1886.2209127471517,0.03602505075479742,360,219,Current,Current,none,0,0.0,0.0,0.0,0,34.034702,1.2186062e+06,56.534702,0.0,0.0,0,740
10297,2008-01-01,1995-03-01,154,1995,381733.0,381733.0,1582.9822579029012,0.02871082433773019,360,206,Current,Current,none,0,0.0,0.0,0.0,0,28.037903,1.3614891e+06,28.637903,0.0,0.0,0,240
10300,2008-01-01,2004-07-01,42,2004,249529.0,249529.0,1143.7750891831174,0.03666204764094798,360,318,Current,Current,none,0,0.0,0.0,0.0,0,80.7656,308954.53,82.1656,0.0,0.0,0,252
10303,2008-01-01,2004-12-01,37,2004,156519.0,156519.0,1030.707376262895,0.023236379852133022,180,143,Current,Current,none,0,0.0,0.0,0.0,0,60.286366,259625.88,60.386364,0.0,0.0,0,938
10304,2008-01-01,2007-05-01,8,2007,169802.0,169802.0,1077.1228644279377,0.018,180,172,Current,Current,none,0,0.0,0.0,0.0,0,75.90997,223688.66,86.90997,0.0,0.0,0,671
10306,2008-01-01,2004-04-01,45,2004,316161.0,316161.0,2135.954354250706,0.026862179676979896,180,135,Current,Current,none,0,0.0,0.0,0.0,0,41.356544,764476.4,41.656544,0.0,0.0,0,908
10308,2008-01-01,1997-08-01,125,1997,332863.0,332863.0,1197.303203324881,0.018,360,235,Current,Current,none,0,0.0,0.0,0.0,0,36.0062,924460.25,36.106197,0.0,0.0,0,582
10320,2008-01-01,1997-12-01,121,1997,346291.0,346291.0,1701.734807651665,0.042410755090515846,360,239,Current,Current,none,0,0.0,0.0,0.0,0,42.744755,810136.8,43.044754,0.0,0.0,0,971
10325,2008-01-01,1997-09-01,124,1997,119208.0,119208.0,446.20422593475615,0.020933940442683367,360,236,Current,Current,none,0,0.0,0.0,0.0,0,40.66419,293152.28,57.16419,0.0,0.0,0,172
10327,2008-01-01,2006-08-01,17,2006,124376.0,124376.0,544.7364298985858,0.03300368616764632,360,343,Current,Current,none,0,0.0,0.0,0.0,0,59.93162,207529.84,67.73162,0.0,0.0,0,127
10333,2008-01-01,1995-05-01,152,1995,228198.0,228198.0,1353.8808519907122,0.059024324641515455,360,208,Current,Current,none,0,0.0,0.0,0.0,0,34.14873,668247.4,34.848732,0.0,0.0,0,568
10334,2008-01-01,2004-10-01,39,2004,439953.0,439953.0,3226.6478945585914,0.038743559406035466,180,141,Current,Current,none,0,0.0,0.0,0.0,0,74.91662,587256.9,82.31662,0.0,0.0,0,447
10335,2008-01-01,1999-12-01,97,1999,200976.0,200976.0,738.5550644442736,0.01957227190843045,360,263,Current,Current,none,0,0.0,0.0,0.0,0,44.10442,455682.22,48.00442,0.0,0.0,0,652
10336,2008-01-01,1998-07-01,114,1998,275387.0,275387.0,990.5628960083549,0.018,360,246,Current,Current,none,0,0.0,0.0,0.0,0,35.902176,767048.2,39.202175,0.0,0.0,0,592
10337,2008-01-01,2003-03-01,58,2003,160017.0,160017.0,575.5787416638001,0.018,360,302,Current,Current,none,0,0.0,0.0,0.0,0,46.484848,344234.75,46.68485,0.0,0.0,0,489
10338,2008-01-01,2000-11-01,86,2000,111399.0,111399.0,519.2558258640264,0.038029011699649416,360,274,Current,Current,none,0,0.0,0.0,0.0,0,50.83032,219158.58,51.53032,0.0,0.0,0,378
10339,2008-01-01,2006-10-01,15,2006,283079.0,283079.0,1018.2309042879623,0.018,360,345,Current,Current,none,0,0.0,0.0,0.0,0,91.23252,310283.0,96.93252,0.0,0.0,0,143
10340,2008-01-01,1995-08-01,149,1995,197851.0,197851.0,843.8172118152252,0.03090328133576159,360,211,Current,Current,none,0,0.0,0.0,0.0,0,38.70876,511127.22,46.408756,0.0,0.0,0,793
10342,2008-01-01,2005-01-01,36,2005,231407.0,231407.0,1174.5632395218556,0.045149608354097356,360,324,Current,Current,none,0,0.0,0.0,0.0,0,61.87071,374017.06,68.07071,0.0,0.0,0,431
10347,2008-01-01,1996-03-01,142,1996,217811.0,217811.0,1528.868582743652,0.032346798097279514,180,38,Current,Current,none,0,0.0,0.0,0.0,0,42.341915,514409.88,43.841915,0.0,0.0,0,582
10348,2008-01-01,2001-08-01,77,2001,256361.0,256361.0,1629.2975562717766,0.018264471460689775,180,103,Current,Current,none,0,0.0,0.0,0.0,0,40.329094,635672.6,43.129093,0.0,0.0,0,763
10352,2008-01-01,2007-06-01,7,2007,400337.0,400337.0,2277.977865084028,0.05519531970844699,360,353,Current,Current,none,0,0.0,0.0,0.0,0,90.94091,440216.62,95.44091,0.0,0.0,0,345
10359,2008-01-01,1996-10-01,135,1996,414554.0,414554.0,1547.733754571171,0.020743614335315318,360,225,Current,Current,none,0,0.0,0.0,0.0,0,39.10683,1.0600552e+06,41.00683,0.0,0.0,0,587
10360,2008-01-01,2005-08-01,29,2005,87535.0,87535.0,438.65133959152683,0.04405999639775581,360,331,Current,Current,none,0,0.0,0.0,0.0,0,92.13911,95003.086,104.23911,0.0,0.0,0,171
10361,2008-01-01,1995-05-01,152,1995,232250.0,232250.0,1377.6645399039364,0.05900706551529789,360,208,Current,Current,none,0,0.0,0.0,0.0,0,43.063248,539323.0,43.063248,0.0,0.0,0,826
10362,2008-01-01,1999-08-01,101,1999,303230.0,303230.0,1420.1079051702652,0.03841570798230025,360,259,Current,Current,none,0,0.0,0.0,0.0,0,50.75793,597404.2,50.75793,0.0,0.0,0,745
10363,2008-01-01,1996-07-01,138,1996,1517613.0,1.517613e+06,5458.831129646379,0.018,360,222,Current,Current,none,0,0.0,0.0,0.0,0,37.497044,4.047287e+06,37.697044,0.0,0.0,0,879
10364,2008-01-01,2001-03-01,82,2001,355530.0,355530.0,1745.589859684119,0.04233637150511823,360,278,Current,Current,none,0,0.0,0.0,0.0,0,51.30119,693024.9,51.50119,0.0,0.0,0,637
10367,2008-01-01,2003-11-01,50,2003,239594.0,239594.0,1122.8672261714873,0.03847301728010644,360,310,Current,Current,none,0,0.0,0.0,0.0,0,64.160904,373426.78,64.2609,0.0,0.0,0,350
10368,2008-01-01,2001-09-01,76,2001,366613.0,366613.0,1700.929945456348,0.037648368247687615,360,284,Current,Paid off,payoff,0,0.0,0.0,0.0,0,46.90791,781559.0,47.507908,0.0,0.0,0,390
10369,2008-01-01,2000-12-01,85,2000,226449.0,226449.0,904.204492721997,0.02580083629321045,360,275,Current,Current,none,0,0.0,0.0,0.0,0,46.99507,481856.9,50.59507,0.0,0.0,0,992
10370,2008-01-01,2006-06-01,19,2006,167489.0,167489.0,963.630499363776,0.05619981176314296,360,341,Current,Current,none,0,0.0,0.0,0.0,0,67.85292,246841.25,72.95292,0.0,0.0,0,287
10376,2008-01-01,1998-07-01,114,1998,395956.0,395956.0,1832.5012441187694,0.03744512444092035,360,246,Current,Current,none,0,0.0,0.0,0.0,0,49.392048,801659.44,59.59205,0.0,0.0,0,675
10378,2008-01-01,2000-04-01,93,2000,158265.0,158265.0,955.2574588656973,0.060625981625883285,360,267,Current,Current,none,0,0.0,0.0,0.0,0,47.95062,330058.3,47.95062,0.0,0.0,0,486
10379,2008-01-01,2006-02-01,23,2006,360645.0,360645.0,2024.4172627212515,0.053968216441799256,360,337,Current,Current,none,0,0.0,0.0,0.0,0,90.497,398515.97,98.997,0.0,0.0,0,986
10383,2008-01-01,1993-12-01,169,1993,178847.0,178847.0,645.528616165638,0.018251869520077783,360,191,Current,Current,none,0,0.0,0.0,0.0,0,31.505682,567665.9,31.605682,0.0,0.0,0,515
10385,2008-01-01,2003-12-01,49,2003,219465.0,219465.0,1683.4679113708305,0.04540760167465456,180,131,Current,Current,none,0,0.0,0.0,0.0,0,62.02932,353808.5,62.129322,0.0,0.0,0,108
10392,2008-01-01,2001-01-01,84,2001,194672.0,194672.0,823.9407422510833,0.03030405283758729,360,276,Current,Current,none,0,0.0,0.0,0.0,0,49.412197,393975.6,51.212196,0.0,0.0,0,609
10395,2008-01-01,2001-12-01,73,2001,226989.0,226989.0,1081.1599242767672,0.03980729335128898,360,287,Current,Current,none,0,0.0,0.0,0.0,0,41.516663,546741.94,41.516663,0.0,0.0,0,323
10400,2008-01-01,1999-06-01,103,1999,383048.0,383048.0,1891.1393724680534,0.04280177885953592,360,257,Current,Current,none,0,0.0,0.0,0.0,0,43.484905,880875.8,43.684906,0.0,0.0,0,346
10408,2008-01-01,1999-07-01,102,1999,588883.0,588883.0,2835.2064455928908,0.040699184904458355,360,258,Current,Current,none,0,0.0,0.0,0.0,0,37.09835,1.5873562e+06,37.498352,0.0,0.0,0,681
10410,2008-01-01,1994-10-01,159,1994,72124.0,72124.0,465.67820498975567,0.020467425874285135,180,21,Current,Current,none,0,0.0,0.0,0.0,0,23.517212,306686.03,23.517212,0.0,0.0,0,319
10411,2008-01-01,1996-07-01,138,1996,132475.0,132475.0,538.746260356805,0.02720450365626602,360,222,Current,Current,none,0,0.0,0.0,0.0,0,41.00782,323048.16,43.30782,0.0,0.0,0,463
10412,2008-01-01,2006-12-01,13,2006,77027.0,77027.0,412.5869756818548,0.049806461248532434,360,347,Current,Current,none,0,0.0,0.0,0.0,0,89.109924,86440.43,95.40993,0.0,0.0,0,907
10421,2008-01-01,1998-02-01,119,1998,356522.0,356522.0,1696.0753338231511,0.039707076451419354,360,241,Current,Current,none,0,0.0,0.0,0.0,0,45.148716,789661.44,53.248714,0.0,0.0,0,612
10424,2008-01-01,2004-12-01,37,2004,386870.0,386870.0,1708.2358395198871,0.033651821839449134,360,323,Current,Current,none,0,0.0,0.0,0.0,0,62.234077,621636.94,66.73408,0.0,0.0,0,535
10428,2008-01-01,2004-09-01,40,2004,272856.0,272856.0,981.4589270853586,0.018,360,320,Current,Current,none,0,0.0,0.0,0.0,0,70.90092,384841.28,77.10092,0.0,0.0,0,361
10429,2008-01-01,2004-08-01,41,2004,532833.0,532833.0,2501.5968945167606,0.03861931065878317,360,319,Current,Current,none,0,0.0,0.0,0.0,0,62.936825,846615.6,63.036823,0.0,0.0,0,395
10431,2008-01-01,2006-09-01,16,2006,240543.0,240543.0,1214.8329203777473,0.04472248867411813,360,344,Current,Current,none,0,0.0,0.0,0.0,0,85.92041,279960.25,113.52042,0.0,0.0,0,972
10432,2008-01-01,2002-01-01,72,2002,347259.0,347259.0,2676.497777063368,0.046123894391108936,180,108,Current,Current,none,0,0.0,0.0,0.0,0,46.55371,745931.94,46.55371,0.0,0.0,0,666
10438,2008-01-01,1998-04-01,117,1998,251887.0,251887.0,1597.8212680189863,0.018,180,63,Current,Current,none,0,0.0,0.0,0.0,0,30.48976,826136.4,35.58976,0.0,0.0,0,178
10439,2008-01-01,2007-02-01,11,2007,626188.0,626188.0,3818.153479785633,0.061579901382098914,360,349,Current,Current,none,0,0.0,0.0,0.0,0,80.634224,776578.44,86.43423,0.0,0.0,0,108
10441,2008-01-01,1998-12-01,109,1998,693017.0,693017.0,2492.771723077059,0.018,360,251,Current,Current,none,0,0.0,0.0,0.0,0,26.963781,2.5701775e+06,27.063782,0.0,0.0,0,431
10442,2008-01-01,2005-03-01,34,2005,242252.0,242252.0,964.2777308321424,0.025561679782528064,360,326,Current,Current,none,0,0.0,0.0,0.0,0,64.74334,374172.84,67.74334,0.0,0.0,0,250
10444,2008-01-01,1996-09-01,136,1996,372197.0,372197.0,2008.8231574655513,0.050473700710321326,360,224,Current,Current,none,0,0.0,0.0,0.0,0,28.426126,1.3093482e+06,28.826126,0.0,0.0,0,586
10446,2008-01-01,2007-07-01,6,2007,223332.0,223332.0,1210.890647415453,0.05087681299214698,360,354,Current,Current,none,0,0.0,0.0,0.0,0,86.32974,258696.47,105.92974,0.0,0.0,0,304
10448,2008-01-01,1995-12-01,145,1995,140326.0,140326.0,871.1378966193691,0.0632794890455423,360,215,Current,Current,none,0,0.0,0.0,0.0,0,41.881413,335055.53,44.581413,0.0,0.0,0,806
10449,2008-01-01,2003-11-01,50,2003,740831.0,740831.0,2727.060752843091,0.01969744924622675,360,310,Current,Current,none,0,0.0,0.0,0.0,0,74.137886,999261.06,75.237885,0.0,0.0,0,228
10454,2008-01-01,2004-09-01,40,2004,294334.0,294334.0,1058.7149699648971,0.018,360,320,Current,Current,none,0,0.0,0.0,0.0,0,68.63426,428844.1,82.434265,0.0,0.0,0,352
10455,2008-01-01,2001-06-01,79,2001,407681.0,407681.0,1600.904526489348,0.02453076655409501,360,281,Current,Current,none,0,0.0,0.0,0.0,0,44.957615,906811.94,44.957615,0.0,0.0,0,246
10456,2008-01-01,1997-08-01,125,1997,466153.0,466153.0,1867.5958313740282,0.02605733079528459,360,235,Current,Current,none,0,0.0,0.0,0.0,0,30.366068,1.5351115e+06,30.666067,0.0,0.0,0,117
10457,2008-01-01,1995-07-01,150,1995,585559.0,585559.0,2538.7915311229453,0.03220103141299042,360,210,Current,Current,none,0,0.0,0.0,0.0,0,40.877766,1.4324632e+06,44.67777,0.0,0.0,0,996
10467,2008-01-01,2005-06-01,31,2005,125105.0,125105.0,450.00080288875375,0.018,360,329,Current,Current,none,0,0.0,0.0,0.0,0,54.699226,228714.39,62.599228,0.0,0.0,0,906
10480,2008-01-01,1996-09-01,136,1996,783789.0,783789.0,3002.2542430029325,0.022656279104043282,360,224,Current,Current,none,0,0.0,0.0,0.0,0,27.74116,2.825365e+06,31.94116,0.0,0.0,0,922
10482,2008-01-01,2004-02-01,47,2004,506479.0,506479.0,1821.7973434018875,0.018,360,313,Current,Current,none,0,0.0,0.0,0.0,0,54.29535,932822.06,55.19535,0.0,0.0,0,959
10483,2008-01-01,2007-10-01,3,2007,153964.0,153964.0,569.0428281624911,0.01999505179077133,360,357,Current,Current,none,0,0.0,0.0,0.0,0,91.630684,168026.69,96.33068,0.0,0.0,0,969
10490,2008-01-01,2007-02-01,11,2007,230711.0,230711.0,1196.5810569185187,0.04700191680127388,360,349,Current,Current,none,0,0.0,0.0,0.0,0,85.43388,270046.25,96.23388,0.0,0.0,0,464
10492,2008-01-01,1994-04-01,165,1994,431461.0,431461.0,1923.8020764015916,0.034432145300990834,360,195,Current,Current,none,0,0.0,0.0,0.0,0,27.555765,1.565774e+06,32.855766,0.0,0.0,0,732
10497,2008-01-01,2002-12-01,61,2002,254968.0,254968.0,917.1160601969527,0.018,360,299,Current,Current,none,0,0.0,0.0,0.0,0,48.088184,530209.25,50.588184,0.0,0.0,0,366
10499,2008-01-01,2004-03-01,46,2004,262232.0,262232.0,1334.1965742376635,0.04535298202441938,360,314,Current,Current,none,0,0.0,0.0,0.0,0,69.22826,378793.28,69.92826,0.0,0.0,0,810
10502,2008-01-01,1996-04-01,141,1996,178936.0,178936.0,643.6301000415814,0.018,360,219,Current,Current,none,0,0.0,0.0,0.0,0,29.47434,607090.75,45.47434,0.0,0.0,0,396
10503,2008-01-01,1996-10-01,135,1996,169936.0,169936.0,814.2874823123573,0.04030460176877046,360,225,Current,Current,none,0,0.0,0.0,0.0,0,39.449013,430773.75,43.149014,0.0,0.0,0,271
10511,2008-01-01,1993-06-01,175,1993,231306.0,231306.0,832.0042021740624,0.018,360,185,Current,Current,none,0,0.0,0.0,0.0,0,29.270813,790227.44,29.470814,0.0,0.0,0,430
10517,2008-01-01,2001-08-01,77,2001,278437.0,278437.0,1502.0175365404282,0.050428927427514335,360,283,Current,Current,none,0,0.0,0.0,0.0,0,52.427822,531086.3,60.927822,0.0,0.0,1,916
10520,2008-01-01,2002-06-01,67,2002,279014.0,279014.0,1010.3588415318857,0.018490683599812027,360,293,Current,Current,none,0,0.0,0.0,0.0,0,39.758766,701767.25,40.858765,0.0,0.0,0,774
10521,2008-01-01,1995-09-01,148,1995,374626.0,374626.0,1691.205972170272,0.035428225701582806,360,212,Current,Current,none,0,0.0,0.0,0.0,0,37.45809,1.0001203e+06,46.158092,0.0,0.0,0,348
10522,2008-01-01,2004-03-01,46,2004,743310.0,743310.0,4096.841714931642,0.05233172864894827,360,314,Current,Current,none,0,0.0,0.0,0.0,0,77.98707,953119.56,78.687065,0.0,0.0,0,432
10523,2008-01-01,2007-06-01,7,2007,540596.0,540596.0,3337.0927303499907,0.06274304932806488,360,353,Current,Current,none,0,0.0,0.0,0.0,0,79.162094,682897.5,83.662094,0.0,0.0,0,876
10525,2008-01-01,2007-03-01,10,2007,148586.0,148586.0,922.0031748441319,0.06323695415328563,360,350,Current,Current,none,0,0.0,0.0,0.0,0,86.58168,171613.67,91.481674,0.0,0.0,0,100
10526,2008-01-01,2002-05-01,68,2002,469330.0,469330.0,2376.218122214137,0.044935152046759665,360,292,Current,Current,none,0,0.0,0.0,0.0,0,50.20007,934919.06,51.00007,0.0,0.0,0,234
10528,2008-01-01,1993-06-01,175,1993,639849.0,639849.0,2606.2880743372457,0.027327605866496688,360,185,Current,Current,none,0,0.0,0.0,0.0,0,26.189674,2.4431345e+06,33.389675,0.0,0.0,0,698
10529,2008-01-01,2000-11-01,86,2000,130686.0,130686.0,480.03841178750923,0.019539715867006133,360,274,Current,Current,none,0,0.0,0.0,0.0,0,55.577858,235140.4,63.377857,0.0,0.0,0,883
10536,2008-01-01,2004-02-01,47,2004,537919.0,537919.0,2616.636192261852,0.04155730722464,360,313,Current,Current,none,0,0.0,0.0,0.0,0,56.287838,955657.56,63.68784,0.0,0.0,0,884
10537,2008-01-01,2002-06-01,67,2002,188949.0,188949.0,791.9782417243679,0.02954409478259266,360,293,Current,Current,none,0,0.0,0.0,0.0,0,61.139828,309044.06,61.33983,0.0,0.0,0,985
10541,2008-01-01,2004-04-01,45,2004,292369.0,292369.0,1486.82957727494,0.04531279528304968,360,315,Current,Current,none,0,0.0,0.0,0.0,0,62.376606,468715.8,62.576603,0.0,0.0,0,873
10545,2008-01-01,2001-09-01,76,2001,480518.0,480518.0,2725.7593101689977,0.05491476833023787,360,284,Current,Current,none,0,0.0,0.0,0.0,0,55.88453,859840.8,66.58453,0.0,0.0,0,105
10551,2008-01-01,2004-03-01,46,2004,95885.0,95885.0,419.58655204118617,0.03293430941814047,360,314,Current,Current,none,0,0.0,0.0,0.0,0,76.3869,125525.45,94.1869,0.0,0.0,0,700
10552,2008-01-01,2002-12-01,61,2002,120881.0,120881.0,506.5906050585926,0.029531605962679716,360,299,Current,Current,none,0,0.0,0.0,0.0,0,69.12212,174880.34,75.52212,0.0,0.0,0,133
10553,2008-01-01,1997-02-01,131,1997,341887.0,341887.0,1400.354508841062,0.027755486774230575,360,229,Current,Current,none,0,0.0,0.0,0.0,0,35.279987,969067.8,37.079987,0.0,0.0,0,171
10555,2008-01-01,1994-07-01,162,1994,945883.0,945883.0,6819.344629200396,0.03623244684371352,180,18,Current,Current,none,0,0.0,0.0,0.0,0,35.8481,2.6385862e+06,39.8481,0.0,0.0,0,767
10556,2008-01-01,2007-04-01,9,2007,126238.0,126238.0,891.0017083214311,0.033145655443014024,180,171,Current,Current,none,0,0.0,0.0,0.0,0,101.35019,124556.25,107.85019,0.0,0.0,0,245
10559,2008-01-01,1994-10-01,159,1994,278701.0,278701.0,1017.2995276285495,0.019075736091224475,360,201,Current,Current,none,0,0.0,0.0,0.0,0,36.2381,769082.9,36.338097,0.0,0.0,0,209
10562,2008-01-01,2003-04-01,57,2003,239030.0,239030.0,1054.2479987242516,0.03356134344006982,360,303,Current,Current,none,0,0.0,0.0,0.0,0,67.42699,354501.97,69.32699,0.0,0.0,0,530
10567,2008-01-01,1995-01-01,156,1995,179801.0,179801.0,646.7414920283027,0.018,360,204,Current,Current,none,0,0.0,0.0,0.0,0,39.667778,453267.12,50.967777,0.0,0.0,0,992
10568,2008-01-01,1995-06-01,151,1995,328056.0,328056.0,2452.073587626515,0.04154533075264745,180,29,Current,Current,none,0,0.0,0.0,0.0,0,36.393314,901418.4,38.59331,0.0,0.0,0,588
10569,2008-01-01,1996-08-01,137,1996,284407.0,284407.0,2019.2488040498445,0.03400076745137222,180,43,Current,Current,none,0,0.0,0.0,0.0,0,38.23424,743854.2,38.33424,0.0,0.0,0,112
10570,2008-01-01,1995-07-01,150,1995,438675.0,438675.0,2207.457570550327,0.044414145494935296,360,210,Current,Current,none,0,0.0,0.0,0.0,0,42.686096,1.02767656e+06,55.586098,0.0,0.0,0,627
10575,2008-01-01,2000-07-01,90,2000,116705.0,116705.0,506.26308706806356,0.03224303596747262,360,270,Current,Current,none,0,0.0,0.0,0.0,0,36.832115,316856.62,37.832115,0.0,0.0,0,670
10584,2008-01-01,2006-12-01,13,2006,671076.0,671076.0,3541.2718753047707,0.04850144226631311,360,347,Current,Current,none,0,0.0,0.0,0.0,0,72.29471,928250.5,77.69471,0.0,0.0,0,495
10586,2008-01-01,2000-11-01,86,2000,236483.0,236483.0,902.9327888860483,0.02241588312840711,360,274,Current,Current,none,0,0.0,0.0,0.0,0,53.235737,444218.5,68.93574,0.0,0.0,0,444
10589,2008-01-01,2006-08-01,17,2006,455862.0,455862.0,1881.0613294010416,0.028327640587024746,360,343,Current,Current,none,0,0.0,0.0,0.0,0,87.9572,518277.06,107.3572,0.0,0.0,0,460
10590,2008-01-01,2006-12-01,13,2006,233908.0,233908.0,1152.4154290366437,0.04262619087140184,360,347,Current,Current,none,0,0.0,0.0,0.0,0,92.53723,252771.78,97.93723,0.0,0.0,0,968
10596,2008-01-01,2005-03-01,34,2005,232452.0,232452.0,923.7602773969287,0.025437305457058787,360,326,Current,Current,none,0,0.0,0.0,0.0,0,87.2544,266407.2,90.2544,0.0,0.0,0,962
10597,2008-01-01,2007-02-01,11,2007,186874.0,186874.0,834.995286817581,0.03460139808227426,360,349,Current,Current,none,0,0.0,0.0,0.0,0,100.899445,185208.16,105.59944,0.0,0.0,0,973
10601,2008-01-01,2007-11-01,2,2007,394460.0,394460.0,1436.2848490727467,0.018894185630030445,360,358,Current,Current,none,0,0.0,0.0,0.0,0,99.11142,397996.53,103.61142,0.0,0.0,0,357
10604,2008-01-01,1995-08-01,149,1995,117014.0,117014.0,524.3824416297792,0.03483721475772068,360,211,Current,Current,none,0,0.0,0.0,0.0,0,38.565567,303415.72,38.765568,0.0,0.0,0,508
10606,2008-01-01,2004-04-01,45,2004,693028.0,693028.0,2961.5321579349147,0.03105814072130173,360,315,Current,Current,none,0,0.0,0.0,0.0,0,49.3886,1.4032145e+06,49.988598,0.0,0.0,0,890
10613,2008-01-01,1995-05-01,152,1995,175272.0,175272.0,686.0752785819675,0.024289079265521624,360,208,Current,Current,none,0,0.0,0.0,0.0,0,30.799892,569066.94,35.19989,0.0,0.0,0,936
10619,2008-01-01,2003-09-01,52,2003,193280.0,193280.0,860.0445940626043,0.03426886901561323,360,308,Current,Current,none,0,0.0,0.0,0.0,0,70.11007,275680.8,71.21007,0.0,0.0,0,772
10624,2008-01-01,1996-08-01,137,1996,248502.0,248502.0,1911.9505939229805,0.045858942545009496,180,43,Current,Current,none,0,0.0,0.0,0.0,0,41.11892,604349.5,41.41892,0.0,0.0,0,699
10627,2008-01-01,2002-10-01,63,2002,467733.0,467733.0,1682.4285643065064,0.018,360,297,Current,Current,none,0,0.0,0.0,0.0,0,50.064125,934267.8,52.364124,0.0,0.0,0,914
10634,2008-01-01,1998-06-01,115,1998,143994.0,143994.0,920.2953070656562,0.019044998424618077,180,65,Current,Current,none,0,0.0,0.0,0.0,0,33.477844,430117.3,33.477844,0.0,0.0,0,181
10635,2008-01-01,1996-07-01,138,1996,254856.0,254856.0,1248.0239153703699,0.04211655181521484,360,222,Current,Current,none,0,0.0,0.0,0.0,0,40.32517,632002.3,40.425167,0.0,0.0,0,699
10636,2008-01-01,2007-06-01,7,2007,221897.0,221897.0,801.5256115807459,0.018307864648622885,360,353,Current,Current,none,0,0.0,0.0,0.0,0,98.15675,226063.9,104.15675,0.0,0.0,0,948
10639,2008-01-01,2003-02-01,59,2003,448604.0,448604.0,1832.8461133455294,0.027561422878304993,360,301,Current,Current,none,0,0.0,0.0,0.0,0,36.60542,1.2255125e+06,37.10542,0.0,0.0,0,913
10641,2008-01-01,2000-06-01,91,2000,436528.0,436528.0,2413.887421071227,0.052624365581988415,360,269,Current,Current,none,0,0.0,0.0,0.0,0,45.23354,965053.8,56.133537,0.0,0.0,0,733
10642,2008-01-01,2001-03-01,82,2001,353606.0,353606.0,1558.7771923035518,0.03351983985913639,360,278,Current,Current,none,0,0.0,0.0,0.0,0,51.36572,688408.5,52.56572,0.0,0.0,0,284
10643,2008-01-01,2005-08-01,29,2005,170793.0,170793.0,1200.0141382951042,0.032488563358217336,180,151,Current,Current,none,0,0.0,0.0,0.0,0,66.944824,255125.03,69.444824,0.0,0.0,0,551
10647,2008-01-01,2001-08-01,77,2001,304248.0,304248.0,1553.0147978380958,0.0456313786565716,360,283,Current,Current,none,0,0.0,0.0,0.0,0,53.368835,570085.56,60.868835,0.0,0.0,0,592
10649,2008-01-01,1997-06-01,127,1997,287525.0,287525.0,1034.2230994012145,0.018,360,233,Current,Current,none,0,0.0,0.0,0.0,0,35.491398,810125.8,38.991398,0.0,0.0,0,460
10650,2008-01-01,2000-01-01,96,2000,91645.0,91645.0,449.80960278508866,0.04230814966781818,360,264,Current,Current,none,0,0.0,0.0,0.0,0,53.660362,170787.14,53.660362,0.0,0.0,0,487
10652,2008-01-01,2003-11-01,50,2003,386139.0,386139.0,1590.5433194509387,0.028190808226904295,360,310,Current,Current,none,0,0.0,0.0,0.0,0,50.939377,758036.4,52.239376,0.0,0.0,0,686
10653,2008-01-01,2005-11-01,26,2005,342078.0,342078.0,1363.55095398797,0.025669048259980846,360,334,Current,Current,none,0,0.0,0.0,0.0,0,54.193935,631210.9,60.393936,0.0,0.0,0,519
10654,2008-01-01,2007-07-01,6,2007,236600.0,236600.0,927.8529996063739,0.024429476701690107,360,354,Current,Current,none,0,0.0,0.0,0.0,0,100.08326,236403.17,104.883255,0.0,0.0,0,733
10657,2008-01-01,1999-07-01,102,1999,467325.0,467325.0,2262.976819619927,0.041179544164865876,360,258,Current,Current,none,0,0.0,0.0,0.0,0,40.336647,1.1585619e+06,40.336647,0.0,0.0,0,633
10659,2008-01-01,1997-08-01,125,1997,506082.0,506082.0,1820.3693403744558,0.018,360,235,Current,Current,none,0,0.0,0.0,0.0,0,30.920008,1.636746e+06,39.12001,0.0,0.0,0,352
10661,2008-01-01,1998-12-01,109,1998,353328.0,353328.0,1270.9155004442475,0.018,360,251,Current,Current,none,0,0.0,0.0,0.0,0,42.95833,822490.1,43.258327,0.0,0.0,0,110
10670,2008-01-01,2003-07-01,54,2003,409207.0,409207.0,1575.224550919997,0.023028190760729032,360,306,Current,Current,none,0,0.0,0.0,0.0,0,64.53889,634047.25,67.43888,0.0,0.0,0,864
10686,2008-01-01,1998-07-01,114,1998,221499.0,221499.0,1473.8567397659049,0.02470492842979935,180,66,Current,Current,none,0,0.0,0.0,0.0,0,47.37388,467555.12,76.97388,0.0,0.0,0,840
10689,2008-01-01,2001-11-01,74,2001,989117.0,989117.0,3557.838968473806,0.018,360,286,Current,Current,none,0,0.0,0.0,0.0,0,44.21518,2.237053e+06,52.41518,0.0,0.0,0,879
10690,2008-01-01,1994-07-01,162,1994,172019.0,172019.0,1091.1861934254566,0.018,180,18,Current,Current,none,0,0.0,0.0,0.0,0,36.26929,474282.78,36.56929,0.0,0.0,0,113
10696,2008-01-01,2005-11-01,26,2005,398598.0,398598.0,1549.6442361349132,0.02377350663747138,360,334,Current,Current,none,0,0.0,0.0,0.0,0,95.6796,416596.62,101.8796,0.0,0.0,0,512
10698,2008-01-01,1999-07-01,102,1999,555330.0,555330.0,2149.993692215112,0.023459072874982452,360,258,Current,Current,none,0,0.0,0.0,0.0,0,41.47289,1.3390194e+06,43.37289,0.0,0.0,0,528
10701,2008-01-01,1999-01-01,108,1999,584784.0,584784.0,2103.4592503616723,0.018,360,252,Current,Current,none,0,0.0,0.0,0.0,0,44.168144,1.323995e+06,46.768143,0.0,0.0,0,678
10702,2008-01-01,2002-07-01,66,2002,94021.0,94021.0,369.3370801800799,0.02455748626553752,360,294,Current,Current,none,0,0.0,0.0,0.0,0,59.575226,157818.95,64.575226,0.0,0.0,0,347
10703,2008-01-01,2007-04-01,9,2007,214233.0,214233.0,1262.5774451402563,0.05840706018696059,360,351,Current,Current,none,0,0.0,0.0,0.0,0,96.2401,222602.64,100.9401,0.0,0.0,0,860
10704,2008-01-01,1996-03-01,142,1996,211665.0,211665.0,1733.71907817541,0.05537717688889472,180,38,Current,Current,none,0,0.0,0.0,0.0,0,38.23661,553566.3,47.23661,0.0,0.0,0,162
10705,2008-01-01,2005-04-01,33,2005,149512.0,149512.0,1021.3948362647656,0.028450205016245237,180,147,Current,Current,none,0,0.0,0.0,0.0,0,67.55167,221329.84,70.55167,0.0,0.0,0,463
10708,2008-01-01,2005-02-01,35,2005,381715.0,381715.0,1725.954715628771,0.0355566908539245,360,325,Current,Current,none,0,0.0,0.0,0.0,0,72.02935,529943.75,91.929344,0.0,0.0,0,206
10709,2008-01-01,1995-10-01,147,1995,385456.0,385456.0,2445.1035372429956,0.018,180,33,Current,Current,none,0,0.0,0.0,0.0,0,41.083706,938221.1,42.083706,0.0,0.0,0,431
10713,2008-01-01,1997-03-01,130,1997,131150.0,131150.0,611.2850009440305,0.038024366871138186,360,230,Current,Current,none,0,0.0,0.0,0.0,0,41.445385,316440.56,43.545383,0.0,0.0,0,902
10714,2008-01-01,1995-10-01,147,1995,241159.0,241159.0,1614.0041204431832,0.025526332357938195,180,33,Current,Current,none,0,0.0,0.0,0.0,0,35.49441,679428.1,35.89441,0.0,0.0,0,393
10718,2008-01-01,2001-05-01,80,2001,245524.0,245524.0,883.1461342748761,0.018,360,280,Current,Current,none,0,0.0,0.0,0.0,0,55.0267,446190.66,55.9267,0.0,0.0,0,807
10723,2008-01-01,2002-10-01,63,2002,740484.0,740484.0,3326.6399071636606,0.03503715176261304,360,297,Current,Current,none,0,0.0,0.0,0.0,0,46.598713,1.5890652e+06,47.598713,0.0,0.0,0,545
10732,2008-01-01,1997-02-01,131,1997,450533.0,450533.0,1984.9378336257596,0.03347501215716842,360,229,Current,Current,none,0,0.0,0.0,0.0,0,33.569736,1.3420808e+06,33.66974,0.0,0.0,0,451
10733,2008-01-01,1994-11-01,158,1994,595488.0,595488.0,4209.2326521304485,0.033359646822783764,180,22,Current,Current,none,0,0.0,0.0,0.0,0,42.128605,1.4135004e+06,42.328606,0.0,0.0,0,900
10734,2008-01-01,2001-02-01,83,2001,277474.0,277474.0,1163.9662795199192,0.029606844115667795,360,277,Current,Current,none,0,0.0,0.0,0.0,0,34.736904,798787.4,35.136906,0.0,0.0,0,278
10735,2008-01-01,2005-01-01,36,2005,130120.0,130120.0,492.41539991972616,0.021749963530574696,360,324,Current,Current,none,0,0.0,0.0,0.0,0,65.89558,197463.94,69.09558,0.0,0.0,0,591
10740,2008-01-01,1995-01-01,156,1995,723834.0,723834.0,2633.1568869497846,0.01882655885713212,360,204,Current,Current,none,0,0.0,0.0,0.0,0,29.329832,2.4679105e+06,30.829832,0.0,0.0,0,906
10747,2008-01-01,1999-05-01,104,1999,615597.0,615597.0,3614.192262432174,0.05805504533806485,360,256,Current,Current,none,0,0.0,0.0,0.0,0,44.091373,1.3961846e+06,48.991375,0.0,0.0,0,508
10749,2008-01-01,1995-07-01,150,1995,157035.0,157035.0,606.6643608336304,0.023297104022013626,360,210,Current,Current,none,0,0.0,0.0,0.0,0,42.115044,372871.5,42.215046,0.0,0.0,0,700
10751,2008-01-01,2003-05-01,56,2003,128558.0,128558.0,1019.1384230945516,0.05037453226457955,180,124,Current,Current,none,0,0.0,0.0,0.0,0,52.712173,243886.75,67.612175,0.0,0.0,0,930
10752,2008-01-01,2006-02-01,23,2006,307621.0,307621.0,1399.8607013051724,0.03607380731898019,360,337,Current,Current,none,0,0.0,0.0,0.0,0,93.998055,327263.16,101.79806,0.0,0.0,0,239
10754,2008-01-01,2001-06-01,79,2001,149276.0,149276.0,753.2403953294626,0.04464797046404744,360,281,Current,Current,none,0,0.0,0.0,0.0,0,46.348057,322076.06,46.348057,0.0,0.0,1,544
10755,2008-01-01,2002-05-01,68,2002,512163.0,512163.0,2208.7469138137444,0.03177891632179849,360,292,Current,Current,none,0,0.0,0.0,0.0,0,48.717365,1.0512945e+06,48.717365,0.0,0.0,0,234
10756,2008-01-01,2007-05-01,8,2007,225902.0,225902.0,904.892476963022,0.026043687132745984,360,352,Current,Current,none,0,0.0,0.0,0.0,0,81.332115,277752.53,86.63212,0.0,0.0,0,804
10757,2008-01-01,2001-05-01,80,2001,132786.0,132786.0,477.629244333848,0.018,360,280,Current,Current,none,0,0.0,0.0,0.0,0,52.73119,251816.81,61.33119,0.0,0.0,0,982
10758,2008-01-01,2007-01-01,12,2007,192620.0,192620.0,794.7391770586138,0.028319381968211522,360,348,Current,Current,none,0,0.0,0.0,0.0,0,83.94794,229451.73,101.44794,0.0,0.0,0,678
10760,2008-01-01,2005-11-01,26,2005,231141.0,231141.0,1601.6164903094889,0.030485187478777383,180,154,Current,Current,none,0,0.0,0.0,0.0,0,82.34117,280711.34,85.84117,0.0,0.0,0,182
10764,2008-01-01,2006-03-01,22,2006,351621.0,351621.0,1538.4688384735796,0.0329238784883298,360,338,Current,Current,none,0,0.0,0.0,0.0,0,102.977646,341453.72,108.87765,0.0,0.0,0,827
10765,2008-01-01,2007-04-01,9,2007,283035.0,283035.0,1174.6304160135387,0.028772438445633514,360,351,Current,Current,none,0,0.0,0.0,0.0,0,65.366615,432996.25,74.16662,0.0,0.0,0,420
10767,2008-01-01,2001-08-01,77,2001,336982.0,336982.0,1683.1316136600549,0.04378170191133032,360,283,Current,Current,none,0,0.0,0.0,0.0,0,51.554024,653648.3,52.154026,0.0,0.0,0,428
10771,2008-01-01,1993-01-01,180,1993,323429.0,323429.0,1366.8179445394514,0.030184948543161033,360,180,Current,Current,none,0,0.0,0.0,0.0,0,28.17768,1.1478199e+06,28.17768,0.0,0.0,0,935
10773,2008-01-01,1994-11-01,158,1994,675500.0,675500.0,2429.7633376072354,0.018,360,202,Current,Current,none,0,0.0,0.0,0.0,0,29.475964,2.2916978e+06,34.475964,0.0,0.0,0,230
10774,2008-01-01,2003-12-01,49,2003,129411.0,129411.0,548.4277097304673,0.030404281774744045,360,311,Current,Current,none,0,0.0,0.0,0.0,0,59.172707,218700.48,62.07271,0.0,0.0,0,347
10776,2008-01-01,2001-12-01,73,2001,600125.0,600125.0,3927.440283471283,0.022360843710144362,180,107,Current,Current,none,0,0.0,0.0,0.0,0,57.79771,1.0383197e+06,57.89771,0.0,0.0,0,491
10777,2008-01-01,1999-11-01,98,1999,175862.0,175862.0,813.2874962940958,0.037384029454355386,360,262,Current,Current,none,0,0.0,0.0,0.0,0,36.859344,477116.47,36.959343,0.0,0.0,0,102
10780,2008-01-01,2002-11-01,62,2002,278494.0,278494.0,1401.9073172187389,0.04444427837648388,360,298,Current,Current,none,0,0.0,0.0,0.0,0,56.335247,494351.28,56.535244,0.0,0.0,0,973
10781,2008-01-01,1996-10-01,135,1996,230251.0,230251.0,1019.6952196256233,0.0338883603632589,360,225,Current,Current,none,0,0.0,0.0,0.0,0,44.141834,521616.28,55.141834,0.0,0.0,0,759
10783,2008-01-01,2006-11-01,14,2006,592785.0,592785.0,4641.784549876318,0.0485086926838925,180,166,Current,Current,none,0,0.0,0.0,0.0,0,85.870605,690323.5,97.470604,0.0,0.0,0,874
10788,2008-01-01,1997-03-01,130,1997,245947.0,245947.0,958.3279290041946,0.023943160408999034,360,230,Current,Current,none,0,0.0,0.0,0.0,0,34.18631,719431.25,34.18631,0.0,0.0,0,583
10789,2008-01-01,2007-09-01,4,2007,335881.0,335881.0,2146.273944107043,0.06605139471128704,360,356,Current,Current,none,0,0.0,0.0,0.0,0,73.92003,454384.3,78.720024,0.0,0.0,0,204
10790,2008-01-01,2006-08-01,17,2006,144202.0,144202.0,832.921237075479,0.056558756595674234,360,343,Current,Current,none,0,0.0,0.0,0.0,0,93.993484,153417.02,99.493484,0.0,0.0,0,946
10793,2008-01-01,1996-11-01,134,1996,189386.0,189386.0,717.6176265864134,0.021845820103653088,360,226,Current,Current,none,0,0.0,0.0,0.0,0,42.100826,449839.16,42.200825,0.0,0.0,0,141
10796,2008-01-01,2007-10-01,3,2007,217648.0,217648.0,1165.1798608719864,0.04975914651703323,360,357,Current,Current,none,0,0.0,0.0,0.0,0,90.17787,241354.11,94.27788,0.0,0.0,0,846
10801,2008-01-01,2005-12-01,25,2005,674276.0,674276.0,4594.2917051746,0.02807614875679866,180,155,Current,Current,none,0,0.0,0.0,0.0,0,88.11945,765184.06,90.61945,0.0,0.0,0,130
10803,2008-01-01,2004-01-01,48,2004,270937.0,270937.0,1875.874607902635,0.030370638709574325,180,132,Current,Current,none,0,0.0,0.0,0.0,0,63.001255,430050.16,64.10126,0.0,0.0,0,449
10804,2008-01-01,1995-04-01,153,1995,629519.0,629519.0,2461.9052013442733,0.0242199426307111,360,207,Current,Current,none,0,0.0,0.0,0.0,0,38.099594,1.6522985e+06,38.399593,0.0,0.0,0,583
10808,2008-01-01,2005-10-01,27,2005,458434.0,458434.0,2908.032551036838,0.018,180,153,Current,Current,none,0,0.0,0.0,0.0,0,82.02313,558908.2,84.923134,0.0,0.0,0,675
10810,2008-01-01,2001-12-01,73,2001,612397.0,612397.0,2629.0553527684233,0.03142087271629901,360,287,Current,Current,none,0,0.0,0.0,0.0,0,41.855854,1.4631096e+06,42.855854,0.0,0.0,0,490
10815,2008-01-01,1997-08-01,125,1997,66932.0,66932.0,294.09880882582166,0.03326200048804088,360,235,Current,Current,none,0,0.0,0.0,0.0,0,37.063725,180586.28,47.563725,0.0,0.0,0,734
10818,2008-01-01,2004-01-01,48,2004,386660.0,386660.0,3135.8632805285993,0.053853662561088325,180,132,Current,Current,none,0,0.0,0.0,0.0,0,79.03944,489198.84,80.33944,0.0,0.0,0,824
10820,2008-01-01,2005-04-01,33,2005,565717.0,565717.0,2615.1133926864522,0.03735008006272301,360,327,Current,Current,none,0,0.0,0.0,0.0,0,40.99957,1.3798121e+06,43.99957,0.0,0.0,0,252
10821,2008-01-01,1995-06-01,151,1995,168108.0,168108.0,1193.30108307672,0.033971385998588254,180,29,Current,Current,none,0,0.0,0.0,0.0,0,29.71173,565796.75,31.911728,0.0,0.0,0,248
10822,2008-01-01,1998-06-01,115,1998,201571.0,201571.0,1361.5172069126572,0.026833141392729264,180,65,Current,Current,none,0,0.0,0.0,0.0,0,31.790771,634055.06,32.29077,0.0,0.0,0,146
10833,2008-01-01,1998-05-01,116,1998,492165.0,492165.0,2504.6853475736475,0.045374295722895974,360,244,Current,Current,none,0,0.0,0.0,0.0,0,36.09901,1.3633754e+06,45.19901,0.0,0.0,0,587
10839,2008-01-01,1999-10-01,99,1999,291791.0,291791.0,1049.567837222432,0.018,360,261,Current,Current,none,0,0.0,0.0,0.0,0,33.795586,863399.75,39.295586,0.0,0.0,0,882
10844,2008-01-01,1999-10-01,99,1999,258653.0,258653.0,983.1205307514923,0.02207705670196239,360,261,Current,Current,none,0,0.0,0.0,0.0,0,39.51484,654571.8,42.414837,0.0,0.0,0,525
10847,2008-01-01,2000-06-01,91,2000,178627.0,178627.0,712.9500847805717,0.02576845547785594,360,269,Current,Current,none,0,0.0,0.0,0.0,0,51.607914,346123.28,67.10791,0.0,0.0,0,714
10848,2008-01-01,2002-09-01,64,2002,796044.0,796044.0,3738.7033941611035,0.038649147032625425,360,296,Current,Current,none,0,0.0,0.0,0.0,0,38.07191,2.0908958e+06,38.171913,0.0,0.0,0,575
10853,2008-01-01,1996-05-01,140,1996,99402.0,99402.0,423.359627510405,0.030795515586842136,360,220,Current,Current,none,0,0.0,0.0,0.0,0,36.067127,275602.75,36.067127,0.0,0.0,0,579
10856,2008-01-01,2006-04-01,21,2006,91146.0,91146.0,520.898462161823,0.05559043162235975,360,339,Current,Current,none,0,0.0,0.0,0.0,0,103.91362,87713.234,130.71362,0.0,0.0,0,754
10857,2008-01-01,1993-07-01,174,1993,371942.0,371942.0,1412.4022512593795,0.022007162256901164,360,186,Current,Paid off,payoff,0,0.0,0.0,0.0,0,32.09622,1.1588344e+06,42.09622,0.0,0.0,0,216
10860,2008-01-01,1998-05-01,116,1998,532539.0,532539.0,1915.5347713486594,0.018,360,244,Current,Current,none,0,0.0,0.0,0.0,0,39.912655,1.334261e+06,62.112656,0.0,0.0,1,540
10867,2008-01-01,1997-12-01,121,1997,367614.0,367614.0,2113.9056380729176,0.05615140109103265,360,239,Current,Current,none,0,0.0,0.0,0.0,0,37.515884,979889.0,47.115883,0.0,0.0,0,629
10868,2008-01-01,1996-10-01,135,1996,442752.0,442752.0,2094.4339231192375,0.03924083526895837,360,225,Current,Current,none,0,0.0,0.0,0.0,0,35.293915,1.2544712e+06,35.393913,0.0,0.0,0,412
10869,2008-01-01,1999-07-01,102,1999,422597.0,422597.0,1520.0750513439007,0.018,360,258,Current,Current,none,0,0.0,0.0,0.0,0,37.950535,1.1135469e+06,38.050533,0.0,0.0,0,231
10871,2008-01-01,1997-07-01,126,1997,268203.0,268203.0,2126.6987010843823,0.05041241875148485,180,54,Current,Current,none,0,0.0,0.0,0.0,0,39.389034,680907.75,39.389034,0.0,0.0,0,195
10872,2008-01-01,2007-04-01,9,2007,562812.0,562812.0,2177.1015334533145,0.0233947699202777,360,351,Current,Current,none,0,0.0,0.0,0.0,0,102.09541,551260.8,106.29542,0.0,0.0,0,380
10877,2008-01-01,1997-08-01,125,1997,343657.0,343657.0,1852.7595132193187,0.050377391588337,360,235,Current,Current,none,0,0.0,0.0,0.0,0,36.25799,947810.4,40.15799,0.0,0.0,0,347
10888,2008-01-01,1995-12-01,145,1995,786729.0,786729.0,4232.492500184341,0.05019043431617092,360,215,Current,Current,none,0,0.0,0.0,0.0,0,36.449696,2.1583968e+06,45.349693,0.0,0.0,0,600
10890,2008-01-01,2003-10-01,51,2003,395492.0,395492.0,2066.7745263512525,0.04765518698102594,360,309,Current,Current,none,0,0.0,0.0,0.0,0,64.44085,613728.75,64.44085,0.0,0.0,0,478
10892,2008-01-01,1994-06-01,163,1994,364329.0,364329.0,2618.371693239401,0.035772738181493326,180,17,Current,Current,none,0,0.0,0.0,0.0,0,36.99046,984926.94,36.99046,0.0,0.0,0,154
10893,2008-01-01,2007-09-01,4,2007,293957.0,293957.0,1057.3589066365803,0.018,360,356,Current,Current,none,0,0.0,0.0,0.0,0,88.9972,330299.16,96.7972,0.0,0.0,0,736
10894,2008-01-01,2005-12-01,25,2005,199281.0,199281.0,993.7935181377195,0.04364897179073186,360,335,Current,Current,none,0,0.0,0.0,0.0,0,67.695114,294380.2,70.195114,0.0,0.0,0,320
10897,2008-01-01,2004-01-01,48,2004,239475.0,239475.0,904.9996125663016,0.02164699464882682,360,312,Current,Current,none,0,0.0,0.0,0.0,0,58.39542,410092.1,58.39542,0.0,0.0,0,973
10898,2008-01-01,2005-11-01,26,2005,231652.0,231652.0,930.0752931870782,0.02622069836153094,360,334,Current,Current,none,0,0.0,0.0,0.0,0,78.770256,294085.62,82.47025,0.0,0.0,0,662
10899,2008-01-01,1993-09-01,172,1993,376257.0,376257.0,2750.429541427648,0.03825977571813711,180,8,Current,Current,none,0,0.0,0.0,0.0,0,35.196774,1.06901e+06,35.196774,0.0,0.0,0,778
10900,2008-01-01,2003-05-01,56,2003,342403.0,342403.0,1231.6184398027094,0.018,360,304,Current,Current,none,0,0.0,0.0,0.0,0,54.86998,624026.1,54.969982,0.0,0.0,0,244
10901,2008-01-01,1997-11-01,122,1997,249462.0,249462.0,1208.077367908061,0.0411851616727897,360,238,Current,Current,none,0,0.0,0.0,0.0,0,34.839962,716022.56,45.639965,0.0,0.0,0,791
10910,2008-01-01,1999-06-01,103,1999,180653.0,180653.0,649.8061232105994,0.018,360,257,Current,Current,none,0,0.0,0.0,0.0,0,43.710217,413296.97,47.010216,0.0,0.0,0,713
10911,2008-01-01,1996-10-01,135,1996,477174.0,477174.0,1716.3876992737157,0.018,360,225,Current,Current,none,0,0.0,0.0,0.0,0,24.246235,1.9680334e+06,26.346235,0.0,0.0,0,358
10913,2008-01-01,2002-11-01,62,2002,408874.0,408874.0,1540.9923539816953,0.021444921235885622,360,298,Current,Current,none,0,0.0,0.0,0.0,0,50.635094,807491.3,57.235096,0.0,0.0,0,109
10915,2008-01-01,2007-03-01,10,2007,643365.0,643365.0,2599.489571600172,0.02670563888049201,360,350,Current,Current,none,0,0.0,0.0,0.0,0,84.87773,757990.3,90.577736,0.0,0.0,0,137
10920,2008-01-01,2007-08-01,5,2007,794100.0,794100.0,5908.692836873392,0.040873756021029745,180,175,Current,Current,none,0,0.0,0.0,0.0,0,88.81273,894128.6,93.21273,0.0,0.0,0,549
10922,2008-01-01,1995-09-01,148,1995,270202.0,270202.0,994.1899843082799,0.019664346821448245,360,212,Current,Current,none,0,0.0,0.0,0.0,0,36.55031,739260.5,47.05031,0.0,0.0,0,594
10925,2008-01-01,2006-01-01,24,2006,121316.0,121316.0,481.26811150193106,0.025304564973375722,360,336,Current,Current,none,0,0.0,0.0,0.0,0,93.544846,129687.53,99.544846,0.0,0.0,0,552
10926,2008-01-01,2003-11-01,50,2003,186445.0,186445.0,879.539130418945,0.03901285791695916,360,310,Current,Current,none,0,0.0,0.0,0.0,0,39.50235,471984.56,39.50235,0.0,0.0,0,341
10932,2008-01-01,2001-11-01,74,2001,368642.0,368642.0,2399.0672939946867,0.02157467214396584,180,106,Current,Current,none,0,0.0,0.0,0.0,0,53.0853,694433.3,53.985302,0.0,0.0,0,994
10934,2008-01-01,2002-07-01,66,2002,230644.0,230644.0,903.7022784132141,0.02436299277629705,360,294,Current,Current,none,0,0.0,0.0,0.0,0,59.213726,389511.06,65.31373,0.0,0.0,0,659
10936,2008-01-01,1994-09-01,160,1994,208725.0,208725.0,1485.0384491781256,0.034306315079285006,180,20,Current,Current,none,0,0.0,0.0,0.0,0,31.322987,666363.6,37.322987,0.0,0.0,0,400
10937,2008-01-01,1995-11-01,146,1995,143796.0,143796.0,1074.5982745987853,0.04151591487199188,180,34,Current,Current,none,0,0.0,0.0,0.0,0,43.325798,331894.66,47.125797,0.0,0.0,0,363
10939,2008-01-01,2007-09-01,4,2007,256163.0,256163.0,1674.948905337397,0.022236929405666166,180,176,Current,Current,none,0,0.0,0.0,0.0,0,94.127625,272144.34,99.527626,0.0,0.0,0,855
10940,2008-01-01,1996-05-01,140,1996,431073.0,431073.0,3168.266695364721,0.03905719339431435,180,40,Current,Current,none,0,0.0,0.0,0.0,0,42.054176,1.0250421e+06,70.35417,0.0,0.0,0,345
10943,2008-01-01,2001-12-01,73,2001,225206.0,225206.0,957.612279614244,0.030668164310058605,360,287,Current,Current,none,0,0.0,0.0,0.0,0,32.290737,697432.2,32.39074,0.0,0.0,0,685
10945,2008-01-01,1996-06-01,139,1996,405420.0,405420.0,1573.6959399986997,0.02365515244987488,360,221,Current,Current,none,0,0.0,0.0,0.0,0,34.223465,1.1846258e+06,41.923466,0.0,0.0,0,270
10949,2008-01-01,1999-07-01,102,1999,663369.0,663369.0,3106.082690717647,0.03839845250375562,360,258,Current,Current,none,0,0.0,0.0,0.0,0,49.54022,1.3390514e+06,57.340218,0.0,0.0,0,405
10950,2008-01-01,1999-03-01,106,1999,276656.0,276656.0,1162.3406920174657,0.02972815801080307,360,254,Current,Current,none,0,0.0,0.0,0.0,0,32.885742,841264.3,39.58574,0.0,0.0,0,678
10953,2008-01-01,2005-08-01,29,2005,346531.0,346531.0,1434.4620811686373,0.02857340350001047,360,331,Current,Current,none,0,0.0,0.0,0.0,0,80.10755,432582.2,82.80755,0.0,0.0,0,719
10955,2008-01-01,2006-09-01,16,2006,293571.0,293571.0,1075.6387834398427,0.019354154805830047,360,344,Current,Current,none,0,0.0,0.0,0.0,0,85.2744,344266.28,91.17439,0.0,0.0,0,346
10956,2008-01-01,2003-07-01,54,2003,221770.0,221770.0,1429.8754011991334,0.020270712994121767,180,126,Current,Current,none,0,0.0,0.0,0.0,0,58.71464,377708.16,58.914642,0.0,0.0,0,487
10960,2008-01-01,1998-04-01,117,1998,379557.0,379557.0,1996.576668106555,0.04822531851323159,360,243,Current,Current,none,0,0.0,0.0,0.0,0,34.11333,1.1126354e+06,41.21333,0.0,0.0,0,648
10961,2008-01-01,2000-07-01,90,2000,590469.0,590469.0,3041.1459552934934,0.046400237106544645,360,270,Current,Current,none,0,0.0,0.0,0.0,0,42.9502,1.3747759e+06,43.8502,0.0,0.0,0,504
10965,2008-01-01,2002-10-01,63,2002,546043.0,546043.0,2321.0253675830936,0.030639852049431763,360,297,Current,Current,none,0,0.0,0.0,0.0,0,43.501965,1.2552146e+06,46.501965,0.0,0.0,0,404
10966,2008-01-01,1994-04-01,165,1994,896207.0,896207.0,6762.99059582886,0.04296297624870167,180,15,Current,Current,none,0,0.0,0.0,0.0,0,30.91398,2.8990348e+06,38.91398,0.0,0.0,0,567
10969,2008-01-01,2005-05-01,32,2005,213324.0,213324.0,881.1159346968233,0.02840321505782748,360,328,Current,Current,none,0,0.0,0.0,0.0,0,70.0677,304454.12,72.6677,0.0,0.0,0,126
10970,2008-01-01,1999-11-01,98,1999,98104.0,98104.0,352.87861209862353,0.018,360,262,Current,Current,none,0,0.0,0.0,0.0,0,50.362846,194794.39,54.362846,0.0,0.0,0,461
10971,2008-01-01,2007-11-01,2,2007,571392.0,571392.0,2732.8510563918494,0.040149839825729644,360,358,Current,Current,none,0,0.0,0.0,0.0,0,71.67148,797237.6,75.67148,0.0,0.0,0,396
10973,2008-01-01,1997-10-01,123,1997,173055.0,173055.0,1249.3029879106398,0.036427041460000496,180,57,Current,Current,none,0,0.0,0.0,0.0,0,33.6892,513680.94,33.6892,0.0,0.0,0,984
10974,2008-01-01,2005-02-01,35,2005,273167.0,273167.0,1892.678190522317,0.030474262812683284,180,145,Current,Current,none,0,0.0,0.0,0.0,0,73.35446,372393.2,75.85446,0.0,0.0,0,357
10975,2008-01-01,2007-08-01,5,2007,508425.0,508425.0,1867.532125088065,0.01953874128884722,360,355,Current,Current,none,0,0.0,0.0,0.0,0,63.211906,804318.44,67.21191,0.0,0.0,0,428
10977,2008-01-01,2000-08-01,89,2000,235042.0,235042.0,1514.461456244841,0.020179705788442224,180,91,Current,Current,none,0,0.0,0.0,0.0,0,34.931496,672865.56,35.231495,0.0,0.0,0,523
10978,2008-01-01,1993-07-01,174,1993,275628.0,275628.0,991.42976938269,0.018,360,186,Current,Current,none,0,0.0,0.0,0.0,0,33.7807,815933.4,34.4807,0.0,0.0,0,181
10979,2008-01-01,2006-09-01,16,2006,232227.0,232227.0,840.4693813760839,0.01845010056087791,360,344,Current,Current,none,0,0.0,0.0,0.0,0,87.42779,265621.5,92.42779,0.0,0.0,0,316
10983,2008-01-01,1997-02-01,131,1997,884449.0,884449.0,4192.187920562751,0.03940451789134716,360,229,Current,Current,none,0,0.0,0.0,0.0,0,36.403866,2.429547e+06,36.903866,0.0,0.0,0,490
10986,2008-01-01,2004-09-01,40,2004,130960.0,130960.0,508.1138889691222,0.023621591523142228,360,320,Current,Current,none,0,0.0,0.0,0.0,0,62.559635,209336.27,71.05963,0.0,0.0,0,237
10987,2008-01-01,2007-10-01,3,2007,416562.0,416562.0,2920.1919093281076,0.03216096577395023,180,177,Current,Current,none,0,0.0,0.0,0.0,0,63.09338,660230.94,68.19338,0.0,0.0,0,448
10988,2008-01-01,1993-12-01,169,1993,424228.0,424228.0,2988.572643265501,0.03287098266629603,180,11,Current,Current,none,0,0.0,0.0,0.0,0,25.478508,1.6650426e+06,29.378508,0.0,0.0,0,844
10995,2008-01-01,2000-03-01,94,2000,138173.0,138173.0,834.1822450916992,0.060648010892590316,360,266,Current,Current,none,0,0.0,0.0,0.0,0,32.383522,426676.88,37.383522,0.0,0.0,0,132
10996,2008-01-01,2000-08-01,89,2000,243677.0,243677.0,1586.50898729308,0.021636199056906696,180,91,Current,Current,none,0,0.0,0.0,0.0,0,41.282677,590264.56,41.882675,0.0,0.0,0,837
11000,2008-01-01,1998-04-01,117,1998,246394.0,246394.0,1193.9249808034517,0.041234429780565685,360,243,Current,Current,none,0,0.0,0.0,0.0,0,37.167484,662928.94,41.667484,0.0,0.0,0,281
11004,2008-01-01,2006-06-01,19,2006,175077.0,175077.0,853.4866680545707,0.041738508454808934,360,341,Current,Current,none,0,0.0,0.0,0.0,0,91.80101,190713.6,96.90101,0.0,0.0,0,462
11010,2008-01-01,2001-09-01,76,2001,308580.0,308580.0,2213.007761965087,0.03546302639131492,180,104,Current,Current,none,0,0.0,0.0,0.0,0,45.15308,683408.5,45.45308,0.0,0.0,0,478
11017,2008-01-01,2002-02-01,71,2002,154440.0,154440.0,557.3494777273987,0.018240738753452543,360,289,Current,Current,none,0,0.0,0.0,0.0,0,33.761017,457450.66,33.761017,0.0,0.0,0,303
11020,2008-01-01,2000-09-01,88,2000,103296.0,103296.0,845.7337915878176,0.05531347389662484,180,92,Current,Current,none,0,0.0,0.0,0.0,0,44.33877,232969.92,47.33877,0.0,0.0,0,596
11030,2008-01-01,2005-02-01,35,2005,377956.0,377956.0,1498.5054825809664,0.025260413462091836,360,325,Current,Current,none,0,0.0,0.0,0.0,0,55.74939,677955.44,59.04939,0.0,0.0,0,307
11034,2008-01-01,2008-01-01,0,2008,208222.0,208222.0,850.1101507539314,0.02750563937344957,360,360,Current,Current,none,0,0.0,0.0,0.0,0,68.0,306208.8,68.0,0.0,0.0,0,331
11035,2008-01-01,2002-06-01,67,2002,469143.0,469143.0,2085.843854680314,0.03420294063769618,360,293,Current,Current,none,0,0.0,0.0,0.0,0,47.696217,983606.3,47.696217,0.0,0.0,0,534
11040,2008-01-01,2000-02-01,95,2000,332800.0,332800.0,1468.4724793359446,0.03359663978436497,360,265,Current,Current,none,0,0.0,0.0,0.0,0,39.211143,848738.3,39.411144,0.0,0.0,0,839
11044,2008-01-01,1998-02-01,119,1998,297274.0,297274.0,1099.5661143087784,0.02005269550944792,360,241,Current,Current,none,0,0.0,0.0,0.0,0,33.91261,876588.4,36.31261,0.0,0.0,0,961
11045,2008-01-01,2007-11-01,2,2007,210916.0,210916.0,1128.5936837510171,0.04971669935835276,360,358,Current,Current,none,0,0.0,0.0,0.0,0,87.541595,240932.33,91.541595,0.0,0.0,0,590
11046,2008-01-01,1999-02-01,107,1999,179695.0,179695.0,793.9309597678075,0.033700345245537576,360,253,Current,Current,none,0,0.0,0.0,0.0,0,41.90394,428826.06,43.90394,0.0,0.0,0,957
11047,2008-01-01,2002-07-01,66,2002,381486.0,381486.0,1552.5078634153622,0.027258524816929097,360,294,Current,Current,none,0,0.0,0.0,0.0,0,54.29732,702587.1,55.097324,0.0,0.0,0,356
11050,2008-01-01,1995-10-01,147,1995,255314.0,255314.0,918.3606169916412,0.018,360,213,Current,Current,none,0,0.0,0.0,0.0,0,22.261635,1.1468789e+06,23.461636,0.0,0.0,0,424
11052,2008-01-01,1996-10-01,135,1996,528285.0,528285.0,2841.5948010058464,0.050174809963944286,360,225,Current,Current,none,0,0.0,0.0,0.0,0,40.62222,1.3004829e+06,42.12222,0.0,0.0,0,387
11057,2008-01-01,1994-12-01,157,1994,299364.0,299364.0,1278.8414210097505,0.031031242243099073,360,203,Current,Current,none,0,0.0,0.0,0.0,0,44.23397,676773.94,44.73397,0.0,0.0,0,205
11062,2008-01-01,1998-06-01,115,1998,232079.0,232079.0,856.6473833523083,0.01989985305219583,360,245,Current,Current,none,0,0.0,0.0,0.0,0,32.054375,724016.56,32.254375,0.0,0.0,0,835
11063,2008-01-01,1994-08-01,161,1994,177099.0,177099.0,949.379560910302,0.0498774330794215,360,199,Current,Current,none,0,0.0,0.0,0.0,0,40.84437,433594.6,48.644375,0.0,0.0,0,109
11069,2008-01-01,1998-11-01,110,1998,292116.0,292116.0,1853.010109805723,0.018,180,70,Current,Current,none,0,0.0,0.0,0.0,0,33.95149,860392.3,48.751488,0.0,0.0,0,417
11072,2008-01-01,1993-03-01,178,1993,387881.0,387881.0,1574.0020932068855,0.027037414418907932,360,182,Current,Current,none,0,0.0,0.0,0.0,0,21.520332,1.8023931e+06,21.520332,0.0,0.0,0,709
11073,2008-01-01,2006-08-01,17,2006,456603.0,456603.0,2504.402273700155,0.0518987738073553,360,343,Current,Current,none,0,0.0,0.0,0.0,0,92.5922,493133.3,102.4922,0.0,0.0,0,538
11087,2008-01-01,2007-05-01,8,2007,160634.0,160634.0,716.4527528119219,0.03445637665903348,360,352,Current,Current,none,0,0.0,0.0,0.0,0,89.518486,179442.27,94.31849,0.0,0.0,0,925
11088,2008-01-01,2000-02-01,95,2000,212397.0,212397.0,763.9888136458386,0.018,360,265,Current,Current,none,0,0.0,0.0,0.0,0,51.732845,410565.1,51.932842,0.0,0.0,0,707
11089,2008-01-01,1996-01-01,144,1996,297312.0,297312.0,1501.7223676301387,0.04473295358650753,360,216,Current,Current,none,0,0.0,0.0,0.0,0,35.26936,842975.4,42.469357,0.0,0.0,0,467
11091,2008-01-01,1995-10-01,147,1995,147719.0,147719.0,941.6698081815483,0.01868552350731331,180,33,Current,Current,none,0,0.0,0.0,0.0,0,38.647346,382222.88,43.647346,0.0,0.0,0,924
11092,2008-01-01,1997-06-01,127,1997,363533.0,363533.0,1558.2702095388277,0.0312997432232838,360,233,Current,Current,none,0,0.0,0.0,0.0,0,33.84412,1.0741394e+06,39.94412,0.0,0.0,0,629
11099,2008-01-01,1997-06-01,127,1997,1121365.0,1.121365e+06,4741.307682692418,0.030224491546039303,360,233,Current,Current,none,0,0.0,0.0,0.0,0,44.027306,2.5469762e+06,44.927307,0.0,0.0,0,488
11100,2008-01-01,1993-12-01,169,1993,103974.0,103974.0,426.4253924326486,0.02785555510514938,360,191,Current,Current,none,0,0.0,0.0,0.0,0,41.916256,248051.73,56.116253,0.0,0.0,0,828
11105,2008-01-01,1996-04-01,141,1996,244703.0,244703.0,1559.1351082962003,0.018615681664480094,180,39,Current,Current,none,0,0.0,0.0,0.0,0,43.251434,565768.5,43.751434,0.0,0.0,0,108
11106,2008-01-01,2001-04-01,81,2001,371791.0,371791.0,2136.595391695487,0.05609473038755258,360,279,Current,Current,none,0,0.0,0.0,0.0,0,52.28237,711121.2,52.482372,0.0,0.0,0,750
11107,2008-01-01,1995-03-01,154,1995,263546.0,263546.0,1180.454987730994,0.03479700452961271,360,206,Current,Current,none,0,0.0,0.0,0.0,0,29.442139,895132.0,29.442139,0.0,0.0,0,678
11110,2008-01-01,1994-01-01,168,1994,474195.0,474195.0,2417.598485252571,0.04552879565281884,360,192,Current,Current,none,0,0.0,0.0,0.0,0,31.219595,1.5189019e+06,31.619595,0.0,0.0,0,553
11115,2008-01-01,2002-12-01,61,2002,443900.0,443900.0,2400.6833562327274,0.050652461717736866,360,299,Current,Current,none,0,0.0,0.0,0.0,0,51.35848,864316.9,67.75848,0.0,0.0,0,167
11116,2008-01-01,1993-02-01,179,1993,84949.0,84949.0,480.7489428003749,0.054702930489866526,360,181,Current,Current,none,0,0.0,0.0,0.0,0,40.37734,210387.81,40.477337,0.0,0.0,0,110
11117,2008-01-01,2005-10-01,27,2005,205496.0,205496.0,852.3550759441256,0.028728843487859153,360,333,Current,Current,none,0,0.0,0.0,0.0,0,63.11079,325611.5,66.01079,0.0,0.0,0,928
11123,2008-01-01,2004-09-01,40,2004,368929.0,368929.0,1443.8718412748067,0.024276290737621265,360,320,Current,Current,none,0,0.0,0.0,0.0,0,43.791744,842462.44,44.391743,0.0,0.0,0,443
11126,2008-01-01,2004-01-01,48,2004,1563430.0,1.56343e+06,8928.136587518873,0.055520795057175096,360,312,Current,Current,none,0,0.0,0.0,0.0,0,76.48978,2.0439725e+06,79.88978,0.0,0.0,0,854
11127,2008-01-01,1997-03-01,130,1997,208833.0,208833.0,794.8280749595579,0.022177767834942734,360,230,Current,Current,none,0,0.0,0.0,0.0,0,33.058212,631712.94,34.258213,0.0,0.0,0,482
11128,2008-01-01,1994-04-01,165,1994,543278.0,543278.0,2444.102060371871,0.03514966537184556,360,195,Current,Current,none,0,0.0,0.0,0.0,0,41.494656,1.3092721e+06,55.894657,0.0,0.0,0,620
11129,2008-01-01,1994-11-01,158,1994,197151.0,197151.0,923.5231301659026,0.03843452883710053,360,202,Current,Current,none,0,0.0,0.0,0.0,0,40.910202,481911.6,41.110203,0.0,0.0,0,616
11134,2008-01-01,2001-05-01,80,2001,263080.0,263080.0,1062.8383542211832,0.026696582220240073,360,280,Current,Current,none,0,0.0,0.0,0.0,0,37.121708,708695.9,43.121708,0.0,0.0,0,834
11137,2008-01-01,2002-01-01,72,2002,135020.0,135020.0,960.6772071061271,0.03431171980267239,180,108,Current,Current,none,0,0.0,0.0,0.0,0,56.21837,240170.61,64.71837,0.0,0.0,0,767
11138,2008-01-01,1998-03-01,118,1998,499583.0,499583.0,2496.8425145321103,0.043834760983405385,360,242,Current,Current,none,0,0.0,0.0,0.0,0,39.19364,1.2746532e+06,41.593643,0.0,0.0,0,722
11143,2008-01-01,2002-01-01,72,2002,115672.0,115672.0,674.7756115133609,0.05746532425088319,360,288,Current,Current,none,0,0.0,0.0,0.0,0,49.003906,236046.5,55.503906,0.0,0.0,0,272
11150,2008-01-01,1995-09-01,148,1995,108464.0,108464.0,483.06309659851195,0.03433974753403799,360,212,Current,Current,none,0,0.0,0.0,0.0,0,25.75244,421179.53,25.75244,0.0,0.0,0,720
11152,2008-01-01,2004-11-01,38,2004,366356.0,366356.0,1590.835480518499,0.03232239140069994,360,322,Current,Current,none,0,0.0,0.0,0.0,0,78.43683,467071.4,91.73683,0.0,0.0,0,416
11153,2008-01-01,2000-02-01,95,2000,555287.0,555287.0,3051.4432996346654,0.05206709523329801,360,265,Current,Current,none,0,0.0,0.0,0.0,0,35.037243,1.5848479e+06,35.237244,0.0,0.0,0,817
11159,2008-01-01,2007-08-01,5,2007,382757.0,382757.0,1477.1268894752473,0.02321784656590387,360,355,Current,Current,none,0,0.0,0.0,0.0,0,78.80418,485706.5,87.404175,0.0,0.0,0,637
11160,2008-01-01,1994-09-01,160,1994,116166.0,116166.0,809.1123512532757,0.03123026106577432,180,20,Current,Current,none,0,0.0,0.0,0.0,0,28.129639,412966.56,33.12964,0.0,0.0,0,825
11165,2008-01-01,2002-06-01,67,2002,380777.0,380777.0,1536.2719104453174,0.026593792858155517,360,293,Current,Current,none,0,0.0,0.0,0.0,0,62.57,608561.6,69.07,0.0,0.0,0,587
11176,2008-01-01,2007-08-01,5,2007,571540.0,571540.0,4202.161676022014,0.0391098135110972,180,175,Current,Current,none,0,0.0,0.0,0.0,0,101.98187,560432.94,116.58187,0.0,0.0,0,671
11177,2008-01-01,2002-09-01,64,2002,206533.0,206533.0,1135.8823074443608,0.05214002141463483,360,296,Current,Current,none,0,0.0,0.0,0.0,0,69.10162,298883.0,75.501625,0.0,0.0,0,654
11178,2008-01-01,2005-10-01,27,2005,207475.0,207475.0,915.2372416134739,0.033575587576191494,360,333,Current,Current,none,0,0.0,0.0,0.0,0,60.185123,344728.03,63.985126,0.0,0.0,0,959
11179,2008-01-01,1997-05-01,128,1997,226650.0,226650.0,1472.7328088426682,0.02135842471808195,180,52,Current,Current,none,0,0.0,0.0,0.0,0,32.044735,707292.44,32.344734,0.0,0.0,0,704
11185,2008-01-01,2004-04-01,45,2004,380857.0,380857.0,2838.3739925649365,0.0411094159142646,180,135,Current,Current,none,0,0.0,0.0,0.0,0,64.341896,591926.94,74.441895,0.0,0.0,0,167
11190,2008-01-01,2006-11-01,14,2006,109451.0,109451.0,425.7452191170127,0.023814031889024243,360,346,Current,Current,none,0,0.0,0.0,0.0,0,69.44785,157601.7,87.44785,0.0,0.0,0,860
11191,2008-01-01,2005-02-01,35,2005,303343.0,303343.0,1091.1202074312237,0.018,360,325,Current,Current,none,0,0.0,0.0,0.0,0,68.81122,440833.66,71.71121,0.0,0.0,0,975
11193,2008-01-01,2001-08-01,77,2001,277317.0,277317.0,1116.1722276239107,0.02640979353714401,360,283,Current,Current,none,0,0.0,0.0,0.0,0,34.615807,801128.25,34.615807,0.0,0.0,0,642
11195,2008-01-01,2007-02-01,11,2007,277420.0,277420.0,1557.2506498914918,0.05396834833828633,360,349,Current,Current,none,0,0.0,0.0,0.0,0,103.24594,268698.22,115.14594,0.0,0.0,0,825
11196,2008-01-01,1995-04-01,153,1995,571472.0,571472.0,2241.4541362574564,0.024441768299302266,360,207,Current,Current,none,0,0.0,0.0,0.0,0,29.972305,1.9066668e+06,30.872307,0.0,0.0,0,263
11197,2008-01-01,2001-09-01,76,2001,132784.0,132784.0,477.6220503639366,0.018,360,284,Current,Current,none,0,0.0,0.0,0.0,0,37.391342,355119.66,38.891342,0.0,0.0,0,855
11199,2008-01-01,1994-12-01,157,1994,783058.0,783058.0,2890.569991891182,0.01990381823212277,360,203,Current,Current,none,0,0.0,0.0,0.0,0,35.57441,2.2011832e+06,41.17441,0.0,0.0,0,886
11201,2008-01-01,2007-12-01,1,2007,403594.0,403594.0,2193.6134435836634,0.051092750195567554,360,359,Current,Current,none,0,0.0,0.0,0.0,0,81.25948,496673.12,85.659485,0.0,0.0,0,148
11202,2008-01-01,1999-05-01,104,1999,164585.0,164585.0,822.2322756414608,0.04379981272526626,360,256,Current,Current,none,0,0.0,0.0,0.0,0,51.783676,317831.8,51.883675,0.0,0.0,0,110
11204,2008-01-01,2008-01-01,0,2008,386220.0,386220.0,1389.2275296086846,0.018,360,360,Current,Current,none,0,0.0,0.0,0.0,0,72.8,530522.0,74.0,0.0,0.0,0,288
11209,2008-01-01,1999-07-01,102,1999,289236.0,289236.0,1049.5752638507033,0.01864461278949033,360,258,Current,Current,none,0,0.0,0.0,0.0,0,42.325073,683368.0,49.92507,0.0,0.0,0,918
11212,2008-01-01,2006-09-01,16,2006,446251.0,446251.0,1962.25027239265,0.03331991098921679,360,344,Current,Current,none,0,0.0,0.0,0.0,0,87.32012,511051.75,92.52012,0.0,0.0,0,124
11213,2008-01-01,2004-01-01,48,2004,320303.0,320303.0,1197.2277279565099,0.020829186059882553,360,312,Current,Current,none,0,0.0,0.0,0.0,0,47.867794,669140.9,47.967796,0.0,0.0,0,792
11216,2008-01-01,2002-03-01,70,2002,245294.0,245294.0,1201.8210343286091,0.04215996165834773,360,290,Current,Current,none,0,0.0,0.0,0.0,0,55.078487,445353.56,57.378487,0.0,0.0,0,355
11217,2008-01-01,2001-09-01,76,2001,233784.0,233784.0,840.917530894404,0.018,360,284,Current,Current,none,0,0.0,0.0,0.0,0,48.46026,482424.2,53.46026,0.0,0.0,0,802
11218,2008-01-01,2006-01-01,24,2006,179201.0,179201.0,1136.7445284999637,0.018,180,156,Current,Current,none,0,0.0,0.0,0.0,0,74.518776,240477.66,79.618774,0.0,0.0,0,157
11220,2008-01-01,2003-05-01,56,2003,412847.0,412847.0,2923.22141432832,0.033607547010337545,180,124,Current,Current,none,0,0.0,0.0,0.0,0,60.649822,680706.0,63.049824,0.0,0.0,0,395
11221,2008-01-01,1994-11-01,158,1994,177801.0,177801.0,639.5475221168083,0.018,360,202,Current,Current,none,0,0.0,0.0,0.0,0,34.16213,520462.3,34.262127,0.0,0.0,0,239
11227,2008-01-01,2005-04-01,33,2005,190617.0,190617.0,1326.2963555961467,0.03108072701615543,180,147,Current,Current,none,0,0.0,0.0,0.0,0,64.915985,293636.47,70.11598,0.0,0.0,0,847
11229,2008-01-01,2000-02-01,95,2000,221873.0,221873.0,1118.3898827380667,0.04455886975256669,360,265,Current,Current,none,0,0.0,0.0,0.0,0,40.68083,545399.44,54.18083,0.0,0.0,0,850
11231,2008-01-01,2002-12-01,61,2002,702533.0,702533.0,2833.1002308717175,0.026558100622502516,360,299,Current,Current,none,0,0.0,0.0,0.0,0,61.243687,1.1471109e+06,66.84369,0.0,0.0,0,930
11232,2008-01-01,2001-10-01,75,2001,446896.0,446896.0,2162.2259460156165,0.041109194675125464,360,285,Current,Current,none,0,0.0,0.0,0.0,0,44.899452,995326.2,45.59945,0.0,0.0,0,302
11234,2008-01-01,2007-08-01,5,2007,569593.0,569593.0,3613.159113073475,0.018,180,175,Current,Current,none,0,0.0,0.0,0.0,0,71.534805,796245.94,79.43481,0.0,0.0,0,955
11237,2008-01-01,1994-10-01,159,1994,146419.0,146419.0,928.7950241261834,0.018,180,21,Current,Current,none,0,0.0,0.0,0.0,0,27.788801,526899.3,27.788801,0.0,0.0,0,745
11238,2008-01-01,2005-11-01,26,2005,374899.0,374899.0,1661.0962019432468,0.03392731731173409,360,334,Current,Current,none,0,0.0,0.0,0.0,0,84.336685,444526.6,89.93668,0.0,0.0,0,327
11239,2008-01-01,1997-01-01,132,1997,198804.0,198804.0,1369.3680942399976,0.0296299075300267,180,48,Current,Current,none,0,0.0,0.0,0.0,0,35.984516,552470.94,36.484516,0.0,0.0,0,753
11242,2008-01-01,1999-03-01,106,1999,282982.0,282982.0,1174.8902964463955,0.02880415248347666,360,254,Current,Current,none,0,0.0,0.0,0.0,0,50.77865,557285.44,50.878647,0.0,0.0,0,764
11245,2008-01-01,2005-09-01,28,2005,340460.0,340460.0,1618.099673513976,0.03962721718778082,360,332,Current,Current,none,0,0.0,0.0,0.0,0,95.93017,354904.0,101.53017,0.0,0.0,0,127
11253,2008-01-01,1997-04-01,129,1997,223179.0,223179.0,1023.9780209503382,0.03674018178633964,360,231,Current,Current,none,0,0.0,0.0,0.0,0,29.029964,768788.4,29.029964,0.0,0.0,0,201
11254,2008-01-01,2003-12-01,49,2003,374339.0,374339.0,1968.5885709413042,0.04820148386894584,360,311,Current,Current,none,0,0.0,0.0,0.0,0,71.2521,525372.56,95.5521,0.0,0.0,0,715
11255,2008-01-01,1997-07-01,126,1997,480984.0,480984.0,1860.7644300107856,0.02340264894919142,360,234,Current,Current,none,0,0.0,0.0,0.0,0,35.826458,1.3425385e+06,39.62646,0.0,0.0,0,351
11258,2008-01-01,1995-12-01,145,1995,284219.0,284219.0,1144.2740066769463,0.026431349549730924,360,215,Current,Current,none,0,0.0,0.0,0.0,0,39.546726,718691.56,40.746727,0.0,0.0,0,716
11261,2008-01-01,1996-04-01,141,1996,406214.0,406214.0,2858.6662020640797,0.03271908235615771,180,39,Current,Current,none,0,0.0,0.0,0.0,0,34.802765,1.1671889e+06,45.00276,0.0,0.0,0,773
11265,2008-01-01,2003-06-01,55,2003,470280.0,470280.0,1980.2339648405411,0.029901970715626842,360,305,Current,Current,none,0,0.0,0.0,0.0,0,63.62367,739158.9,66.32367,0.0,0.0,0,634
11267,2008-01-01,2007-11-01,2,2007,233788.0,233788.0,1053.4495596004256,0.03527843055435284,360,358,Current,Current,none,0,0.0,0.0,0.0,0,70.74999,330442.47,74.84999,0.0,0.0,0,997
11269,2008-01-01,1995-05-01,152,1995,747886.0,747886.0,2690.1346906139524,0.018,360,208,Current,Current,none,0,0.0,0.0,0.0,0,32.545063,2.2980015e+06,33.74506,0.0,0.0,0,489
11271,2008-01-01,1997-07-01,126,1997,130641.0,130641.0,999.367586583709,0.044995911759565604,180,54,Current,Paid off,payoff,0,0.0,0.0,0.0,0,30.005915,435384.16,30.205914,0.0,0.0,0,743
11278,2008-01-01,1997-02-01,131,1997,202278.0,202278.0,850.2942386848694,0.02976900199933727,360,229,Current,Current,none,0,0.0,0.0,0.0,0,34.351566,588846.5,37.751568,0.0,0.0,0,889
11280,2008-01-01,2006-01-01,24,2006,797396.0,797396.0,3102.638985218736,0.023836135313442246,360,336,Current,Current,none,0,0.0,0.0,0.0,0,65.11144,1.2246634e+06,70.11144,0.0,0.0,0,824
11283,2008-01-01,1997-07-01,126,1997,330615.0,330615.0,1359.5855163382844,0.02806296012674819,360,234,Current,Current,none,0,0.0,0.0,0.0,0,31.31052,1.0559231e+06,31.510519,0.0,0.0,0,413
11285,2008-01-01,2005-11-01,26,2005,165128.0,165128.0,716.3837869234661,0.03225000566229601,360,334,Current,Current,none,0,0.0,0.0,0.0,0,72.57366,227531.58,76.17366,0.0,0.0,0,372
11294,2008-01-01,2004-10-01,39,2004,208758.0,208758.0,929.8319533487316,0.03434769975786818,360,321,Current,Current,none,0,0.0,0.0,0.0,0,62.76551,332599.84,65.96551,0.0,0.0,0,610
11295,2008-01-01,1994-03-01,166,1994,307893.0,307893.0,1165.8261433585947,0.021792312034349434,360,194,Current,Current,none,0,0.0,0.0,0.0,0,37.82848,813918.56,39.12848,0.0,0.0,0,381
11296,2008-01-01,2000-01-01,96,2000,611942.0,611942.0,2525.413275864336,0.028337025390193452,360,264,Current,Current,none,0,0.0,0.0,0.0,0,40.683674,1.5041464e+06,44.283672,0.0,0.0,0,306
11297,2008-01-01,1997-02-01,131,1997,340184.0,340184.0,1223.6367301859063,0.018,360,229,Current,Current,none,0,0.0,0.0,0.0,0,29.318548,1.160303e+06,30.518549,0.0,0.0,0,823
11298,2008-01-01,1997-10-01,123,1997,123458.0,123458.0,498.1999635498717,0.026609167173537143,360,237,Current,Current,none,0,0.0,0.0,0.0,0,44.498028,277446.0,45.69803,0.0,0.0,0,391
11300,2008-01-01,1998-01-01,120,1998,452136.0,452136.0,1917.5903240844657,0.03046537062579896,360,240,Current,Current,none,0,0.0,0.0,0.0,0,40.607513,1.1134295e+06,41.107513,0.0,0.0,0,478
11302,2008-01-01,1999-04-01,105,1999,160190.0,160190.0,662.590959061359,0.028513265390050977,360,255,Current,Current,none,0,0.0,0.0,0.0,0,30.63634,522875.78,38.03634,0.0,0.0,0,730
11303,2008-01-01,2006-01-01,24,2006,617107.0,617107.0,2457.7768676578607,0.02560508104065708,360,336,Current,Current,none,0,0.0,0.0,0.0,0,95.553154,645825.9,100.65315,0.0,0.0,0,682
11305,2008-01-01,2005-05-01,32,2005,568324.0,568324.0,3675.5689955459343,0.020700273597810494,180,148,Current,Current,none,0,0.0,0.0,0.0,0,81.46485,697630.94,91.46485,0.0,0.0,0,870
11306,2008-01-01,1999-01-01,108,1999,295384.0,295384.0,1906.7865899272097,0.06703769758082442,360,252,Current,Current,none,0,0.0,0.0,0.0,0,45.035248,655895.1,45.035248,0.0,0.0,0,545
11308,2008-01-01,2006-10-01,15,2006,362664.0,362664.0,1627.1044219452397,0.03492988943553582,360,345,Current,Current,none,0,0.0,0.0,0.0,0,79.39811,456766.53,85.998116,0.0,0.0,0,661
11312,2008-01-01,2007-03-01,10,2007,518211.0,518211.0,3426.7251458883006,0.023822531277776626,180,170,Current,Current,none,0,0.0,0.0,0.0,0,82.21532,630309.56,86.21532,0.0,0.0,0,942
11314,2008-01-01,1996-10-01,135,1996,620513.0,620513.0,2756.2369626589066,0.03412719801168666,360,225,Current,Current,none,0,0.0,0.0,0.0,0,34.56066,1.7954315e+06,34.56066,0.0,0.0,0,551
11315,2008-01-01,1998-11-01,110,1998,298651.0,298651.0,1959.5842305247354,0.022727637276627383,180,70,Current,Current,none,0,0.0,0.0,0.0,0,36.322704,822215.75,43.722706,0.0,0.0,0,319
11316,2008-01-01,2003-01-01,60,2003,152406.0,152406.0,1052.4512708476034,0.0299950089069511,180,120,Current,Current,none,0,0.0,0.0,0.0,0,40.965126,372038.4,40.965126,0.0,0.0,0,856
11317,2008-01-01,1993-11-01,170,1993,399344.0,399344.0,1830.699671963684,0.03667146087500508,360,190,Current,Current,none,0,0.0,0.0,0.0,0,36.966225,1.0802942e+06,37.166225,0.0,0.0,0,265
11318,2008-01-01,2003-12-01,49,2003,243665.0,243665.0,1603.2243162544805,0.023117211600197217,180,131,Current,Current,none,0,0.0,0.0,0.0,0,70.51754,345538.12,76.617546,0.0,0.0,0,655
11320,2008-01-01,1993-04-01,177,1993,250984.0,250984.0,1157.0244767023364,0.037125889726217665,360,183,Current,Current,none,0,0.0,0.0,0.0,0,26.34857,952552.6,28.24857,0.0,0.0,0,778
11322,2008-01-01,1999-10-01,99,1999,558735.0,558735.0,2582.7988219834156,0.03734884221811239,360,261,Current,Current,none,0,0.0,0.0,0.0,0,37.37734,1.4948496e+06,37.57734,0.0,0.0,0,407
11323,2008-01-01,1998-08-01,113,1998,146916.0,146916.0,611.0174399526237,0.028937574467651415,360,247,Current,Current,none,0,0.0,0.0,0.0,0,32.48512,452256.3,37.18512,0.0,0.0,0,295
11325,2008-01-01,1994-04-01,165,1994,185258.0,185258.0,1268.171774424029,0.02874119473924857,180,15,Current,Current,none,0,0.0,0.0,0.0,0,33.44414,553932.56,33.74414,0.0,0.0,0,713
11329,2008-01-01,1998-06-01,115,1998,461636.0,461636.0,2091.425137913849,0.03571517568265414,360,245,Current,Current,none,0,0.0,0.0,0.0,0,41.965927,1.1000258e+06,44.265926,0.0,0.0,0,714
11335,2008-01-01,1995-06-01,151,1995,172471.0,172471.0,881.5284146022301,0.045744222543653956,360,209,Current,Current,none,0,0.0,0.0,0.0,0,41.605896,414535.0,43.505898,0.0,0.0,0,849
11338,2008-01-01,2002-03-01,70,2002,246778.0,246778.0,941.8846082771526,0.02238755702621594,360,290,Current,Current,none,0,0.0,0.0,0.0,0,46.11703,535112.5,47.11703,0.0,0.0,0,390
11339,2008-01-01,2006-01-01,24,2006,246169.0,246169.0,1101.1441020924474,0.03468932272423232,360,336,30 DPD,Delinquent,none,0,0.0,0.0,0.0,1,91.95934,267693.3,97.35934,0.0,0.0,0,303
11340,2008-01-01,2005-08-01,29,2005,253015.0,253015.0,1031.6730468049038,0.027407564690198987,360,331,Current,Current,none,0,0.0,0.0,0.0,0,94.70995,267147.22,102.609955,0.0,0.0,0,983
11344,2008-01-01,2002-11-01,62,2002,451722.0,451722.0,2103.072653275351,0.037931572985788316,360,298,Current,Current,none,0,0.0,0.0,0.0,0,53.744267,840502.6,56.144268,0.0,0.0,0,828
11350,2008-01-01,2003-10-01,51,2003,276887.0,276887.0,1355.851368238771,0.04211297509682493,360,309,Current,Current,none,0,0.0,0.0,0.0,0,62.02129,446438.62,62.121292,0.0,0.0,0,649
11352,2008-01-01,1993-03-01,178,1993,187382.0,187382.0,674.0102349778223,0.018,360,182,Current,Current,none,0,0.0,0.0,0.0,0,40.98686,457175.8,43.48686,0.0,0.0,0,620
11357,2008-01-01,2005-05-01,32,2005,437445.0,437445.0,1854.8344656316726,0.03044641410849406,360,328,Current,Current,none,0,0.0,0.0,0.0,0,89.78973,487188.25,103.78973,0.0,0.0,0,360
11361,2008-01-01,2006-05-01,20,2006,417837.0,417837.0,1626.7684578713342,0.02388163074837023,360,340,Current,Current,none,0,0.0,0.0,0.0,0,69.7315,599208.4,81.431496,0.0,0.0,0,335
11364,2008-01-01,2006-02-01,23,2006,389807.0,389807.0,1971.4369085642527,0.04484199678139416,360,337,Current,Current,none,0,0.0,0.0,0.0,0,97.074745,401553.47,102.67474,0.0,0.0,0,231
11367,2008-01-01,2007-03-01,10,2007,327404.0,327404.0,1497.1785459492,0.03646953003666739,360,350,Current,Current,none,0,0.0,0.0,0.0,0,71.03319,460916.97,80.43318,0.0,0.0,0,552
11386,2008-01-01,1997-03-01,130,1997,225063.0,225063.0,1517.4964013518706,0.026580339312931852,180,50,Current,Current,none,0,0.0,0.0,0.0,0,35.118217,640872.5,35.118217,0.0,0.0,0,359
11387,2008-01-01,2006-02-01,23,2006,187404.0,187404.0,863.5433293243569,0.03709003372823314,360,337,Current,Current,none,0,0.0,0.0,0.0,0,90.81528,206357.34,95.915276,0.0,0.0,0,905
11388,2008-01-01,2007-04-01,9,2007,618124.0,618124.0,2399.6810794901453,0.023665966952002144,360,351,Current,Current,none,0,0.0,0.0,0.0,0,51.42032,1.2021006e+06,61.720318,0.0,0.0,0,654
11390,2008-01-01,2001-12-01,73,2001,382596.0,382596.0,2531.7818325620424,0.02392437503895251,180,107,Current,Current,none,0,0.0,0.0,0.0,0,41.516663,921548.06,41.516663,0.0,0.0,0,633
11391,2008-01-01,1995-01-01,156,1995,166719.0,166719.0,658.5101904880433,0.024973299192368507,360,204,Current,Current,none,0,0.0,0.0,0.0,0,40.60334,410604.16,47.40334,0.0,0.0,0,549
11394,2008-01-01,1993-11-01,170,1993,436023.0,436023.0,1930.9877900619597,0.033888594234790057,360,190,Current,Current,none,0,0.0,0.0,0.0,0,42.221004,1.0327159e+06,43.021004,0.0,0.0,0,588
11396,2008-01-01,2002-09-01,64,2002,100489.0,100489.0,570.1207991501557,0.05492945563778376,360,296,Current,Current,none,0,0.0,0.0,0.0,0,68.8082,146042.19,68.8082,0.0,0.0,0,466
11399,2008-01-01,2002-11-01,62,2002,117615.0,117615.0,746.0795850442979,0.018,180,118,Current,Current,none,0,0.0,0.0,0.0,0,52.411766,224405.72,53.511765,0.0,0.0,0,157
11403,2008-01-01,1996-06-01,139,1996,421066.0,421066.0,1557.663754835292,0.02006276034633007,360,221,Current,Current,none,0,0.0,0.0,0.0,0,35.43706,1.188208e+06,36.93706,0.0,0.0,0,378
11408,2008-01-01,2005-07-01,30,2005,242309.0,242309.0,1214.9733153114646,0.044110670544046215,360,330,Current,Current,none,0,0.0,0.0,0.0,0,70.4228,344077.5,73.0228,0.0,0.0,0,400
11413,2008-01-01,2002-03-01,70,2002,241635.0,241635.0,1154.9839490927159,0.04009913976672415,360,290,Current,Current,none,0,0.0,0.0,0.0,0,55.423157,435982.03,55.523155,0.0,0.0,0,344
11416,2008-01-01,2001-12-01,73,2001,254758.0,254758.0,1016.710754472222,0.025760998113839046,360,287,Current,Current,none,0,0.0,0.0,0.0,0,56.373116,451913.97,67.873116,0.0,0.0,0,384
11417,2008-01-01,2005-05-01,32,2005,278391.0,278391.0,1732.061335029195,0.06348972533636357,360,328,Current,Current,none,0,0.0,0.0,0.0,0,85.13176,327011.9,93.63176,0.0,0.0,0,442
11418,2008-01-01,1999-10-01,99,1999,365028.0,365028.0,2857.555904139759,0.04846719840644402,180,81,Current,Current,none,0,0.0,0.0,0.0,0,44.88747,813206.9,45.18747,0.0,0.0,0,706
11432,2008-01-01,1994-09-01,160,1994,350695.0,350695.0,2527.6274102845887,0.03619150421205323,180,20,Current,Current,none,0,0.0,0.0,0.0,0,39.071552,897571.2,40.47155,0.0,0.0,0,294
11433,2008-01-01,1995-04-01,153,1995,385314.0,385314.0,1603.2104964135335,0.028971795136303564,360,207,Current,Current,none,0,0.0,0.0,0.0,0,35.374836,1.0892319e+06,38.074837,0.0,0.0,0,124
11434,2008-01-01,1997-08-01,125,1997,919774.0,919774.0,6124.938351959523,0.024814800655797987,180,55,Current,Current,none,0,0.0,0.0,0.0,0,38.67519,2.3782018e+06,39.67519,0.0,0.0,0,952
11436,2008-01-01,1997-09-01,124,1997,357436.0,357436.0,1663.5384857577365,0.037903603423751084,360,236,Current,Current,none,0,0.0,0.0,0.0,0,29.362974,1.2173018e+06,29.662973,0.0,0.0,0,933
11437,2008-01-01,2006-09-01,16,2006,443401.0,443401.0,2268.6146091401815,0.0458317743513363,360,344,Current,Current,none,0,0.0,0.0,0.0,0,75.15344,589994.25,83.553444,0.0,0.0,0,725
11438,2008-01-01,2005-04-01,33,2005,257438.0,257438.0,1284.6505501004815,0.043703930896693076,360,327,Current,Current,none,0,0.0,0.0,0.0,0,56.813686,453126.72,59.613686,0.0,0.0,0,527
11439,2008-01-01,1999-05-01,104,1999,216121.0,216121.0,1027.1201528364659,0.03962438352802883,360,256,Current,Current,none,0,0.0,0.0,0.0,0,38.294277,564368.9,38.294277,0.0,0.0,0,424
11444,2008-01-01,1993-07-01,174,1993,185399.0,185399.0,1051.2739089657437,0.054879502651590945,360,186,Current,Current,none,0,0.0,0.0,0.0,0,27.17935,682131.8,33.67935,0.0,0.0,0,825
11451,2008-01-01,1997-02-01,131,1997,161720.0,161720.0,612.3084836705978,0.021787597105721344,360,229,Current,Current,none,0,0.0,0.0,0.0,0,28.487856,567680.5,31.487856,0.0,0.0,0,805
11452,2008-01-01,1997-06-01,127,1997,402465.0,402465.0,2302.9461850723596,0.05570343552688324,360,233,Current,Current,none,0,0.0,0.0,0.0,0,40.0339,1.0053105e+06,45.8339,0.0,0.0,0,265
11453,2008-01-01,2004-03-01,46,2004,118905.0,118905.0,546.2125215832046,0.03683829269118348,360,314,Current,Current,none,0,0.0,0.0,0.0,0,44.804665,265385.3,49.704666,0.0,0.0,0,106
11458,2008-01-01,1996-02-01,143,1996,489474.0,489474.0,3714.1904676957092,0.04378780254034478,180,37,Current,Current,none,0,0.0,0.0,0.0,0,41.252388,1.186535e+06,48.452385,0.0,0.0,0,855
11462,2008-01-01,2008-01-01,0,2008,451412.0,451412.0,2178.490634826025,0.04089591248741295,360,360,Current,Current,none,0,0.0,0.0,0.0,0,69.8,646722.06,79.6,0.0,0.0,0,753
11464,2008-01-01,2004-07-01,42,2004,205677.0,205677.0,770.2484277428734,0.020971035120123434,360,318,Current,Current,none,0,0.0,0.0,0.0,0,69.011406,298033.34,70.41141,0.0,0.0,0,718
11466,2008-01-01,2007-04-01,9,2007,174699.0,174699.0,903.8456159302426,0.04678945735836638,360,351,Current,Current,none,0,0.0,0.0,0.0,0,101.88249,171471.06,111.5825,0.0,0.0,0,914
11467,2008-01-01,2002-12-01,61,2002,313209.0,313209.0,1195.8455582350448,0.02241335865000043,360,299,Current,Current,none,0,0.0,0.0,0.0,0,62.730183,499295.53,62.830185,0.0,0.0,0,209
11470,2008-01-01,1999-07-01,102,1999,312808.0,312808.0,1248.8565905240007,0.02579002025214501,360,258,Current,Current,none,0,0.0,0.0,0.0,0,50.733273,616573.6,54.733273,0.0,0.0,0,318
11473,2008-01-01,2006-06-01,19,2006,158480.0,158480.0,625.329548082879,0.024895822585555283,360,341,Current,Current,none,0,0.0,0.0,0.0,0,80.79784,196143.88,86.49783,0.0,0.0,0,716
11477,2008-01-01,2004-07-01,42,2004,203364.0,203364.0,1710.1132206313898,0.05945448468851599,180,138,Current,Current,none,0,0.0,0.0,0.0,0,80.23132,253472.08,82.631325,0.0,0.0,0,897
11481,2008-01-01,2003-10-01,51,2003,437276.0,437276.0,1958.7171984480804,0.03480127697561296,360,309,Current,Current,none,0,0.0,0.0,0.0,0,70.16713,623192.06,72.46713,0.0,0.0,0,272
11483,2008-01-01,2002-04-01,69,2002,188906.0,188906.0,963.9608897224344,0.045604931809784095,360,291,Current,Current,none,0,0.0,0.0,0.0,0,37.697906,501104.75,37.797905,0.0,0.0,0,269
11486,2008-01-01,2002-01-01,72,2002,422895.0,422895.0,1793.86944003792,0.030478282247137816,360,288,Current,Current,none,0,0.0,0.0,0.0,0,47.91493,882595.5,47.91493,0.0,0.0,0,111
11494,2008-01-01,2005-12-01,25,2005,121295.0,121295.0,511.9419970448249,0.03008517858793584,360,335,Current,Current,none,0,0.0,0.0,0.0,0,63.062786,192340.06,85.16279,0.0,0.0,0,526
11495,2008-01-01,2006-03-01,22,2006,667487.0,667487.0,3406.1783462105145,0.04560708173114084,360,338,Current,Current,none,0,0.0,0.0,0.0,0,103.40494,645507.9,108.40494,0.0,0.0,0,164
11497,2008-01-01,2004-08-01,41,2004,294652.0,294652.0,1167.357756692968,0.025203904145955466,360,319,Current,Current,none,0,0.0,0.0,0.0,0,83.16652,354291.62,83.56651,0.0,0.0,0,554
11498,2008-01-01,1999-07-01,102,1999,144426.0,144426.0,750.9138510881736,0.04721482770249216,360,258,Current,Current,none,0,0.0,0.0,0.0,0,44.483936,324670.03,47.483936,0.0,0.0,0,654
11500,2008-01-01,2007-12-01,1,2007,240574.0,240574.0,1080.668567466825,0.035028577073719355,360,359,Current,Current,none,0,0.0,0.0,0.0,0,68.99963,348659.8,73.399635,0.0,0.0,0,486
11502,2008-01-01,2002-10-01,63,2002,319581.0,319581.0,1196.7556148708102,0.020967515641161914,360,297,Current,Current,none,0,0.0,0.0,0.0,0,55.07791,580234.44,61.777912,0.0,0.0,0,277
11512,2008-01-01,1998-03-01,118,1998,203279.0,203279.0,911.7635092530167,0.03490743418353866,360,242,Current,Current,none,0,0.0,0.0,0.0,0,45.35778,448167.88,45.45778,0.0,0.0,0,951
11513,2008-01-01,1996-03-01,142,1996,331976.0,331976.0,1235.0023097423577,0.020478231404723823,360,218,Current,Current,none,0,0.0,0.0,0.0,0,38.570763,860693.4,50.970764,0.0,0.0,0,495
11514,2008-01-01,2005-10-01,27,2005,411878.0,411878.0,1781.43098461114,0.03200866071087902,360,333,Current,Current,none,0,0.0,0.0,0.0,0,57.67741,714106.25,67.57741,0.0,0.0,0,296
11518,2008-01-01,2003-08-01,53,2003,213362.0,213362.0,1086.8987020858078,0.04545884606803671,360,307,Current,Current,none,0,0.0,0.0,0.0,0,39.340805,542342.75,42.740803,0.0,0.0,0,851
11520,2008-01-01,1999-10-01,99,1999,312185.0,312185.0,1621.1581322211648,0.047109147964405206,360,261,Current,Current,none,0,0.0,0.0,0.0,0,46.273956,674645.2,48.973953,0.0,0.0,0,167
11523,2008-01-01,2000-02-01,95,2000,285551.0,285551.0,1027.1226510985693,0.018,360,265,Current,Current,none,0,0.0,0.0,0.0,0,41.739,684134.75,43.639,0.0,0.0,0,554
11524,2008-01-01,2001-06-01,79,2001,255895.0,255895.0,920.4504652509304,0.018,360,281,Current,Current,none,0,0.0,0.0,0.0,0,48.00334,533077.44,53.203342,0.0,0.0,0,827
11528,2008-01-01,2003-12-01,49,2003,218400.0,218400.0,1016.3232929129002,0.037893184017207614,360,311,Current,Current,none,0,0.0,0.0,0.0,0,51.50066,424072.25,51.50066,0.0,0.0,0,538
11531,2008-01-01,2004-12-01,37,2004,350735.0,350735.0,1261.5885184539952,0.018,360,323,Current,Current,none,0,0.0,0.0,0.0,0,62.976063,556933.8,62.976063,0.0,0.0,0,728
11535,2008-01-01,2004-01-01,48,2004,347720.0,347720.0,1416.660814236094,0.02734379158653708,360,312,Current,Current,none,0,0.0,0.0,0.0,0,40.054325,868121.0,63.354324,0.0,0.0,0,187
11536,2008-01-01,1995-01-01,156,1995,202143.0,202143.0,1047.01349438885,0.04688666760636142,360,204,Current,Current,none,0,0.0,0.0,0.0,0,26.148924,773045.2,26.248924,0.0,0.0,0,842
11538,2008-01-01,2007-09-01,4,2007,238563.0,238563.0,1182.4763254731904,0.04313530630015052,360,356,Current,Current,none,0,0.0,0.0,0.0,0,74.96706,318223.78,79.46706,0.0,0.0,0,103
11540,2008-01-01,2000-12-01,85,2000,437580.0,437580.0,1573.968676935861,0.018,360,275,Current,Current,none,0,0.0,0.0,0.0,0,51.70094,846367.6,52.300938,0.0,0.0,0,697
11541,2008-01-01,2002-08-01,65,2002,378726.0,378726.0,1362.271724350315,0.018,360,295,Current,Current,none,0,0.0,0.0,0.0,0,63.79599,593651.75,63.79599,0.0,0.0,0,753
11542,2008-01-01,2001-11-01,74,2001,258720.0,258720.0,1641.1657547307805,0.018,180,106,Current,Current,none,0,0.0,0.0,0.0,0,48.751804,530688.0,58.351807,0.0,0.0,0,779
11543,2008-01-01,1995-04-01,153,1995,331398.0,331398.0,1531.6015203748493,0.037332170397636644,360,207,Current,Current,none,0,0.0,0.0,0.0,0,40.260605,823132.2,40.560604,0.0,0.0,0,793
11545,2008-01-01,1997-03-01,130,1997,815779.0,815779.0,3449.1648113426795,0.030222740226246176,360,230,Current,Current,none,0,0.0,0.0,0.0,0,39.53252,2.0635644e+06,40.73252,0.0,0.0,0,993
11547,2008-01-01,2001-12-01,73,2001,106181.0,106181.0,429.01291394631545,0.026704385493401733,360,287,Current,Current,none,0,0.0,0.0,0.0,0,32.49425,326768.56,34.99425,0.0,0.0,0,144
11550,2008-01-01,1998-12-01,109,1998,257718.0,257718.0,966.7369666637251,0.021094014493370606,360,251,Current,Current,none,0,0.0,0.0,0.0,0,39.22987,656943.3,39.62987,0.0,0.0,0,232
11552,2008-01-01,2003-01-01,60,2003,213110.0,213110.0,968.4150978311421,0.0359599441190327,360,300,Current,Current,none,0,0.0,0.0,0.0,0,67.97674,313504.3,68.97674,0.0,0.0,0,890
11554,2008-01-01,1994-07-01,162,1994,280689.0,280689.0,1040.6023746376507,0.02022216536495057,360,198,Current,Current,none,0,0.0,0.0,0.0,0,32.291367,869238.5,33.89137,0.0,0.0,0,511
11557,2008-01-01,2001-05-01,80,2001,239734.0,239734.0,1040.6238694419433,0.03229360943036809,360,280,Current,Current,none,0,0.0,0.0,0.0,0,52.337673,458052.47,52.73767,0.0,0.0,0,564
11558,2008-01-01,2005-10-01,27,2005,688327.0,688327.0,2985.3857349922573,0.032228241118734055,360,333,Current,Current,none,0,0.0,0.0,0.0,0,100.41303,685495.7,103.31303,0.0,0.0,0,111
11559,2008-01-01,2004-04-01,45,2004,395663.0,395663.0,2211.0276494566583,0.05356458428799286,360,315,Current,Current,none,0,0.0,0.0,0.0,0,75.02282,527390.2,75.02282,0.0,0.0,0,926
11560,2008-01-01,1999-01-01,108,1999,313657.0,313657.0,1128.2195102648002,0.018,360,252,Current,Current,none,0,0.0,0.0,0.0,0,33.6545,931991.25,34.3545,0.0,0.0,0,420
11565,2008-01-01,2007-09-01,4,2007,363209.0,363209.0,1776.5560963159762,0.04201894839734148,360,356,Current,Current,none,0,0.0,0.0,0.0,0,88.787796,409075.38,104.08779,0.0,0.0,0,209
11568,2008-01-01,2001-02-01,83,2001,138879.0,138879.0,617.7312297699507,0.034237316855845044,360,277,Current,Current,none,0,0.0,0.0,0.0,0,41.338196,335958.03,43.538197,0.0,0.0,0,845
11569,2008-01-01,2005-03-01,34,2005,437058.0,437058.0,2923.195858835151,0.02543413119156664,180,146,Current,Current,none,0,0.0,0.0,0.0,0,68.01418,642598.4,88.21418,0.0,0.0,0,596
11570,2008-01-01,1993-12-01,169,1993,197230.0,197230.0,1033.917933826404,0.04792620720478634,360,191,Current,Current,none,0,0.0,0.0,0.0,0,32.099266,614437.7,40.899265,0.0,0.0,0,560
11572,2008-01-01,2000-02-01,95,2000,356162.0,356162.0,2335.8182280275664,0.022660056493076113,180,85,Current,Current,none,0,0.0,0.0,0.0,0,51.61527,690032.25,55.415268,0.0,0.0,0,129
11581,2008-01-01,1998-11-01,110,1998,591874.0,591874.0,2494.1473163609808,0.029961858989075562,360,250,Current,Current,none,0,0.0,0.0,0.0,0,31.580275,1.8741889e+06,35.080273,0.0,0.0,0,783
11583,2008-01-01,1998-02-01,119,1998,603127.0,603127.0,4909.079484056943,0.05440659455870152,180,61,Current,Current,none,0,0.0,0.0,0.0,0,37.028076,1.628837e+06,64.42808,0.0,0.0,0,249
11584,2008-01-01,1995-04-01,153,1995,331939.0,331939.0,1432.101081057094,0.03181121969854901,360,207,Current,Current,none,0,0.0,0.0,0.0,0,24.33488,1.3640461e+06,24.434881,0.0,0.0,0,964
11587,2008-01-01,1998-06-01,115,1998,287126.0,287126.0,1313.6930425129092,0.036512830865918416,360,245,Current,Current,none,0,0.0,0.0,0.0,0,39.59348,725185.06,43.59348,0.0,0.0,0,883
11588,2008-01-01,2002-09-01,64,2002,395551.0,395551.0,2234.1171189583893,0.054524843806106796,360,296,Current,Current,none,0,0.0,0.0,0.0,0,59.932087,659998.75,68.93208,0.0,0.0,0,358
11593,2008-01-01,2007-02-01,11,2007,540110.0,540110.0,2031.016853250989,0.021276928764865283,360,349,Current,Current,none,0,0.0,0.0,0.0,0,98.23296,549825.6,103.43297,0.0,0.0,0,688
11594,2008-01-01,1997-10-01,123,1997,344532.0,344532.0,1384.6917721160346,0.026298502702444063,360,237,Current,Current,none,0,0.0,0.0,0.0,0,36.618694,940863.6,46.718697,0.0,0.0,0,550
11596,2008-01-01,2006-09-01,16,2006,89189.0,89189.0,389.3639015624849,0.032746519075758256,360,344,30 DPD,Delinquent,none,0,0.0,0.0,0.0,1,83.121,107300.2,88.921,0.0,0.0,0,588
11597,2008-01-01,2003-07-01,54,2003,155877.0,155877.0,767.4675437680522,0.042570819510754074,360,306,Current,Current,none,0,0.0,0.0,0.0,0,38.09368,409193.84,38.09368,0.0,0.0,0,964
11598,2008-01-01,1998-02-01,119,1998,162599.0,162599.0,807.2690748344228,0.04327346149655048,360,241,Current,Current,none,0,0.0,0.0,0.0,0,38.100613,426762.16,38.40061,0.0,0.0,0,210
11599,2008-01-01,1997-11-01,122,1997,308340.0,308340.0,1684.6416252631552,0.05155391393116364,360,238,Current,Current,none,0,0.0,0.0,0.0,0,46.335125,665456.25,46.535126,0.0,0.0,0,847
11603,2008-01-01,2004-07-01,42,2004,283154.0,283154.0,1135.8290328454157,0.026151681758003288,360,318,Current,Current,none,0,0.0,0.0,0.0,0,61.976692,456871.75,66.47669,0.0,0.0,0,804
11611,2008-01-01,1998-07-01,114,1998,142089.0,142089.0,683.2921159681857,0.04060162248481465,360,246,Current,Current,none,0,0.0,0.0,0.0,0,48.701622,291754.16,48.80162,0.0,0.0,0,539
11617,2008-01-01,2004-02-01,47,2004,259812.0,259812.0,1306.054145467238,0.04432660193214635,360,313,Current,Current,none,0,0.0,0.0,0.0,0,55.623676,467088.88,56.623676,0.0,0.0,0,308
11619,2008-01-01,2003-09-01,52,2003,194859.0,194859.0,700.9048914919441,0.018,360,308,Current,Current,none,0,0.0,0.0,0.0,0,62.337868,312585.28,66.33787,0.0,0.0,0,987
11628,2008-01-01,2000-12-01,85,2000,443337.0,443337.0,2812.266164985622,0.018,180,95,Current,Current,none,0,0.0,0.0,0.0,0,33.5134,1.3228649e+06,41.2134,0.0,0.0,0,805
11629,2008-01-01,2007-08-01,5,2007,905113.0,905113.0,3629.3824078285234,0.026123444892607428,360,355,Current,Current,none,0,0.0,0.0,0.0,0,70.37592,1.2861118e+06,74.87592,0.0,0.0,0,408
11630,2008-01-01,2007-07-01,6,2007,205643.0,205643.0,933.0036472794219,0.03583178816305019,360,354,Current,Current,none,0,0.0,0.0,0.0,0,89.715225,229217.52,94.11523,0.0,0.0,0,468
11631,2008-01-01,1997-07-01,126,1997,278533.0,278533.0,1921.6192003163287,0.02985972471964256,180,54,Current,Current,none,0,0.0,0.0,0.0,0,34.77274,801009.6,38.97274,0.0,0.0,0,744
11632,2008-01-01,2003-05-01,56,2003,104634.0,104634.0,509.4823272590703,0.041640037346617774,360,304,Current,Current,none,0,0.0,0.0,0.0,0,61.03515,171432.38,64.335144,0.0,0.0,0,126
11634,2008-01-01,1996-10-01,135,1996,312317.0,312317.0,2262.5138307327657,0.03693621823507145,180,45,Current,Current,none,0,0.0,0.0,0.0,0,28.352451,1.101552e+06,30.552452,0.0,0.0,0,831
11635,2008-01-01,1998-05-01,116,1998,334540.0,334540.0,1267.6973460696192,0.021849654785730137,360,244,Current,Current,none,0,0.0,0.0,0.0,0,30.24794,1.1059926e+06,38.347942,0.0,0.0,0,629
11637,2008-01-01,1995-06-01,151,1995,197670.0,197670.0,822.5831446568155,0.02898312047424445,360,209,Current,Current,none,0,0.0,0.0,0.0,0,38.857445,508705.62,42.157444,0.0,0.0,0,528
11642,2008-01-01,2007-07-01,6,2007,218695.0,218695.0,855.773753416322,0.02426483327193417,360,354,Current,Current,none,0,0.0,0.0,0.0,0,65.59368,333408.66,71.69368,0.0,0.0,0,482
11650,2008-01-01,1995-05-01,152,1995,253584.0,253584.0,1475.4962377960921,0.05722971844377435,360,208,Current,Current,none,0,0.0,0.0,0.0,0,43.86508,578099.9,44.065083,0.0,0.0,0,343
11656,2008-01-01,2004-06-01,43,2004,578978.0,578978.0,2189.3120367837055,0.021691206793714182,360,317,Current,Current,none,0,0.0,0.0,0.0,0,68.09939,850195.6,68.299385,0.0,0.0,0,380
11657,2008-01-01,2003-04-01,57,2003,255386.0,255386.0,1077.9382907184004,0.03008859195183992,360,303,Current,Current,none,0,0.0,0.0,0.0,0,65.97777,387078.9,66.37776,0.0,0.0,0,705
11660,2008-01-01,1998-08-01,113,1998,809391.0,809391.0,4767.755631865639,0.05836111932515095,360,247,Current,Current,none,0,0.0,0.0,0.0,0,43.11758,1.8771716e+06,45.417583,0.0,0.0,0,638
11671,2008-01-01,1998-10-01,111,1998,205523.0,205523.0,1380.0118714548187,0.02599082608430569,180,69,Current,Current,none,0,0.0,0.0,0.0,0,45.978065,447002.28,49.578064,0.0,0.0,0,373
11675,2008-01-01,2003-07-01,54,2003,98854.0,98854.0,421.89352094473753,0.03095729269008935,360,306,Current,Current,none,0,0.0,0.0,0.0,0,50.529224,195637.28,55.829224,0.0,0.0,0,525
11676,2008-01-01,1998-11-01,110,1998,646882.0,646882.0,4310.0392191655565,0.024891599778464325,180,70,Current,Current,none,0,0.0,0.0,0.0,0,51.1428,1.2648545e+06,61.9428,0.0,0.0,0,253
11677,2008-01-01,1999-03-01,106,1999,565607.0,565607.0,2372.481075646591,0.029601434242155167,360,254,Current,Current,none,0,0.0,0.0,0.0,0,34.472572,1.6407449e+06,36.572575,0.0,0.0,0,977
11678,2008-01-01,2002-08-01,65,2002,139169.0,139169.0,558.7935606737714,0.026225426087427735,360,295,Current,Current,none,0,0.0,0.0,0.0,0,48.047493,289648.8,49.447495,0.0,0.0,0,148
11687,2008-01-01,2004-08-01,41,2004,137565.0,137565.0,705.1340589673518,0.045989640472344454,360,319,Current,Current,none,0,0.0,0.0,0.0,0,68.2415,201585.55,72.5415,0.0,0.0,0,998
11691,2008-01-01,2006-07-01,18,2006,388435.0,388435.0,1462.3983118306555,0.02136539357962708,360,342,Current,Current,none,0,0.0,0.0,0.0,0,98.84496,392974.0,112.34496,0.0,0.0,0,665
11692,2008-01-01,1998-07-01,114,1998,358781.0,358781.0,1764.5032754164035,0.04247697496427928,360,246,Current,Current,none,0,0.0,0.0,0.0,0,41.903576,856206.2,42.303577,0.0,0.0,0,770
11694,2008-01-01,1996-10-01,135,1996,352550.0,352550.0,1410.3785672376976,0.02594480732439424,360,225,Current,Current,none,0,0.0,0.0,0.0,0,30.454443,1.1576308e+06,34.254444,0.0,0.0,0,293
11696,2008-01-01,2001-09-01,76,2001,485403.0,485403.0,2264.248705869638,0.0380896427037022,360,284,Current,Current,none,0,0.0,0.0,0.0,0,55.2096,879200.4,73.4096,0.0,0.0,0,838
11697,2008-01-01,2007-04-01,9,2007,138286.0,138286.0,568.0663384997649,0.027980526442866062,360,351,Current,Current,none,0,0.0,0.0,0.0,0,91.66231,150864.62,100.56231,0.0,0.0,0,607
11699,2008-01-01,1998-12-01,109,1998,178212.0,178212.0,683.5515580746613,0.02275752312380107,360,251,Current,Current,none,0,0.0,0.0,0.0,0,33.88034,526004.1,51.38034,0.0,0.0,0,368
11700,2008-01-01,1998-11-01,110,1998,134672.0,134672.0,556.2853125554735,0.028408021762491215,360,250,Current,Current,none,0,0.0,0.0,0.0,0,41.927395,321202.88,47.727394,0.0,0.0,0,375
11701,2008-01-01,1997-09-01,124,1997,533151.0,533151.0,3381.9927462139394,0.018,180,56,Current,Current,none,0,0.0,0.0,0.0,0,37.99024,1.4033894e+06,39.19024,0.0,0.0,0,501
11706,2008-01-01,1999-03-01,106,1999,208242.0,208242.0,1574.9052793039866,0.04329062853293471,180,74,Current,Current,none,0,0.0,0.0,0.0,0,45.03322,462418.66,52.93322,0.0,0.0,0,733
11710,2008-01-01,1997-10-01,123,1997,900560.0,900560.0,7856.89008517315,0.06524320887117024,180,57,Current,Current,none,0,0.0,0.0,0.0,0,39.69972,2.2684292e+06,40.299717,0.0,0.0,0,521
11711,2008-01-01,2002-07-01,66,2002,368098.0,368098.0,1547.711303888438,0.029788041932821606,360,294,Current,Current,none,0,0.0,0.0,0.0,0,59.069126,623164.8,65.26913,0.0,0.0,0,630
11713,2008-01-01,1995-08-01,149,1995,416062.0,416062.0,1548.9899924735284,0.020534462897623652,360,211,Current,Current,none,0,0.0,0.0,0.0,0,30.356066,1.3706058e+06,37.456066,0.0,0.0,0,972
11718,2008-01-01,2004-08-01,41,2004,656874.0,656874.0,4614.473267356256,0.03246318702028739,180,139,Current,Current,none,0,0.0,0.0,0.0,0,84.78489,774753.6,86.384895,0.0,0.0,0,457
11721,2008-01-01,1994-05-01,164,1994,151131.0,151131.0,1087.1560897839806,0.035907394532316644,180,16,Current,Current,none,0,0.0,0.0,0.0,0,31.483925,480025.9,33.183926,0.0,0.0,0,869
11724,2008-01-01,2005-01-01,36,2005,271257.0,271257.0,1094.0433769425524,0.026568405954951142,360,324,Current,Current,none,0,0.0,0.0,0.0,0,57.845833,468930.9,60.545834,0.0,0.0,0,253
11725,2008-01-01,1998-02-01,119,1998,118834.0,118834.0,439.01046638597785,0.019962444953743344,360,241,Current,Current,none,0,0.0,0.0,0.0,0,36.108757,329100.22,36.308758,0.0,0.0,0,189
11732,2008-01-01,2004-07-01,42,2004,526706.0,526706.0,2207.85718691031,0.029550209775749094,360,318,Current,Current,none,0,0.0,0.0,0.0,0,39.35876,1.3382179e+06,39.658764,0.0,0.0,0,764
11734,2008-01-01,2005-11-01,26,2005,114638.0,114638.0,533.230429097774,0.037856850128505135,360,334,Current,Current,none,0,0.0,0.0,0.0,0,75.30436,152232.88,78.004364,0.0,0.0,0,899
11736,2008-01-01,1997-03-01,130,1997,279647.0,279647.0,1784.6600908089222,0.018840451387043957,180,50,Current,Current,none,0,0.0,0.0,0.0,0,23.739132,1.1780001e+06,23.739132,0.0,0.0,0,729
11738,2008-01-01,2000-11-01,86,2000,260936.0,260936.0,1299.5743468574044,0.043539309322895396,360,274,Current,Current,none,0,0.0,0.0,0.0,0,42.09485,619876.4,42.494846,0.0,0.0,0,648
11739,2008-01-01,1999-02-01,107,1999,560457.0,560457.0,2843.8797773224087,0.045123869830734395,360,253,Current,Current,none,0,0.0,0.0,0.0,0,44.567093,1.2575579e+06,49.067093,0.0,0.0,0,471
11741,2008-01-01,2006-08-01,17,2006,412738.0,412738.0,1848.3978264570678,0.034783682573515995,360,343,Current,Current,none,0,0.0,0.0,0.0,0,91.4065,451541.16,102.00651,0.0,0.0,0,957
11743,2008-01-01,2005-09-01,28,2005,508729.0,508729.0,2436.9909672803,0.040280737043642836,360,332,Current,Paid off,payoff,0,0.0,0.0,0.0,0,76.82719,662173.1,80.82719,0.0,0.0,0,971
11744,2008-01-01,2003-07-01,54,2003,242410.0,242410.0,1326.195364474618,0.05167221173709196,360,306,Current,Current,none,0,0.0,0.0,0.0,0,59.58041,406861.94,59.58041,0.0,0.0,0,475
11745,2008-01-01,1997-03-01,130,1997,297560.0,297560.0,1139.96581286843,0.022668192265468706,360,230,Current,Current,none,0,0.0,0.0,0.0,0,35.70679,833342.9,35.70679,0.0,0.0,0,217
11746,2008-01-01,2007-11-01,2,2007,192847.0,192847.0,1318.0133754778644,0.028512540853631328,180,178,Current,Current,none,0,0.0,0.0,0.0,0,72.18342,267162.47,78.48342,0.0,0.0,0,218
11750,2008-01-01,1994-06-01,163,1994,301910.0,301910.0,1926.0351360281318,0.018789565033704707,180,17,Current,Current,none,0,0.0,0.0,0.0,0,38.807373,777970.75,53.90737,0.0,0.0,0,469
11751,2008-01-01,2004-07-01,42,2004,247151.0,247151.0,1223.9677608727472,0.043061180458170846,360,318,Current,Current,none,0,0.0,0.0,0.0,0,55.120075,448386.53,55.620075,0.0,0.0,0,277
11753,2008-01-01,2002-02-01,71,2002,422091.0,422091.0,2998.148064296282,0.034066769983547934,180,109,Current,Current,none,0,0.0,0.0,0.0,0,60.209427,701038.06,61.409424,0.0,0.0,0,714
11757,2008-01-01,2002-12-01,61,2002,174374.0,174374.0,1236.3856034089251,0.033807827072883094,180,119,Current,Current,none,0,0.0,0.0,0.0,0,63.845055,273120.6,78.04506,0.0,0.0,0,434
11758,2008-01-01,2004-06-01,43,2004,251560.0,251560.0,1529.1816338432166,0.061291585048261786,360,317,Current,Current,none,0,0.0,0.0,0.0,0,64.2281,391666.56,84.02811,0.0,0.0,0,838
11759,2008-01-01,1996-07-01,138,1996,179985.0,179985.0,1222.1341114570648,0.027583696558697766,180,42,Current,Current,none,0,0.0,0.0,0.0,0,29.305231,614173.6,36.805233,0.0,0.0,0,746
11760,2008-01-01,2000-02-01,95,2000,222176.0,222176.0,1160.9200811739638,0.04764517109718427,360,265,Current,Current,none,0,0.0,0.0,0.0,0,50.0868,443581.94,50.0868,0.0,0.0,0,564
11761,2008-01-01,1999-12-01,97,1999,320036.0,320036.0,2045.3626047522532,0.01904136080151889,180,83,Current,Current,none,0,0.0,0.0,0.0,0,25.834251,1.238805e+06,28.934252,0.0,0.0,0,753
11762,2008-01-01,2004-01-01,48,2004,245860.0,245860.0,1428.0886780396029,0.057071628093646694,360,312,Current,Current,none,0,0.0,0.0,0.0,0,75.99629,323515.78,80.1963,0.0,0.0,0,736
11767,2008-01-01,2000-11-01,86,2000,300326.0,300326.0,1080.2681038197343,0.018,360,274,Current,Current,none,0,0.0,0.0,0.0,0,50.007412,600563.0,50.207413,0.0,0.0,0,649
11769,2008-01-01,1995-11-01,146,1995,189147.0,189147.0,723.945889066127,0.022597280364213997,360,214,Current,Current,none,0,0.0,0.0,0.0,0,29.488262,641431.5,31.988262,0.0,0.0,0,438
11772,2008-01-01,2004-02-01,47,2004,333050.0,333050.0,1381.4756680248909,0.02873181411708725,360,313,Current,Current,none,0,0.0,0.0,0.0,0,64.92196,513000.5,67.62196,0.0,0.0,0,178
11773,2008-01-01,2000-09-01,88,2000,449153.0,449153.0,1814.2472580878123,0.026682941715851817,360,272,Current,Current,none,0,0.0,0.0,0.0,0,51.03969,880007.4,51.03969,0.0,0.0,0,691
11775,2008-01-01,1994-01-01,168,1994,244032.0,244032.0,1789.369033962072,0.03871234899952116,180,12,Current,Current,none,0,0.0,0.0,0.0,0,31.905237,764865.0,35.605236,0.0,0.0,0,902
11782,2008-01-01,2006-11-01,14,2006,371651.0,371651.0,3037.964867539847,0.05506418746519618,180,166,Current,Paid off,payoff,0,0.0,0.0,0.0,0,66.22771,561171.5,71.22771,0.0,0.0,0,855
11785,2008-01-01,2006-05-01,20,2006,269333.0,269333.0,2143.5230125364596,0.050971477937277104,180,160,Current,Current,none,0,0.0,0.0,0.0,0,48.71505,552874.3,56.41505,0.0,0.0,0,739
11787,2008-01-01,2008-01-01,0,2008,527947.0,527947.0,1899.0174164318685,0.018,360,360,Current,Current,none,0,0.0,0.0,0.0,0,62.1,850156.2,66.6,0.0,0.0,0,264
11788,2008-01-01,1996-10-01,135,1996,123311.0,123311.0,667.6759835168972,0.050756896146901834,360,225,Current,Current,none,0,0.0,0.0,0.0,0,28.205801,437183.12,28.405802,0.0,0.0,0,645
11789,2008-01-01,1994-11-01,158,1994,536997.0,536997.0,3621.620812083194,0.026615570123083118,180,22,Current,Current,none,0,0.0,0.0,0.0,0,25.773895,2.0834918e+06,25.973896,0.0,0.0,0,257
11797,2008-01-01,2003-10-01,51,2003,188663.0,188663.0,678.6179727061344,0.018,360,309,Current,Current,none,0,0.0,0.0,0.0,0,63.553677,296856.16,72.353676,0.0,0.0,0,178
11798,2008-01-01,1999-12-01,97,1999,347110.0,347110.0,1632.0582422468524,0.038740848181832335,360,263,Current,Current,none,0,0.0,0.0,0.0,0,47.42098,731975.6,48.62098,0.0,0.0,0,373
11800,2008-01-01,1997-09-01,124,1997,951240.0,951240.0,3822.3490326779715,0.02628381851895018,360,236,Current,Current,none,0,0.0,0.0,0.0,0,37.48572,2.5376062e+06,39.385723,0.0,0.0,0,863
11802,2008-01-01,1994-12-01,157,1994,430916.0,430916.0,2017.9050512928836,0.03840794861927008,360,203,Current,Current,none,0,0.0,0.0,0.0,0,38.94462,1.1064841e+06,38.94462,0.0,0.0,0,747
11809,2008-01-01,1993-02-01,179,1993,279586.0,279586.0,1115.7020760056832,0.025754537047030714,360,181,Current,Current,none,0,0.0,0.0,0.0,0,25.743341,1.0860518e+06,33.94334,0.0,0.0,0,112
11819,2008-01-01,1998-03-01,118,1998,280289.0,280289.0,1213.1235929983993,0.03206303419647449,360,242,Current,Current,none,0,0.0,0.0,0.0,0,39.399113,711409.44,42.599113,0.0,0.0,0,757
11821,2008-01-01,2002-05-01,68,2002,212892.0,212892.0,800.4332689755535,0.02126569922685995,360,292,Current,Current,none,0,0.0,0.0,0.0,0,45.89317,463886.03,53.99317,0.0,0.0,0,160
11823,2008-01-01,1995-07-01,150,1995,323394.0,323394.0,1979.177236612246,0.06192799993339459,360,210,Current,Current,none,0,0.0,0.0,0.0,0,38.736324,834859.8,38.936325,0.0,0.0,0,200
11828,2008-01-01,2005-04-01,33,2005,278795.0,278795.0,1470.5889772187422,0.04846511527891916,360,327,Current,Current,none,0,0.0,0.0,0.0,0,79.16821,352155.22,91.968216,0.0,0.0,0,987
11834,2008-01-01,1994-08-01,161,1994,250889.0,250889.0,995.6032331190452,0.02532834842644606,360,199,Current,Current,none,0,0.0,0.0,0.0,0,34.74119,722165.8,44.54119,0.0,0.0,0,758
11839,2008-01-01,2007-09-01,4,2007,286149.0,286149.0,1029.2736481021063,0.018,360,356,Current,Current,none,0,0.0,0.0,0.0,0,88.47369,323428.38,92.47369,0.0,0.0,0,987
11845,2008-01-01,2001-06-01,79,2001,366439.0,366439.0,1318.075570199049,0.018,360,281,Current,Current,none,0,0.0,0.0,0.0,0,40.587654,902833.6,44.087654,0.0,0.0,0,780
11850,2008-01-01,1993-01-01,180,1993,990166.0,990166.0,4605.371850764249,0.037851270140082445,360,180,Current,Current,none,0,0.0,0.0,0.0,0,29.47269,3.359605e+06,32.372692,0.0,0.0,0,428
11851,2008-01-01,2005-02-01,35,2005,609086.0,609086.0,2205.939230563849,0.018501701671934677,360,325,Current,Current,none,0,0.0,0.0,0.0,0,60.387283,1.0086329e+06,63.087284,0.0,0.0,0,633
11853,2008-01-01,2007-10-01,3,2007,301399.0,301399.0,2530.4630342400415,0.05920586923315713,180,177,Current,Current,none,0,0.0,0.0,0.0,0,95.2627,316387.2,100.562706,0.0,0.0,0,316
11855,2008-01-01,1997-07-01,126,1997,198320.0,198320.0,1012.1284945276778,0.0456158640275584,360,234,Current,Current,none,0,0.0,0.0,0.0,0,45.96224,431484.66,48.062237,0.0,0.0,0,707
11856,2008-01-01,2004-11-01,38,2004,380973.0,380973.0,1370.354149545879,0.018,360,322,Current,Current,none,0,0.0,0.0,0.0,0,63.246597,602361.25,76.5466,0.0,0.0,0,674
11858,2008-01-01,2006-05-01,20,2006,290767.0,290767.0,1180.6861502321456,0.027087434687730644,360,340,Current,Current,none,0,0.0,0.0,0.0,0,101.41784,286702.03,108.31784,0.0,0.0,0,398
11862,2008-01-01,2003-11-01,50,2003,265930.0,265930.0,1133.053533584893,0.030826036114535132,360,310,Current,Current,none,0,0.0,0.0,0.0,0,70.24443,378578.06,81.44443,0.0,0.0,0,195
11864,2008-01-01,1998-02-01,119,1998,189956.0,189956.0,759.9937886751358,0.025952204224357754,360,241,Current,Current,none,0,0.0,0.0,0.0,0,46.629837,407370.06,57.22984,0.0,0.0,0,993
11866,2008-01-01,2006-04-01,21,2006,159814.0,159814.0,1026.239592349572,0.019703919640991337,180,159,Current,Current,none,0,0.0,0.0,0.0,0,88.99214,179582.16,95.892136,0.0,0.0,0,255
11872,2008-01-01,1995-12-01,145,1995,535204.0,535204.0,2604.7394159914998,0.041599351240990276,360,215,Current,Current,none,0,0.0,0.0,0.0,0,38.546146,1.388476e+06,42.446148,0.0,0.0,0,593
11874,2008-01-01,1994-02-01,167,1994,429044.0,429044.0,2190.86345629257,0.045664022438620194,360,193,Current,Current,none,0,0.0,0.0,0.0,0,35.976143,1.1925791e+06,41.776142,0.0,0.0,0,697
11875,2008-01-01,1998-05-01,116,1998,303932.0,303932.0,1755.1547597646595,0.05653905738281037,360,244,Current,Current,none,0,0.0,0.0,0.0,0,42.89043,708624.25,46.290432,0.0,0.0,0,383
11879,2008-01-01,2002-09-01,64,2002,429106.0,429106.0,1778.6793537957378,0.028678080410545773,360,296,Current,Current,none,0,0.0,0.0,0.0,0,58.61167,732116.94,78.01167,0.0,0.0,0,242
11880,2008-01-01,2002-03-01,70,2002,196691.0,196691.0,979.1023965767008,0.04349580482373194,360,290,Current,Current,none,0,0.0,0.0,0.0,0,57.835857,340084.88,58.03586,0.0,0.0,0,801
11886,2008-01-01,1996-02-01,143,1996,587644.0,587644.0,4200.966851717307,0.03500008630117568,180,37,Current,Current,none,0,0.0,0.0,0.0,0,37.160454,1.5813692e+06,50.460453,0.0,0.0,0,307
11893,2008-01-01,1996-05-01,140,1996,371518.0,371518.0,1700.179052730709,0.036530288025921225,360,220,Current,Current,none,0,0.0,0.0,0.0,0,32.59078,1.1399482e+06,42.190777,0.0,0.0,0,232
11895,2008-01-01,1999-12-01,97,1999,447323.0,447323.0,1865.1715120583215,0.029136826841517534,360,263,Current,Current,none,0,0.0,0.0,0.0,0,46.140903,969471.7,46.940903,0.0,0.0,0,300
11897,2008-01-01,1993-12-01,169,1993,163781.0,163781.0,693.9332597126139,0.0303873215977403,360,191,Current,Current,none,0,0.0,0.0,0.0,0,36.528328,448367.1,36.528328,0.0,0.0,0,295
11904,2008-01-01,1993-06-01,175,1993,151407.0,151407.0,860.723375668904,0.055110615177031086,360,185,Current,Current,none,0,0.0,0.0,0.0,0,29.633299,510935.34,29.8333,0.0,0.0,0,925
11905,2008-01-01,1997-01-01,132,1997,253599.0,253599.0,1033.2567597728164,0.027348137204100183,360,228,Current,Current,none,0,0.0,0.0,0.0,0,22.703936,1.1169825e+06,23.403936,0.0,0.0,0,994
11911,2008-01-01,2007-08-01,5,2007,259980.0,259980.0,935.1441487951578,0.018,360,355,Current,Current,none,0,0.0,0.0,0.0,0,53.835472,482915.78,59.035473,0.0,0.0,0,954
11916,2008-01-01,2000-04-01,93,2000,214267.0,214267.0,840.9187354935468,0.02448779891217778,360,267,Current,Current,none,0,0.0,0.0,0.0,0,40.518272,528815.75,51.61827,0.0,0.0,0,253
11918,2008-01-01,1998-05-01,116,1998,180888.0,180888.0,781.9662268160253,0.03196821461455707,360,244,Current,Current,none,0,0.0,0.0,0.0,0,40.173862,450262.9,41.173862,0.0,0.0,0,445
11920,2008-01-01,2002-09-01,64,2002,153163.0,153163.0,989.1413904737673,0.02049913189691445,180,116,Current,Current,none,0,0.0,0.0,0.0,0,37.26499,411010.4,44.76499,0.0,0.0,0,684
11923,2008-01-01,2007-11-01,2,2007,502041.0,502041.0,2801.7473781896306,0.053445019757690115,360,358,Current,Current,none,0,0.0,0.0,0.0,0,77.4052,648588.25,83.605194,0.0,0.0,0,413
11924,2008-01-01,1994-11-01,158,1994,182498.0,182498.0,727.7748987494986,0.02570290482290368,360,202,Current,Current,none,0,0.0,0.0,0.0,0,43.20642,422386.28,49.90642,0.0,0.0,0,387
11928,2008-01-01,2007-06-01,7,2007,67872.0,67872.0,244.13456291647415,0.018,360,353,Current,Current,none,0,0.0,0.0,0.0,0,91.04702,74546.09,107.54702,0.0,0.0,0,622
11930,2008-01-01,1998-02-01,119,1998,160345.0,160345.0,1067.237612849415,0.024744754433152782,180,61,Current,Current,none,0,0.0,0.0,0.0,0,38.560272,415829.53,41.86027,0.0,0.0,0,619
11931,2008-01-01,2003-10-01,51,2003,324391.0,324391.0,2486.189808502535,0.0452785448008106,180,129,Current,Current,none,0,0.0,0.0,0.0,0,54.843273,591487.3,56.943275,0.0,0.0,0,312
11936,2008-01-01,2006-07-01,18,2006,144701.0,144701.0,985.4996083492886,0.028011710953095056,180,162,Current,Current,none,0,0.0,0.0,0.0,0,79.31337,182442.12,88.013374,0.0,0.0,0,929
11939,2008-01-01,1996-03-01,142,1996,611192.0,611192.0,2300.5067713356475,0.021347994739428618,360,218,Current,Paid off,payoff,0,0.0,0.0,0.0,0,39.85964,1.5333606e+06,64.85964,0.0,0.0,0,873
11941,2008-01-01,1998-10-01,111,1998,361417.0,361417.0,1545.1745095192123,0.031094957335201866,360,249,Current,Current,none,0,0.0,0.0,0.0,0,34.63143,1.04360975e+06,37.93143,0.0,0.0,0,700
11942,2008-01-01,1993-05-01,176,1993,129926.0,129926.0,572.2647292040394,0.03345309210344656,360,184,Current,Current,none,0,0.0,0.0,0.0,0,28.68168,452992.97,30.68168,0.0,0.0,0,813
11944,2008-01-01,2003-01-01,60,2003,336271.0,336271.0,1524.8743644941171,0.035789960422654025,360,300,Current,Current,none,0,0.0,0.0,0.0,0,60.589584,554998.06,60.789585,0.0,0.0,0,669
11946,2008-01-01,2000-09-01,88,2000,146352.0,146352.0,526.4259422435146,0.018,360,272,Current,Current,none,0,0.0,0.0,0.0,0,47.094288,310763.8,47.094288,0.0,0.0,0,717
11952,2008-01-01,2004-03-01,46,2004,307810.0,307810.0,1321.741920891457,0.031438523432544635,360,314,Current,Current,none,0,0.0,0.0,0.0,0,59.374603,518420.3,60.2746,0.0,0.0,0,446
11954,2008-01-01,2005-12-01,25,2005,375955.0,375955.0,1638.895377316431,0.03263154321251058,360,335,Current,Current,none,0,0.0,0.0,0.0,0,82.960724,453172.25,88.66073,0.0,0.0,0,480
11955,2008-01-01,1999-09-01,100,1999,366769.0,366769.0,1566.1713761466315,0.03100038151115188,360,260,Current,Current,none,0,0.0,0.0,0.0,0,33.130203,1.1070534e+06,33.130203,0.0,0.0,0,644
11956,2008-01-01,2002-11-01,62,2002,172736.0,172736.0,763.8027835500793,0.033765004381173115,360,298,Current,Current,none,0,0.0,0.0,0.0,0,41.159523,419674.47,43.359524,0.0,0.0,0,805
11960,2008-01-01,2006-07-01,18,2006,221608.0,221608.0,922.1665621087753,0.028980416790697804,360,342,Current,Current,none,0,0.0,0.0,0.0,0,64.74561,342274.94,88.24561,0.0,0.0,0,250
11961,2008-01-01,1998-04-01,117,1998,638635.0,638635.0,4241.400606199814,0.024435537374171083,180,63,Current,Current,none,0,0.0,0.0,0.0,0,43.58638,1.4652169e+06,45.98638,0.0,0.0,0,548
11962,2008-01-01,2006-09-01,16,2006,455074.0,455074.0,1636.8943317517023,0.018,360,344,Current,Current,none,0,0.0,0.0,0.0,0,55.01921,827118.4,60.619213,0.0,0.0,0,493
11963,2008-01-01,1994-05-01,164,1994,343709.0,343709.0,1277.446088323021,0.020408383012280214,360,196,Current,Current,none,0,0.0,0.0,0.0,0,22.686947,1.5150078e+06,23.386946,0.0,0.0,0,280
11971,2008-01-01,2007-12-01,1,2007,297308.0,297308.0,2333.072943098361,0.048833929560879445,180,179,Current,Current,none,0,0.0,0.0,0.0,0,80.55023,369096.38,87.15024,0.0,0.0,0,286
11975,2008-01-01,1996-11-01,134,1996,153011.0,153011.0,664.8193174577473,0.032369642622020765,360,226,Current,Current,none,0,0.0,0.0,0.0,0,39.805305,384398.5,40.705307,0.0,0.0,0,816
11979,2008-01-01,2001-11-01,74,2001,135952.0,135952.0,623.8044427238965,0.036744963198060684,360,286,Current,Current,none,0,0.0,0.0,0.0,0,49.632046,273919.78,50.032047,0.0,0.0,0,315
11981,2008-01-01,2006-11-01,14,2006,583254.0,583254.0,2703.8039017915416,0.037580462774381686,360,346,Current,Current,none,0,0.0,0.0,0.0,0,88.76874,657048.9,93.76874,0.0,0.0,0,641
11982,2008-01-01,1997-05-01,128,1997,531612.0,531612.0,3641.954164341738,0.02885277291566097,180,52,Current,Current,none,0,0.0,0.0,0.0,0,33.33446,1.594782e+06,36.434464,0.0,0.0,0,704
11984,2008-01-01,1995-01-01,156,1995,164677.0,164677.0,797.9338734266785,0.04123194149903285,360,204,Current,Current,none,0,0.0,0.0,0.0,0,25.213364,653133.8,31.313364,0.0,0.0,0,631
11986,2008-01-01,1999-04-01,105,1999,437025.0,437025.0,1638.5579593052958,0.02105839542023884,360,255,Current,Current,none,0,0.0,0.0,0.0,0,49.128544,889554.1,70.228546,0.0,0.0,0,113
11988,2008-01-01,1997-05-01,128,1997,96366.0,96366.0,399.94270098585304,0.028774734307462406,360,232,Current,Current,none,0,0.0,0.0,0.0,0,39.485462,244054.38,39.785465,0.0,0.0,0,370
11989,2008-01-01,2004-08-01,41,2004,143360.0,143360.0,1040.93194021342,0.03727294169680101,180,139,Current,Current,none,0,0.0,0.0,0.0,0,56.193592,255118.06,56.29359,0.0,0.0,0,970
11990,2008-01-01,2002-08-01,65,2002,537264.0,537264.0,2661.7677650890287,0.043095119738704515,360,295,Current,Current,none,0,0.0,0.0,0.0,0,64.96255,827036.56,66.662544,0.0,0.0,0,579
11992,2008-01-01,1998-06-01,115,1998,289513.0,289513.0,1564.5840754592464,0.0505877251843249,360,245,Current,Current,none,0,0.0,0.0,0.0,0,38.960827,743087.4,39.160828,0.0,0.0,0,293
11994,2008-01-01,2002-02-01,71,2002,185833.0,185833.0,668.4385052813699,0.018,360,289,Current,Current,none,0,0.0,0.0,0.0,0,44.764103,415138.44,45.064102,0.0,0.0,0,476
11999,2008-01-01,2007-03-01,10,2007,153721.0,153721.0,678.2245650828177,0.0335888899621553,360,350,Current,Current,none,0,0.0,0.0,0.0,0,89.350586,172042.52,109.450584,0.0,0.0,0,837
12003,2008-01-01,2000-05-01,92,2000,162675.0,162675.0,1202.317593167298,0.03988101480446392,180,88,Current,Current,none,0,0.0,0.0,0.0,0,49.70587,327275.22,50.105873,0.0,0.0,0,872
12006,2008-01-01,2003-12-01,49,2003,197211.0,197211.0,775.8400256996676,0.02466976060340318,360,311,Current,Current,none,0,0.0,0.0,0.0,0,66.19181,297938.66,66.391815,0.0,0.0,0,216
12007,2008-01-01,1997-01-01,132,1997,354392.0,354392.0,1524.163946530529,0.031562670609320165,360,228,Current,Current,none,0,0.0,0.0,0.0,0,41.94125,844972.44,52.24125,0.0,0.0,0,586
12009,2008-01-01,2002-03-01,70,2002,121123.0,121123.0,467.4534768044709,0.02322081153440614,360,290,Current,Current,none,0,0.0,0.0,0.0,0,41.636303,290907.2,41.636303,0.0,0.0,0,192
12010,2008-01-01,1996-05-01,140,1996,476872.0,476872.0,1926.7769322231054,0.026705456286788866,360,220,Current,Current,none,0,0.0,0.0,0.0,0,26.989992,1.7668475e+06,32.489994,0.0,0.0,0,420
12013,2008-01-01,2004-01-01,48,2004,70373.0,70373.0,475.56002566764244,0.026900077925191865,180,132,Current,Current,none,0,0.0,0.0,0.0,0,73.0354,96354.65,75.1354,0.0,0.0,0,223
12015,2008-01-01,1994-10-01,159,1994,360937.0,360937.0,1758.5070706127506,0.041689409069628015,360,201,Current,Current,none,0,0.0,0.0,0.0,0,40.885212,882805.75,42.48521,0.0,0.0,0,164
12019,2008-01-01,2007-12-01,1,2007,364086.0,364086.0,2320.682146591772,0.018669296866813526,180,179,Current,Current,none,0,0.0,0.0,0.0,0,77.81457,467889.25,95.71457,0.0,0.0,0,649
12021,2008-01-01,2001-12-01,73,2001,484148.0,484148.0,2545.3935306801054,0.04817885567219594,360,287,Current,Current,none,0,0.0,0.0,0.0,0,54.202312,893223.9,54.30231,0.0,0.0,0,232
12023,2008-01-01,1999-04-01,105,1999,100929.0,100929.0,408.68035958573876,0.02687128512823693,360,255,Current,Current,none,0,0.0,0.0,0.0,0,51.722973,195133.8,52.322975,0.0,0.0,0,851
12025,2008-01-01,2000-02-01,95,2000,315144.0,315144.0,1183.0109297824156,0.021148153409116147,360,265,Current,Current,none,0,0.0,0.0,0.0,0,39.152355,804917.06,39.852356,0.0,0.0,0,735
12028,2008-01-01,1995-04-01,153,1995,131533.0,131533.0,520.9327010701522,0.02517803332765673,360,207,Current,Current,none,0,0.0,0.0,0.0,0,32.744038,401700.6,33.14404,0.0,0.0,0,226
12035,2008-01-01,1996-07-01,138,1996,451879.0,451879.0,2844.499547085505,0.06460652730924149,360,222,Current,Current,none,0,0.0,0.0,0.0,0,40.568974,1.1138536e+06,40.868973,0.0,0.0,0,289
12044,2008-01-01,1998-05-01,116,1998,393514.0,393514.0,1415.4639378759048,0.018,360,244,Current,Current,none,0,0.0,0.0,0.0,0,37.66626,1.0447387e+06,38.16626,0.0,0.0,0,357
12046,2008-01-01,2000-11-01,86,2000,148598.0,148598.0,657.4083895834159,0.03380618806209608,360,274,Current,Current,none,0,0.0,0.0,0.0,0,41.651745,356762.97,42.451744,0.0,0.0,0,218
12047,2008-01-01,2003-08-01,53,2003,349789.0,349789.0,1400.0614415421455,0.02598456347867507,360,307,Current,Current,none,0,0.0,0.0,0.0,0,44.745197,781735.3,45.445198,0.0,0.0,0,116
12049,2008-01-01,1999-01-01,108,1999,241657.0,241657.0,1109.2082731698883,0.03677319184169585,360,252,Current,Current,none,0,0.0,0.0,0.0,0,38.64035,625400.6,54.64035,0.0,0.0,0,597
12051,2008-01-01,1998-09-01,112,1998,159096.0,159096.0,640.7941325206073,0.02646351737637616,360,248,Current,Current,none,0,0.0,0.0,0.0,0,42.04681,378378.28,44.84681,0.0,0.0,0,813
12058,2008-01-01,2004-09-01,40,2004,399364.0,399364.0,1713.838576233148,0.03139081144796719,360,320,Current,Current,none,0,0.0,0.0,0.0,0,69.3596,575787.7,71.8596,0.0,0.0,0,210
12059,2008-01-01,1998-04-01,117,1998,200543.0,200543.0,782.4162393369977,0.02404020812023573,360,243,Current,Current,none,0,0.0,0.0,0.0,0,44.828747,447353.56,45.328747,0.0,0.0,0,193
12060,2008-01-01,1993-07-01,174,1993,148028.0,148028.0,660.0519868445392,0.03443499365849427,360,186,Current,Current,none,0,0.0,0.0,0.0,0,32.915695,449718.6,33.215694,0.0,0.0,0,856
12062,2008-01-01,1994-06-01,163,1994,132978.0,132978.0,932.2129333812841,0.03216215762828261,180,17,Current,Current,none,0,0.0,0.0,0.0,0,39.8323,333844.66,40.632298,0.0,0.0,0,340
12064,2008-01-01,2006-12-01,13,2006,572402.0,572402.0,2731.902820841496,0.03997478933868154,360,347,Current,Current,none,0,0.0,0.0,0.0,0,78.3996,730108.3,87.099594,0.0,0.0,0,811
12072,2008-01-01,1999-03-01,106,1999,507978.0,507978.0,1827.1892238505523,0.018,360,254,Current,Current,none,0,0.0,0.0,0.0,0,38.795326,1.3093794e+06,43.695324,0.0,0.0,0,589
12074,2008-01-01,2002-06-01,67,2002,157768.0,157768.0,650.9406845315034,0.028319248682141435,360,293,Current,Current,none,0,0.0,0.0,0.0,0,66.00241,239033.7,80.80241,0.0,0.0,0,284
12078,2008-01-01,1997-11-01,122,1997,174006.0,174006.0,828.772416068436,0.03980461481933938,360,238,Current,Current,none,0,0.0,0.0,0.0,0,39.296238,442805.75,39.296238,0.0,0.0,0,414
12079,2008-01-01,2002-08-01,65,2002,348165.0,348165.0,2498.5758107137335,0.03556112916160663,180,115,Current,Current,none,0,0.0,0.0,0.0,0,56.796658,613002.6,57.596657,0.0,0.0,0,244
12080,2008-01-01,1997-10-01,123,1997,266143.0,266143.0,1518.5174990198273,0.05544187848790834,360,237,Current,Current,none,0,0.0,0.0,0.0,0,46.417355,573369.6,61.917355,0.0,0.0,0,888
12083,2008-01-01,2007-07-01,6,2007,377864.0,377864.0,1866.2488348995764,0.04283351089800656,360,354,Current,Current,none,0,0.0,0.0,0.0,0,82.73267,456728.88,97.23267,0.0,0.0,0,163
12085,2008-01-01,2004-04-01,45,2004,385036.0,385036.0,1899.956555388701,0.04275759036880771,360,315,Current,Current,none,0,0.0,0.0,0.0,0,77.58624,496268.4,77.886246,0.0,0.0,0,397
12088,2008-01-01,1997-11-01,122,1997,413925.0,413925.0,2664.4485470446175,0.02004223929151033,180,58,Current,Current,none,0,0.0,0.0,0.0,0,35.751472,1.1577844e+06,35.951473,0.0,0.0,0,340
12091,2008-01-01,2000-06-01,91,2000,325138.0,325138.0,1561.41821882567,0.04048791425436086,360,269,Current,Current,none,0,0.0,0.0,0.0,0,24.884575,1.3065845e+06,25.484575,0.0,0.0,0,213
12092,2008-01-01,1995-03-01,154,1995,118914.0,118914.0,549.655542596623,0.037343757907336204,360,206,Current,Current,none,0,0.0,0.0,0.0,0,31.127222,382025.75,38.82722,0.0,0.0,0,574
12098,2008-01-01,1994-07-01,162,1994,660961.0,660961.0,2904.086162503401,0.03325726913467748,360,198,Current,Current,none,0,0.0,0.0,0.0,0,35.7545,1.8486092e+06,37.0545,0.0,0.0,0,214
12099,2008-01-01,2001-11-01,74,2001,201984.0,201984.0,1106.3482145496114,0.05177803846625671,360,286,Current,Current,none,0,0.0,0.0,0.0,0,52.611324,383917.34,52.611324,0.0,0.0,0,774
12101,2008-01-01,2004-01-01,48,2004,234006.0,234006.0,1205.2746367360971,0.04640397156602827,360,312,Current,Current,none,0,0.0,0.0,0.0,0,55.105537,424650.6,57.70554,0.0,0.0,0,289
12103,2008-01-01,2003-04-01,57,2003,192377.0,192377.0,987.6603884119219,0.046126120195646415,360,303,Current,Current,none,0,0.0,0.0,0.0,0,64.22344,299543.28,64.72344,0.0,0.0,0,455
12104,2008-01-01,2001-01-01,84,2001,389504.0,389504.0,2130.6141919537195,0.0516591222060527,360,276,Current,Current,none,0,0.0,0.0,0.0,0,54.77476,711101.25,55.474762,0.0,0.0,0,913
12106,2008-01-01,2002-04-01,69,2002,259406.0,259406.0,1889.9026248209148,0.03776746418028927,180,111,Current,Current,none,0,0.0,0.0,0.0,0,49.752872,521388.97,84.75288,0.0,0.0,0,805
12107,2008-01-01,2000-09-01,88,2000,153091.0,153091.0,734.6125726393665,0.040422372593419374,360,272,Current,Current,none,0,0.0,0.0,0.0,0,45.653904,335329.47,51.153904,0.0,0.0,0,121
12117,2008-01-01,2006-12-01,13,2006,376029.0,376029.0,2279.0312936342707,0.06101297522166335,360,347,Current,Current,none,0,0.0,0.0,0.0,0,86.539444,434517.44,107.33945,0.0,0.0,0,712
12118,2008-01-01,2001-02-01,83,2001,248698.0,248698.0,950.1332857664775,0.02246017227646764,360,277,Current,Current,none,0,0.0,0.0,0.0,0,54.797146,453852.1,56.497147,0.0,0.0,0,813
12120,2008-01-01,2006-03-01,22,2006,293294.0,293294.0,1611.5372936495232,0.05205673146597912,360,338,Current,Current,none,0,0.0,0.0,0.0,0,56.723164,517062.12,61.723164,0.0,0.0,0,998
12121,2008-01-01,2007-06-01,7,2007,354426.0,354426.0,1611.155703335237,0.035988670636250816,360,353,Current,Current,none,0,0.0,0.0,0.0,0,97.73229,362649.84,116.4323,0.0,0.0,0,231
12124,2008-01-01,2007-07-01,6,2007,177239.0,177239.0,1153.817243419474,0.021619954052719943,180,174,Current,Current,none,0,0.0,0.0,0.0,0,96.69778,183291.7,115.49778,0.0,0.0,0,550
12126,2008-01-01,2000-01-01,96,2000,497021.0,497021.0,2267.205794521871,0.03626912527973394,360,264,Current,Current,none,0,0.0,0.0,0.0,0,53.426548,930288.44,62.026546,0.0,0.0,0,834
12133,2008-01-01,1996-03-01,142,1996,333541.0,333541.0,1360.1043194339122,0.02741238542881401,360,218,Current,Current,none,0,0.0,0.0,0.0,0,34.70414,961098.56,38.90414,0.0,0.0,0,343
12136,2008-01-01,1999-03-01,106,1999,538237.0,538237.0,1936.030391626507,0.018,360,254,Current,Current,none,0,0.0,0.0,0.0,0,30.423414,1.7691539e+06,30.523415,0.0,0.0,0,494
12144,2008-01-01,1994-06-01,163,1994,316292.0,316292.0,1195.7411794719403,0.021674608334917814,360,197,Current,Current,none,0,0.0,0.0,0.0,0,35.686012,886319.3,37.686012,0.0,0.0,0,731
12146,2008-01-01,2001-03-01,82,2001,230763.0,230763.0,1174.3621852852766,0.04537300339924098,360,278,Current,Current,none,0,0.0,0.0,0.0,0,47.752052,483252.53,48.35205,0.0,0.0,0,819
12147,2008-01-01,1998-10-01,111,1998,245238.0,245238.0,1153.3817989594077,0.03876295825872558,360,249,Current,Current,none,0,0.0,0.0,0.0,0,39.740105,617104.56,51.040104,0.0,0.0,0,500
12148,2008-01-01,2002-01-01,72,2002,196051.0,196051.0,1416.1332110598478,0.036511659399283206,180,108,Current,Current,none,0,0.0,0.0,0.0,0,43.15066,454340.66,46.25066,0.0,0.0,0,981
12155,2008-01-01,1993-10-01,171,1993,90056.0,90056.0,706.2062718635972,0.04872844864079365,180,9,Current,Current,none,0,0.0,0.0,0.0,0,33.905613,265607.94,34.50561,0.0,0.0,0,553
12156,2008-01-01,2007-04-01,9,2007,384321.0,384321.0,2086.2301148611577,0.05098137199211347,360,351,Current,Current,none,0,0.0,0.0,0.0,0,82.93256,463413.88,86.93256,0.0,0.0,0,703
12161,2008-01-01,2000-05-01,92,2000,385457.0,385457.0,1872.8643434555408,0.04146187791449467,360,268,Current,Current,none,0,0.0,0.0,0.0,0,51.585,747226.94,54.984997,0.0,0.0,0,167
12163,2008-01-01,2005-08-01,29,2005,471410.0,471410.0,2256.0759457987965,0.040201971017861104,360,331,Current,Current,none,0,0.0,0.0,0.0,0,90.185265,522712.88,100.48527,0.0,0.0,0,478
12165,2008-01-01,2001-02-01,83,2001,362028.0,362028.0,2064.371616965713,0.0553877675676516,360,277,Current,Current,none,0,0.0,0.0,0.0,0,46.721775,774859.25,46.921776,0.0,0.0,0,564
12166,2008-01-01,2002-04-01,69,2002,412637.0,412637.0,2064.6318808332653,0.04393053099376028,360,291,Current,Current,none,0,0.0,0.0,0.0,0,45.22355,912438.3,46.92355,0.0,0.0,0,565
12168,2008-01-01,2005-03-01,34,2005,109749.0,109749.0,529.5999695712135,0.04088916211230391,360,326,Current,Current,none,0,0.0,0.0,0.0,0,66.95597,163912.2,73.75597,0.0,0.0,0,207
12170,2008-01-01,1997-05-01,128,1997,177236.0,177236.0,818.3875047863286,0.03725918082048627,360,232,Current,Current,none,0,0.0,0.0,0.0,0,36.7572,482180.4,38.957195,0.0,0.0,0,827
12171,2008-01-01,2007-05-01,8,2007,790904.0,790904.0,5149.765748688542,0.021647739273578513,180,172,Current,Current,none,0,0.0,0.0,0.0,0,55.709843,1.4196845e+06,59.709843,0.0,0.0,0,343
12173,2008-01-01,1996-06-01,139,1996,502216.0,502216.0,3987.311932123665,0.05060401346416438,180,41,Current,Current,none,0,0.0,0.0,0.0,0,29.660336,1.6932242e+06,29.860336,0.0,0.0,0,581
12174,2008-01-01,1994-08-01,161,1994,425633.0,425633.0,1546.3902405942613,0.018732911261354044,360,199,Current,Current,none,0,0.0,0.0,0.0,0,38.54394,1.1042799e+06,39.443943,0.0,0.0,0,386
12175,2008-01-01,1998-06-01,115,1998,407561.0,407561.0,1479.4804089587424,0.018670859466786836,360,245,Current,Current,none,0,0.0,0.0,0.0,0,38.433617,1.0604284e+06,38.433617,0.0,0.0,0,415
12176,2008-01-01,1993-09-01,172,1993,509994.0,509994.0,2042.8751184811458,0.026043660815060408,360,188,Current,Paid off,payoff,0,0.0,0.0,0.0,0,39.99633,1.2751019e+06,68.39633,0.0,0.0,0,516
12180,2008-01-01,2004-06-01,43,2004,266666.0,266666.0,1387.2745500015285,0.047264577663311325,360,317,Current,Current,none,0,0.0,0.0,0.0,0,79.801216,334162.8,80.60122,0.0,0.0,0,779
12184,2008-01-01,2007-08-01,5,2007,739509.0,739509.0,3226.4654224131095,0.032698832623466983,360,355,Current,Current,none,0,0.0,0.0,0.0,0,74.37934,994239.75,85.579346,0.0,0.0,0,594
12191,2008-01-01,1994-01-01,168,1994,332632.0,332632.0,1308.6769962457154,0.02467454571181284,360,192,Current,Current,none,0,0.0,0.0,0.0,0,36.933285,900629.4,37.033283,0.0,0.0,0,833
12196,2008-01-01,1995-04-01,153,1995,195378.0,195378.0,1239.3617920059928,0.018,180,27,Current,Current,none,0,0.0,0.0,0.0,0,36.314407,538017.9,54.114407,0.0,0.0,0,448
12199,2008-01-01,2000-05-01,92,2000,175574.0,175574.0,885.3746816237564,0.0445937571882045,360,268,Current,Current,none,0,0.0,0.0,0.0,0,42.795544,410262.34,44.495544,0.0,0.0,0,515
12200,2008-01-01,2007-08-01,5,2007,250266.0,250266.0,1825.281368831565,0.03792576523352718,180,175,Current,Current,none,0,0.0,0.0,0.0,0,75.95964,329472.34,86.55964,0.0,0.0,0,874
12203,2008-01-01,2002-02-01,71,2002,292238.0,292238.0,1931.1874098917976,0.023729914016386765,180,109,Current,Current,none,0,0.0,0.0,0.0,0,50.98324,573204.1,50.98324,0.0,0.0,0,380
12204,2008-01-01,2001-06-01,79,2001,347780.0,347780.0,1515.9217431206903,0.032623652244810626,360,281,Current,Current,none,0,0.0,0.0,0.0,0,47.40744,733597.94,47.80744,0.0,0.0,0,982
12210,2008-01-01,2007-10-01,3,2007,277251.0,277251.0,997.2676759658676,0.018,360,357,Current,Current,none,0,0.0,0.0,0.0,0,70.564964,392901.78,75.86497,0.0,0.0,0,204
12213,2008-01-01,2004-11-01,38,2004,367528.0,367528.0,1674.7044741024229,0.03618173793658896,360,322,Current,Current,none,0,0.0,0.0,0.0,0,82.21137,447052.5,83.21137,0.0,0.0,0,380
12215,2008-01-01,2000-09-01,88,2000,271440.0,271440.0,1303.251869063008,0.04046936611476899,360,272,Current,Current,none,0,0.0,0.0,0.0,0,42.46001,639283.9,43.76001,0.0,0.0,0,995
12216,2008-01-01,1995-11-01,146,1995,432856.0,432856.0,1591.4034812918942,0.01960592441908189,360,214,Current,Current,none,0,0.0,0.0,0.0,0,26.291315,1.646384e+06,27.691315,0.0,0.0,0,880
12220,2008-01-01,1998-02-01,119,1998,209469.0,209469.0,1467.2698102928732,0.03204739765429987,180,61,Current,Current,none,0,0.0,0.0,0.0,0,43.31008,483649.53,63.21008,0.0,0.0,0,719
12223,2008-01-01,1993-12-01,169,1993,189626.0,189626.0,823.3863353123962,0.03231943859481695,360,191,Current,Current,none,0,0.0,0.0,0.0,0,26.254734,722254.5,52.454735,0.0,0.0,0,922
12226,2008-01-01,1995-01-01,156,1995,539057.0,539057.0,2201.91828495706,0.027544318273940965,360,204,Current,Current,none,0,0.0,0.0,0.0,0,34.38186,1.567853e+06,34.38186,0.0,0.0,0,414
12233,2008-01-01,1999-04-01,105,1999,241760.0,241760.0,1187.8406409305483,0.04239587570547651,360,255,Current,Current,none,0,0.0,0.0,0.0,0,39.247635,615986.1,40.747635,0.0,0.0,0,635
12238,2008-01-01,2002-05-01,68,2002,418358.0,418358.0,1790.6921325543005,0.03118624826400083,360,292,Current,Current,none,0,0.0,0.0,0.0,0,57.61358,726144.75,63.71358,0.0,0.0,0,422
12241,2008-01-01,2000-12-01,85,2000,147953.0,147953.0,684.9548860259242,0.03747158601747995,360,275,Current,Current,none,0,0.0,0.0,0.0,0,46.168365,320464.03,48.268364,0.0,0.0,0,289
12242,2008-01-01,2004-08-01,41,2004,397334.0,397334.0,1586.9974207956818,0.025822675755068657,360,319,Current,Current,none,0,0.0,0.0,0.0,0,75.16455,528618.9,75.46455,0.0,0.0,0,398
12243,2008-01-01,1999-07-01,102,1999,634227.0,634227.0,3561.313881734763,0.05399833255589433,360,258,Current,Current,none,0,0.0,0.0,0.0,0,40.507084,1.5657188e+06,41.507084,0.0,0.0,0,704
12247,2008-01-01,1998-02-01,119,1998,324764.0,324764.0,1267.3781058087243,0.024059001433623238,360,241,Current,Current,none,0,0.0,0.0,0.0,0,32.533634,998240.8,32.633633,0.0,0.0,0,848
12248,2008-01-01,2003-09-01,52,2003,266404.0,266404.0,1187.6671311727819,0.034420173370363516,360,308,Current,Current,none,0,0.0,0.0,0.0,0,68.6678,387960.56,69.76781,0.0,0.0,0,446
12250,2008-01-01,1994-06-01,163,1994,465477.0,465477.0,2237.8435612258418,0.040579722892681205,360,197,Current,Current,none,0,0.0,0.0,0.0,0,42.301434,1.1003811e+06,45.201435,0.0,0.0,0,978
12251,2008-01-01,2001-01-01,84,2001,297253.0,297253.0,1091.782466095536,0.01953342529488778,360,276,Current,Current,none,0,0.0,0.0,0.0,0,52.02964,571314.75,53.32964,0.0,0.0,0,504
12252,2008-01-01,2006-04-01,21,2006,250065.0,250065.0,1866.7595089244867,0.041357623717639784,180,159,Current,Current,none,0,0.0,0.0,0.0,0,76.861725,325343.97,81.96172,0.0,0.0,0,247
12257,2008-01-01,1996-04-01,141,1996,456670.0,456670.0,2316.501191494668,0.04509658066948283,360,219,Current,Current,none,0,0.0,0.0,0.0,0,42.48337,1.0749382e+06,46.98337,0.0,0.0,0,369
12259,2008-01-01,1998-11-01,110,1998,729603.0,729603.0,4864.617142240751,0.02499135440151365,180,70,Current,Current,none,0,0.0,0.0,0.0,0,29.26295,2.4932652e+06,31.76295,0.0,0.0,0,962
12260,2008-01-01,2000-09-01,88,2000,335118.0,335118.0,1543.551716875138,0.03705594431688318,360,272,Current,Current,none,0,0.0,0.0,0.0,0,43.336765,773288.0,46.936764,0.0,0.0,0,533
12261,2008-01-01,2002-12-01,61,2002,76275.0,76275.0,274.36002749961784,0.018,360,299,Current,Current,none,0,0.0,0.0,0.0,0,42.66247,178787.11,43.26247,0.0,0.0,0,630
12262,2008-01-01,2000-11-01,86,2000,215253.0,215253.0,847.6827794893022,0.024747171723403252,360,274,Current,Current,none,0,0.0,0.0,0.0,0,48.804703,441049.72,49.504704,0.0,0.0,0,685
12267,2008-01-01,2006-07-01,18,2006,278850.0,278850.0,1071.7450786699278,0.02291078819412394,360,342,Current,Current,none,0,0.0,0.0,0.0,0,93.66531,297708.9,99.26531,0.0,0.0,0,438
12269,2008-01-01,2003-04-01,57,2003,309401.0,309401.0,1237.817737086957,0.025948327124689655,360,303,Current,Current,none,0,0.0,0.0,0.0,0,50.188866,616473.4,50.588867,0.0,0.0,0,689
12270,2008-01-01,2001-11-01,74,2001,580175.0,580175.0,2843.2667659030685,0.04218037815222158,360,286,Current,Current,none,0,0.0,0.0,0.0,0,57.28337,1.01281575e+06,66.483376,0.0,0.0,0,676
12275,2008-01-01,2006-08-01,17,2006,463726.0,463726.0,3348.5301932146003,0.0364637732964445,180,163,Current,Current,none,0,0.0,0.0,0.0,0,68.23151,679636.2,73.331505,0.0,0.0,0,458
12276,2008-01-01,1997-03-01,130,1997,249892.0,249892.0,1603.5717833239403,0.019608150566786064,180,50,Current,Current,none,0,0.0,0.0,0.0,0,36.295364,688495.6,37.395367,0.0,0.0,0,888
12279,2008-01-01,2004-12-01,37,2004,349776.0,349776.0,1699.9771758615057,0.0414854764264125,360,323,Current,Current,none,0,0.0,0.0,0.0,0,80.412735,434975.88,82.412735,0.0,0.0,0,753
12280,2008-01-01,2007-01-01,12,2007,191833.0,191833.0,1275.3030286868168,0.024576734493681654,180,168,Current,Current,none,0,0.0,0.0,0.0,0,84.48196,227069.78,89.58196,0.0,0.0,0,778
12281,2008-01-01,2003-02-01,59,2003,311758.0,311758.0,1764.1532374873427,0.05469432597687007,360,301,Current,Current,none,0,0.0,0.0,0.0,0,58.80871,530122.2,59.408707,0.0,0.0,0,783
12284,2008-01-01,1994-05-01,164,1994,280797.0,280797.0,1310.069145464527,0.03810474459516211,360,196,Current,Current,none,0,0.0,0.0,0.0,0,40.929104,686057.06,42.529102,0.0,0.0,0,439
12286,2008-01-01,1996-06-01,139,1996,240224.0,240224.0,904.9364554923048,0.02140901818227549,360,221,Current,Current,none,0,0.0,0.0,0.0,0,35.194344,682564.25,41.694344,0.0,0.0,0,191
12287,2008-01-01,2004-06-01,43,2004,255609.0,255609.0,1208.3495607998252,0.039185851170868084,360,317,Current,Current,none,0,0.0,0.0,0.0,0,60.444805,422880.03,72.644806,0.0,0.0,0,408
12288,2008-01-01,2002-06-01,67,2002,297577.0,297577.0,1500.2203466335434,0.044571975331601316,360,293,Current,Current,none,0,0.0,0.0,0.0,0,55.133106,539742.9,66.033104,0.0,0.0,0,658
12292,2008-01-01,2002-10-01,63,2002,578051.0,578051.0,2734.071920310389,0.03922899856125425,360,297,Current,Current,none,0,0.0,0.0,0.0,0,64.736824,892924.6,66.03682,0.0,0.0,0,646
12298,2008-01-01,1998-09-01,112,1998,392783.0,392783.0,1700.7900012825564,0.032099284814354256,360,248,Current,Current,none,0,0.0,0.0,0.0,0,38.34626,1.0243059e+06,47.946262,0.0,0.0,0,674
12301,2008-01-01,2001-03-01,82,2001,306979.0,306979.0,1104.1988447303204,0.018,360,278,Current,Current,none,0,0.0,0.0,0.0,0,35.749508,858694.3,36.049507,0.0,0.0,0,318
12309,2008-01-01,2002-12-01,61,2002,679722.0,679722.0,2704.482915819586,0.025529760580613348,360,299,Current,Current,none,0,0.0,0.0,0.0,0,61.91261,1.0978732e+06,70.91261,0.0,0.0,0,301
12317,2008-01-01,2004-11-01,38,2004,620330.0,620330.0,2231.317677598662,0.018,360,322,Current,Current,none,0,0.0,0.0,0.0,0,56.618134,1.0956384e+06,56.918133,0.0,0.0,0,554
12322,2008-01-01,2000-11-01,86,2000,279940.0,279940.0,1096.7896023230935,0.0243586599276928,360,274,Current,Current,none,0,0.0,0.0,0.0,0,48.3616,578847.7,52.961597,0.0,0.0,0,752
12324,2008-01-01,1998-05-01,116,1998,256836.0,256836.0,923.8352280942885,0.018,360,244,Current,Current,none,0,0.0,0.0,0.0,0,31.971916,803317.5,32.171917,0.0,0.0,0,188
12326,2008-01-01,1993-10-01,171,1993,351072.0,351072.0,1263.9926934615196,0.018068987647315453,360,189,Current,Current,none,0,0.0,0.0,0.0,0,34.088394,1.02988725e+06,40.888393,0.0,0.0,0,822
12327,2008-01-01,2000-02-01,95,2000,290241.0,290241.0,1250.479256249561,0.03170255798583762,360,265,Current,Current,none,0,0.0,0.0,0.0,0,33.920284,855656.1,34.220284,0.0,0.0,0,838
12329,2008-01-01,1997-07-01,126,1997,232082.0,232082.0,1133.3076131514035,0.04188086151031762,360,234,Current,Current,none,0,0.0,0.0,0.0,0,40.041336,579606.0,40.14134,0.0,0.0,0,443
12332,2008-01-01,2007-03-01,10,2007,71859.0,71859.0,295.87355271952345,0.028159302029852267,360,350,Current,Current,none,0,0.0,0.0,0.0,0,98.72228,72789.04,103.82228,0.0,0.0,0,128
12338,2008-01-01,2005-03-01,34,2005,191162.0,191162.0,1237.0622654522635,0.020784560052415788,180,146,Current,Current,none,0,0.0,0.0,0.0,0,76.76848,249011.05,80.06848,0.0,0.0,0,887
12339,2008-01-01,1994-09-01,160,1994,192079.0,192079.0,755.4398324244939,0.02464861838874895,360,200,Current,Current,none,0,0.0,0.0,0.0,0,33.29535,576894.4,46.09535,0.0,0.0,0,826
12340,2008-01-01,2003-07-01,54,2003,487753.0,487753.0,3017.3725247654006,0.06294697075312417,360,306,Current,Current,none,0,0.0,0.0,0.0,0,60.52488,805871.9,61.02488,0.0,0.0,0,481
12343,2008-01-01,1995-12-01,145,1995,280750.0,280750.0,2313.8354906764835,0.05633075355507009,180,35,Current,Current,none,0,0.0,0.0,0.0,0,35.449116,791980.25,37.449116,0.0,0.0,0,481
12346,2008-01-01,1999-03-01,106,1999,269660.0,269660.0,1051.7499720863289,0.024016822498726366,360,254,Current,Current,none,0,0.0,0.0,0.0,0,40.874622,659724.75,41.17462,0.0,0.0,0,320
12352,2008-01-01,2001-12-01,73,2001,273235.0,273235.0,1356.7494920903027,0.04328568632128363,360,287,Current,Current,none,0,0.0,0.0,0.0,0,50.878265,537036.8,52.778263,0.0,0.0,0,923
12355,2008-01-01,2006-06-01,19,2006,187053.0,187053.0,1210.8631829817405,0.02082983773242319,180,161,Current,Current,none,0,0.0,0.0,0.0,0,74.001755,252768.33,79.001755,0.0,0.0,0,215
12357,2008-01-01,2003-08-01,53,2003,221460.0,221460.0,1713.7158716353874,0.046722593551055555,180,127,Current,Current,none,0,0.0,0.0,0.0,0,69.70078,317729.6,69.70078,0.0,0.0,0,283
12360,2008-01-01,2001-02-01,83,2001,437068.0,437068.0,2368.0389611882165,0.05081295811011332,360,277,Current,Current,none,0,0.0,0.0,0.0,0,45.439972,961858.0,46.439972,0.0,0.0,0,517
12365,2008-01-01,2005-10-01,27,2005,246089.0,246089.0,994.2436464968982,0.026700334231478606,360,333,Current,Current,none,0,0.0,0.0,0.0,0,76.067314,323514.78,78.66731,0.0,0.0,0,465
12366,2008-01-01,2001-11-01,74,2001,149483.0,149483.0,1108.9584736106385,0.04043358528643104,180,106,Current,Current,none,0,0.0,0.0,0.0,0,60.33036,247774.1,65.13036,0.0,0.0,0,912
12373,2008-01-01,1994-12-01,157,1994,205775.0,205775.0,1532.327889822226,0.04099059483046951,180,23,Current,Current,none,0,0.0,0.0,0.0,0,31.455269,654182.94,33.055267,0.0,0.0,0,770
12374,2008-01-01,1995-04-01,153,1995,769733.0,769733.0,3654.62726395728,0.03954424520219204,360,207,Current,Current,none,0,0.0,0.0,0.0,0,41.99881,1.8327495e+06,46.89881,0.0,0.0,0,407
12375,2008-01-01,1999-04-01,105,1999,248031.0,248031.0,1018.8653572903836,0.02797874534478164,360,255,Current,Current,none,0,0.0,0.0,0.0,0,47.63813,520656.47,47.63813,0.0,0.0,0,276
12376,2008-01-01,1993-09-01,172,1993,142882.0,142882.0,513.9444044470717,0.018,360,188,Current,Current,none,0,0.0,0.0,0.0,0,24.912,573546.9,25.112001,0.0,0.0,0,675
12380,2008-01-01,2005-01-01,36,2005,263768.0,263768.0,948.7695278075281,0.018,360,324,Current,Current,none,0,0.0,0.0,0.0,0,78.90621,334280.4,86.60621,0.0,0.0,0,149
12384,2008-01-01,2001-08-01,77,2001,417331.0,417331.0,3441.0854762693266,0.05640268750393266,180,103,Current,Current,none,0,0.0,0.0,0.0,0,56.393517,740033.7,61.793514,0.0,0.0,0,806
12388,2008-01-01,2004-06-01,43,2004,242035.0,242035.0,1584.794695164899,0.02243435044294344,180,137,Current,Current,none,0,0.0,0.0,0.0,0,54.461914,444411.5,57.061913,0.0,0.0,0,572
12390,2008-01-01,2005-08-01,29,2005,436845.0,436845.0,1864.8595801747454,0.0309772305711198,360,331,Current,Current,none,0,0.0,0.0,0.0,0,75.6857,577183.0,78.3857,0.0,0.0,0,774
12400,2008-01-01,1998-11-01,110,1998,141486.0,141486.0,961.9613183688272,0.027768196705692944,180,70,Current,Current,none,0,0.0,0.0,0.0,0,34.652077,408304.53,36.052074,0.0,0.0,0,998
12401,2008-01-01,1997-09-01,124,1997,416901.0,416901.0,2160.1423625396483,0.046917617770353644,360,236,Current,Current,none,0,0.0,0.0,0.0,0,44.700336,932657.44,47.200336,0.0,0.0,0,351
12402,2008-01-01,1999-10-01,99,1999,143545.0,143545.0,606.7185711379882,0.03019711259810844,360,261,Current,Current,none,0,0.0,0.0,0.0,0,46.447266,309049.4,48.147266,0.0,0.0,0,910
12408,2008-01-01,1997-02-01,131,1997,190959.0,190959.0,788.541925795505,0.02838383039269106,360,229,Current,Current,none,0,0.0,0.0,0.0,0,44.808514,426166.78,44.808514,0.0,0.0,0,443
12410,2008-01-01,1998-09-01,112,1998,266863.0,266863.0,1644.844741991785,0.06259927011308837,360,248,Current,Current,none,0,0.0,0.0,0.0,0,34.163033,781145.5,34.26303,0.0,0.0,0,676
12414,2008-01-01,2003-11-01,50,2003,705230.0,705230.0,2653.358979137907,0.02131702697476653,360,310,Current,Current,none,0,0.0,0.0,0.0,0,62.619743,1.1262102e+06,78.61974,0.0,0.0,0,528
12417,2008-01-01,1999-09-01,100,1999,912687.0,912687.0,4128.145110548101,0.03558325091344128,360,260,Current,Current,none,0,0.0,0.0,0.0,0,43.425873,2.1017125e+06,46.225872,0.0,0.0,0,268
12432,2008-01-01,1994-06-01,163,1994,467536.0,467536.0,2167.94406840037,0.03760218951860909,360,197,Current,Current,none,0,0.0,0.0,0.0,0,35.87236,1.3033321e+06,46.87236,0.0,0.0,0,265
12433,2008-01-01,1998-07-01,114,1998,248903.0,248903.0,1761.9615892476604,0.0335720627711575,180,66,Current,Current,none,0,0.0,0.0,0.0,0,38.929432,639369.75,41.629433,0.0,0.0,0,767
12437,2008-01-01,1998-02-01,119,1998,306769.0,306769.0,1425.5667680196377,0.037779614379121,360,241,Current,Current,none,0,0.0,0.0,0.0,0,31.971828,959497.9,40.871826,0.0,0.0,0,917
12440,2008-01-01,2002-12-01,61,2002,125368.0,125368.0,535.9412766856144,0.031087993281388726,360,299,Current,Current,none,0,0.0,0.0,0.0,0,62.655857,200089.83,69.15586,0.0,0.0,0,571
12441,2008-01-01,1998-09-01,112,1998,292439.0,292439.0,1274.684490354028,0.03262278113404181,360,248,Current,Current,none,0,0.0,0.0,0.0,0,26.332888,1.1105466e+06,27.432888,0.0,0.0,0,495
12443,2008-01-01,1996-06-01,139,1996,121561.0,121561.0,535.8122283482913,0.03351138074228538,360,221,Current,Current,none,0,0.0,0.0,0.0,0,39.95165,304270.3,42.15165,0.0,0.0,0,774
12445,2008-01-01,2005-08-01,29,2005,480058.0,480058.0,3741.685860002907,0.04780829821867247,180,151,Current,Current,none,0,0.0,0.0,0.0,0,72.600685,661230.7,75.30068,0.0,0.0,0,643
12446,2008-01-01,1999-11-01,98,1999,306419.0,306419.0,1786.4684958083044,0.05741215385042368,360,262,Current,Current,none,0,0.0,0.0,0.0,0,48.566242,630930.0,48.766243,0.0,0.0,0,977
12450,2008-01-01,1993-12-01,169,1993,109613.0,109613.0,440.6598389928092,0.02631927911348887,360,191,Current,Current,none,0,0.0,0.0,0.0,0,27.761528,394837.78,28.261528,0.0,0.0,0,809
12454,2008-01-01,2007-01-01,12,2007,480695.0,480695.0,1729.0526833029014,0.018,360,348,Current,Current,none,0,0.0,0.0,0.0,0,53.295193,901948.1,59.595192,0.0,0.0,0,140
12456,2008-01-01,2006-10-01,15,2006,244898.0,244898.0,981.1843776717081,0.02605926256543451,360,345,Current,Current,none,0,0.0,0.0,0.0,0,60.893402,402174.94,68.7934,0.0,0.0,0,491
12457,2008-01-01,1994-11-01,158,1994,316228.0,316228.0,1876.195645614238,0.05902628646251365,360,202,Current,Current,none,0,0.0,0.0,0.0,0,39.504353,800489.0,42.004353,0.0,0.0,0,352
12465,2008-01-01,2000-04-01,93,2000,262219.0,262219.0,1695.4188622883023,0.020662965230379114,180,87,Current,Current,none,0,0.0,0.0,0.0,0,38.600246,679319.5,59.300247,0.0,0.0,0,857
12468,2008-01-01,1993-08-01,173,1993,276983.0,276983.0,1264.8792030532322,0.03635866234318115,360,187,Current,Current,none,0,0.0,0.0,0.0,0,40.052895,691543.06,40.152893,0.0,0.0,0,195
12469,2008-01-01,1993-09-01,172,1993,466894.0,466894.0,2264.3438399443166,0.04130688426929214,360,188,Current,Current,none,0,0.0,0.0,0.0,0,34.64825,1.3475255e+06,34.84825,0.0,0.0,0,395
12480,2008-01-01,2005-11-01,26,2005,406731.0,406731.0,1463.0052880360154,0.018,360,334,Current,Current,none,0,0.0,0.0,0.0,0,74.46415,546210.5,81.56415,0.0,0.0,0,606
12484,2008-01-01,2001-11-01,74,2001,199468.0,199468.0,717.4833951529829,0.018,360,286,Current,Current,none,0,0.0,0.0,0.0,0,49.29349,404653.8,52.193493,0.0,0.0,0,550
12486,2008-01-01,1998-10-01,111,1998,342897.0,342897.0,1440.1367726915726,0.02970060994488557,360,249,Current,Current,none,0,0.0,0.0,0.0,0,37.696636,909622.25,45.696636,0.0,0.0,0,307
12487,2008-01-01,2005-09-01,28,2005,254199.0,254199.0,1476.8244484367929,0.057090139829191124,360,332,Current,Current,none,0,0.0,0.0,0.0,0,81.70675,311111.38,92.806755,0.0,0.0,0,716
12488,2008-01-01,1997-01-01,132,1997,373447.0,373447.0,1575.8461052544642,0.030068425639647338,360,228,Current,Current,none,0,0.0,0.0,0.0,0,36.716904,1.0170983e+06,36.716904,0.0,0.0,0,490
12499,2008-01-01,2007-10-01,3,2007,348123.0,348123.0,1365.0261921272952,0.02441967947261239,360,357,Current,Current,none,0,0.0,0.0,0.0,0,78.03655,446102.5,82.13655,0.0,0.0,0,828
12502,2008-01-01,2005-02-01,35,2005,179066.0,179066.0,1357.4991688564978,0.04364765098015655,180,145,Current,Current,none,0,0.0,0.0,0.0,0,86.70024,206534.61,97.50024,0.0,0.0,0,298
12503,2008-01-01,2006-10-01,15,2006,490297.0,490297.0,3110.1524661689764,0.018,180,165,Current,Current,none,0,0.0,0.0,0.0,0,89.29598,549069.5,94.59598,0.0,0.0,0,473
12506,2008-01-01,1997-05-01,128,1997,417495.0,417495.0,2229.972682297185,0.049559317267504316,360,232,Current,Current,none,0,0.0,0.0,0.0,0,30.110146,1.3865591e+06,31.710146,0.0,0.0,0,512
12507,2008-01-01,1995-12-01,145,1995,284407.0,284407.0,1195.2148172455481,0.02974834876837044,360,215,Current,Current,none,0,0.0,0.0,0.0,0,38.832027,732403.2,39.03203,0.0,0.0,0,650
12508,2008-01-01,2002-07-01,66,2002,354877.0,354877.0,1739.231469750095,0.04218442110452834,360,294,Current,Current,none,0,0.0,0.0,0.0,0,59.647526,594956.8,60.947525,0.0,0.0,0,896
12512,2008-01-01,1996-06-01,139,1996,254220.0,254220.0,914.4255154500538,0.018,360,221,Current,Current,none,0,0.0,0.0,0.0,0,33.495308,758972.0,33.695305,0.0,0.0,0,700
12520,2008-01-01,2003-07-01,54,2003,442680.0,442680.0,1726.5864650636163,0.024017249189851545,360,306,Current,Current,none,0,0.0,0.0,0.0,0,60.760998,728559.44,61.860996,0.0,0.0,0,210
12529,2008-01-01,1997-07-01,126,1997,335099.0,335099.0,1825.6677121636337,0.05130321273858396,360,234,Current,Current,none,0,0.0,0.0,0.0,0,27.246174,1.2298939e+06,29.646173,0.0,0.0,0,141
12530,2008-01-01,2003-05-01,56,2003,465865.0,465865.0,3833.910522042012,0.056106319289218,180,124,Current,Current,none,0,0.0,0.0,0.0,0,43.23323,1.0775624e+06,43.33323,0.0,0.0,0,813
12534,2008-01-01,2004-08-01,41,2004,222061.0,222061.0,998.0191770202676,0.035069851156416275,360,319,Current,Current,none,0,0.0,0.0,0.0,0,81.54814,272306.62,84.24814,0.0,0.0,0,619
12537,2008-01-01,2000-04-01,93,2000,383790.0,383790.0,1727.9157232423952,0.03521116655792064,360,267,Current,Current,none,0,0.0,0.0,0.0,0,40.93784,937494.5,44.33784,0.0,0.0,0,892
12541,2008-01-01,2002-02-01,71,2002,231620.0,231620.0,1133.6062895631867,0.04206986710285155,360,289,Current,Current,none,0,0.0,0.0,0.0,0,61.3029,377828.78,61.5029,0.0,0.0,0,330
12543,2008-01-01,2007-10-01,3,2007,166526.0,166526.0,697.6265846998965,0.029503223278443364,360,357,Current,Current,none,0,0.0,0.0,0.0,0,61.95189,268798.9,66.35189,0.0,0.0,0,267
12545,2008-01-01,2006-06-01,19,2006,411987.0,411987.0,2009.0897181413573,0.04176705297480074,360,341,Current,Current,none,0,0.0,0.0,0.0,0,101.293945,406724.22,106.69395,0.0,0.0,0,829
12554,2008-01-01,1994-10-01,159,1994,687045.0,687045.0,2758.317228806803,0.026216641601451332,360,201,Current,Current,none,0,0.0,0.0,0.0,0,18.447632,3.724299e+06,18.447632,0.0,0.0,0,424
12556,2008-01-01,2000-10-01,87,2000,286788.0,286788.0,1046.2905402032857,0.019038657986245912,360,273,Current,Current,none,0,0.0,0.0,0.0,0,52.896,542173.3,53.396,0.0,0.0,0,727
12558,2008-01-01,2005-01-01,36,2005,114234.0,114234.0,557.4858423232229,0.04182922366852611,360,324,Current,Current,none,0,0.0,0.0,0.0,0,84.52231,135152.48,93.52231,0.0,0.0,0,303
12564,2008-01-01,1994-04-01,165,1994,203611.0,203611.0,790.4196899526252,0.023662248766274374,360,195,Current,Current,none,0,0.0,0.0,0.0,0,38.826485,524412.6,41.026485,0.0,0.0,0,355
12566,2008-01-01,2001-06-01,79,2001,322347.0,322347.0,1637.600783166513,0.045225188045732376,360,281,Current,Current,none,0,0.0,0.0,0.0,0,46.54669,692524.0,52.34669,0.0,0.0,0,828
12569,2008-01-01,2007-01-01,12,2007,116438.0,116438.0,498.02338088528256,0.031128656560980312,360,348,Current,Current,none,0,0.0,0.0,0.0,0,72.62672,160323.92,76.62672,0.0,0.0,0,211
12574,2008-01-01,2007-09-01,4,2007,1081048.0,1.081048e+06,4240.636916805937,0.024450701995872723,360,356,Current,Current,none,0,0.0,0.0,0.0,0,90.88184,1.1895092e+06,108.281845,0.0,0.0,0,191
12575,2008-01-01,1996-06-01,139,1996,240735.0,240735.0,1260.8130516325575,0.04784598865105588,360,221,Current,Current,none,0,0.0,0.0,0.0,0,37.815716,636600.44,38.015717,0.0,0.0,0,617
12580,2008-01-01,2002-05-01,68,2002,873978.0,873978.0,3365.017462889078,0.02304331855754065,360,292,Current,Current,none,0,0.0,0.0,0.0,0,42.99837,2.032584e+06,52.59837,0.0,0.0,0,275
12581,2008-01-01,1998-02-01,119,1998,144669.0,144669.0,712.1966693722904,0.0425604599309221,360,241,Current,Current,none,0,0.0,0.0,0.0,0,39.479588,366439.97,39.479588,0.0,0.0,0,415
12584,2008-01-01,1995-12-01,145,1995,254405.0,254405.0,1553.4415771698777,0.061714498261071164,360,215,Current,Current,none,0,0.0,0.0,0.0,0,40.49966,628165.75,42.099663,0.0,0.0,0,529
12593,2008-01-01,2000-11-01,86,2000,389366.0,389366.0,1400.5436442794653,0.018,360,274,Current,Current,none,0,0.0,0.0,0.0,0,41.841644,930570.5,61.441643,0.0,0.0,0,139
12595,2008-01-01,2001-08-01,77,2001,179818.0,179818.0,703.5819081025587,0.02425810517277425,360,283,Current,Current,none,0,0.0,0.0,0.0,0,44.966938,399889.34,45.06694,0.0,0.0,0,316
12597,2008-01-01,1999-10-01,99,1999,334607.0,334607.0,1431.6287540940714,0.03115409247074595,360,261,Current,Current,none,0,0.0,0.0,0.0,0,48.758076,686259.7,72.25807,0.0,0.0,0,994
12600,2008-01-01,2001-08-01,77,2001,219172.0,219172.0,907.5497686165891,0.028598115998535192,360,283,Current,Current,none,0,0.0,0.0,0.0,0,51.957317,421830.88,52.857315,0.0,0.0,0,729
12602,2008-01-01,1994-07-01,162,1994,245695.0,245695.0,1013.7713716782159,0.028323029932659283,360,198,Current,Current,none,0,0.0,0.0,0.0,0,33.929337,724137.4,35.129337,0.0,0.0,0,556
12604,2008-01-01,2001-06-01,79,2001,179136.0,179136.0,1317.2025570510305,0.039124584036436774,180,101,Current,Current,none,0,0.0,0.0,0.0,0,53.300262,336088.38,53.300262,0.0,0.0,0,574
12605,2008-01-01,1995-03-01,154,1995,199898.0,199898.0,1237.6939854632033,0.06302914218132998,360,206,Current,Current,none,0,0.0,0.0,0.0,0,30.237871,661084.9,31.837872,0.0,0.0,0,589
12607,2008-01-01,2001-07-01,78,2001,171541.0,171541.0,739.019785163308,0.03169717775735625,360,282,Current,Current,none,0,0.0,0.0,0.0,0,50.411594,340280.84,50.711594,0.0,0.0,0,351
12608,2008-01-01,2001-11-01,74,2001,241822.0,241822.0,1167.2358272177667,0.04091128648280692,360,286,Current,Current,none,0,0.0,0.0,0.0,0,52.746746,458458.62,54.346745,0.0,0.0,0,887
12609,2008-01-01,2003-10-01,51,2003,258385.0,258385.0,1095.3262603279134,0.030427377228137355,360,309,Current,Current,none,0,0.0,0.0,0.0,0,74.52233,346721.56,77.02233,0.0,0.0,0,495
12611,2008-01-01,2006-02-01,23,2006,874456.0,874456.0,3145.4050764628755,0.018,360,337,Current,Current,none,0,0.0,0.0,0.0,0,89.96654,971979.2,95.066536,0.0,0.0,0,665
12615,2008-01-01,2005-04-01,33,2005,124568.0,124568.0,461.6599697934578,0.020197681678826882,360,327,Current,Current,none,0,0.0,0.0,0.0,0,73.01828,170598.38,78.71828,0.0,0.0,0,791
12627,2008-01-01,1994-01-01,168,1994,203964.0,203964.0,1371.8699958878306,0.026231942427361044,180,12,Current,Current,none,0,0.0,0.0,0.0,0,35.744835,570611.06,39.344837,0.0,0.0,0,663
12630,2008-01-01,2007-04-01,9,2007,138115.0,138115.0,568.3588403973215,0.02811598532476275,360,351,Current,Current,none,0,0.0,0.0,0.0,0,91.236465,151381.36,101.63647,0.0,0.0,0,931
12634,2008-01-01,1999-02-01,107,1999,197700.0,197700.0,1179.5882416638015,0.05954925261602185,360,253,Current,Current,none,0,0.0,0.0,0.0,0,43.48009,454690.88,45.880093,0.0,0.0,0,525
12637,2008-01-01,1994-02-01,167,1994,165012.0,165012.0,668.8787969673522,0.026953375562470506,360,193,Current,Current,none,0,0.0,0.0,0.0,0,36.753265,448972.34,36.953266,0.0,0.0,0,668
12642,2008-01-01,2006-02-01,23,2006,723968.0,723968.0,2826.3596419505607,0.02408854939752983,360,337,Current,Current,none,0,0.0,0.0,0.0,0,67.26272,1.0763288e+06,78.06271,0.0,0.0,0,569
12645,2008-01-01,2002-11-01,62,2002,209372.0,209372.0,1367.6509170467234,0.068193669805456,360,298,Current,Current,none,0,0.0,0.0,0.0,0,52.041626,402316.4,53.941628,0.0,0.0,0,646
12647,2008-01-01,1998-07-01,114,1998,651099.0,651099.0,3216.295167995584,0.04284802013223844,360,246,Current,Current,none,0,0.0,0.0,0.0,0,42.806442,1.5210304e+06,47.506443,0.0,0.0,0,518
12649,2008-01-01,2006-10-01,15,2006,228283.0,228283.0,821.1305166528387,0.018,360,345,Current,Current,none,0,0.0,0.0,0.0,0,80.15121,284815.4,85.45121,0.0,0.0,0,242
12654,2008-01-01,1997-03-01,130,1997,420733.0,420733.0,1533.938817450265,0.018989592256708494,360,230,Current,Current,none,0,0.0,0.0,0.0,0,42.475388,990533.6,44.67539,0.0,0.0,0,386
12664,2008-01-01,1995-02-01,155,1995,302475.0,302475.0,1589.05923083368,0.048113604322978,360,205,Current,Current,none,0,0.0,0.0,0.0,0,40.77261,741858.3,44.27261,0.0,0.0,0,164
12667,2008-01-01,2002-10-01,63,2002,410199.0,410199.0,1874.99337766085,0.03643507249038704,360,297,Current,Current,none,0,0.0,0.0,0.0,0,33.474392,1.2254114e+06,33.574394,0.0,0.0,0,233
12668,2008-01-01,2004-07-01,42,2004,646792.0,646792.0,4779.681918850303,0.039859260330000826,180,138,Current,Current,none,0,0.0,0.0,0.0,0,73.28566,882562.9,83.98566,0.0,0.0,0,812
12670,2008-01-01,2002-11-01,62,2002,635330.0,635330.0,2763.0759562006083,0.03244491658185108,360,298,Current,Current,none,0,0.0,0.0,0.0,0,65.58874,968657.2,65.58874,0.0,0.0,0,130
12673,2008-01-01,2004-07-01,42,2004,427660.0,427660.0,2401.8553290562786,0.05401546059106232,360,318,Current,Current,none,0,0.0,0.0,0.0,0,73.90899,578630.56,75.208984,0.0,0.0,0,460
12675,2008-01-01,1998-07-01,114,1998,429266.0,429266.0,1961.5001877627747,0.03640831442854822,360,246,Current,Current,none,0,0.0,0.0,0.0,0,41.42559,1.03623394e+06,41.52559,0.0,0.0,0,961
12678,2008-01-01,2005-01-01,36,2005,433038.0,433038.0,2036.940970220225,0.03877566277584785,360,324,Current,Current,none,0,0.0,0.0,0.0,0,82.83748,522756.12,85.33748,0.0,0.0,0,714
12680,2008-01-01,2005-07-01,30,2005,263953.0,263953.0,1030.400004261378,0.0240835348716347,360,330,Current,Current,none,0,0.0,0.0,0.0,0,92.09918,286596.47,98.39918,0.0,0.0,0,888
12681,2008-01-01,2005-06-01,31,2005,743968.0,743968.0,3475.0038748463844,0.03819892851120736,360,329,Current,Current,none,0,0.0,0.0,0.0,0,66.56413,1.117671e+06,69.06413,0.0,0.0,0,939
12682,2008-01-01,2006-03-01,22,2006,225974.0,225974.0,1074.5746879893316,0.03967268853054017,360,338,Current,Current,none,0,0.0,0.0,0.0,0,70.28972,321489.4,75.48972,0.0,0.0,0,283
12683,2008-01-01,2003-04-01,57,2003,202417.0,202417.0,728.0909037874816,0.018,360,303,Current,Current,none,0,0.0,0.0,0.0,0,40.120583,504521.6,42.42058,0.0,0.0,0,441
12685,2008-01-01,1993-05-01,176,1993,223077.0,223077.0,1088.2807613910786,0.041799873184903046,360,184,Current,Current,none,0,0.0,0.0,0.0,0,33.319378,669511.3,37.619377,0.0,0.0,0,444
12687,2008-01-01,1995-08-01,149,1995,344635.0,344635.0,1239.6469102239373,0.018,360,211,Current,Current,none,0,0.0,0.0,0.0,0,29.68785,1.1608621e+06,30.48785,0.0,0.0,0,107
12692,2008-01-01,2003-03-01,58,2003,182604.0,182604.0,656.8238408592621,0.018,360,302,Current,Current,none,0,0.0,0.0,0.0,0,47.39187,385306.6,49.69187,0.0,0.0,0,561
12696,2008-01-01,2004-06-01,43,2004,453869.0,453869.0,2413.0023550199767,0.04915212010761862,360,317,Current,Current,none,0,0.0,0.0,0.0,0,75.138084,604046.56,75.43808,0.0,0.0,0,491
12698,2008-01-01,1998-04-01,117,1998,97143.0,97143.0,453.16283829756134,0.03809362249495497,360,243,Current,Current,none,0,0.0,0.0,0.0,0,44.932278,216198.7,46.63228,0.0,0.0,0,328
12707,2008-01-01,1993-07-01,174,1993,440331.0,440331.0,2043.0819606684684,0.03765362753118383,360,186,Current,Current,none,0,0.0,0.0,0.0,0,41.520214,1.060522e+06,60.220215,0.0,0.0,0,866
12713,2008-01-01,2000-05-01,92,2000,116491.0,116491.0,491.0224130776734,0.029982754315994994,360,268,Current,Current,none,0,0.0,0.0,0.0,0,56.616203,205755.6,58.916203,0.0,0.0,0,293
12714,2008-01-01,2003-06-01,55,2003,181315.0,181315.0,1124.6361853574947,0.06319837694792396,360,305,Current,Current,none,0,0.0,0.0,0.0,0,56.381317,321587.03,58.781315,0.0,0.0,0,615
12718,2008-01-01,2005-11-01,26,2005,324844.0,324844.0,1543.7212054335796,0.03961862596133055,360,334,Current,Current,none,0,0.0,0.0,0.0,0,78.5602,413496.9,82.9602,0.0,0.0,0,197
12719,2008-01-01,1994-01-01,168,1994,331389.0,331389.0,1657.9729618016916,0.04392368112092726,360,192,Current,Current,none,0,0.0,0.0,0.0,0,34.55639,958980.44,35.25639,0.0,0.0,0,295
12720,2008-01-01,1996-04-01,141,1996,881465.0,881465.0,4076.0360050453387,0.037376677538453223,360,219,Current,Current,none,0,0.0,0.0,0.0,0,33.12263,2.6612168e+06,33.72263,0.0,0.0,0,242
12727,2008-01-01,2003-06-01,55,2003,220315.0,220315.0,1199.3555203226326,0.0512329620634928,360,305,Current,Current,none,0,0.0,0.0,0.0,0,62.922794,350135.44,62.922794,0.0,0.0,0,693
12729,2008-01-01,1997-12-01,121,1997,313583.0,313583.0,1448.3318386160327,0.037279546789074636,360,239,Current,Current,none,0,0.0,0.0,0.0,0,41.526375,755141.75,46.226376,0.0,0.0,0,857
12730,2008-01-01,2001-05-01,80,2001,192158.0,192158.0,937.163394456102,0.0417749575826785,360,280,Current,Current,none,0,0.0,0.0,0.0,0,54.108494,355134.62,54.208496,0.0,0.0,0,323
12732,2008-01-01,1997-06-01,127,1997,419802.0,419802.0,1591.531494140365,0.02188459766759109,360,233,Current,Current,none,0,0.0,0.0,0.0,0,35.591236,1.1795095e+06,35.791233,0.0,0.0,0,536
12736,2008-01-01,2006-07-01,18,2006,233281.0,233281.0,1140.0600194058325,0.041946807408695636,360,342,Current,Current,none,0,0.0,0.0,0.0,0,88.485664,263637.06,96.08567,0.0,0.0,0,303
12737,2008-01-01,1995-02-01,155,1995,218525.0,218525.0,1521.069503211419,0.031136767074597168,180,25,Current,Current,none,0,0.0,0.0,0.0,0,40.02449,545978.25,65.42449,0.0,0.0,0,408
12741,2008-01-01,1997-03-01,130,1997,666568.0,666568.0,2555.3783089961294,0.022718888442007812,360,230,Current,Current,none,0,0.0,0.0,0.0,0,34.725838,1.919516e+06,37.825836,0.0,0.0,0,377
12744,2008-01-01,2003-01-01,60,2003,493050.0,493050.0,2196.008593872474,0.03434432894715837,360,300,Current,Current,none,0,0.0,0.0,0.0,0,47.606102,1.03568656e+06,79.3061,0.0,0.0,0,293
12746,2008-01-01,2007-08-01,5,2007,191240.0,191240.0,763.5494822155068,0.0257941918190084,360,355,Current,Current,none,0,0.0,0.0,0.0,0,68.163506,280560.7,73.56351,0.0,0.0,0,556
12748,2008-01-01,2001-01-01,84,2001,89325.0,89325.0,633.2112057732538,0.033775540498451675,180,96,Current,Current,none,0,0.0,0.0,0.0,0,58.413643,152918.05,58.413643,0.0,0.0,0,346
12761,2008-01-01,2006-07-01,18,2006,205053.0,205053.0,824.2353236076224,0.026309352173393315,360,342,Current,Current,none,0,0.0,0.0,0.0,0,62.04788,330475.44,67.24788,0.0,0.0,0,725
12765,2008-01-01,2002-05-01,68,2002,103169.0,103169.0,443.8511354306036,0.031588159492883135,360,292,Current,Current,none,0,0.0,0.0,0.0,0,51.400352,200716.53,51.400352,0.0,0.0,0,769
12767,2008-01-01,2004-02-01,47,2004,86509.0,86509.0,409.19225100018707,0.03923323760920352,360,313,Current,Current,none,0,0.0,0.0,0.0,0,75.38254,114760.01,75.38254,0.0,0.0,0,167
12776,2008-01-01,2000-11-01,86,2000,172344.0,172344.0,1251.4630835686341,0.037282228723997925,180,94,Current,Current,none,0,0.0,0.0,0.0,0,47.981796,359186.22,53.481796,0.0,0.0,0,917
12777,2008-01-01,1999-09-01,100,1999,196277.0,196277.0,857.5808514395378,0.032812588412296784,360,260,Current,Current,none,0,0.0,0.0,0.0,0,51.420834,381707.16,60.320835,0.0,0.0,0,498
12786,2008-01-01,2003-01-01,60,2003,322348.0,322348.0,1231.8110573270228,0.022478612429236326,360,300,Current,Current,none,0,0.0,0.0,0.0,0,46.63607,691198.9,49.236073,0.0,0.0,0,434
12791,2008-01-01,1998-08-01,113,1998,446228.0,446228.0,1713.543555840759,0.022844640438035326,360,247,Current,Current,none,0,0.0,0.0,0.0,0,39.163803,1.1393889e+06,39.463802,0.0,0.0,0,317
12792,2008-01-01,2007-11-01,2,2007,196837.0,196837.0,1457.8313898821366,0.04018767049759595,180,178,Current,Current,none,0,0.0,0.0,0.0,0,86.6201,227241.7,90.8201,0.0,0.0,0,371
12794,2008-01-01,2001-04-01,81,2001,241152.0,241152.0,1121.1288854636916,0.03781511502906299,360,279,Current,Current,none,0,0.0,0.0,0.0,0,58.460014,412507.6,72.460014,0.0,0.0,0,778
12795,2008-01-01,2005-07-01,30,2005,552713.0,552713.0,3702.148380619857,0.02564163970209415,180,150,Current,Current,none,0,0.0,0.0,0.0,0,38.467945,1.4368145e+06,42.967945,0.0,0.0,0,341
12796,2008-01-01,2001-07-01,78,2001,789847.0,789847.0,5080.454986475603,0.01993732497641845,180,102,Current,Current,none,0,0.0,0.0,0.0,0,41.79822,1.8896665e+06,42.998222,0.0,0.0,0,639
12797,2008-01-01,2006-12-01,13,2006,554703.0,554703.0,1995.2583459078403,0.018,360,347,Current,Current,none,0,0.0,0.0,0.0,0,81.934006,677011.94,92.23401,0.0,0.0,0,767
12798,2008-01-01,2000-05-01,92,2000,302107.0,302107.0,2071.2912607285703,0.02896507615650614,180,88,Current,Current,none,0,0.0,0.0,0.0,0,44.553436,678077.9,45.153435,0.0,0.0,0,365
12801,2008-01-01,1998-08-01,113,1998,203835.0,203835.0,1121.0232121348445,0.052138375697172105,360,247,Current,Current,none,0,0.0,0.0,0.0,0,35.851173,568558.8,35.851173,0.0,0.0,0,844
12805,2008-01-01,1997-02-01,131,1997,149315.0,149315.0,659.0635205137249,0.0336226115279365,360,229,Current,Current,none,0,0.0,0.0,0.0,0,39.775497,375394.44,45.6755,0.0,0.0,0,341
12808,2008-01-01,2005-11-01,26,2005,671974.0,671974.0,2759.34901226149,0.0279508691925437,360,334,Current,Current,none,0,0.0,0.0,0.0,0,75.619446,888625.94,81.91944,0.0,0.0,0,748
12812,2008-01-01,2001-05-01,80,2001,382899.0,382899.0,2030.907358808397,0.0489467144928292,360,280,Current,Current,none,0,0.0,0.0,0.0,0,61.585304,621737.6,63.685307,0.0,0.0,0,990
12815,2008-01-01,2007-05-01,8,2007,288985.0,288985.0,1292.9560969533068,0.03470738477835765,360,352,Current,Current,none,0,0.0,0.0,0.0,0,96.00379,301014.16,105.60379,0.0,0.0,0,160
12816,2008-01-01,2000-12-01,85,2000,207161.0,207161.0,745.1550004175463,0.018,360,275,Current,Current,none,0,0.0,0.0,0.0,0,47.69459,434349.03,48.394592,0.0,0.0,0,829
12818,2008-01-01,1999-12-01,97,1999,386465.0,386465.0,1390.1087909228424,0.018,360,263,Current,Current,none,0,0.0,0.0,0.0,0,31.129108,1.2414908e+06,39.32911,0.0,0.0,0,172
12820,2008-01-01,2000-12-01,85,2000,238957.0,238957.0,1071.1710864600352,0.03486104559249451,360,275,Current,Current,none,0,0.0,0.0,0.0,0,44.45136,537569.6,54.95136,0.0,0.0,0,153
12827,2008-01-01,1999-09-01,100,1999,272830.0,272830.0,1162.113815155047,0.030803150420631777,360,260,Current,Current,none,0,0.0,0.0,0.0,0,47.222042,577759.9,47.222042,0.0,0.0,0,229
12842,2008-01-01,2002-05-01,68,2002,214172.0,214172.0,1128.2487690522094,0.0483520879238035,360,292,Current,Current,none,0,0.0,0.0,0.0,0,63.12076,339305.16,69.92076,0.0,0.0,0,156
12845,2008-01-01,1995-10-01,147,1995,372995.0,372995.0,1341.6574035689277,0.018,360,213,Current,Current,none,0,0.0,0.0,0.0,0,38.599575,966318.94,38.999573,0.0,0.0,0,327
12851,2008-01-01,2004-12-01,37,2004,720524.0,720524.0,4570.575580788655,0.018,180,143,Current,Current,none,0,0.0,0.0,0.0,0,71.8799,1.0023999e+06,73.9799,0.0,0.0,0,248
12852,2008-01-01,2007-09-01,4,2007,90932.0,90932.0,620.2620722055437,0.02823326716422643,180,176,Current,Current,none,0,0.0,0.0,0.0,0,94.86054,95858.61,98.86054,0.0,0.0,0,616
12861,2008-01-01,1994-09-01,160,1994,476185.0,476185.0,2577.8510384149536,0.05074027242489094,360,200,Current,Current,none,0,0.0,0.0,0.0,0,39.165474,1.2158285e+06,39.565475,0.0,0.0,0,351
12863,2008-01-01,2004-05-01,44,2004,227722.0,227722.0,1486.300038245478,0.02198332227990322,180,136,Current,Current,none,0,0.0,0.0,0.0,0,64.07653,355390.66,64.67653,0.0,0.0,0,853
12866,2008-01-01,1997-12-01,121,1997,214036.0,214036.0,1363.7649929764998,0.06577390423353491,360,239,Current,Current,none,0,0.0,0.0,0.0,0,44.267727,483503.47,45.067726,0.0,0.0,0,890
12868,2008-01-01,1993-03-01,178,1993,232720.0,232720.0,897.0509506817488,0.023129290400243085,360,182,Current,Current,none,0,0.0,0.0,0.0,0,22.145405,1.0508726e+06,22.245405,0.0,0.0,0,471
12869,2008-01-01,2003-02-01,59,2003,223087.0,223087.0,892.9367928149364,0.025985532595740785,360,301,Current,Current,none,0,0.0,0.0,0.0,0,40.355976,552797.94,44.955975,0.0,0.0,0,785
12870,2008-01-01,2006-12-01,13,2006,427791.0,427791.0,1819.7952403386885,0.030700895194224417,360,347,Current,Current,none,0,0.0,0.0,0.0,0,89.43124,478346.28,95.63123,0.0,0.0,0,995
12877,2008-01-01,2004-06-01,43,2004,258730.0,258730.0,1040.0042096376048,0.026309918637932115,360,317,Current,Current,none,0,0.0,0.0,0.0,0,47.423218,545576.7,48.823215,0.0,0.0,0,777
12880,2008-01-01,2001-04-01,81,2001,251976.0,251976.0,1042.7624732993054,0.028551842622162423,360,279,Current,Current,none,0,0.0,0.0,0.0,0,49.09601,513231.16,49.09601,0.0,0.0,0,269
12883,2008-01-01,1998-08-01,113,1998,539390.0,539390.0,2211.5463802683294,0.027833302873590503,360,247,Current,Current,none,0,0.0,0.0,0.0,0,35.210022,1.5319219e+06,35.210022,0.0,0.0,0,945
12886,2008-01-01,1993-08-01,173,1993,132453.0,132453.0,505.16515562426355,0.022332436072258616,360,187,Current,Current,none,0,0.0,0.0,0.0,0,35.029156,378122.16,39.629154,0.0,0.0,0,143
12887,2008-01-01,2007-04-01,9,2007,206482.0,206482.0,763.9491958163461,0.020072761221453933,360,351,Current,Current,none,0,0.0,0.0,0.0,0,80.6969,255873.53,84.6969,0.0,0.0,0,199
12888,2008-01-01,1996-05-01,140,1996,262990.0,262990.0,1488.9932298812141,0.05474316806740197,360,220,Current,Current,none,0,0.0,0.0,0.0,0,32.107952,819080.56,36.007954,0.0,0.0,0,541
12890,2008-01-01,2006-01-01,24,2006,526331.0,526331.0,2663.810507334501,0.04490304194029458,360,336,Current,Current,none,0,0.0,0.0,0.0,0,102.31798,514407.16,119.81798,0.0,0.0,0,249
12894,2008-01-01,1996-07-01,138,1996,266859.0,266859.0,2079.4054276573765,0.047767901531917706,180,42,Current,Paid off,payoff,0,0.0,0.0,0.0,0,32.47468,821744.75,32.47468,0.0,0.0,0,522
12895,2008-01-01,1993-04-01,177,1993,229644.0,229644.0,1286.6076255687658,0.05379660327107125,360,183,Current,Current,none,0,0.0,0.0,0.0,0,38.671455,593833.3,38.771458,0.0,0.0,0,344
12902,2008-01-01,1997-04-01,129,1997,262621.0,262621.0,1741.6095918114427,0.024228731681626512,180,51,Current,Current,none,0,0.0,0.0,0.0,0,38.39447,684007.4,39.794468,0.0,0.0,0,977
12904,2008-01-01,2003-04-01,57,2003,169771.0,169771.0,725.616790142355,0.03107229242448178,360,303,Current,Current,none,0,0.0,0.0,0.0,0,49.883766,340333.16,49.883766,0.0,0.0,0,410
12905,2008-01-01,2005-05-01,32,2005,290776.0,290776.0,2017.2885079207358,0.030660001884376356,180,148,Current,Current,none,0,0.0,0.0,0.0,0,78.29347,371392.4,83.79347,0.0,0.0,0,191
12910,2008-01-01,1998-11-01,110,1998,299094.0,299094.0,1392.4567927276428,0.037929876157128284,360,250,Current,Current,none,0,0.0,0.0,0.0,0,45.96924,650639.44,54.769238,0.0,0.0,0,186
12913,2008-01-01,2002-02-01,71,2002,235276.0,235276.0,928.1441919877068,0.02487891808962073,360,289,Current,Current,none,0,0.0,0.0,0.0,0,44.969128,523194.5,45.16913,0.0,0.0,0,733
12914,2008-01-01,1996-03-01,142,1996,184946.0,184946.0,1559.9782645371872,0.059929816078199166,180,38,Current,Current,none,0,0.0,0.0,0.0,0,40.718887,454202.0,51.018887,0.0,0.0,0,237
12917,2008-01-01,2005-09-01,28,2005,404870.0,404870.0,1804.487582291235,0.034398815955073575,360,332,Current,Current,none,0,0.0,0.0,0.0,0,71.22088,568470.94,75.12088,0.0,0.0,0,977
12923,2008-01-01,1995-08-01,149,1995,173626.0,173626.0,946.0434414500196,0.051312938819669085,360,211,Current,Current,none,0,0.0,0.0,0.0,0,40.236107,431517.9,40.236107,0.0,0.0,0,493
12928,2008-01-01,2001-12-01,73,2001,358533.0,358533.0,1560.952486285368,0.03253019438561542,360,287,Current,Current,none,0,0.0,0.0,0.0,0,55.42339,646898.4,62.12339,0.0,0.0,0,375
12929,2008-01-01,1995-10-01,147,1995,228966.0,228966.0,1811.9895277184487,0.050112406629211514,180,33,Current,Current,none,0,0.0,0.0,0.0,0,34.491203,663838.8,35.491203,0.0,0.0,0,170
12932,2008-01-01,2006-07-01,18,2006,201843.0,201843.0,985.7387358217806,0.041888916878022105,360,342,Current,Current,none,0,0.0,0.0,0.0,0,73.27045,275476.7,83.07045,0.0,0.0,0,387
12935,2008-01-01,1997-07-01,126,1997,610661.0,610661.0,2811.7450177421656,0.037028264982546626,360,234,Current,Current,none,0,0.0,0.0,0.0,0,28.199537,2.1655e+06,29.099539,0.0,0.0,0,449
12940,2008-01-01,1999-12-01,97,1999,343492.0,343492.0,1646.2368785597662,0.04032052056467829,360,263,Current,Current,none,0,0.0,0.0,0.0,0,39.74053,864336.8,43.24053,0.0,0.0,0,124
12941,2008-01-01,1997-10-01,123,1997,170100.0,170100.0,786.6124697130762,0.03738110461836794,360,237,Current,Current,none,0,0.0,0.0,0.0,0,44.54854,381830.72,45.04854,0.0,0.0,0,488
12944,2008-01-01,2006-07-01,18,2006,387634.0,387634.0,1681.6934255849094,0.032249994005548496,360,342,Current,Current,none,0,0.0,0.0,0.0,0,101.11106,383374.47,107.61106,0.0,0.0,0,710
12949,2008-01-01,2001-08-01,77,2001,141603.0,141603.0,590.1729251043083,0.029102669147057482,360,283,Current,Current,none,0,0.0,0.0,0.0,0,49.201492,287802.25,50.901493,0.0,0.0,0,922
12951,2008-01-01,1999-09-01,100,1999,582958.0,582958.0,3232.1831191061638,0.052861564997811084,360,260,Current,Current,none,0,0.0,0.0,0.0,0,42.04545,1.386495e+06,47.745445,0.0,0.0,0,984
12952,2008-01-01,2004-01-01,48,2004,315474.0,315474.0,2056.023299242455,0.021777292494301728,180,132,Current,Current,none,0,0.0,0.0,0.0,0,74.84483,421504.03,75.744835,0.0,0.0,0,237
12953,2008-01-01,2002-02-01,71,2002,368466.0,368466.0,1559.882072139415,0.030322420129590754,360,289,Current,Current,none,0,0.0,0.0,0.0,0,55.56216,663159.94,56.36216,0.0,0.0,0,145
12954,2008-01-01,2005-03-01,34,2005,646561.0,646561.0,2560.757138575939,0.025180133919725466,360,326,Current,Current,none,0,0.0,0.0,0.0,0,66.09016,978301.5,76.59016,0.0,0.0,0,706
12961,2008-01-01,1998-07-01,114,1998,269942.0,269942.0,1094.8657588248873,0.02699911729382369,360,246,Current,Current,none,0,0.0,0.0,0.0,0,50.294914,536718.3,55.694912,0.0,0.0,0,332
12963,2008-01-01,1997-11-01,122,1997,345997.0,345997.0,1244.5460037336647,0.018,360,238,Current,Current,none,0,0.0,0.0,0.0,0,32.814384,1.0544065e+06,32.814384,0.0,0.0,0,166
12967,2008-01-01,1999-10-01,99,1999,831319.0,831319.0,3833.350601662726,0.03714732924342259,360,261,Current,Current,none,0,0.0,0.0,0.0,0,41.88342,1.9848404e+06,46.083416,0.0,0.0,0,454
12968,2008-01-01,2007-12-01,1,2007,320106.0,320106.0,1151.416466244414,0.018,360,359,Current,Current,none,0,0.0,0.0,0.0,0,78.11853,409769.62,82.11853,0.0,0.0,0,936
12969,2008-01-01,2007-05-01,8,2007,391231.0,391231.0,3027.8071471321023,0.0467404046608709,180,172,Current,Current,none,0,0.0,0.0,0.0,0,79.524734,491961.4,95.62473,0.0,0.0,0,327
12971,2008-01-01,1997-10-01,123,1997,675639.0,675639.0,2710.9534315422216,0.026172303915578735,360,237,Current,Current,none,0,0.0,0.0,0.0,0,34.295303,1.9700628e+06,42.1953,0.0,0.0,0,825
12973,2008-01-01,2003-04-01,57,2003,170942.0,170942.0,778.0934847028911,0.03609508505290314,360,303,Current,Current,none,0,0.0,0.0,0.0,0,52.400837,326219.97,52.500835,0.0,0.0,0,748
12976,2008-01-01,1994-01-01,168,1994,256811.0,256811.0,1632.1436492318537,0.018263289063025993,180,12,Current,Current,none,0,0.0,0.0,0.0,0,29.162666,880615.6,30.562666,0.0,0.0,0,335
12978,2008-01-01,2006-10-01,15,2006,169795.0,169795.0,734.8576169069729,0.03205926557110454,360,345,Current,Current,none,0,0.0,0.0,0.0,0,76.27813,222599.84,81.67813,0.0,0.0,0,705
12979,2008-01-01,1995-02-01,155,1995,351576.0,351576.0,2230.188974123488,0.018,180,25,Current,Current,none,0,0.0,0.0,0.0,0,38.575005,911408.8,47.575005,0.0,0.0,0,174
12980,2008-01-01,2005-05-01,32,2005,322539.0,322539.0,1393.4123059958802,0.0319171017233989,360,328,Current,Current,none,0,0.0,0.0,0.0,0,69.37396,464928.03,71.87396,0.0,0.0,0,263
12982,2008-01-01,1994-02-01,167,1994,255529.0,255529.0,919.1339687571269,0.018,360,193,Current,Current,none,0,0.0,0.0,0.0,0,41.187428,620405.3,44.88743,0.0,0.0,0,823
12985,2008-01-01,2003-10-01,51,2003,273810.0,273810.0,2301.4833647101664,0.05938545532502552,180,129,Current,Current,none,0,0.0,0.0,0.0,0,72.022125,380174.84,77.92213,0.0,0.0,0,236
12990,2008-01-01,1993-08-01,173,1993,121718.0,121718.0,529.0497432665322,0.032398969124500854,360,187,Current,Current,none,0,0.0,0.0,0.0,0,30.46212,399571.66,31.46212,0.0,0.0,0,729
12991,2008-01-01,1995-03-01,154,1995,220565.0,220565.0,1736.9975611299412,0.049371180075669464,180,26,Current,Current,none,0,0.0,0.0,0.0,0,31.969763,689917.56,33.96976,0.0,0.0,0,427
12995,2008-01-01,1995-05-01,152,1995,300351.0,300351.0,1228.08602196361,0.02762123240753387,360,208,Current,Current,none,0,0.0,0.0,0.0,0,20.37604,1.4740402e+06,20.37604,0.0,0.0,0,758
12996,2008-01-01,2006-11-01,14,2006,114147.0,114147.0,805.9651144689503,0.03320012195096397,180,166,Current,Current,none,0,0.0,0.0,0.0,0,98.429184,115968.66,103.429184,0.0,0.0,1,474
12997,2008-01-01,1998-12-01,109,1998,252734.0,252734.0,1242.1068812070384,0.04241938407772718,360,251,Current,Current,none,0,0.0,0.0,0.0,0,46.36257,545125.06,56.36257,0.0,0.0,0,782
12999,2008-01-01,2007-12-01,1,2007,294098.0,294098.0,2117.5740323244945,0.036044586317147485,180,179,Current,Current,none,0,0.0,0.0,0.0,0,69.3036,424361.8,74.8036,0.0,0.0,0,477
13000,2008-01-01,2002-12-01,61,2002,298061.0,298061.0,1352.3342539284338,0.03583355330612389,360,299,Current,Current,none,0,0.0,0.0,0.0,0,68.378876,435896.34,78.17887,0.0,0.0,0,608
13001,2008-01-01,2003-06-01,55,2003,236462.0,236462.0,943.1967397455564,0.025720819639840218,360,305,Current,Current,none,0,0.0,0.0,0.0,0,53.967197,438158.75,54.5672,0.0,0.0,0,892
13002,2008-01-01,2000-10-01,87,2000,600130.0,600130.0,3806.8676731083156,0.018,180,93,Current,Current,none,0,0.0,0.0,0.0,0,38.7904,1.5471096e+06,38.7904,0.0,0.0,0,808
13003,2008-01-01,2004-09-01,40,2004,204353.0,204353.0,735.0546666618081,0.018,360,320,Current,Current,none,0,0.0,0.0,0.0,0,61.47164,332434.6,65.07164,0.0,0.0,0,650
13009,2008-01-01,2006-07-01,18,2006,239784.0,239784.0,901.1957423187835,0.02123710415116935,360,342,Current,Current,none,0,0.0,0.0,0.0,0,91.07549,263280.5,104.975494,0.0,0.0,0,222
13010,2008-01-01,2006-08-01,17,2006,414345.0,414345.0,2390.12452805057,0.056438022553509964,360,343,Current,Current,none,0,0.0,0.0,0.0,0,93.45453,443365.34,108.55453,0.0,0.0,0,496
13017,2008-01-01,1994-08-01,161,1994,201303.0,201303.0,1434.8965754819842,0.034576444294533056,180,19,Current,Current,none,0,0.0,0.0,0.0,0,43.332592,464553.3,47.032593,0.0,0.0,0,459
13019,2008-01-01,1997-04-01,129,1997,70420.0,70420.0,296.234793289636,0.029826438333137445,360,231,Current,Current,none,0,0.0,0.0,0.0,0,33.0222,213250.47,33.1222,0.0,0.0,0,203
13027,2008-01-01,2008-01-01,0,2008,192482.0,192482.0,711.1108176563476,0.019964657748389538,360,360,Current,Current,none,0,0.0,0.0,0.0,0,63.4,303599.38,64.5,0.0,0.0,0,118
13029,2008-01-01,2002-05-01,68,2002,316604.0,316604.0,1330.7323411561592,0.02976068435636176,360,292,Current,Current,none,0,0.0,0.0,0.0,0,51.11793,619359.94,53.817932,0.0,0.0,0,765
13031,2008-01-01,1996-09-01,136,1996,721202.0,721202.0,3311.295059278382,0.03679700435407434,360,224,Current,Current,none,0,0.0,0.0,0.0,0,39.33667,1.8334088e+06,39.436672,0.0,0.0,0,222
13032,2008-01-01,2004-04-01,45,2004,230347.0,230347.0,833.7134920703949,0.01845433362227574,360,315,Current,Current,none,0,0.0,0.0,0.0,0,61.693024,373376.1,71.39303,0.0,0.0,0,572
13033,2008-01-01,2003-06-01,55,2003,183770.0,183770.0,863.6401703117899,0.03870104443682572,360,305,Current,Current,none,0,0.0,0.0,0.0,0,58.172436,315905.62,62.372437,0.0,0.0,0,114
13034,2008-01-01,2007-09-01,4,2007,565069.0,565069.0,4000.1996499950587,0.03357669699169176,180,176,Current,Current,none,0,0.0,0.0,0.0,0,101.352104,557530.6,108.05211,0.0,0.0,0,514
13037,2008-01-01,2004-05-01,44,2004,69688.0,69688.0,250.66668759611105,0.018,360,316,Current,Current,none,0,0.0,0.0,0.0,0,78.03637,89301.95,78.43637,0.0,0.0,0,124
13039,2008-01-01,1998-04-01,117,1998,461664.0,461664.0,1846.943205129485,0.02594701512728311,360,243,Current,Current,none,0,0.0,0.0,0.0,0,37.7369,1.2233755e+06,41.036903,0.0,0.0,0,382
13041,2008-01-01,2002-12-01,61,2002,151833.0,151833.0,698.7719107018903,0.03698957158192641,360,299,Current,Current,none,0,0.0,0.0,0.0,0,57.527443,263931.44,59.327442,0.0,0.0,0,172
13044,2008-01-01,2005-04-01,33,2005,195553.0,195553.0,1045.288731706849,0.04962459164240351,360,327,Current,Current,none,0,0.0,0.0,0.0,0,73.60399,265682.62,84.303986,0.0,0.0,0,419
13046,2008-01-01,2003-01-01,60,2003,438942.0,438942.0,1655.5942144361074,0.021502534528300105,360,300,Current,Current,none,0,0.0,0.0,0.0,0,53.277046,823885.75,54.977047,0.0,0.0,0,819
13048,2008-01-01,2004-12-01,37,2004,190014.0,190014.0,1218.0742066297898,0.019464199401165817,180,143,Current,Current,none,0,0.0,0.0,0.0,0,45.07565,421544.66,45.47565,0.0,0.0,0,385
13049,2008-01-01,2000-02-01,95,2000,493953.0,493953.0,2227.466065599606,0.035340396030010046,360,265,Current,Current,none,0,0.0,0.0,0.0,0,46.79471,1.0555745e+06,61.19471,0.0,0.0,0,654
13050,2008-01-01,2002-06-01,67,2002,517150.0,517150.0,2390.0167223429817,0.03733001228561685,360,293,Current,Current,none,0,0.0,0.0,0.0,0,42.404583,1.2195616e+06,44.204582,0.0,0.0,0,443
13053,2008-01-01,2002-04-01,69,2002,370137.0,370137.0,1886.9248006502824,0.0455218798120781,360,291,Current,Current,none,0,0.0,0.0,0.0,0,54.76997,675802.8,54.86997,0.0,0.0,0,936
13055,2008-01-01,1997-05-01,128,1997,533678.0,533678.0,2380.686662727027,0.03446983019531432,360,232,Current,Current,none,0,0.0,0.0,0.0,0,35.56668,1.5004999e+06,46.16668,0.0,0.0,0,747
13057,2008-01-01,1994-07-01,162,1994,648677.0,648677.0,2457.45921349607,0.021830792111033226,360,198,Current,Current,none,0,0.0,0.0,0.0,0,29.296227,2.2141998e+06,29.296227,0.0,0.0,0,440
13070,2008-01-01,2003-10-01,51,2003,190250.0,190250.0,1059.4667605022598,0.05325372803883187,360,309,Current,Current,none,0,0.0,0.0,0.0,0,66.61845,285581.56,66.61845,0.0,0.0,0,194
13074,2008-01-01,2002-03-01,70,2002,194908.0,194908.0,825.4247310607451,0.03035009657940111,360,290,Current,Current,none,0,0.0,0.0,0.0,0,49.15014,396556.38,49.250137,0.0,0.0,0,441
13075,2008-01-01,2001-04-01,81,2001,238321.0,238321.0,1124.1456896439772,0.03900449026701753,360,279,Current,Current,none,0,0.0,0.0,0.0,0,47.990536,496600.03,47.990536,0.0,0.0,0,633
13078,2008-01-01,2008-01-01,0,2008,374257.0,374257.0,2478.6967945306465,0.024043946389868447,180,180,Current,Current,none,0,0.0,0.0,0.0,0,62.7,596901.1,63.2,0.0,0.0,0,115
13081,2008-01-01,2006-01-01,24,2006,280912.0,280912.0,1295.1592022313305,0.03713645744941563,360,336,Current,Current,none,0,0.0,0.0,0.0,0,97.66716,287621.75,102.96716,0.0,0.0,0,507
13087,2008-01-01,2007-03-01,10,2007,273251.0,273251.0,1352.9056585905448,0.04304140916745513,360,350,Current,Current,none,0,0.0,0.0,0.0,0,87.00766,314053.94,103.607666,0.0,0.0,0,655
13088,2008-01-01,1999-01-01,108,1999,1189702.0,1.189702e+06,4365.408330899619,0.019461600799405027,360,252,Current,Current,none,0,0.0,0.0,0.0,0,37.990025,3.131617e+06,38.090023,0.0,0.0,0,399
13089,2008-01-01,1997-10-01,123,1997,186080.0,186080.0,888.572828723225,0.040018497404611234,360,237,Current,Current,none,0,0.0,0.0,0.0,0,37.376324,497855.28,40.076324,0.0,0.0,0,370
13091,2008-01-01,2004-03-01,46,2004,193213.0,193213.0,969.5302957104919,0.04417472001842217,360,314,Current,Current,none,0,0.0,0.0,0.0,0,71.75484,269268.25,71.75484,0.0,0.0,0,564
13099,2008-01-01,1998-11-01,110,1998,261790.0,261790.0,1359.8025325753545,0.047130908644586994,360,250,Current,Current,none,0,0.0,0.0,0.0,0,42.843548,611037.2,42.943546,0.0,0.0,0,719
13100,2008-01-01,1995-09-01,148,1995,389756.0,389756.0,1655.6166093378101,0.030588177938820144,360,212,Current,Current,none,0,0.0,0.0,0.0,0,38.461433,1.0133683e+06,44.261436,0.0,0.0,0,936
13101,2008-01-01,2000-10-01,87,2000,203026.0,203026.0,1451.51355856943,0.035011647519513106,180,93,Current,Current,none,0,0.0,0.0,0.0,0,48.362057,419804.3,48.962055,0.0,0.0,0,684
13102,2008-01-01,1994-11-01,158,1994,424562.0,424562.0,1824.9574408869667,0.03151978791036956,360,202,Current,Current,none,0,0.0,0.0,0.0,0,37.254993,1.139611e+06,37.254993,0.0,0.0,0,545
13103,2008-01-01,2004-07-01,42,2004,186335.0,186335.0,859.5268576340374,0.03717624661476016,360,318,Current,Current,none,0,0.0,0.0,0.0,0,62.06574,300222.0,63.96574,0.0,0.0,0,642
13104,2008-01-01,2005-03-01,34,2005,185781.0,185781.0,1193.4511862242728,0.019758397504503568,180,146,Current,Current,none,0,0.0,0.0,0.0,0,64.358536,288665.66,67.55854,0.0,0.0,0,113
13106,2008-01-01,2000-08-01,89,2000,181994.0,181994.0,744.3191579140529,0.02763942209541059,360,271,Current,Current,none,0,0.0,0.0,0.0,0,31.382305,579925.56,31.382305,0.0,0.0,0,667
13108,2008-01-01,2007-08-01,5,2007,465069.0,465069.0,3817.0930833840803,0.0556916699064298,180,175,Current,Current,none,0,0.0,0.0,0.0,0,95.13392,488857.2,99.13392,0.0,0.0,0,994
13112,2008-01-01,2005-08-01,29,2005,305713.0,305713.0,1502.5868268010713,0.04242525829331776,360,331,Current,Current,none,0,0.0,0.0,0.0,0,67.56183,452493.7,70.96182,0.0,0.0,0,217
13115,2008-01-01,2000-11-01,86,2000,310518.0,310518.0,1294.390126958188,0.02911548914554792,360,274,Current,Current,none,0,0.0,0.0,0.0,0,49.81751,623310.94,49.91751,0.0,0.0,0,126
13116,2008-01-01,2007-10-01,3,2007,234046.0,234046.0,846.0632764945022,0.018364469723799313,360,357,Current,Current,none,0,0.0,0.0,0.0,0,67.970665,344333.84,72.37067,0.0,0.0,0,821
13118,2008-01-01,1995-03-01,154,1995,237295.0,237295.0,1039.4316154858438,0.03301421559317297,360,206,Current,Current,none,0,0.0,0.0,0.0,0,44.139805,537598.7,45.439804,0.0,0.0,0,363
13122,2008-01-01,2004-01-01,48,2004,526376.0,526376.0,3709.473759421669,0.03292155050110461,180,132,Current,Current,none,0,0.0,0.0,0.0,0,53.87183,977089.5,53.87183,0.0,0.0,0,606
13125,2008-01-01,2004-02-01,47,2004,746141.0,746141.0,2683.8579518661736,0.018,360,313,Current,Current,none,0,0.0,0.0,0.0,0,66.16727,1.1276588e+06,67.46727,0.0,0.0,0,717
13129,2008-01-01,1997-11-01,122,1997,321786.0,321786.0,1463.1652998099673,0.03600996624330056,360,238,Current,Current,none,0,0.0,0.0,0.0,0,34.131012,942796.56,34.131012,0.0,0.0,0,457
13134,2008-01-01,2001-03-01,82,2001,201988.0,201988.0,1484.3697252257407,0.03903875607442268,180,98,Current,Current,none,0,0.0,0.0,0.0,0,48.203762,419029.56,48.30376,0.0,0.0,0,458
13135,2008-01-01,1993-12-01,169,1993,135215.0,135215.0,573.1410478498955,0.030420239067136805,360,191,Current,Current,none,0,0.0,0.0,0.0,0,30.455492,443975.75,30.555492,0.0,0.0,0,691
13137,2008-01-01,2001-01-01,84,2001,299209.0,299209.0,1157.6086487792352,0.02340721798650757,360,276,Current,Current,none,0,0.0,0.0,0.0,0,48.518436,616691.4,48.618435,0.0,0.0,0,381
13138,2008-01-01,1996-01-01,144,1996,222613.0,222613.0,1024.765721633707,0.03700920948746638,360,216,Current,Current,none,0,0.0,0.0,0.0,0,31.128422,715143.9,31.928421,0.0,0.0,0,888
13141,2008-01-01,2006-03-01,22,2006,481219.0,481219.0,2844.066866596125,0.058667876609046474,360,338,Current,Current,none,0,0.0,0.0,0.0,0,90.3725,532483.9,95.8725,0.0,0.0,0,489
13143,2008-01-01,1994-04-01,165,1994,363295.0,363295.0,1736.5059753125086,0.04009928343847653,360,195,Current,Current,none,0,0.0,0.0,0.0,0,41.862682,867825.44,41.96268,0.0,0.0,0,569
13157,2008-01-01,1993-04-01,177,1993,363187.0,363187.0,2530.354001606168,0.031270468072773526,180,3,Current,Current,none,0,0.0,0.0,0.0,0,29.619736,1.2261655e+06,30.219736,0.0,0.0,0,334
13161,2008-01-01,2000-11-01,86,2000,336536.0,336536.0,1552.2829216376683,0.037171432973560195,360,274,Current,Current,none,0,0.0,0.0,0.0,0,50.703716,663730.44,68.603714,0.0,0.0,0,442
13163,2008-01-01,1997-08-01,125,1997,159420.0,159420.0,573.431341645219,0.018,360,235,Current,Current,none,0,0.0,0.0,0.0,0,26.891342,592830.2,28.891342,0.0,0.0,0,859
13166,2008-01-01,1993-05-01,176,1993,390033.0,390033.0,1779.097935216029,0.036265822300632036,360,184,Current,Current,none,0,0.0,0.0,0.0,0,34.400005,1.1338166e+06,40.600006,0.0,0.0,0,728
13167,2008-01-01,2005-01-01,36,2005,246861.0,246861.0,1484.908383179156,0.060305489935580006,360,324,Current,Current,none,0,0.0,0.0,0.0,0,84.61591,291743.0,89.71591,0.0,0.0,0,888
13169,2008-01-01,2004-01-01,48,2004,132164.0,132164.0,475.4156901080804,0.018003655397041952,360,312,Current,Current,none,0,0.0,0.0,0.0,0,68.51181,192906.89,73.01181,0.0,0.0,0,400
13172,2008-01-01,2007-01-01,12,2007,407248.0,407248.0,1895.0102643050454,0.03788816655520831,360,348,Current,Current,none,0,0.0,0.0,0.0,0,84.161545,483888.44,88.161545,0.0,0.0,0,218
13173,2008-01-01,2002-12-01,61,2002,122743.0,122743.0,872.3933882847577,0.03415659944457937,180,119,Current,Current,none,0,0.0,0.0,0.0,0,55.892296,219606.3,55.992294,0.0,0.0,0,451
13176,2008-01-01,1995-02-01,155,1995,464962.0,464962.0,1776.2631357522403,0.02245630805008566,360,205,Current,Current,none,0,0.0,0.0,0.0,0,21.555244,2.1570712e+06,31.155245,0.0,0.0,0,466
13178,2008-01-01,2003-06-01,55,2003,294944.0,294944.0,1060.9091307879028,0.018,360,305,Current,Current,none,0,0.0,0.0,0.0,0,57.082188,516700.6,76.08219,0.0,0.0,0,473
13184,2008-01-01,1996-05-01,140,1996,194287.0,194287.0,731.5067444375991,0.021370070002150573,360,220,Current,Current,none,0,0.0,0.0,0.0,0,31.52856,616225.44,31.72856,0.0,0.0,0,968
13187,2008-01-01,1999-08-01,101,1999,238746.0,238746.0,979.9017517198018,0.027913912916996315,360,259,Current,Current,none,0,0.0,0.0,0.0,0,40.85813,584329.2,41.058132,0.0,0.0,0,127
13192,2008-01-01,2004-12-01,37,2004,207042.0,207042.0,1313.3512685179742,0.018,180,143,Current,Current,none,0,0.0,0.0,0.0,0,84.9574,243700.97,101.1574,0.0,0.0,0,728
13195,2008-01-01,2007-07-01,6,2007,281839.0,281839.0,1662.630766650252,0.0584970617088896,360,354,Current,Current,none,0,0.0,0.0,0.0,0,102.410774,275204.44,112.310776,0.0,0.0,0,521
13196,2008-01-01,2004-07-01,42,2004,199789.0,199789.0,1428.3038196925324,0.03500480459127388,180,138,Current,Current,none,0,0.0,0.0,0.0,0,57.88053,345174.78,57.88053,0.0,0.0,0,738
13200,2008-01-01,2006-01-01,24,2006,343778.0,343778.0,1535.061016407346,0.03454826034844283,360,336,Current,Current,none,0,0.0,0.0,0.0,0,81.0722,424039.3,87.7722,0.0,0.0,0,573
13201,2008-01-01,2002-09-01,64,2002,369811.0,369811.0,2464.7088300184023,0.024933872624727807,180,116,Current,Current,none,0,0.0,0.0,0.0,0,53.990227,684959.1,58.690228,0.0,0.0,0,369
13202,2008-01-01,2002-05-01,68,2002,755934.0,755934.0,3536.609862173731,0.03833148473724275,360,292,Current,Current,none,0,0.0,0.0,0.0,0,46.246193,1.6345864e+06,46.246193,0.0,0.0,0,200
13204,2008-01-01,1995-02-01,155,1995,151448.0,151448.0,654.2846392163681,0.03191815271092434,360,205,Current,Current,none,0,0.0,0.0,0.0,0,33.618702,450487.38,38.7187,0.0,0.0,0,344
13208,2008-01-01,1994-04-01,165,1994,455602.0,455602.0,3037.561824229919,0.02498399964549028,180,15,Current,Current,none,0,0.0,0.0,0.0,0,33.58215,1.356679e+06,34.38215,0.0,0.0,0,617
13210,2008-01-01,2001-09-01,76,2001,291581.0,291581.0,1367.6510778397717,0.038541752486569505,360,284,Current,Current,none,0,0.0,0.0,0.0,0,51.0925,570692.4,51.0925,0.0,0.0,0,847
13212,2008-01-01,2003-05-01,56,2003,317402.0,317402.0,1317.7401328946892,0.028800864501983183,360,304,Current,Current,none,0,0.0,0.0,0.0,0,67.123245,472864.47,67.42325,0.0,0.0,0,563
13214,2008-01-01,1999-11-01,98,1999,460633.0,460633.0,2657.487558029746,0.0564501641747053,360,262,Current,Current,none,0,0.0,0.0,0.0,0,52.15945,883124.75,60.85945,0.0,0.0,0,805
13219,2008-01-01,2001-08-01,77,2001,201634.0,201634.0,1212.1682294478899,0.06025213894727553,360,283,Current,Current,none,0,0.0,0.0,0.0,0,39.79137,506727.94,40.091373,0.0,0.0,0,398
13220,2008-01-01,2000-01-01,96,2000,1241310.0,1.24131e+06,5504.484296503812,0.033992842868383874,360,264,Current,Current,none,0,0.0,0.0,0.0,0,38.403984,3.2322428e+06,38.403984,0.0,0.0,0,916
13223,2008-01-01,1999-03-01,106,1999,258860.0,258860.0,1710.5359609724042,0.02372325983273892,180,74,Current,Current,none,0,0.0,0.0,0.0,0,30.313978,853929.5,33.513977,0.0,0.0,0,225
13224,2008-01-01,2006-08-01,17,2006,851142.0,851142.0,3636.564439437669,0.03104430524408336,360,343,Current,Current,none,0,0.0,0.0,0.0,0,72.00418,1.182073e+06,77.50418,0.0,0.0,0,341
13225,2008-01-01,2000-10-01,87,2000,856522.0,856522.0,4802.772371435155,0.053871607011575465,360,273,Current,Current,none,0,0.0,0.0,0.0,0,55.91863,1.5317292e+06,58.518627,0.0,0.0,0,753
13226,2008-01-01,2005-03-01,34,2005,121894.0,121894.0,660.0236687259832,0.05075958725741256,360,326,Current,Current,none,0,0.0,0.0,0.0,0,75.03686,162445.5,86.93686,0.0,0.0,0,108
13228,2008-01-01,2006-11-01,14,2006,186585.0,186585.0,833.1111585578956,0.034544318343470055,360,346,Current,Current,none,0,0.0,0.0,0.0,0,98.53652,189356.19,103.93652,0.0,0.0,0,843
13229,2008-01-01,1995-06-01,151,1995,1049743.0,1.049743e+06,3891.8939076204947,0.020225332524576634,360,209,Current,Current,none,0,0.0,0.0,0.0,0,37.341057,2.8112302e+06,42.241055,0.0,0.0,0,577
13230,2008-01-01,1993-08-01,173,1993,374725.0,374725.0,2145.680364725164,0.0557655306920572,360,187,Current,Current,none,0,0.0,0.0,0.0,0,41.697025,898685.2,42.497025,0.0,0.0,0,987
13235,2008-01-01,2005-08-01,29,2005,162183.0,162183.0,625.9192854191249,0.023221024306488525,360,331,Current,Current,none,0,0.0,0.0,0.0,0,56.661438,286231.7,61.46144,0.0,0.0,0,120
13242,2008-01-01,2002-09-01,64,2002,708626.0,708626.0,3543.6456289346506,0.043883462790422406,360,296,Current,Current,none,0,0.0,0.0,0.0,0,62.939693,1.1258809e+06,63.539692,0.0,0.0,0,240
13246,2008-01-01,2005-12-01,25,2005,189157.0,189157.0,869.0189634379404,0.03684677362679178,360,335,Current,Current,none,0,0.0,0.0,0.0,0,88.75113,213131.92,91.65113,0.0,0.0,0,611
13248,2008-01-01,1997-03-01,130,1997,177323.0,177323.0,692.0614996737007,0.024066190782603098,360,230,Current,Current,none,0,0.0,0.0,0.0,0,36.099174,491210.7,45.199173,0.0,0.0,0,359
13252,2008-01-01,1994-05-01,164,1994,164306.0,164306.0,1042.720716288427,0.018061501460258526,180,16,Current,Current,none,0,0.0,0.0,0.0,0,40.512405,405569.62,49.412403,0.0,0.0,0,180
13258,2008-01-01,2002-08-01,65,2002,235139.0,235139.0,1127.6771047944562,0.04037485918854264,360,295,Current,Current,none,0,0.0,0.0,0.0,0,47.026756,500011.1,47.426758,0.0,0.0,0,284
13260,2008-01-01,2004-01-01,48,2004,228247.0,228247.0,854.5052645709986,0.020947864092863474,360,312,Current,Current,none,0,0.0,0.0,0.0,0,66.53788,343033.16,73.53788,0.0,0.0,0,624
13265,2008-01-01,1994-10-01,159,1994,441177.0,441177.0,2736.3867420093275,0.06319537704229987,360,201,Current,Current,none,0,0.0,0.0,0.0,0,43.1853,1.02159075e+06,45.385296,0.0,0.0,0,288
13273,2008-01-01,2005-01-01,36,2005,222064.0,222064.0,890.2903187068746,0.02610998558887612,360,324,Current,Current,none,0,0.0,0.0,0.0,0,69.17164,321033.3,82.67164,0.0,0.0,0,593
13276,2008-01-01,2007-05-01,8,2007,273067.0,273067.0,1082.9781012924338,0.025283786175136835,360,352,Current,Current,none,0,0.0,0.0,0.0,0,74.42155,366919.28,78.42155,0.0,0.0,0,118
13278,2008-01-01,2002-06-01,67,2002,333934.0,333934.0,1326.8177341776511,0.025424085040388022,360,293,Current,Current,none,0,0.0,0.0,0.0,0,47.410183,704350.8,50.61018,0.0,0.0,0,898
13286,2008-01-01,1998-04-01,117,1998,391295.0,391295.0,2056.534528190122,0.04814982958757992,360,243,Current,Current,none,0,0.0,0.0,0.0,0,41.04988,953218.4,42.64988,0.0,0.0,0,484
13287,2008-01-01,1999-08-01,101,1999,817059.0,817059.0,3901.698888640206,0.04001983233506756,360,259,Current,Current,none,0,0.0,0.0,0.0,0,34.105667,2.3956692e+06,34.105667,0.0,0.0,0,686
13288,2008-01-01,1997-10-01,123,1997,232892.0,232892.0,1426.8788925998708,0.06203226509131574,360,237,Current,Current,none,0,0.0,0.0,0.0,0,43.992943,529384.9,44.092945,0.0,0.0,0,632
13291,2008-01-01,2005-03-01,34,2005,309887.0,309887.0,1114.6588769816333,0.018,360,326,Current,Current,none,0,0.0,0.0,0.0,0,73.20904,423290.62,75.90904,0.0,0.0,0,996
13292,2008-01-01,1996-07-01,138,1996,246354.0,246354.0,1046.1066752618876,0.0305609794549908,360,222,Current,Current,none,0,0.0,0.0,0.0,0,33.352375,738640.0,39.452377,0.0,0.0,0,927
13294,2008-01-01,2000-12-01,85,2000,267556.0,267556.0,1238.049315433643,0.03743120410231438,360,275,Current,Current,none,0,0.0,0.0,0.0,0,54.6898,489224.7,54.7898,0.0,0.0,0,807
13296,2008-01-01,2007-08-01,5,2007,269133.0,269133.0,1443.023401949827,0.04989413847900419,360,355,Current,Current,none,0,0.0,0.0,0.0,0,94.29109,285427.8,98.39109,0.0,0.0,0,257
13297,2008-01-01,2005-04-01,33,2005,217496.0,217496.0,1430.7021703879366,0.023083732165173627,180,147,Current,Current,none,0,0.0,0.0,0.0,0,81.31581,267470.75,97.11581,0.0,0.0,0,341
13298,2008-01-01,2006-04-01,21,2006,264817.0,264817.0,952.542765026107,0.018,360,339,Current,Current,none,0,0.0,0.0,0.0,0,103.91362,254843.4,111.31362,0.0,0.0,0,310
13301,2008-01-01,2002-04-01,69,2002,312696.0,312696.0,1270.2601242033757,0.027119481846530836,360,291,Current,Current,none,0,0.0,0.0,0.0,0,34.074448,917684.75,43.77445,0.0,0.0,0,435
13305,2008-01-01,1999-07-01,102,1999,717483.0,717483.0,2789.553285826657,0.023778052456206508,360,258,Current,Current,none,0,0.0,0.0,0.0,0,44.824806,1.6006382e+06,52.224808,0.0,0.0,0,845
13310,2008-01-01,1999-03-01,106,1999,573493.0,573493.0,3176.053694717968,0.052758942371466326,360,254,Current,Current,none,0,0.0,0.0,0.0,0,45.63512,1.2566921e+06,46.33512,0.0,0.0,0,295
13317,2008-01-01,1997-03-01,130,1997,354792.0,354792.0,1338.465063697981,0.021517372536902,360,230,Current,Current,none,0,0.0,0.0,0.0,0,30.556774,1.1610911e+06,33.556774,0.0,0.0,0,629
13318,2008-01-01,1993-08-01,173,1993,209452.0,209452.0,1117.9153949957736,0.04949400419713598,360,187,Current,Current,none,0,0.0,0.0,0.0,0,42.42775,493667.47,53.82775,0.0,0.0,0,896
13325,2008-01-01,2007-02-01,11,2007,205832.0,205832.0,1321.7385806461637,0.06652711491970233,360,349,Current,Current,none,0,0.0,0.0,0.0,0,78.39439,262559.62,82.59438,0.0,0.0,0,975
13332,2008-01-01,2003-03-01,58,2003,218014.0,218014.0,1763.0267599704487,0.05341101896141215,180,122,Current,Current,none,0,0.0,0.0,0.0,0,62.660065,347931.34,62.860065,0.0,0.0,0,962
13338,2008-01-01,2001-08-01,77,2001,310914.0,310914.0,1466.3940069591647,0.0389950329206496,360,283,Current,Current,none,0,0.0,0.0,0.0,0,48.663773,638902.4,57.063774,0.0,0.0,0,424
13340,2008-01-01,1995-06-01,151,1995,651923.0,651923.0,2344.9572233055837,0.018,360,209,Current,Current,none,0,0.0,0.0,0.0,0,27.86363,2.3396915e+06,30.063631,0.0,0.0,0,271
13341,2008-01-01,2003-01-01,60,2003,190041.0,190041.0,871.7125409829525,0.03671935493360401,360,300,Current,Current,none,0,0.0,0.0,0.0,0,55.21711,344170.5,56.21711,0.0,0.0,0,240
13343,2008-01-01,1998-08-01,113,1998,469537.0,469537.0,1688.9175251666743,0.018,360,247,Current,Current,none,0,0.0,0.0,0.0,0,42.743576,1.0984972e+06,45.343575,0.0,0.0,0,873
13344,2008-01-01,1998-11-01,110,1998,393547.0,393547.0,1621.5160854574065,0.028212691442232995,360,250,Current,Current,none,0,0.0,0.0,0.0,0,43.43635,906031.5,43.53635,0.0,0.0,0,485
13353,2008-01-01,2003-08-01,53,2003,242159.0,242159.0,1222.7281386067607,0.04470395739326755,360,307,Current,Current,none,0,0.0,0.0,0.0,0,76.29732,317388.62,91.69732,0.0,0.0,0,493
13356,2008-01-01,2004-11-01,38,2004,385336.0,385336.0,2444.3423286369048,0.018,180,142,Current,Current,none,0,0.0,0.0,0.0,0,82.21137,468713.75,82.41137,0.0,0.0,0,789
13362,2008-01-01,1997-08-01,125,1997,228624.0,228624.0,839.8554020079645,0.019545789420194852,360,235,Current,Current,none,0,0.0,0.0,0.0,0,37.567307,608571.7,37.567307,0.0,0.0,0,785
13364,2008-01-01,2006-10-01,15,2006,380985.0,380985.0,1549.8786122473527,0.027229214982997765,360,345,Current,Current,none,0,0.0,0.0,0.0,0,79.82845,477254.62,85.52846,0.0,0.0,0,677
13365,2008-01-01,1993-11-01,170,1993,157823.0,157823.0,728.1789523753133,0.03719553275803721,360,190,Current,Current,none,0,0.0,0.0,0.0,0,33.127953,476404.34,33.127953,0.0,0.0,0,617
13366,2008-01-01,2002-02-01,71,2002,222622.0,222622.0,836.5473188810008,0.021223995807036523,360,289,Current,Current,none,0,0.0,0.0,0.0,0,41.073627,542007.2,42.973625,0.0,0.0,0,260
13376,2008-01-01,1993-07-01,174,1993,184278.0,184278.0,697.7976289828597,0.021796097809054525,360,186,Current,Current,none,0,0.0,0.0,0.0,0,27.088297,680286.4,28.388296,0.0,0.0,0,937
13379,2008-01-01,2004-06-01,43,2004,290284.0,290284.0,1544.7495528000236,0.04923419482439861,360,317,Current,Current,none,0,0.0,0.0,0.0,0,78.217514,371124.06,79.01751,0.0,0.0,0,488
13382,2008-01-01,1999-01-01,108,1999,245669.0,245669.0,1046.95547597622,0.030843173875805357,360,252,Current,Current,none,0,0.0,0.0,0.0,0,39.073906,628729.06,39.073906,0.0,0.0,0,331
13385,2008-01-01,2004-09-01,40,2004,320789.0,320789.0,1446.6282445117351,0.03534262378857571,360,320,Current,Current,none,0,0.0,0.0,0.0,0,79.2422,404820.9,80.2422,0.0,0.0,0,566
13386,2008-01-01,2007-01-01,12,2007,217605.0,217605.0,1048.1698041286704,0.04073884142037567,360,348,Current,Current,none,0,0.0,0.0,0.0,0,96.1236,226380.42,100.42359,0.0,0.0,0,908
13388,2008-01-01,1998-05-01,116,1998,431949.0,431949.0,2138.5145862711065,0.04303636072817644,360,244,Current,Current,none,0,0.0,0.0,0.0,0,37.770744,1.1436074e+06,38.170746,0.0,0.0,0,469
13389,2008-01-01,2002-07-01,66,2002,185067.0,185067.0,803.6238863207992,0.0323227365089509,360,294,Current,Current,none,0,0.0,0.0,0.0,0,56.249424,329011.38,61.949425,0.0,0.0,0,269
13390,2008-01-01,1998-09-01,112,1998,167952.0,167952.0,674.8157315862993,0.026276729949782886,360,248,Current,Current,none,0,0.0,0.0,0.0,0,31.106058,539933.44,31.106058,0.0,0.0,0,338
13395,2008-01-01,2003-05-01,56,2003,190275.0,190275.0,919.28552734101,0.04098911222395254,360,304,Current,Current,none,0,0.0,0.0,0.0,0,42.539646,447288.62,43.539646,0.0,0.0,0,614
13397,2008-01-01,2004-08-01,41,2004,434287.0,434287.0,3209.879916425625,0.03988562524422215,180,139,Current,Current,none,0,0.0,0.0,0.0,0,58.800976,738571.06,59.400974,0.0,0.0,0,983
13403,2008-01-01,2004-07-01,42,2004,151485.0,151485.0,800.5591174706431,0.04862902611587335,360,318,Current,Current,none,0,0.0,0.0,0.0,0,77.38182,195763.03,77.88182,0.0,0.0,0,277
13404,2008-01-01,1999-09-01,100,1999,377766.0,377766.0,3102.750420118158,0.05580132157090484,180,80,Current,Current,none,0,0.0,0.0,0.0,0,53.894096,700941.4,71.59409,0.0,0.0,0,357
13406,2008-01-01,2007-02-01,11,2007,844805.0,844805.0,6051.01596506599,0.0352807133534305,180,169,Current,Current,none,0,0.0,0.0,0.0,0,88.313675,956595.9,94.71368,0.0,0.0,0,174
13408,2008-01-01,2001-06-01,79,2001,119536.0,119536.0,587.838769740472,0.04247048903908124,360,281,Current,Current,none,0,0.0,0.0,0.0,0,57.07432,209439.2,60.07432,0.0,0.0,0,718
13412,2008-01-01,2005-03-01,34,2005,229432.0,229432.0,887.0645823277794,0.023357645744085928,360,326,Current,Current,none,0,0.0,0.0,0.0,0,77.82669,294798.6,80.42669,0.0,0.0,0,988
13418,2008-01-01,1995-09-01,148,1995,220076.0,220076.0,827.7116835709699,0.021289799892217815,360,212,Current,Current,none,0,0.0,0.0,0.0,0,27.424675,802474.4,27.724676,0.0,0.0,0,919
13419,2008-01-01,2001-10-01,75,2001,144142.0,144142.0,518.4766054913132,0.018,360,285,Current,Current,none,0,0.0,0.0,0.0,0,37.799385,381334.22,38.399387,0.0,0.0,0,669
13429,2008-01-01,2005-02-01,35,2005,463849.0,463849.0,2058.7198278065634,0.03406361785516792,360,325,Current,Current,none,0,0.0,0.0,0.0,0,44.39128,1.0449102e+06,46.99128,0.0,0.0,0,297
13430,2008-01-01,1997-03-01,130,1997,235558.0,235558.0,847.2985822058995,0.018,360,230,Current,Current,none,0,0.0,0.0,0.0,0,19.962452,1.1800054e+06,20.66245,0.0,0.0,0,234
13438,2008-01-01,1997-12-01,121,1997,259186.0,259186.0,1210.9981322705505,0.038223629187112605,360,239,Current,Current,none,0,0.0,0.0,0.0,0,46.399887,558591.9,47.29989,0.0,0.0,0,788
13439,2008-01-01,1994-11-01,158,1994,116952.0,116952.0,448.91482661325995,0.022813170488181423,360,202,Current,Current,none,0,0.0,0.0,0.0,0,27.835808,420149.47,36.335808,0.0,0.0,0,112
13440,2008-01-01,1993-05-01,176,1993,227179.0,227179.0,1441.0884160249846,0.018,180,4,Current,Current,none,0,0.0,0.0,0.0,0,30.887964,735493.6,34.587963,0.0,0.0,0,421
13441,2008-01-01,1995-12-01,145,1995,520230.0,520230.0,2388.197385918889,0.03678462721650286,360,215,Current,Current,none,0,0.0,0.0,0.0,0,35.782642,1.4538614e+06,36.08264,0.0,0.0,0,382
13448,2008-01-01,2005-07-01,30,2005,176921.0,176921.0,865.9713576407295,0.04207719218030552,360,330,Current,Current,none,0,0.0,0.0,0.0,0,82.12601,215426.27,89.42601,0.0,0.0,0,118
13449,2008-01-01,1999-07-01,102,1999,375169.0,375169.0,1586.590881978169,0.03024014800477397,360,258,Current,Current,none,0,0.0,0.0,0.0,0,52.15358,719354.3,64.05358,0.0,0.0,0,141
13458,2008-01-01,2000-03-01,94,2000,303152.0,303152.0,1201.90200137206,0.025258928878485028,360,266,Current,Current,none,0,0.0,0.0,0.0,0,34.34077,882775.8,37.74077,0.0,0.0,0,721
13459,2008-01-01,1998-08-01,113,1998,330921.0,330921.0,1353.8460648639243,0.027664791769354838,360,247,Current,Current,none,0,0.0,0.0,0.0,0,24.096691,1.3733048e+06,30.096691,0.0,0.0,0,639
13467,2008-01-01,2000-02-01,95,2000,165658.0,165658.0,632.9159425363396,0.022463861142898903,360,265,Current,Current,none,0,0.0,0.0,0.0,0,48.205605,343648.84,54.005604,0.0,0.0,0,284
13472,2008-01-01,1998-11-01,110,1998,289107.0,289107.0,1287.9132289257047,0.034360000837007736,360,250,Current,Current,none,0,0.0,0.0,0.0,0,45.322544,637887.9,55.122543,0.0,0.0,0,394
13473,2008-01-01,2005-02-01,35,2005,428469.0,428469.0,1844.9118308744999,0.03165503182715911,360,325,Current,Current,none,0,0.0,0.0,0.0,0,72.59725,590200.0,75.397255,0.0,0.0,0,754
13478,2008-01-01,1998-09-01,112,1998,220578.0,220578.0,1524.6303114097411,0.03012808215097626,180,68,Current,Current,none,0,0.0,0.0,0.0,0,44.728367,493150.12,46.328365,0.0,0.0,0,551
13479,2008-01-01,2004-01-01,48,2004,284060.0,284060.0,1362.4113763986518,0.04038213679505281,360,312,Current,Current,none,0,0.0,0.0,0.0,0,43.015217,660370.94,43.515217,0.0,0.0,0,998
13483,2008-01-01,2001-11-01,74,2001,404108.0,404108.0,2706.433409822717,0.02562391748327828,180,106,Current,Current,none,0,0.0,0.0,0.0,0,47.194458,856261.56,47.394455,0.0,0.0,0,217
13484,2008-01-01,2008-01-01,0,2008,237457.0,237457.0,1218.943268706749,0.0461150571274654,360,360,Current,Current,none,0,0.0,0.0,0.0,0,72.7,326625.88,75.9,0.0,0.0,0,484
13487,2008-01-01,1997-12-01,121,1997,416656.0,416656.0,3493.511305702536,0.059000075809559634,180,59,Current,Current,none,0,0.0,0.0,0.0,0,37.972775,1.0972492e+06,38.072773,0.0,0.0,0,650
13491,2008-01-01,1994-10-01,159,1994,102549.0,102549.0,454.61273459088466,0.03396960085647504,360,201,Current,Current,none,0,0.0,0.0,0.0,0,35.58093,288213.38,35.98093,0.0,0.0,0,779
13494,2008-01-01,1999-11-01,98,1999,192644.0,192644.0,1532.8377960440355,0.050937175621451405,180,82,Current,Current,none,0,0.0,0.0,0.0,0,46.363956,415503.8,49.163956,0.0,0.0,0,640
13495,2008-01-01,1996-02-01,143,1996,245708.0,245708.0,1877.172862778085,0.044802684240486265,180,37,Current,Current,none,0,0.0,0.0,0.0,0,41.966095,585491.7,42.066097,0.0,0.0,0,624
13498,2008-01-01,1994-12-01,157,1994,641026.0,641026.0,2330.5623847215747,0.018783838035975935,360,203,Current,Current,none,0,0.0,0.0,0.0,0,43.204185,1.4837128e+06,46.204185,0.0,0.0,0,293
13499,2008-01-01,2004-09-01,40,2004,113222.0,113222.0,837.942832709002,0.04007989280919933,180,140,Current,Current,none,0,0.0,0.0,0.0,0,85.86083,131866.88,88.46083,0.0,0.0,0,358
13501,2008-01-01,2000-08-01,89,2000,124971.0,124971.0,465.71360724844476,0.020606019274382503,360,271,Current,Current,none,0,0.0,0.0,0.0,0,37.98255,329022.12,37.98255,0.0,0.0,0,867
13507,2008-01-01,1996-02-01,143,1996,413612.0,413612.0,1739.5734143282261,0.029810180766638,360,217,Current,Current,none,0,0.0,0.0,0.0,0,36.446747,1.1348394e+06,37.346745,0.0,0.0,0,860
13512,2008-01-01,1999-01-01,108,1999,312093.0,312093.0,2076.9385931425422,0.024723220181269344,180,72,Current,Current,none,0,0.0,0.0,0.0,0,37.502277,832197.44,37.502277,0.0,0.0,0,924
13514,2008-01-01,1998-02-01,119,1998,401809.0,401809.0,2609.940820401171,0.02130764584524572,180,61,Current,Current,none,0,0.0,0.0,0.0,0,33.555096,1.1974604e+06,34.955097,0.0,0.0,0,618
13515,2008-01-01,1994-03-01,166,1994,414799.0,414799.0,1845.069463537548,0.03423953785083712,360,194,Current,Current,none,0,0.0,0.0,0.0,0,21.570477,1.9229941e+06,21.670477,0.0,0.0,0,788
13517,2008-01-01,2006-03-01,22,2006,199301.0,199301.0,999.5635316203368,0.04413093322340016,360,338,Current,Current,none,0,0.0,0.0,0.0,0,84.17675,236764.9,89.67675,0.0,0.0,0,327
13520,2008-01-01,1994-07-01,162,1994,399069.0,399069.0,1663.323094568251,0.02910657275019739,360,198,Current,Current,none,0,0.0,0.0,0.0,0,42.072376,948529.75,44.772377,0.0,0.0,0,875
13521,2008-01-01,1994-07-01,162,1994,544602.0,544602.0,2534.2642448284373,0.03789194449551826,360,198,Current,Current,none,0,0.0,0.0,0.0,0,42.212772,1.2901356e+06,50.812775,0.0,0.0,0,602
13525,2008-01-01,2005-05-01,32,2005,255500.0,255500.0,1225.6814988249707,0.04039905948666392,360,328,Current,Current,none,0,0.0,0.0,0.0,0,95.93428,266328.16,98.93428,0.0,0.0,0,666
13527,2008-01-01,2001-11-01,74,2001,194208.0,194208.0,737.5204211163871,0.022011250359093223,360,286,Current,Current,none,0,0.0,0.0,0.0,0,51.324818,378390.03,52.72482,0.0,0.0,0,716
13528,2008-01-01,1996-10-01,135,1996,634495.0,634495.0,2502.1382450908695,0.0248518632081094,360,225,Current,Current,none,0,0.0,0.0,0.0,0,40.280033,1.5752096e+06,62.780033,0.0,0.0,0,367
13529,2008-01-01,2003-08-01,53,2003,97464.0,97464.0,453.01312427758904,0.03779664276705408,360,307,Current,Current,none,0,0.0,0.0,0.0,0,71.36978,136562.0,84.76978,0.0,0.0,0,332
13537,2008-01-01,2002-07-01,66,2002,199588.0,199588.0,880.5774234134922,0.03358756814732479,360,294,Current,Current,none,0,0.0,0.0,0.0,0,46.19972,432011.28,46.29972,0.0,0.0,0,861
13538,2008-01-01,2000-06-01,91,2000,93468.0,93468.0,384.4506624562654,0.028079640371705204,360,269,Current,Current,none,0,0.0,0.0,0.0,0,57.614532,162229.9,64.514534,0.0,0.0,0,470
13539,2008-01-01,1994-09-01,160,1994,177022.0,177022.0,636.7454708362812,0.018,360,200,Current,Current,none,0,0.0,0.0,0.0,0,26.2512,674338.75,26.851198,0.0,0.0,0,843
13542,2008-01-01,2001-06-01,79,2001,84526.0,84526.0,446.770802480796,0.04864320777399202,360,281,Current,Current,none,0,0.0,0.0,0.0,0,46.67911,181078.84,47.779114,0.0,0.0,0,222
13548,2008-01-01,1999-03-01,106,1999,622679.0,622679.0,2574.670004573938,0.02848600365398757,360,254,Current,Current,none,0,0.0,0.0,0.0,0,38.193424,1.6303305e+06,38.293423,0.0,0.0,0,318
13549,2008-01-01,2007-03-01,10,2007,130057.0,130057.0,467.8130723896139,0.018,360,350,Current,Current,none,0,0.0,0.0,0.0,0,82.21532,158190.72,89.61532,0.0,0.0,0,424
13552,2008-01-01,1993-12-01,169,1993,461307.0,461307.0,1687.5353818304536,0.01923709849869512,360,191,Current,Current,none,0,0.0,0.0,0.0,0,23.012846,2.004563e+06,24.112846,0.0,0.0,0,319
13553,2008-01-01,2002-01-01,72,2002,275970.0,275970.0,1303.0281718771853,0.039086339322998764,360,288,Current,Current,none,0,0.0,0.0,0.0,0,35.936195,767944.4,37.2362,0.0,0.0,0,449
13556,2008-01-01,2005-02-01,35,2005,125136.0,125136.0,450.11230942238194,0.018,360,325,Current,Current,none,0,0.0,0.0,0.0,0,52.531258,238212.45,55.73126,0.0,0.0,0,386
13559,2008-01-01,1997-04-01,129,1997,348332.0,348332.0,1827.2150697518166,0.04798279407067863,360,231,Current,Current,none,0,0.0,0.0,0.0,0,31.839315,1.094031e+06,34.339317,0.0,0.0,0,570
13565,2008-01-01,2006-10-01,15,2006,99446.0,99446.0,510.6666113721449,0.04614502882936319,360,345,Current,Current,none,0,0.0,0.0,0.0,0,83.70153,118810.25,92.30153,0.0,0.0,0,776
13566,2008-01-01,1996-08-01,137,1996,184604.0,184604.0,1565.7949707977607,0.06080114939700814,180,43,Current,Current,none,0,0.0,0.0,0.0,0,28.797913,641032.56,38.297913,0.0,0.0,0,429
13568,2008-01-01,2001-10-01,75,2001,196756.0,196756.0,1360.2294511562702,0.030155148845541456,180,105,Current,Current,none,0,0.0,0.0,0.0,0,47.942333,410401.38,48.842335,0.0,0.0,0,645
13569,2008-01-01,2004-04-01,45,2004,143099.0,143099.0,514.724950182469,0.018,360,315,Current,Current,none,0,0.0,0.0,0.0,0,55.711708,256856.25,58.311707,0.0,0.0,0,638
13570,2008-01-01,2001-10-01,75,2001,238894.0,238894.0,1153.9365158723695,0.04097146558921406,360,285,Current,Current,none,0,0.0,0.0,0.0,0,57.544327,415147.78,57.744328,0.0,0.0,0,335
13571,2008-01-01,1994-03-01,166,1994,333066.0,333066.0,2112.772546634053,0.018,180,14,Current,Current,none,0,0.0,0.0,0.0,0,31.554264,1.055534e+06,33.154263,0.0,0.0,0,647
13572,2008-01-01,2003-04-01,57,2003,119177.0,119177.0,428.67787607108437,0.018,360,303,Current,Current,none,0,0.0,0.0,0.0,0,42.180004,282543.84,43.280003,0.0,0.0,0,183
13578,2008-01-01,2007-12-01,1,2007,585017.0,585017.0,2203.2064458233995,0.02138929709663933,360,359,Current,Current,none,0,0.0,0.0,0.0,0,65.250755,896567.4,89.45076,0.0,0.0,0,704
13582,2008-01-01,1997-05-01,128,1997,142834.0,142834.0,677.6549143857014,0.039482261844996654,360,232,Current,Current,none,0,0.0,0.0,0.0,0,37.60048,379872.8,39.700478,0.0,0.0,0,805
13586,2008-01-01,2007-01-01,12,2007,295930.0,295930.0,1319.754779225304,0.0344479139377248,360,348,Current,Current,none,0,0.0,0.0,0.0,0,84.58876,349845.53,91.788765,0.0,0.0,0,345
13587,2008-01-01,2000-07-01,90,2000,508836.0,508836.0,2142.307630707181,0.029891898304712804,360,270,Current,Current,none,0,0.0,0.0,0.0,0,52.529022,968675.94,59.729023,0.0,0.0,0,361
13589,2008-01-01,1996-11-01,134,1996,328171.0,328171.0,1371.5545357582662,0.029318786193300573,360,226,Current,Current,none,0,0.0,0.0,0.0,0,32.088448,1.02270756e+06,32.088448,0.0,0.0,0,838
13591,2008-01-01,2003-12-01,49,2003,173718.0,173718.0,883.6532066480397,0.04533387810847616,360,311,Current,Current,none,0,0.0,0.0,0.0,0,62.763878,276780.22,69.76388,0.0,0.0,0,810
13592,2008-01-01,2000-01-01,96,2000,146176.0,146176.0,964.070491019327,0.02345210729937259,180,84,Current,Current,none,0,0.0,0.0,0.0,0,49.802425,293511.8,49.802425,0.0,0.0,0,450
13593,2008-01-01,2007-06-01,7,2007,181564.0,181564.0,937.8651712448366,0.04665196160113018,360,353,Current,Current,none,0,0.0,0.0,0.0,0,81.60275,222497.4,89.80275,0.0,0.0,0,586
13595,2008-01-01,2000-03-01,94,2000,248777.0,248777.0,1270.6445633761762,0.04568381042268589,360,266,Current,Current,none,0,0.0,0.0,0.0,0,44.36424,560760.2,46.76424,0.0,0.0,0,882
13597,2008-01-01,1998-07-01,114,1998,216498.0,216498.0,778.7400489493579,0.018,360,246,Current,Current,none,0,0.0,0.0,0.0,0,27.935717,774986.4,28.035717,0.0,0.0,0,435
13599,2008-01-01,1993-08-01,173,1993,134312.0,134312.0,938.4587392580163,0.03168521785764025,180,7,Current,Current,none,0,0.0,0.0,0.0,0,37.769375,355610.84,37.969376,0.0,0.0,0,895
13606,2008-01-01,2002-11-01,62,2002,412822.0,412822.0,1873.855579760246,0.035869736975593765,360,298,Current,Current,none,0,0.0,0.0,0.0,0,49.154537,839845.2,49.454536,0.0,0.0,0,651
13608,2008-01-01,2006-10-01,15,2006,447492.0,447492.0,1652.156656112029,0.019916812791364508,360,345,Current,Current,none,0,0.0,0.0,0.0,0,95.42835,468929.8,103.728355,0.0,0.0,0,561
13609,2008-01-01,2007-12-01,1,2007,105784.0,105784.0,439.1723674867566,0.028799954135690472,360,359,Current,Current,none,0,0.0,0.0,0.0,0,61.299236,172569.86,70.699234,0.0,0.0,0,938
13612,2008-01-01,2002-01-01,72,2002,220118.0,220118.0,1101.69496873172,0.043956161263028,360,288,Current,Current,none,0,0.0,0.0,0.0,0,49.208088,447320.78,54.10809,0.0,0.0,0,213
13616,2008-01-01,2004-03-01,46,2004,762301.0,762301.0,2741.9852287510485,0.018,360,314,Current,Current,none,0,0.0,0.0,0.0,0,51.879086,1.4693801e+06,53.279087,0.0,0.0,0,687
13618,2008-01-01,2002-12-01,61,2002,231575.0,231575.0,979.5633690328501,0.030258688125924076,360,299,Current,Current,none,0,0.0,0.0,0.0,0,51.878754,446377.34,52.678753,0.0,0.0,0,792
13619,2008-01-01,2000-08-01,89,2000,366763.0,366763.0,1319.240993324711,0.018,360,271,Current,Current,none,0,0.0,0.0,0.0,0,39.103348,937932.5,40.30335,0.0,0.0,0,929
13624,2008-01-01,2000-05-01,92,2000,472183.0,472183.0,1698.4351473595812,0.018,360,268,Current,Current,none,0,0.0,0.0,0.0,0,34.248558,1.3786945e+06,34.248558,0.0,0.0,0,563
13627,2008-01-01,1998-02-01,119,1998,464160.0,464160.0,1669.5765370596214,0.018,360,241,Current,Current,none,0,0.0,0.0,0.0,0,27.988117,1.6584181e+06,28.388117,0.0,0.0,0,604
13628,2008-01-01,1993-06-01,175,1993,319634.0,319634.0,2197.9879888034875,0.029391271251217148,180,5,Current,Current,none,0,0.0,0.0,0.0,0,28.228662,1.132303e+06,43.328663,0.0,0.0,0,446
13631,2008-01-01,1995-12-01,145,1995,655396.0,655396.0,2976.554551386798,0.03591382117320402,360,215,Current,Current,none,0,0.0,0.0,0.0,0,30.97033,2.1162062e+06,56.17033,0.0,0.0,0,252
13641,2008-01-01,2006-11-01,14,2006,221292.0,221292.0,856.4022022886625,0.023428890540794108,360,346,Current,Current,none,0,0.0,0.0,0.0,0,101.11264,218856.9,112.31264,0.0,0.0,0,911
13646,2008-01-01,2005-03-01,34,2005,137689.0,137689.0,666.2766908812652,0.04112085745692844,360,326,Current,Current,none,0,0.0,0.0,0.0,0,90.71764,151777.53,94.11764,0.0,0.0,0,829
13647,2008-01-01,2004-11-01,38,2004,124117.0,124117.0,515.5584445244334,0.028841366016014,360,322,Current,Current,none,0,0.0,0.0,0.0,0,70.33537,176464.55,98.93537,0.0,0.0,0,839
13649,2008-01-01,2006-08-01,17,2006,153597.0,153597.0,1034.6670012839952,0.026447473413363107,180,163,Current,Current,none,0,0.0,0.0,0.0,0,86.34034,177897.14,121.34034,0.0,0.0,0,395
13652,2008-01-01,1996-12-01,133,1996,285733.0,285733.0,1054.3600473981044,0.01987643054855172,360,227,Current,Current,none,0,0.0,0.0,0.0,0,42.702,669132.56,44.402,0.0,0.0,0,685
13656,2008-01-01,1998-01-01,120,1998,178697.0,178697.0,878.860455957057,0.042478837928567874,360,240,Current,Current,none,0,0.0,0.0,0.0,0,44.479748,401749.12,50.17975,0.0,0.0,0,837
13660,2008-01-01,2000-03-01,94,2000,451806.0,451806.0,1989.7717585006303,0.033443978526799284,360,266,Current,Current,none,0,0.0,0.0,0.0,0,32.739388,1.3800075e+06,34.339386,0.0,0.0,0,477
13661,2008-01-01,1999-12-01,97,1999,213104.0,213104.0,766.5318820095519,0.018,360,263,Current,Current,none,0,0.0,0.0,0.0,0,51.784874,411517.84,51.884872,0.0,0.0,0,706
13672,2008-01-01,1997-03-01,130,1997,440206.0,440206.0,2142.90246956017,0.04161889116100769,360,230,Current,Current,none,0,0.0,0.0,0.0,0,41.10205,1.0710074e+06,41.60205,0.0,0.0,0,484
13673,2008-01-01,2005-08-01,29,2005,288969.0,288969.0,1279.16635268841,0.03385282710145706,360,331,Current,Current,none,0,0.0,0.0,0.0,0,81.75289,353466.38,86.052895,0.0,0.0,0,923
13677,2008-01-01,1995-12-01,145,1995,456517.0,456517.0,1808.1647965934856,0.02518401697610213,360,215,Current,Current,none,0,0.0,0.0,0.0,0,37.64086,1.2128229e+06,38.040863,0.0,0.0,0,258
13680,2008-01-01,1999-08-01,101,1999,214282.0,214282.0,998.1930121595491,0.03797788730948696,360,259,Current,Current,none,0,0.0,0.0,0.0,0,49.38455,433904.94,53.184547,0.0,0.0,0,829
13682,2008-01-01,2007-12-01,1,2007,136266.0,136266.0,632.9473892469082,0.03774272746437244,360,359,Current,Current,none,0,0.0,0.0,0.0,0,84.09647,162035.33,90.59647,0.0,0.0,0,667
13683,2008-01-01,2006-08-01,17,2006,673150.0,673150.0,2625.1700539297512,0.024008053836650278,360,343,Current,Current,none,0,0.0,0.0,0.0,0,88.064995,764378.6,96.36499,0.0,0.0,0,975
13684,2008-01-01,2005-06-01,31,2005,425857.0,425857.0,2095.9343236016634,0.04253905789754875,360,329,Current,Current,none,0,0.0,0.0,0.0,0,95.522545,445818.3,99.022545,0.0,0.0,0,126
13688,2008-01-01,1999-11-01,98,1999,477739.0,477739.0,1718.4199957737128,0.018,360,262,Current,Current,none,0,0.0,0.0,0.0,0,32.396812,1.4746481e+06,32.696815,0.0,0.0,0,491
13689,2008-01-01,2002-02-01,71,2002,380079.0,380079.0,1631.0343663776528,0.03138867721343996,360,289,Current,Current,none,0,0.0,0.0,0.0,0,62.396374,609136.4,71.996376,0.0,0.0,0,236
13691,2008-01-01,2006-08-01,17,2006,728336.0,728336.0,2856.703363102246,0.024441501210699452,360,343,Current,Current,none,0,0.0,0.0,0.0,0,80.62743,903335.2,86.027435,0.0,0.0,0,183
13693,2008-01-01,2004-04-01,45,2004,362057.0,362057.0,1726.9767548210993,0.03992626394787755,360,315,Current,Current,none,0,0.0,0.0,0.0,0,69.46874,521179.75,72.46874,0.0,0.0,0,339
13695,2008-01-01,2004-12-01,37,2004,330677.0,330677.0,1537.3881548791585,0.037817914187439856,360,323,Current,Current,none,0,0.0,0.0,0.0,0,81.52571,405610.7,95.325714,0.0,0.0,0,902
13701,2008-01-01,1999-09-01,100,1999,126051.0,126051.0,533.7332721216223,0.030337502567848548,360,260,Current,Current,none,0,0.0,0.0,0.0,0,52.973812,237949.66,61.973812,0.0,0.0,0,259
13704,2008-01-01,2003-06-01,55,2003,203110.0,203110.0,975.5014682511098,0.04049654029764644,360,305,Current,Current,none,0,0.0,0.0,0.0,0,65.02541,312354.8,69.52541,0.0,0.0,0,731
13705,2008-01-01,1996-11-01,134,1996,456535.0,456535.0,3558.627940715859,0.04782042064848982,180,46,Current,Current,none,0,0.0,0.0,0.0,0,46.447662,982901.94,47.047665,0.0,0.0,0,726
13706,2008-01-01,2000-06-01,91,2000,273345.0,273345.0,1035.1426293900065,0.021801780711870847,360,269,Current,Current,none,0,0.0,0.0,0.0,0,44.68191,611757.6,44.88191,0.0,0.0,0,399
13707,2008-01-01,2003-12-01,49,2003,335412.0,335412.0,1469.7124591615416,0.0330410353815628,360,311,Current,Current,none,0,0.0,0.0,0.0,0,59.254326,566054.9,59.454323,0.0,0.0,0,841
13708,2008-01-01,2005-04-01,33,2005,168925.0,168925.0,705.5333839259322,0.029266932105348187,360,327,Current,Current,none,0,0.0,0.0,0.0,0,79.16821,213374.78,106.468216,0.0,0.0,0,721
13709,2008-01-01,1997-08-01,125,1997,559444.0,559444.0,3769.3160979551462,0.026476313237342394,180,55,Current,Current,none,0,0.0,0.0,0.0,0,42.703857,1.310055e+06,44.603855,0.0,0.0,0,521
13711,2008-01-01,2001-07-01,78,2001,166917.0,166917.0,730.5456254293326,0.032948200279427874,360,282,Current,Current,none,0,0.0,0.0,0.0,0,47.07308,354591.22,49.57308,0.0,0.0,0,948
13713,2008-01-01,2004-03-01,46,2004,950424.0,950424.0,5287.1840133269125,0.053159796305356305,360,314,Current,Current,none,0,0.0,0.0,0.0,0,66.61746,1.426689e+06,66.61746,0.0,0.0,0,836
13714,2008-01-01,1996-06-01,139,1996,414658.0,414658.0,2112.3877798560925,0.04546113020785329,360,221,Current,Current,none,0,0.0,0.0,0.0,0,36.89338,1.123936e+06,41.39338,0.0,0.0,0,769
13715,2008-01-01,2003-09-01,52,2003,243002.0,243002.0,1171.468254994792,0.04080739465650684,360,308,Current,Current,none,0,0.0,0.0,0.0,0,49.597866,489944.47,58.097866,0.0,0.0,0,383
13722,2008-01-01,2003-12-01,49,2003,297485.0,297485.0,2050.2291165852316,0.029709925072066462,180,131,Current,Current,none,0,0.0,0.0,0.0,0,60.233734,493884.38,64.633736,0.0,0.0,0,864
13725,2008-01-01,1996-04-01,141,1996,357220.0,357220.0,1480.395016699608,0.028661782902281316,360,219,Current,Current,none,0,0.0,0.0,0.0,0,34.41873,1.03786506e+06,51.318733,0.0,0.0,0,757
13728,2008-01-01,1998-07-01,114,1998,171194.0,171194.0,908.180852952048,0.0489623765868813,360,246,Current,Current,none,0,0.0,0.0,0.0,0,47.05522,363815.12,47.25522,0.0,0.0,0,150
13729,2008-01-01,1994-12-01,157,1994,461643.0,461643.0,1762.401389208386,0.022406064588958198,360,203,Current,Current,none,0,0.0,0.0,0.0,0,34.591434,1.3345588e+06,36.591434,0.0,0.0,0,226
13733,2008-01-01,2007-07-01,6,2007,262010.0,262010.0,999.2259908922887,0.022327999711473687,360,354,Current,Current,none,0,0.0,0.0,0.0,0,96.80357,270661.5,119.30357,0.0,0.0,0,852
13736,2008-01-01,1999-06-01,103,1999,1819790.0,1.81979e+06,7851.909973033916,0.031818248318335386,360,257,Current,Current,none,0,0.0,0.0,0.0,0,34.6978,5.244684e+06,34.7978,0.0,0.0,0,556
13746,2008-01-01,2000-04-01,93,2000,216105.0,216105.0,840.3114395433878,0.02378716211273968,360,267,Current,Current,none,0,0.0,0.0,0.0,0,46.572037,464023.06,50.67204,0.0,0.0,0,502
13747,2008-01-01,1999-09-01,100,1999,572140.0,572140.0,2618.771351899678,0.03654532611499454,360,260,Current,Current,none,0,0.0,0.0,0.0,0,39.917294,1.4333136e+06,40.217293,0.0,0.0,0,561
13750,2008-01-01,1994-07-01,162,1994,101952.0,101952.0,674.6817479577205,0.023930019913573512,180,18,Current,Current,none,0,0.0,0.0,0.0,0,44.318733,230042.69,56.118732,0.0,0.0,0,254
13751,2008-01-01,2007-04-01,9,2007,406190.0,406190.0,2471.8250968369684,0.06139354722019157,360,351,Current,Current,none,0,0.0,0.0,0.0,0,68.3475,594301.1,79.3475,0.0,0.0,0,908
13752,2008-01-01,1995-07-01,150,1995,257062.0,257062.0,924.6481466942873,0.018,360,210,Current,Current,none,0,0.0,0.0,0.0,0,33.8348,759756.25,45.7348,0.0,0.0,0,803
13754,2008-01-01,1998-08-01,113,1998,520575.0,520575.0,2767.982790688882,0.049162756321067605,360,247,Current,Current,none,0,0.0,0.0,0.0,0,39.21723,1.327414e+06,45.01723,0.0,0.0,0,666
13765,2008-01-01,2005-11-01,26,2005,318364.0,318364.0,2539.439072436239,0.05131348377923257,180,154,Current,Current,none,0,0.0,0.0,0.0,0,101.66614,313146.53,104.26614,0.0,0.0,0,600
13766,2008-01-01,2007-08-01,5,2007,314607.0,314607.0,1651.7245896598295,0.04805734427810237,360,355,Current,Current,none,0,0.0,0.0,0.0,0,90.498375,347638.28,101.498375,0.0,0.0,0,914
13770,2008-01-01,1999-08-01,101,1999,1714868.0,1.714868e+06,11720.290786126565,0.028512791156548308,180,79,Current,Current,none,0,0.0,0.0,0.0,0,39.541973,4.3368295e+06,39.741974,0.0,0.0,0,296
13773,2008-01-01,2001-04-01,81,2001,300984.0,300984.0,1276.1604857753077,0.030442838112467945,360,279,Current,Current,none,0,0.0,0.0,0.0,0,53.5179,562398.75,56.2179,0.0,0.0,0,963
13778,2008-01-01,2001-12-01,73,2001,127452.0,127452.0,505.23184450964675,0.02524761569765514,360,287,Current,Current,none,0,0.0,0.0,0.0,0,35.682625,357182.25,37.582623,0.0,0.0,0,438
13779,2008-01-01,2001-09-01,76,2001,204760.0,204760.0,987.7995222398523,0.040865456098402336,360,284,Current,Current,none,0,0.0,0.0,0.0,0,55.277092,370424.72,55.87709,0.0,0.0,0,714
13782,2008-01-01,1995-11-01,146,1995,246391.0,246391.0,910.424092342123,0.019976865226589344,360,214,Current,Current,none,0,0.0,0.0,0.0,0,31.92176,771859.06,33.42176,0.0,0.0,0,676
13784,2008-01-01,1999-03-01,106,1999,354217.0,354217.0,1281.134954202582,0.018402231856411023,360,254,Current,Current,none,0,0.0,0.0,0.0,0,24.623266,1.4385459e+06,24.723267,0.0,0.0,0,347
13786,2008-01-01,2004-12-01,37,2004,147622.0,147622.0,553.7896406269866,0.02109918024947626,360,323,Current,Current,none,0,0.0,0.0,0.0,0,73.64211,200458.67,73.64211,0.0,0.0,0,449
13788,2008-01-01,2000-11-01,86,2000,274013.0,274013.0,1005.3781318562229,0.019456779285646035,360,274,Current,Current,none,0,0.0,0.0,0.0,0,47.728592,574106.56,47.728592,0.0,0.0,0,862
13789,2008-01-01,1993-09-01,172,1993,305706.0,305706.0,1288.1787477802784,0.029958138988143344,360,188,Current,Current,none,0,0.0,0.0,0.0,0,31.128574,982075.2,42.828575,0.0,0.0,0,594
13791,2008-01-01,1998-08-01,113,1998,233270.0,233270.0,891.5119243601397,0.022487092933397942,360,247,Current,Current,none,0,0.0,0.0,0.0,0,30.668516,760617.2,41.468517,0.0,0.0,0,901
13794,2008-01-01,2003-06-01,55,2003,426223.0,426223.0,1558.095696619837,0.019185313540794287,360,305,Current,Current,none,0,0.0,0.0,0.0,0,53.81145,792067.5,54.61145,0.0,0.0,0,509
13795,2008-01-01,2004-10-01,39,2004,340417.0,340417.0,1486.6189811186418,0.032772858525206075,360,321,Current,Current,none,0,0.0,0.0,0.0,0,76.561134,444634.22,84.76113,0.0,0.0,0,166
13797,2008-01-01,2001-07-01,78,2001,161691.0,161691.0,933.5911094192143,0.05652473022586009,360,282,Current,Current,none,0,0.0,0.0,0.0,0,58.15695,278025.22,58.45695,0.0,0.0,0,669
13800,2008-01-01,2008-01-01,0,2008,95042.0,95042.0,414.0318142787876,0.0325772427648878,360,360,Current,Current,none,0,0.0,0.0,0.0,0,52.5,181032.38,59.7,0.0,0.0,0,494
13803,2008-01-01,1997-01-01,132,1997,889001.0,889001.0,5639.293433524345,0.018,180,48,Current,Current,none,0,0.0,0.0,0.0,0,45.261395,1.9641485e+06,46.861393,0.0,0.0,0,423
13805,2008-01-01,2000-02-01,95,2000,304236.0,304236.0,1094.332314996706,0.018,360,265,Current,Current,none,0,0.0,0.0,0.0,0,28.98215,1.0497358e+06,32.48215,0.0,0.0,0,436
13809,2008-01-01,2005-02-01,35,2005,388745.0,388745.0,1398.3099166219463,0.018,360,325,Current,Current,none,0,0.0,0.0,0.0,0,72.40795,536881.6,79.30795,0.0,0.0,0,879
13811,2008-01-01,2004-06-01,43,2004,581379.0,581379.0,3687.9224850016485,0.018,180,137,Current,Current,none,0,0.0,0.0,0.0,0,62.55641,929367.56,62.656414,0.0,0.0,0,826
13812,2008-01-01,2007-01-01,12,2007,163790.0,163790.0,702.5810176943021,0.03135598520227492,360,348,Current,Current,none,0,0.0,0.0,0.0,0,89.07453,183879.72,93.07453,0.0,0.0,0,115
13813,2008-01-01,2007-02-01,11,2007,432737.0,432737.0,2161.3889454131036,0.043781218864841216,360,349,Current,Current,none,0,0.0,0.0,0.0,0,94.39324,458440.66,129.29324,0.0,0.0,0,872
13814,2008-01-01,1999-10-01,99,1999,447844.0,447844.0,1620.9280702535625,0.018454791571399665,360,261,Current,Current,none,0,0.0,0.0,0.0,0,46.678345,959425.56,46.978348,0.0,0.0,0,553
13817,2008-01-01,2001-05-01,80,2001,376256.0,376256.0,1860.7178230523116,0.04294270301489313,360,280,Current,Current,none,0,0.0,0.0,0.0,0,59.68331,630420.8,62.08331,0.0,0.0,0,865
13821,2008-01-01,1994-10-01,159,1994,314450.0,314450.0,1994.6837182092377,0.018,180,21,Current,Current,none,0,0.0,0.0,0.0,0,24.22132,1.2982365e+06,24.22132,0.0,0.0,0,216
13822,2008-01-01,2004-07-01,42,2004,207911.0,207911.0,832.6757839245582,0.026029881936314586,360,318,Current,Current,none,0,0.0,0.0,0.0,0,59.12719,351633.5,60.727192,0.0,0.0,0,161
13824,2008-01-01,2002-05-01,68,2002,377330.0,377330.0,2065.5157260068017,0.05172332836448223,360,292,Current,Current,none,0,0.0,0.0,0.0,0,55.28362,682534.94,60.28362,0.0,0.0,0,259
13830,2008-01-01,1998-01-01,120,1998,427368.0,427368.0,2806.9631487917013,0.022868590589466962,180,60,Current,Current,none,0,0.0,0.0,0.0,0,40.35276,1.05908e+06,41.65276,0.0,0.0,0,768
13833,2008-01-01,2003-12-01,49,2003,315027.0,315027.0,1133.147379654174,0.018,360,311,Current,Current,none,0,0.0,0.0,0.0,0,63.416817,496756.25,64.21682,0.0,0.0,0,197
13836,2008-01-01,1994-04-01,165,1994,381442.0,381442.0,2843.3590627869344,0.04114198240236944,180,15,Current,Current,none,0,0.0,0.0,0.0,0,37.95243,1.0050529e+06,38.05243,0.0,0.0,0,111
13839,2008-01-01,1997-12-01,121,1997,580193.0,580193.0,2300.823751900193,0.025276847742805267,360,239,30 DPD,Delinquent,none,0,0.0,0.0,0.0,1,36.195972,1.6029214e+06,38.795975,0.0,0.0,0,563
13844,2008-01-01,2000-04-01,93,2000,677207.0,677207.0,2653.5362892922285,0.024366545828437128,360,267,Current,Current,none,0,0.0,0.0,0.0,0,41.59716,1.6280125e+06,51.99716,0.0,0.0,0,101
13845,2008-01-01,2005-06-01,31,2005,410240.0,410240.0,2038.0580716682016,0.043327525050952956,360,329,Current,Current,none,0,0.0,0.0,0.0,0,74.60814,549859.6,80.408134,0.0,0.0,0,281
13846,2008-01-01,2005-10-01,27,2005,262695.0,262695.0,1360.6150812725336,0.0468846625118899,360,333,Current,Current,none,0,0.0,0.0,0.0,0,87.45651,300372.16,90.65651,0.0,0.0,0,635
13850,2008-01-01,2003-10-01,51,2003,188776.0,188776.0,884.8121873237657,0.03848281645746042,360,309,Current,Current,none,0,0.0,0.0,0.0,0,51.052635,369767.38,58.652637,0.0,0.0,0,680
13853,2008-01-01,1995-01-01,156,1995,198087.0,198087.0,1077.5465273916682,0.05116700065413912,360,204,Current,Current,none,0,0.0,0.0,0.0,0,42.42768,466881.5,46.727684,0.0,0.0,0,301
13854,2008-01-01,1997-02-01,131,1997,778476.0,778476.0,3339.146447998973,0.03135257676253587,360,229,Current,Current,none,0,0.0,0.0,0.0,0,33.178825,2.3463038e+06,33.178825,0.0,0.0,0,261
13856,2008-01-01,1999-06-01,103,1999,486472.0,486472.0,2796.4096315084453,0.05611980250619586,360,257,Current,Paid off,payoff,0,0.0,0.0,0.0,0,37.288868,1.3046038e+06,38.08887,0.0,0.0,0,462
13857,2008-01-01,2001-09-01,76,2001,331653.0,331653.0,1327.8324861207138,0.026005400286765266,360,284,Current,Current,none,0,0.0,0.0,0.0,0,51.969913,638163.44,53.069916,0.0,0.0,0,197
13858,2008-01-01,1998-04-01,117,1998,240932.0,240932.0,1400.6226445086472,0.05714746284157818,360,243,Current,Current,none,0,0.0,0.0,0.0,0,47.054657,512025.84,47.454655,0.0,0.0,0,187
13866,2008-01-01,1994-06-01,163,1994,131548.0,131548.0,522.1423604168128,0.02534588048135721,360,197,Current,Current,none,0,0.0,0.0,0.0,0,32.70441,402233.2,33.504414,0.0,0.0,0,991
13867,2008-01-01,2002-04-01,69,2002,190996.0,190996.0,841.1851166283399,0.03344692305533681,360,291,Current,Current,none,0,0.0,0.0,0.0,0,34.074448,560525.6,38.074448,0.0,0.0,1,372
13873,2008-01-01,1996-04-01,141,1996,161241.0,161241.0,1033.5398526951574,0.019452502732380902,180,39,Current,Current,none,0,0.0,0.0,0.0,0,36.098866,446665.0,37.298866,0.0,0.0,0,991
13874,2008-01-01,1996-02-01,143,1996,398383.0,398383.0,1668.1656268426148,0.029466861814620403,360,217,Current,Current,none,0,0.0,0.0,0.0,0,45.724964,871259.3,54.424965,0.0,0.0,0,514
13878,2008-01-01,2002-03-01,70,2002,328871.0,328871.0,2238.13778561909,0.07226039857564825,360,290,Current,Current,none,0,0.0,0.0,0.0,0,59.35241,554098.8,62.652412,0.0,0.0,0,139
13879,2008-01-01,1998-07-01,114,1998,335123.0,335123.0,1346.2688707963598,0.026263961322646714,360,246,Current,Current,none,0,0.0,0.0,0.0,0,44.665283,750298.6,46.665283,0.0,0.0,0,129
13881,2008-01-01,2007-08-01,5,2007,296747.0,296747.0,1067.394494663115,0.018,360,355,Current,Current,none,0,0.0,0.0,0.0,0,84.07184,352968.38,89.37183,0.0,0.0,0,701
13882,2008-01-01,1999-11-01,98,1999,331214.0,331214.0,1658.9694880971645,0.044019383095339246,360,262,Current,Current,none,0,0.0,0.0,0.0,0,48.044647,689387.94,52.744648,0.0,0.0,0,626
13883,2008-01-01,1997-05-01,128,1997,430120.0,430120.0,2549.408070938355,0.05893492782874313,360,232,Current,Current,none,0,0.0,0.0,0.0,0,36.90601,1.165447e+06,42.10601,0.0,0.0,0,707
13884,2008-01-01,2006-04-01,21,2006,286928.0,286928.0,1356.969262775766,0.03922013428893383,360,339,Current,Current,none,0,0.0,0.0,0.0,0,96.291855,297977.44,107.69186,0.0,0.0,0,295
13892,2008-01-01,2000-04-01,93,2000,228937.0,228937.0,823.4829448138973,0.018,360,267,Current,Current,none,0,0.0,0.0,0.0,0,44.594074,513379.84,44.794075,0.0,0.0,0,373
13895,2008-01-01,1999-10-01,99,1999,260563.0,260563.0,1939.0485862246644,0.0408941060035722,180,81,Current,Current,none,0,0.0,0.0,0.0,0,38.243893,681319.25,38.443893,0.0,0.0,0,732
13896,2008-01-01,1999-01-01,108,1999,195592.0,195592.0,791.4913753799198,0.02682306839149024,360,252,Current,Current,none,0,0.0,0.0,0.0,0,49.424965,395735.22,52.324966,0.0,0.0,0,754
13905,2008-01-01,2001-09-01,76,2001,144104.0,144104.0,736.571147938174,0.04574785788392611,360,284,Current,Current,none,0,0.0,0.0,0.0,0,46.50295,309881.44,60.00295,0.0,0.0,0,879
13909,2008-01-01,2005-08-01,29,2005,467456.0,467456.0,1804.602828211766,0.02324318389059501,360,331,Current,Current,none,0,0.0,0.0,0.0,0,71.98368,649391.6,77.58368,0.0,0.0,0,862
13911,2008-01-01,2006-11-01,14,2006,153513.0,153513.0,916.8248220844777,0.05963866884421841,360,346,Current,Current,none,0,0.0,0.0,0.0,0,78.464264,195647.02,85.56427,0.0,0.0,0,371
13912,2008-01-01,2000-01-01,96,2000,233639.0,233639.0,1018.3496856995755,0.03261989125206735,360,264,Current,Current,none,0,0.0,0.0,0.0,0,42.788002,546038.6,42.788002,0.0,0.0,0,511
13913,2008-01-01,1993-06-01,175,1993,461262.0,461262.0,1659.1524746578662,0.018,360,185,Current,Current,none,0,0.0,0.0,0.0,0,30.358274,1.5193948e+06,44.558273,0.0,0.0,0,868
13914,2008-01-01,1993-03-01,178,1993,111122.0,111122.0,432.2431894201072,0.023813695324907003,360,182,Current,Current,none,0,0.0,0.0,0.0,0,38.084736,291775.7,47.38474,0.0,0.0,0,264
13918,2008-01-01,1997-09-01,124,1997,145421.0,145421.0,588.0613636685042,0.026770113591803996,360,236,Current,Current,none,0,0.0,0.0,0.0,0,34.357708,423255.84,34.457706,0.0,0.0,0,220
13920,2008-01-01,1999-01-01,108,1999,682933.0,682933.0,2894.4722223218228,0.03041205610970656,360,252,Current,Current,none,0,0.0,0.0,0.0,0,40.37456,1.6914932e+06,48.274563,0.0,0.0,0,863
13922,2008-01-01,2007-09-01,4,2007,63468.0,63468.0,301.3298197601942,0.03954126236253753,360,356,Current,Current,none,0,0.0,0.0,0.0,0,84.913795,74744.04,88.913795,0.0,0.0,0,977
13924,2008-01-01,2002-12-01,61,2002,307343.0,307343.0,1949.601138513537,0.018,180,119,Current,Current,none,0,0.0,0.0,0.0,0,34.70971,885466.94,36.80971,0.0,0.0,1,363
13927,2008-01-01,1999-12-01,97,1999,220031.0,220031.0,822.8461625000477,0.020866635690741542,360,263,Current,Current,none,0,0.0,0.0,0.0,0,39.91508,551247.75,40.015083,0.0,0.0,0,817
13929,2008-01-01,1999-03-01,106,1999,268419.0,268419.0,1474.2763623277706,0.052021614755933955,360,254,Current,Current,none,0,0.0,0.0,0.0,0,30.149822,890283.9,30.149822,0.0,0.0,0,823
13930,2008-01-01,2004-09-01,40,2004,154311.0,154311.0,651.7159606241446,0.030136260656841232,360,320,Current,Current,none,0,0.0,0.0,0.0,0,55.39701,278554.75,61.89701,0.0,0.0,0,267
13931,2008-01-01,2004-03-01,46,2004,613569.0,613569.0,2508.48859686682,0.027612178476604698,360,314,Current,Current,none,0,0.0,0.0,0.0,0,64.76464,947382.75,64.76464,0.0,0.0,0,753
13935,2008-01-01,1996-05-01,140,1996,295295.0,295295.0,1628.6697308946918,0.05239279658897426,360,220,Current,Current,none,0,0.0,0.0,0.0,0,44.17861,668411.7,44.97861,0.0,0.0,0,256
13938,2008-01-01,1994-12-01,157,1994,208148.0,208148.0,811.359754999584,0.023972492644569424,360,203,Current,Current,none,0,0.0,0.0,0.0,0,30.051016,692648.8,50.851017,0.0,0.0,0,364
13939,2008-01-01,1997-11-01,122,1997,269046.0,269046.0,1177.3107602204102,0.03293315368274341,360,238,Current,Current,none,0,0.0,0.0,0.0,0,35.19444,764456.0,35.29444,0.0,0.0,0,402
13946,2008-01-01,2004-03-01,46,2004,307131.0,307131.0,1104.745586443594,0.018,360,314,Current,Current,none,0,0.0,0.0,0.0,0,47.5839,645451.5,47.5839,0.0,0.0,0,803
13949,2008-01-01,2000-02-01,95,2000,162494.0,162494.0,619.5051121545165,0.022304160262395508,360,265,Current,Current,none,0,0.0,0.0,0.0,0,49.91044,325571.2,51.110435,0.0,0.0,0,424
13950,2008-01-01,1993-11-01,170,1993,200285.0,200285.0,943.526145927044,0.038899350798440424,360,190,Current,Current,none,0,0.0,0.0,0.0,0,36.874836,543148.2,55.67484,0.0,0.0,0,789
13951,2008-01-01,2003-02-01,59,2003,263418.0,263418.0,1309.4931627088756,0.04338182566661069,360,301,Current,Current,none,0,0.0,0.0,0.0,0,50.707508,519485.22,52.007507,0.0,0.0,0,550
13953,2008-01-01,2000-01-01,96,2000,406054.0,406054.0,1460.5701292209744,0.018,360,264,Current,Current,none,0,0.0,0.0,0.0,0,44.77542,906868.06,44.77542,0.0,0.0,0,927
13960,2008-01-01,2000-10-01,87,2000,559549.0,559549.0,2012.6893350033913,0.018,360,273,Current,Current,none,0,0.0,0.0,0.0,0,34.3824,1.6274286e+06,34.5824,0.0,0.0,0,935
13963,2008-01-01,2007-11-01,2,2007,239921.0,239921.0,1212.1490146635879,0.0447546254832871,360,358,Current,Current,none,0,0.0,0.0,0.0,0,55.084652,435549.62,60.18465,0.0,0.0,0,869
13964,2008-01-01,2005-07-01,30,2005,200029.0,200029.0,973.2689613787245,0.04157913893150011,360,330,Current,Current,none,0,0.0,0.0,0.0,0,59.73726,334847.97,62.53726,0.0,0.0,0,730
13970,2008-01-01,2005-04-01,33,2005,153846.0,153846.0,785.5792556965387,0.04566211415134891,360,327,Current,Current,none,0,0.0,0.0,0.0,0,66.47787,231424.38,74.87787,0.0,0.0,0,769
13972,2008-01-01,1999-12-01,97,1999,233484.0,233484.0,877.5360644916772,0.02123863240852418,360,263,Current,Current,none,0,0.0,0.0,0.0,0,49.922947,467688.75,50.922947,0.0,0.0,0,925
13973,2008-01-01,2001-02-01,83,2001,412364.0,412364.0,2025.227817669988,0.04236095803579862,360,277,Current,Current,none,0,0.0,0.0,0.0,0,51.015823,808306.1,54.315823,0.0,0.0,0,561
13974,2008-01-01,2006-10-01,15,2006,271300.0,271300.0,1129.3380709948046,0.029007305522954854,360,345,Current,Current,none,0,0.0,0.0,0.0,0,91.87803,295282.78,100.67803,0.0,0.0,0,576
13975,2008-01-01,1997-02-01,131,1997,311735.0,311735.0,1232.9700550725536,0.025076479727963594,360,229,Current,Current,none,0,0.0,0.0,0.0,0,35.377716,881162.06,40.077717,0.0,0.0,0,393
13978,2008-01-01,2003-07-01,54,2003,315349.0,315349.0,1230.9717313247554,0.024079595555406307,360,306,Current,Current,none,0,0.0,0.0,0.0,0,66.97877,470819.34,75.27877,0.0,0.0,0,424
13990,2008-01-01,2000-05-01,92,2000,942693.0,942693.0,3398.5424509163045,0.01816568126723733,360,268,Current,Current,none,0,0.0,0.0,0.0,0,51.100063,1.8447981e+06,52.300064,0.0,0.0,0,260
13991,2008-01-01,2005-10-01,27,2005,127453.0,127453.0,568.5009826785803,0.034462114848157525,360,333,Current,Current,none,0,0.0,0.0,0.0,0,64.67811,197057.39,67.37811,0.0,0.0,0,990
13992,2008-01-01,1998-01-01,120,1998,223769.0,223769.0,848.3001197952731,0.021880964462283922,360,240,Current,Current,none,0,0.0,0.0,0.0,0,40.913216,546935.75,41.913216,0.0,0.0,0,997
13994,2008-01-01,1994-01-01,168,1994,407011.0,407011.0,2405.0504514932168,0.05865105114739235,360,192,Current,Current,none,0,0.0,0.0,0.0,0,37.618927,1.0819315e+06,37.718925,0.0,0.0,0,620
13999,2008-01-01,1995-03-01,154,1995,189662.0,189662.0,926.8812505651857,0.04194592483478028,360,206,Current,Current,none,0,0.0,0.0,0.0,0,29.769794,637095.44,32.569794,0.0,0.0,0,868
14002,2008-01-01,2006-06-01,19,2006,311657.0,311657.0,1343.2367804828134,0.031731270236061225,360,341,Current,Current,none,0,0.0,0.0,0.0,0,98.812836,315401.3,104.21284,0.0,0.0,0,547
14005,2008-01-01,2003-01-01,60,2003,98295.0,98295.0,538.6066757966696,0.051811857264909035,360,300,Current,Current,none,0,0.0,0.0,0.0,0,67.155945,146368.28,74.45594,0.0,0.0,0,873
14006,2008-01-01,2004-09-01,40,2004,360609.0,360609.0,1318.5994385943447,0.01920549030069815,360,320,Current,Current,none,0,0.0,0.0,0.0,0,61.924973,582332.1,63.52497,0.0,0.0,0,596
14011,2008-01-01,1998-08-01,113,1998,160160.0,160160.0,778.8706992711626,0.04153515053192434,360,247,Current,Current,none,0,0.0,0.0,0.0,0,43.11758,371449.4,43.917583,0.0,0.0,0,768
14013,2008-01-01,2003-03-01,58,2003,715036.0,715036.0,4961.956016887786,0.030698275272517443,180,122,Current,Current,none,0,0.0,0.0,0.0,0,49.281498,1.4509218e+06,49.381496,0.0,0.0,0,638
14017,2008-01-01,2003-04-01,57,2003,293139.0,293139.0,2066.714042636306,0.032985068147465414,180,123,Current,Current,none,0,0.0,0.0,0.0,0,50.799065,577055.9,85.799065,0.0,0.0,0,348
14018,2008-01-01,2007-04-01,9,2007,453553.0,453553.0,1631.423317634011,0.018,360,351,Current,Current,none,0,0.0,0.0,0.0,0,62.172806,729503.8,66.47281,0.0,0.0,0,195
14020,2008-01-01,2005-10-01,27,2005,265494.0,265494.0,1186.5835775901373,0.034621446768533605,360,333,Current,Current,none,0,0.0,0.0,0.0,0,84.73982,313304.9,89.13982,0.0,0.0,0,458
14024,2008-01-01,2005-12-01,25,2005,886783.0,886783.0,5797.464761788007,0.022216080631886768,180,155,Current,Current,none,0,0.0,0.0,0.0,0,61.167744,1.449756e+06,64.267746,0.0,0.0,0,635
14035,2008-01-01,2007-05-01,8,2007,703671.0,703671.0,3987.1214488124147,0.05481315688694248,360,352,Current,Current,none,0,0.0,0.0,0.0,0,85.47846,823214.44,90.97846,0.0,0.0,0,453
14037,2008-01-01,2007-03-01,10,2007,209617.0,209617.0,1236.1835818764687,0.05846764484780191,360,350,Current,Current,none,0,0.0,0.0,0.0,0,80.19189,261394.28,92.69189,0.0,0.0,0,339
14039,2008-01-01,2007-06-01,7,2007,340117.0,340117.0,2435.1369530007346,0.0352214188048842,180,173,Current,Current,none,0,0.0,0.0,0.0,0,97.41395,349146.1,107.01395,0.0,0.0,0,203
14044,2008-01-01,1997-03-01,130,1997,163346.0,163346.0,1050.9602233854187,0.019975336528740697,180,50,Current,Current,none,0,0.0,0.0,0.0,0,40.072044,407630.8,48.572044,0.0,0.0,0,715
14045,2008-01-01,1994-08-01,161,1994,137598.0,137598.0,537.9068082329114,0.024190751043273916,360,199,Current,Current,none,0,0.0,0.0,0.0,0,41.173008,334194.7,46.573006,0.0,0.0,0,396
14049,2008-01-01,2003-01-01,60,2003,413404.0,413404.0,2402.938517726872,0.05713507879980473,360,300,Current,Current,none,0,0.0,0.0,0.0,0,53.57552,771628.56,53.675518,0.0,0.0,0,227
14053,2008-01-01,2005-10-01,27,2005,163708.0,163708.0,773.9219429098883,0.03918790271041131,360,333,Current,Current,none,0,0.0,0.0,0.0,0,91.21808,179468.81,102.71808,0.0,0.0,0,808
14056,2008-01-01,2007-12-01,1,2007,313267.0,313267.0,1142.5063232359007,0.019013712511810114,360,359,Current,Current,none,0,0.0,0.0,0.0,0,89.66913,349358.8,94.26913,0.0,0.0,0,443
14057,2008-01-01,1999-10-01,99,1999,251430.0,251430.0,1393.683317208717,0.05283858967677196,360,261,Current,Current,none,0,0.0,0.0,0.0,0,49.566856,507254.25,53.066856,0.0,0.0,0,843
14059,2008-01-01,2004-07-01,42,2004,498811.0,498811.0,2007.653935516582,0.026409460779097234,360,318,Current,Current,none,0,0.0,0.0,0.0,0,68.74426,725603.8,72.544266,0.0,0.0,0,112
14062,2008-01-01,2000-10-01,87,2000,229535.0,229535.0,1118.6302713140965,0.04171346983030115,360,273,Current,Current,none,0,0.0,0.0,0.0,0,50.125256,457922.84,52.725258,0.0,0.0,0,858
14063,2008-01-01,1999-04-01,105,1999,201731.0,201731.0,880.4898031389267,0.03272957003705351,360,255,Current,Current,none,0,0.0,0.0,0.0,0,36.92921,546264.06,36.92921,0.0,0.0,0,436
14066,2008-01-01,2004-12-01,37,2004,299559.0,299559.0,1265.0457597250775,0.03012948608419428,360,323,Current,Current,none,0,0.0,0.0,0.0,0,80.04174,374253.47,94.241745,0.0,0.0,0,720
14068,2008-01-01,1999-02-01,107,1999,421032.0,421032.0,1666.7431082820372,0.02514417190626349,360,253,Current,Current,none,0,0.0,0.0,0.0,0,40.653885,1.0356501e+06,45.453884,0.0,0.0,0,263
14075,2008-01-01,2001-07-01,78,2001,554332.0,554332.0,2419.6211762184876,0.03273427558361424,360,282,Current,Current,none,0,0.0,0.0,0.0,0,56.821545,975566.56,61.821545,0.0,0.0,0,665
14076,2008-01-01,1995-02-01,155,1995,159376.0,159376.0,573.2730743071661,0.018,360,205,Current,Current,none,0,0.0,0.0,0.0,0,28.568882,557865.7,28.968882,0.0,0.0,0,241
14079,2008-01-01,1994-04-01,165,1994,319664.0,319664.0,1171.8785392828504,0.019394109377134247,360,195,Current,Current,none,0,0.0,0.0,0.0,0,37.538403,851565.25,37.638405,0.0,0.0,0,530
14083,2008-01-01,2006-11-01,14,2006,401713.0,401713.0,2162.8419382268926,0.050258858007217994,360,346,Current,Current,none,0,0.0,0.0,0.0,0,85.76327,468397.5,94.863266,0.0,0.0,0,665
14087,2008-01-01,2007-12-01,1,2007,96168.0,96168.0,463.8844515632187,0.04085693597019387,360,359,30 DPD,Delinquent,none,0,0.0,0.0,0.0,1,97.47085,98663.34,102.070854,0.0,0.0,0,316
14088,2008-01-01,2005-03-01,34,2005,382554.0,382554.0,1776.1250282478888,0.037705221652925495,360,326,Current,Current,none,0,0.0,0.0,0.0,0,81.48234,469493.2,84.08234,0.0,0.0,0,842
14089,2008-01-01,2006-07-01,18,2006,167731.0,167731.0,781.9479750466206,0.03804115886117375,360,342,Current,Current,none,0,0.0,0.0,0.0,0,91.507126,183298.28,96.507126,0.0,0.0,0,816
14095,2008-01-01,2002-11-01,62,2002,268849.0,268849.0,1461.099542427036,0.05108378953891795,360,298,Current,Current,none,0,0.0,0.0,0.0,0,56.26122,477858.5,56.461216,0.0,0.0,0,727
14099,2008-01-01,1998-12-01,109,1998,287349.0,287349.0,1271.7380355653381,0.03383667152554337,360,251,Current,Current,none,0,0.0,0.0,0.0,0,44.09308,651687.3,46.693077,0.0,0.0,0,800
14102,2008-01-01,1999-08-01,101,1999,267932.0,267932.0,1828.2201897637929,0.028281122324978734,180,79,Current,Current,none,0,0.0,0.0,0.0,0,38.68361,692624.06,39.48361,0.0,0.0,0,964
14108,2008-01-01,2006-02-01,23,2006,756572.0,756572.0,3579.598087280022,0.039255618745867624,360,337,Current,Current,none,0,0.0,0.0,0.0,0,85.08627,889182.2,91.08627,0.0,0.0,0,769
14109,2008-01-01,2002-06-01,67,2002,287061.0,287061.0,1043.4875578126225,0.018771665190918,360,293,Current,Current,none,0,0.0,0.0,0.0,0,41.689495,688569.1,41.789497,0.0,0.0,0,669
14110,2008-01-01,2001-10-01,75,2001,785083.0,785083.0,5240.34660399735,0.02514871609816168,180,105,Current,Current,none,0,0.0,0.0,0.0,0,52.202374,1.503922e+06,52.702374,0.0,0.0,0,273
14115,2008-01-01,2005-05-01,32,2005,310798.0,310798.0,2218.833815075598,0.034802913730007455,180,148,Current,Current,none,0,0.0,0.0,0.0,0,66.99543,463909.28,71.49543,0.0,0.0,0,574
14117,2008-01-01,2004-05-01,44,2004,143574.0,143574.0,608.9655636708079,0.03047081976165744,360,316,Current,Current,none,0,0.0,0.0,0.0,0,73.61431,195035.45,73.71431,0.0,0.0,0,266
14118,2008-01-01,1999-08-01,101,1999,443272.0,443272.0,2811.8538436573226,0.018,180,79,Current,Current,none,0,0.0,0.0,0.0,0,39.942543,1.1097741e+06,40.342545,0.0,0.0,0,115
14125,2008-01-01,1997-06-01,127,1997,146690.0,146690.0,564.8905275185211,0.023056640094024528,360,233,Current,Current,none,0,0.0,0.0,0.0,0,33.045437,443903.94,33.14544,0.0,0.0,0,566
14126,2008-01-01,1999-05-01,104,1999,274824.0,274824.0,1020.5606184848638,0.020345702373940774,360,256,Current,Current,none,0,0.0,0.0,0.0,0,43.812668,627270.6,59.412666,0.0,0.0,0,459
14132,2008-01-01,1994-02-01,167,1994,209846.0,209846.0,854.1322537458902,0.027270793234873806,360,193,Current,Current,none,0,0.0,0.0,0.0,0,32.181965,652060.9,33.38196,0.0,0.0,0,991
14136,2008-01-01,1995-05-01,152,1995,479963.0,479963.0,1726.4196903152947,0.018,360,208,Current,Current,none,0,0.0,0.0,0.0,0,39.71441,1.2085361e+06,39.814407,0.0,0.0,0,686
14140,2008-01-01,2007-03-01,10,2007,256335.0,256335.0,1127.4086558425686,0.0333379374591107,360,350,Current,Current,none,0,0.0,0.0,0.0,0,89.77657,285525.5,96.676575,0.0,0.0,0,850
14142,2008-01-01,2006-02-01,23,2006,488251.0,488251.0,3864.3897910066153,0.0501309734904411,180,157,Current,Current,none,0,0.0,0.0,0.0,0,56.122993,869966.06,61.122993,0.0,0.0,0,407
14146,2008-01-01,2001-03-01,82,2001,247073.0,247073.0,979.3073172707785,0.02523879297575178,360,278,Current,Current,none,0,0.0,0.0,0.0,0,55.172977,447815.22,56.172977,0.0,0.0,0,776
14149,2008-01-01,1994-08-01,161,1994,317109.0,317109.0,1393.8514075569337,0.033289225645748224,360,199,Current,Current,none,0,0.0,0.0,0.0,0,37.041622,856088.3,43.541622,0.0,0.0,0,764
14152,2008-01-01,1993-10-01,171,1993,326074.0,326074.0,1343.3951106868801,0.028206087599571425,360,189,Current,Current,none,0,0.0,0.0,0.0,0,29.610292,1.1012184e+06,30.410292,0.0,0.0,0,765
14154,2008-01-01,2003-11-01,50,2003,142397.0,142397.0,532.5896860198202,0.020876406792433848,360,310,Current,Current,none,0,0.0,0.0,0.0,0,67.32433,211508.95,68.724335,0.0,0.0,0,487
14161,2008-01-01,2002-12-01,61,2002,410955.0,410955.0,1622.1424853586814,0.024923848948342493,360,299,Current,Current,none,0,0.0,0.0,0.0,0,51.730103,794421.4,51.730103,0.0,0.0,0,358
14164,2008-01-01,2007-02-01,11,2007,383400.0,383400.0,2566.5832146868124,0.07061338066876055,360,349,Current,Current,none,0,0.0,0.0,0.0,0,86.92711,441059.2,95.22711,0.0,0.0,0,792
14166,2008-01-01,1997-04-01,129,1997,217351.0,217351.0,1378.7454311861854,0.018,180,51,Current,Current,none,0,0.0,0.0,0.0,0,38.542328,563928.0,38.74233,0.0,0.0,0,978
14168,2008-01-01,2005-09-01,28,2005,165371.0,165371.0,1351.5851383348231,0.05504171074692962,180,152,Current,Current,none,0,0.0,0.0,0.0,0,95.30724,173513.58,97.90724,0.0,0.0,0,843
14169,2008-01-01,1997-11-01,122,1997,142308.0,142308.0,708.1894932506613,0.04347177819573544,360,238,Current,Current,none,0,0.0,0.0,0.0,0,47.550472,299277.78,77.75047,0.0,0.0,0,982
14170,2008-01-01,1999-10-01,99,1999,341339.0,341339.0,2312.398164142164,0.027253472493665984,180,81,Current,Current,none,0,0.0,0.0,0.0,0,37.72396,904833.44,39.72396,0.0,0.0,0,642
14173,2008-01-01,1999-11-01,98,1999,356731.0,356731.0,2439.690364221655,0.028607034158449948,180,82,Current,Current,none,0,0.0,0.0,0.0,0,46.363956,769414.5,48.063953,0.0,0.0,0,268
14175,2008-01-01,2003-07-01,54,2003,65590.0,65590.0,308.1802946708255,0.03868382735547747,360,306,Current,Current,none,0,0.0,0.0,0.0,0,52.18205,125694.57,54.38205,0.0,0.0,0,626
14177,2008-01-01,2000-08-01,89,2000,320602.0,320602.0,1200.297463418021,0.020950087589580363,360,271,Current,Current,none,0,0.0,0.0,0.0,0,52.552906,610055.7,52.552906,0.0,0.0,0,256
14184,2008-01-01,2001-11-01,74,2001,491740.0,491740.0,2446.0845305397847,0.043435929780257704,360,286,Current,Current,none,0,0.0,0.0,0.0,0,53.01759,927503.5,57.31759,0.0,0.0,0,190
14186,2008-01-01,2002-04-01,69,2002,310612.0,310612.0,1189.6852407162564,0.022650327589114873,360,291,Current,Current,none,0,0.0,0.0,0.0,0,33.37763,930599.4,34.27763,0.0,0.0,0,981
14192,2008-01-01,2001-03-01,82,2001,282626.0,282626.0,1082.6494498369077,0.02266101919247193,360,278,Current,Current,none,0,0.0,0.0,0.0,0,41.299072,684339.8,47.59907,0.0,0.0,0,572
14193,2008-01-01,1993-03-01,178,1993,214224.0,214224.0,905.0579853419508,0.030162708617476323,360,182,Current,Current,none,0,0.0,0.0,0.0,0,20.091597,1.0662368e+06,20.691597,0.0,0.0,0,746
14195,2008-01-01,2007-05-01,8,2007,286864.0,286864.0,1278.6051699407342,0.034402896535650526,360,352,Current,Current,none,0,0.0,0.0,0.0,0,80.80053,355027.38,99.400536,0.0,0.0,0,141
14197,2008-01-01,2003-02-01,59,2003,124485.0,124485.0,596.9719760903414,0.04037043049006023,360,301,Current,Current,none,0,0.0,0.0,0.0,0,59.933872,207703.9,62.533875,0.0,0.0,0,177
14199,2008-01-01,1993-12-01,169,1993,372591.0,372591.0,2064.5287857602248,0.052806004927931104,360,191,Current,Current,none,0,0.0,0.0,0.0,0,40.08984,929390.1,42.58984,0.0,0.0,0,891
14201,2008-01-01,2003-02-01,59,2003,842864.0,842864.0,4087.183049955344,0.04129583685777721,360,301,Current,Current,none,0,0.0,0.0,0.0,0,49.057262,1.7181228e+06,49.157265,0.0,0.0,0,764
14212,2008-01-01,1997-05-01,128,1997,910206.0,910206.0,6333.395288156639,0.031086680855514012,180,52,Current,Current,none,0,0.0,0.0,0.0,0,31.251059,2.9125605e+06,32.15106,0.0,0.0,0,808
14213,2008-01-01,1993-08-01,173,1993,183677.0,183677.0,923.1215703251903,0.044307465082024065,360,187,Current,Current,none,0,0.0,0.0,0.0,0,37.08432,495295.6,48.88432,0.0,0.0,0,260
14215,2008-01-01,2004-01-01,48,2004,129555.0,129555.0,525.4571934471926,0.02699783442638642,360,312,Current,Current,none,0,0.0,0.0,0.0,0,57.079468,226973.03,84.07947,0.0,0.0,0,132
14220,2008-01-01,2007-01-01,12,2007,296858.0,296858.0,1067.793759993203,0.018,360,348,Current,Current,none,0,0.0,0.0,0.0,0,84.80237,350058.6,89.20237,0.0,0.0,0,928
14222,2008-01-01,2002-08-01,65,2002,413545.0,413545.0,2022.9868919825904,0.04202820424879821,360,295,Current,Current,none,0,0.0,0.0,0.0,0,46.29766,893230.9,50.69766,0.0,0.0,0,195
14223,2008-01-01,2006-04-01,21,2006,287633.0,287633.0,1451.6436595831242,0.04466319561540238,360,339,Current,Current,none,0,0.0,0.0,0.0,0,87.5966,328360.9,93.996605,0.0,0.0,0,571
14224,2008-01-01,2001-08-01,77,2001,308579.0,308579.0,1186.3723585628636,0.02293393205731181,360,283,Current,Current,none,0,0.0,0.0,0.0,0,40.597954,760085.1,40.597954,0.0,0.0,0,409
14226,2008-01-01,2000-11-01,86,2000,347615.0,347615.0,2399.176959776511,0.02991693861829211,180,94,Current,Current,none,0,0.0,0.0,0.0,0,44.81677,775636.0,45.81677,0.0,0.0,0,873
14238,2008-01-01,2005-10-01,27,2005,244994.0,244994.0,1688.4502407842438,0.029708436231613705,180,153,Current,Current,none,0,0.0,0.0,0.0,0,73.24613,334480.47,75.74613,0.0,0.0,0,707
14239,2008-01-01,1998-07-01,114,1998,218253.0,218253.0,1398.9553688401577,0.019449897784630587,180,66,Current,Current,none,0,0.0,0.0,0.0,0,47.958084,455091.16,48.358086,0.0,0.0,0,610
14242,2008-01-01,2002-01-01,72,2002,134028.0,134028.0,570.3253646672964,0.030725523231536114,360,288,Current,Current,none,0,0.0,0.0,0.0,0,51.045734,262564.53,52.845734,0.0,0.0,0,104
14248,2008-01-01,2003-08-01,53,2003,196991.0,196991.0,1249.5937043528572,0.018,180,127,Current,Current,none,0,0.0,0.0,0.0,0,36.16175,544749.6,37.76175,0.0,0.0,0,121
14250,2008-01-01,1999-12-01,97,1999,191891.0,191891.0,691.2742032785341,0.018110649585175206,360,263,Current,Current,none,0,0.0,0.0,0.0,0,53.472244,358860.94,56.172245,0.0,0.0,0,758
14251,2008-01-01,2000-08-01,89,2000,185784.0,185784.0,771.9980081769054,0.028870200327831257,360,271,Current,Current,none,0,0.0,0.0,0.0,0,46.69986,397825.62,50.099857,0.0,0.0,0,267
14254,2008-01-01,2000-12-01,85,2000,221725.0,221725.0,1056.065844311186,0.03980561832543688,360,275,Current,Current,none,0,0.0,0.0,0.0,0,39.61831,559652.9,40.018307,0.0,0.0,0,457
14259,2008-01-01,1993-12-01,169,1993,386129.0,386129.0,1417.376902365483,0.019489813735653172,360,191,Current,Current,none,0,0.0,0.0,0.0,0,30.820776,1.2528205e+06,31.220776,0.0,0.0,0,922
14261,2008-01-01,1994-02-01,167,1994,184336.0,184336.0,976.8376797715866,0.048867615753640604,360,193,Current,Current,none,0,0.0,0.0,0.0,0,34.60475,532689.8,37.10475,0.0,0.0,0,282
14268,2008-01-01,1999-06-01,103,1999,484352.0,484352.0,3072.4409231422505,0.018,180,77,Current,Current,none,0,0.0,0.0,0.0,0,49.793594,972719.44,51.493595,0.0,0.0,0,573
14269,2008-01-01,1995-04-01,153,1995,107491.0,107491.0,693.5892740796605,0.0669962865347067,360,207,Current,Current,none,0,0.0,0.0,0.0,0,40.636433,264518.78,53.93643,0.0,0.0,0,361
14275,2008-01-01,1996-06-01,139,1996,1101811.0,1.101811e+06,9230.49129875508,0.05886855862121436,180,41,Current,Current,none,0,0.0,0.0,0.0,0,36.602116,3.0102385e+06,43.802116,0.0,0.0,0,139
14276,2008-01-01,1999-05-01,104,1999,107457.0,107457.0,386.52121238972717,0.018,360,256,Current,Current,none,0,0.0,0.0,0.0,0,40.245224,267005.6,41.145226,0.0,0.0,0,822
14280,2008-01-01,2002-02-01,71,2002,490756.0,490756.0,2025.4231577976495,0.028342010176837462,360,289,Current,Current,none,0,0.0,0.0,0.0,0,45.65255,1.0749805e+06,46.85255,0.0,0.0,0,569
14283,2008-01-01,2007-03-01,10,2007,438747.0,438747.0,2255.5061322984566,0.04623988603279132,360,350,Current,Current,none,0,0.0,0.0,0.0,0,78.48794,558999.25,82.48794,0.0,0.0,0,532
14287,2008-01-01,1993-10-01,171,1993,240192.0,240192.0,890.9488343820134,0.0202621810707689,360,189,Current,Current,none,0,0.0,0.0,0.0,0,26.091785,920565.56,27.091785,0.0,0.0,0,467
14289,2008-01-01,2007-10-01,3,2007,141137.0,141137.0,725.0492386880874,0.04617991866750581,360,357,Current,Current,none,0,0.0,0.0,0.0,0,70.046104,201491.58,74.046104,0.0,0.0,0,559
14290,2008-01-01,1997-07-01,126,1997,151757.0,151757.0,653.2303452757903,0.03162985081058451,360,234,Current,Current,none,0,0.0,0.0,0.0,0,30.758572,493381.2,33.75857,0.0,0.0,0,960
14296,2008-01-01,2006-05-01,20,2006,372522.0,372522.0,1728.3890867770708,0.0376504416061611,360,340,Current,Current,none,0,0.0,0.0,0.0,0,83.419136,446566.6,93.11913,0.0,0.0,0,543
14297,2008-01-01,2007-07-01,6,2007,670933.0,670933.0,2587.719924544848,0.02317340438714685,360,354,Current,Current,none,0,0.0,0.0,0.0,0,93.947075,714160.6,100.74707,0.0,0.0,0,175
14298,2008-01-01,2001-01-01,84,2001,391269.0,391269.0,1567.7206591715071,0.026064165939342014,360,276,Current,Current,none,0,0.0,0.0,0.0,0,32.749943,1.1947165e+06,36.049946,0.0,0.0,0,589
14299,2008-01-01,2005-06-01,31,2005,481103.0,481103.0,2199.202066069993,0.03643916820985432,360,329,Current,Current,none,0,0.0,0.0,0.0,0,66.26248,726056.44,69.062485,0.0,0.0,0,571
14301,2008-01-01,1995-06-01,151,1995,197961.0,197961.0,1540.1219694288216,0.04753114121746934,180,29,Current,Current,none,0,0.0,0.0,0.0,0,29.901278,662048.6,30.401278,0.0,0.0,0,693
14302,2008-01-01,2007-04-01,9,2007,143427.0,143427.0,762.6915992771541,0.04917039798058061,360,351,Current,Current,none,0,0.0,0.0,0.0,0,94.85612,151204.8,98.85612,0.0,0.0,0,523
14303,2008-01-01,1996-11-01,134,1996,198965.0,198965.0,731.3393613624285,0.01958985979706289,360,226,Current,Current,none,0,0.0,0.0,0.0,0,34.92122,569753.9,38.32122,0.0,0.0,0,835
14305,2008-01-01,1997-10-01,123,1997,310655.0,310655.0,1499.750869021019,0.04092623441191214,360,237,Current,Current,none,0,0.0,0.0,0.0,0,45.306164,685679.3,45.406166,0.0,0.0,0,748
14307,2008-01-01,2003-02-01,59,2003,486479.0,486479.0,2016.1004291982656,0.028662893317775773,360,301,Current,Current,none,0,0.0,0.0,0.0,0,49.357307,985627.1,52.05731,0.0,0.0,0,501
14311,2008-01-01,2007-08-01,5,2007,257957.0,257957.0,1327.3267934314497,0.04631915929299016,360,355,Current,Current,none,0,0.0,0.0,0.0,0,66.47785,388034.5,73.17786,0.0,0.0,0,515
14312,2008-01-01,2003-05-01,56,2003,515188.0,515188.0,2680.2550408333645,0.04726768408322276,360,304,Current,Current,none,0,0.0,0.0,0.0,0,53.48282,963277.56,63.98282,0.0,0.0,0,606
14321,2008-01-01,1993-05-01,176,1993,316647.0,316647.0,1742.4693103131885,0.052190396059020754,360,184,Current,Current,none,0,0.0,0.0,0.0,0,40.883778,774505.25,40.983776,0.0,0.0,0,460
14322,2008-01-01,1996-03-01,142,1996,237932.0,237932.0,1082.9004600714238,0.0360862656199762,360,218,Current,Current,none,0,0.0,0.0,0.0,0,33.176586,717168.44,36.276585,0.0,0.0,0,268
14323,2008-01-01,1997-11-01,122,1997,288827.0,288827.0,1497.6914379716761,0.046984182071374066,360,238,Current,Current,none,0,0.0,0.0,0.0,0,41.372456,698114.2,44.572456,0.0,0.0,0,680
14329,2008-01-01,2004-12-01,37,2004,108046.0,108046.0,427.27694693710146,0.025064891728836684,360,323,Current,Current,none,0,0.0,0.0,0.0,0,81.06197,133288.14,82.76197,0.0,0.0,0,177
14332,2008-01-01,2000-02-01,95,2000,494928.0,494928.0,1780.2485701780515,0.018,360,265,Current,Current,none,0,0.0,0.0,0.0,0,30.393045,1.6284251e+06,30.693047,0.0,0.0,0,257
14333,2008-01-01,1998-01-01,120,1998,73609.0,73609.0,487.7870186119156,0.02412393200194537,180,60,Current,Current,none,0,0.0,0.0,0.0,0,25.78093,285517.25,25.78093,0.0,0.0,0,809
14334,2008-01-01,2007-03-01,10,2007,186238.0,186238.0,959.5363647400942,0.04643052658209342,360,350,Current,Current,none,0,0.0,0.0,0.0,0,58.57309,317958.28,62.67309,0.0,0.0,0,116
14337,2008-01-01,2004-08-01,41,2004,107076.0,107076.0,522.8794967200092,0.041881464099217565,360,319,Current,Current,none,0,0.0,0.0,0.0,0,54.485306,196522.7,54.485306,0.0,0.0,0,169
14342,2008-01-01,2007-10-01,3,2007,315047.0,315047.0,1159.3851836055335,0.019676505968677496,360,357,Current,Current,none,0,0.0,0.0,0.0,0,64.338646,489669.94,72.438644,0.0,0.0,0,184
14344,2008-01-01,2001-01-01,84,2001,149519.0,149519.0,597.6350701326644,0.025878799147873142,360,276,Current,Current,none,0,0.0,0.0,0.0,0,39.13395,382069.78,39.13395,0.0,0.0,0,168
14348,2008-01-01,2000-01-01,96,2000,212659.0,212659.0,784.6392655215682,0.01986924160058031,360,264,Current,Current,none,0,0.0,0.0,0.0,0,44.07398,482504.66,44.17398,0.0,0.0,0,644
14352,2008-01-01,2000-05-01,92,2000,132587.0,132587.0,927.5151222654139,0.03185787524222744,180,88,Current,Current,none,0,0.0,0.0,0.0,0,47.644897,278281.62,70.744896,0.0,0.0,0,114
14354,2008-01-01,1994-12-01,157,1994,481855.0,481855.0,1904.876679315004,0.02503858804090872,360,203,Current,Current,none,0,0.0,0.0,0.0,0,26.35315,1.8284531e+06,26.35315,0.0,0.0,0,932
14355,2008-01-01,2004-04-01,45,2004,150916.0,150916.0,649.789175851634,0.03165157525059795,360,315,Current,Current,none,0,0.0,0.0,0.0,0,71.86127,210010.22,76.26127,0.0,0.0,0,569
14357,2008-01-01,1999-01-01,108,1999,460255.0,460255.0,1908.9561028671271,0.02872531365575831,360,252,Current,Current,none,0,0.0,0.0,0.0,0,27.151215,1.6951544e+06,28.651215,0.0,0.0,0,477
14361,2008-01-01,2000-06-01,91,2000,279866.0,279866.0,1043.6612893543488,0.02065721299130171,360,269,Current,Current,none,0,0.0,0.0,0.0,0,38.062366,735282.7,38.16237,0.0,0.0,0,869
14362,2008-01-01,2001-07-01,78,2001,300153.0,300153.0,1187.4894279259884,0.025097506010899173,360,282,Current,Current,none,0,0.0,0.0,0.0,0,41.46437,723881.7,43.26437,0.0,0.0,0,195
14365,2008-01-01,2004-11-01,38,2004,123125.0,123125.0,476.4247028096013,0.023417783768265248,360,322,Current,Current,none,0,0.0,0.0,0.0,0,66.92908,183963.39,67.92908,0.0,0.0,0,129
14371,2008-01-01,2007-04-01,9,2007,279234.0,279234.0,1949.3329771561612,0.03155814640199233,180,171,Current,Current,none,0,0.0,0.0,0.0,0,78.56769,355405.62,82.76769,0.0,0.0,0,470
14374,2008-01-01,2000-05-01,92,2000,812173.0,812173.0,5151.942310285105,0.018,180,88,Current,Current,none,0,0.0,0.0,0.0,0,50.008957,1.624055e+06,50.208958,0.0,0.0,0,657
14376,2008-01-01,2005-01-01,36,2005,138035.0,138035.0,649.2832571145856,0.03877425216571416,360,324,Current,Current,none,0,0.0,0.0,0.0,0,69.265236,199284.67,74.46524,0.0,0.0,0,775
14383,2008-01-01,2003-09-01,52,2003,362338.0,362338.0,1691.4835244990734,0.03815230040541196,360,308,Current,Current,none,0,0.0,0.0,0.0,0,60.655224,597373.1,65.255226,0.0,0.0,0,373
14384,2008-01-01,1997-02-01,131,1997,205117.0,205117.0,737.8027631679989,0.018,360,229,Current,Current,none,0,0.0,0.0,0.0,0,29.953783,684778.25,32.253784,0.0,0.0,0,223
14385,2008-01-01,2005-04-01,33,2005,643056.0,643056.0,3471.798208289566,0.05050145762879037,360,327,Current,Current,none,0,0.0,0.0,0.0,0,88.05145,730318.44,94.15145,0.0,0.0,0,668
14386,2008-01-01,2002-11-01,62,2002,162251.0,162251.0,847.8321729362303,0.047648627672009135,360,298,Current,Current,none,0,0.0,0.0,0.0,0,50.19093,323267.6,50.290928,0.0,0.0,0,620
14387,2008-01-01,2003-10-01,51,2003,259131.0,259131.0,1994.583179770046,0.045923211082233566,180,129,Current,Current,none,0,0.0,0.0,0.0,0,66.21519,391346.78,71.01519,0.0,0.0,0,798
14389,2008-01-01,2002-04-01,69,2002,215356.0,215356.0,962.0648953892241,0.034585182247111115,360,291,Current,Current,none,0,0.0,0.0,0.0,0,47.38369,454493.94,53.38369,0.0,0.0,0,855
14392,2008-01-01,1999-02-01,107,1999,121089.0,121089.0,570.1370505091567,0.038855601948236757,360,253,Current,Current,none,0,0.0,0.0,0.0,0,40.545185,298652.0,46.145184,0.0,0.0,0,838
14393,2008-01-01,2001-01-01,84,2001,161711.0,161711.0,879.2454998752801,0.051124346102731665,360,276,Current,Current,none,0,0.0,0.0,0.0,0,55.604683,290822.62,66.20468,0.0,0.0,0,498
14405,2008-01-01,2004-06-01,43,2004,296445.0,296445.0,1275.356405050263,0.03158803665659753,360,317,Current,Current,none,0,0.0,0.0,0.0,0,61.676575,480644.38,65.47658,0.0,0.0,0,793
14409,2008-01-01,2006-11-01,14,2006,492275.0,492275.0,2851.351994207068,0.056813536813130394,360,346,Current,Current,none,0,0.0,0.0,0.0,0,88.55406,555903.3,93.854065,0.0,0.0,0,762
14412,2008-01-01,2002-02-01,71,2002,334832.0,334832.0,1368.2167198545842,0.02757297591119051,360,289,Current,Current,none,0,0.0,0.0,0.0,0,59.73103,560566.25,67.43103,0.0,0.0,0,846
14421,2008-01-01,2006-11-01,14,2006,222251.0,222251.0,820.3112325086282,0.019894526735716178,360,346,Current,Current,none,0,0.0,0.0,0.0,0,70.52123,315154.72,76.421234,0.0,0.0,0,484
14422,2008-01-01,2005-11-01,26,2005,709053.0,709053.0,2828.3318624865788,0.025722705734235244,360,334,Current,Current,none,0,0.0,0.0,0.0,0,96.72987,733023.8,102.42987,0.0,0.0,0,841
14425,2008-01-01,2004-06-01,43,2004,965251.0,965251.0,5744.961012180404,0.05931879163914494,360,317,Current,Current,none,0,0.0,0.0,0.0,0,71.35478,1.3527489e+06,73.75478,0.0,0.0,0,102
14427,2008-01-01,2006-05-01,20,2006,479265.0,479265.0,2017.078069459305,0.029863656015264986,360,340,Current,Current,none,0,0.0,0.0,0.0,0,89.1313,537706.75,94.3313,0.0,0.0,0,408
14428,2008-01-01,1997-07-01,126,1997,664840.0,664840.0,2903.911753752475,0.03278709390923096,360,234,Current,Current,none,0,0.0,0.0,0.0,0,42.29931,1.5717515e+06,47.099308,0.0,0.0,0,563
14429,2008-01-01,2001-11-01,74,2001,455893.0,455893.0,2891.9139588028747,0.018,180,106,Current,Current,none,0,0.0,0.0,0.0,0,44.824577,1.0170603e+06,45.02458,0.0,0.0,0,634
14430,2008-01-01,1997-02-01,131,1997,476318.0,476318.0,3021.4780069645017,0.018,180,49,Current,Current,none,0,0.0,0.0,0.0,0,28.048079,1.6982198e+06,29.948078,0.0,0.0,0,403
14432,2008-01-01,1998-03-01,118,1998,328406.0,328406.0,1238.4550361861504,0.02148921771784842,360,242,Current,Current,none,0,0.0,0.0,0.0,0,35.70063,919888.5,36.50063,0.0,0.0,0,218
14434,2008-01-01,2006-12-01,13,2006,1546282.0,1.546282e+06,7461.640997574346,0.040888830499745475,360,347,Current,Current,none,0,0.0,0.0,0.0,0,99.60605,1.5523978e+06,115.10605,0.0,0.0,0,677
14436,2008-01-01,2001-11-01,74,2001,626186.0,626186.0,2269.142631133603,0.018542810833078356,360,286,Current,Current,none,0,0.0,0.0,0.0,0,42.454697,1.474951e+06,42.454697,0.0,0.0,0,534
14440,2008-01-01,2004-07-01,42,2004,330050.0,330050.0,1340.2764593411239,0.027091914093366625,360,318,Current,Current,none,0,0.0,0.0,0.0,0,65.36048,504968.75,65.96048,0.0,0.0,0,855
14444,2008-01-01,1994-10-01,159,1994,287263.0,287263.0,1612.328550618989,0.053958635770565484,360,201,Current,Current,none,0,0.0,0.0,0.0,0,44.21799,649651.9,62.71799,0.0,0.0,0,220
14451,2008-01-01,2004-06-01,43,2004,473595.0,473595.0,1818.0298189063392,0.02281966983106812,360,317,Current,Current,none,0,0.0,0.0,0.0,0,75.92994,623726.3,77.229935,0.0,0.0,0,429
14454,2008-01-01,1993-09-01,172,1993,375256.0,375256.0,1970.8379637960434,0.0480881411302557,360,188,Current,Current,none,0,0.0,0.0,0.0,0,25.551943,1.4686006e+06,29.751942,0.0,0.0,0,541
14457,2008-01-01,2003-07-01,54,2003,219269.0,219269.0,1450.220252768825,0.02384987000497736,180,126,Current,Current,none,0,0.0,0.0,0.0,0,63.279587,346508.25,64.57959,0.0,0.0,0,160
14459,2008-01-01,1995-09-01,148,1995,535502.0,535502.0,2096.4085101526152,0.02429876824406034,360,212,Current,Current,none,0,0.0,0.0,0.0,0,40.42034,1.324833e+06,46.42034,0.0,0.0,0,819
14460,2008-01-01,2007-03-01,10,2007,402468.0,402468.0,1522.2360226711871,0.02170925198725083,360,350,Current,Current,none,0,0.0,0.0,0.0,0,76.99699,522706.16,98.59699,0.0,0.0,0,820
14462,2008-01-01,1995-09-01,148,1995,92349.0,92349.0,732.1591966248587,0.05038826922528307,180,32,Current,Current,none,0,0.0,0.0,0.0,0,43.81259,210781.88,71.51259,0.0,0.0,0,823
14463,2008-01-01,2004-12-01,37,2004,292425.0,292425.0,1051.8483256843756,0.018,360,323,Current,Current,none,0,0.0,0.0,0.0,0,46.374126,630577.94,46.374126,0.0,0.0,0,273
14464,2008-01-01,2001-01-01,84,2001,351269.0,351269.0,1524.1532456800867,0.03226163535038314,360,276,Current,Current,none,0,0.0,0.0,0.0,0,52.285,671835.1,57.385,0.0,0.0,0,126
14465,2008-01-01,1996-02-01,143,1996,453104.0,453104.0,1701.9242924459502,0.02119314048072043,360,217,Current,Current,none,0,0.0,0.0,0.0,0,33.496746,1.3526806e+06,35.396748,0.0,0.0,0,719
14469,2008-01-01,2006-02-01,23,2006,291891.0,291891.0,1171.8671687976475,0.026216404459334406,360,337,Current,Current,none,0,0.0,0.0,0.0,0,100.5758,290219.9,105.6758,0.0,0.0,0,364
14472,2008-01-01,2003-10-01,51,2003,188606.0,188606.0,859.4142241551937,0.03618160432142223,360,309,Current,Current,none,0,0.0,0.0,0.0,0,47.82656,394354.1,53.52656,0.0,0.0,0,744
14474,2008-01-01,2002-07-01,66,2002,161877.0,161877.0,777.0661002185666,0.04045374677328049,360,294,Current,Current,none,0,0.0,0.0,0.0,0,55.960224,289271.53,58.060223,0.0,0.0,0,796
14475,2008-01-01,1999-09-01,100,1999,242748.0,242748.0,1024.575491776315,0.030087059294854192,360,260,Current,Current,none,0,0.0,0.0,0.0,0,25.940487,935788.1,25.940487,0.0,0.0,0,482
14477,2008-01-01,2004-01-01,48,2004,292440.0,292440.0,1211.6544051441622,0.028643945497278476,360,312,Current,Current,none,0,0.0,0.0,0.0,0,65.79766,444453.5,65.89766,0.0,0.0,0,723
14484,2008-01-01,1998-06-01,115,1998,444983.0,444983.0,1970.345311723026,0.03387548988415474,360,245,Current,Current,none,0,0.0,0.0,0.0,0,45.867283,970153.44,49.96728,0.0,0.0,0,970
14485,2008-01-01,2002-05-01,68,2002,179701.0,179701.0,763.1379946447919,0.030567521346852963,360,292,Current,Current,none,0,0.0,0.0,0.0,0,65.02709,276347.9,72.12709,0.0,0.0,0,588
14491,2008-01-01,1995-12-01,145,1995,1217900.0,1.2179e+06,4993.607056748998,0.027835005044740294,360,215,Current,Current,none,0,0.0,0.0,0.0,0,41.78612,2.914604e+06,44.08612,0.0,0.0,0,854
14492,2008-01-01,2008-01-01,0,2008,275035.0,275035.0,1156.0178768605567,0.029761092699380324,360,360,Current,Current,none,0,0.0,0.0,0.0,0,95.0,289510.53,119.3,0.0,0.0,0,691
14496,2008-01-01,1995-03-01,154,1995,464469.0,464469.0,1725.312682019887,0.020367347800168682,360,206,Current,Current,none,0,0.0,0.0,0.0,0,39.64625,1.1715332e+06,47.24625,0.0,0.0,0,971
14497,2008-01-01,2000-11-01,86,2000,132671.0,132671.0,480.40512173411804,0.01848764128809,360,274,Current,Current,none,0,0.0,0.0,0.0,0,41.588444,319009.3,44.28844,0.0,0.0,0,564
14499,2008-01-01,2006-03-01,22,2006,137483.0,137483.0,618.2014345667212,0.03510958713255963,360,338,Current,Current,none,0,0.0,0.0,0.0,0,83.64263,164369.53,92.04263,0.0,0.0,0,294
14500,2008-01-01,2002-04-01,69,2002,608053.0,608053.0,2472.3258100579624,0.027189254656136898,360,291,Current,Current,none,0,0.0,0.0,0.0,0,46.895916,1.2966011e+06,48.895916,0.0,0.0,0,477
14501,2008-01-01,1998-11-01,110,1998,248263.0,248263.0,1034.845054432259,0.029112788030086233,360,250,Current,Current,none,0,0.0,0.0,0.0,0,37.184963,667643.5,72.18497,0.0,0.0,0,752
14503,2008-01-01,2004-10-01,39,2004,187262.0,187262.0,785.5181136095564,0.029604768468460527,360,321,Current,Current,none,0,0.0,0.0,0.0,0,69.709,268633.88,69.809006,0.0,0.0,0,323
14504,2008-01-01,1997-11-01,122,1997,463853.0,463853.0,2942.407463006867,0.018,180,58,Current,Current,none,0,0.0,0.0,0.0,0,33.42206,1.3878649e+06,34.722057,0.0,0.0,0,489
14508,2008-01-01,2007-02-01,11,2007,241425.0,241425.0,1067.7509944325977,0.033781441080217134,360,349,Current,Current,none,0,0.0,0.0,0.0,0,70.07498,344523.8,75.374985,0.0,0.0,0,776
14512,2008-01-01,1994-05-01,164,1994,292065.0,292065.0,1674.338400827167,0.05587261067929458,360,196,Current,Current,none,0,0.0,0.0,0.0,0,31.761724,919550.2,31.761724,0.0,0.0,0,696
14513,2008-01-01,2008-01-01,0,2008,184321.0,184321.0,1199.9871358676587,0.021627723113550948,180,180,Current,Current,none,0,0.0,0.0,0.0,0,46.0,400697.8,51.6,0.0,0.0,0,616
14514,2008-01-01,2003-10-01,51,2003,346925.0,346925.0,2004.9303769739893,0.05660736024926624,360,309,Current,Current,none,0,0.0,0.0,0.0,0,72.667336,477415.3,72.76734,0.0,0.0,0,180
14516,2008-01-01,1999-04-01,105,1999,389390.0,389390.0,1864.5640217538746,0.04024733230569704,360,255,Current,Current,none,0,0.0,0.0,0.0,0,37.315613,1.0435042e+06,40.315613,0.0,0.0,0,258
14520,2008-01-01,2002-04-01,69,2002,400865.0,400865.0,2900.59635894649,0.036765583290837005,180,111,Current,Current,none,0,0.0,0.0,0.0,0,52.749195,759945.25,71.549194,0.0,0.0,0,509
14521,2008-01-01,2001-08-01,77,2001,291961.0,291961.0,1081.5721354549771,0.020166150873424056,360,283,Current,Current,none,0,0.0,0.0,0.0,0,48.193268,605812.9,55.693268,0.0,0.0,0,916
14522,2008-01-01,2005-12-01,25,2005,623262.0,623262.0,2534.611451160696,0.02720280340774274,360,335,Current,Current,none,0,0.0,0.0,0.0,0,81.80264,761909.4,85.90264,0.0,0.0,0,529
14524,2008-01-01,1997-05-01,128,1997,221841.0,221841.0,837.2705277824924,0.021550116284132826,360,232,Current,Current,none,0,0.0,0.0,0.0,0,34.42577,644403.94,34.52577,0.0,0.0,0,216
14529,2008-01-01,1995-03-01,154,1995,354481.0,354481.0,1742.8471878615946,0.04245246798710274,360,206,Current,Current,none,0,0.0,0.0,0.0,0,38.33563,924677.6,38.73563,0.0,0.0,0,520
14531,2008-01-01,2002-09-01,64,2002,154284.0,154284.0,898.4363966531763,0.05730368781100958,360,296,Current,Current,none,0,0.0,0.0,0.0,0,61.98606,248901.11,61.98606,0.0,0.0,0,361
14532,2008-01-01,1996-04-01,141,1996,193129.0,193129.0,1318.5325382713627,0.028359926401955695,180,39,Current,Current,none,0,0.0,0.0,0.0,0,29.71436,649951.75,31.91436,0.0,0.0,0,472
14554,2008-01-01,1997-09-01,124,1997,397762.0,397762.0,1969.4666096246774,0.04304520942446037,360,236,Current,Current,none,0,0.0,0.0,0.0,0,36.274876,1.096522e+06,39.274876,0.0,0.0,0,472
14557,2008-01-01,2001-06-01,79,2001,122053.0,122053.0,547.4847248023569,0.03491370218508787,360,281,Current,Current,none,0,0.0,0.0,0.0,0,59.524147,205047.88,62.324146,0.0,0.0,0,549
14559,2008-01-01,1998-05-01,116,1998,230200.0,230200.0,1638.6038564346536,0.03437504789714143,180,64,Current,Current,none,0,0.0,0.0,0.0,0,46.129417,499030.8,48.629417,0.0,0.0,0,724
14561,2008-01-01,2005-02-01,35,2005,260225.0,260225.0,1473.9724828341837,0.05478205217168157,360,325,Current,Current,none,0,0.0,0.0,0.0,0,76.47794,340261.53,83.17794,0.0,0.0,0,595
14562,2008-01-01,2006-01-01,24,2006,643017.0,643017.0,3058.7383420639358,0.03969966578919517,360,336,Current,Current,none,0,0.0,0.0,0.0,0,70.50216,912052.9,76.70216,0.0,0.0,0,119
14564,2008-01-01,2007-04-01,9,2007,296793.0,296793.0,1512.2629637129005,0.04547886376049837,360,351,Current,Current,none,0,0.0,0.0,0.0,0,100.60497,295008.28,105.20497,0.0,0.0,0,146
14565,2008-01-01,2006-03-01,22,2006,209764.0,209764.0,871.3484401730534,0.02884391727158304,360,338,Current,Current,none,0,0.0,0.0,0.0,0,98.91836,212057.7,108.61836,0.0,0.0,0,317
14572,2008-01-01,2000-09-01,88,2000,156988.0,156988.0,871.0858520123693,0.05293066566266359,360,272,Current,Current,none,0,0.0,0.0,0.0,0,46.90641,334683.47,47.206413,0.0,0.0,0,726
14575,2008-01-01,2007-03-01,10,2007,598976.0,598976.0,4133.268746768126,0.07365911210745654,360,350,Current,Current,none,0,0.0,0.0,0.0,0,100.63922,595171.56,106.83922,0.0,0.0,0,404
14576,2008-01-01,2006-04-01,21,2006,177594.0,177594.0,751.7036687847608,0.030308721707850775,360,339,Current,Current,none,0,0.0,0.0,0.0,0,100.26376,177126.81,105.36376,0.0,0.0,0,734
14581,2008-01-01,1998-09-01,112,1998,126798.0,126798.0,886.9942753738118,0.031854006653617234,180,68,Current,Current,none,0,0.0,0.0,0.0,0,34.699345,365419.0,41.999344,0.0,0.0,0,357
14583,2008-01-01,2007-09-01,4,2007,511713.0,511713.0,2005.8773915481515,0.024396947946565994,360,356,Current,Current,none,0,0.0,0.0,0.0,0,78.84105,649043.9,84.041046,0.0,0.0,0,705
14584,2008-01-01,2005-03-01,34,2005,127058.0,127058.0,837.9034529479434,0.023438871941924525,180,146,Current,Current,none,0,0.0,0.0,0.0,0,80.520325,157796.19,102.12032,0.0,0.0,0,356
14587,2008-01-01,1995-12-01,145,1995,259653.0,259653.0,1249.9000668195922,0.04068507039049343,360,215,Current,Current,none,0,0.0,0.0,0.0,0,38.832027,668656.8,41.23203,0.0,0.0,0,108
14589,2008-01-01,1994-12-01,157,1994,299323.0,299323.0,1797.041339721839,0.060127207605340786,360,203,Current,Current,none,0,0.0,0.0,0.0,0,42.54887,703480.5,45.04887,0.0,0.0,0,404
14592,2008-01-01,2001-12-01,73,2001,315929.0,315929.0,1429.884505069831,0.03563499576760932,360,287,Current,Current,none,0,0.0,0.0,0.0,0,41.92369,753581.06,51.22369,0.0,0.0,0,806
14597,2008-01-01,2005-08-01,29,2005,145404.0,145404.0,647.6507588604826,0.034348287641027674,360,331,Current,Current,none,0,0.0,0.0,0.0,0,85.249245,170563.39,88.34924,0.0,0.0,0,265
14599,2008-01-01,1998-09-01,112,1998,189651.0,189651.0,1203.0331112803312,0.018,180,68,Current,Current,none,0,0.0,0.0,0.0,0,39.20436,483749.78,40.20436,0.0,0.0,0,480
14600,2008-01-01,2006-09-01,16,2006,255489.0,255489.0,1368.9325640622048,0.04983420430726853,360,344,Current,Current,none,0,0.0,0.0,0.0,0,75.907135,336581.03,80.907135,0.0,0.0,0,669
14601,2008-01-01,2006-04-01,21,2006,274048.0,274048.0,1738.3974673487205,0.018,180,159,Current,Current,none,0,0.0,0.0,0.0,0,97.472694,281153.62,104.372696,0.0,0.0,0,131
14603,2008-01-01,2005-10-01,27,2005,464259.0,464259.0,2810.883574217451,0.06091655797194071,360,333,Current,Current,none,0,0.0,0.0,0.0,0,95.81555,484534.06,102.615555,0.0,0.0,0,300
14604,2008-01-01,1997-08-01,125,1997,1153745.0,1.153745e+06,5200.178457601053,0.035300117266458424,360,235,Current,Current,none,0,0.0,0.0,0.0,0,31.47395,3.665714e+06,31.47395,0.0,0.0,0,100
14611,2008-01-01,2008-01-01,0,2008,252893.0,252893.0,1056.6828037506905,0.029299951571094676,360,360,Current,Current,none,0,0.0,0.0,0.0,0,76.5,330579.1,76.5,0.0,0.0,0,937
14614,2008-01-01,1999-09-01,100,1999,115657.0,115657.0,496.84970723285426,0.031472858602399845,360,260,Current,Current,none,0,0.0,0.0,0.0,0,41.930412,275830.8,45.33041,0.0,0.0,0,166
14616,2008-01-01,1998-07-01,114,1998,608370.0,608370.0,2643.917099381371,0.03238771834483182,360,246,Current,Current,none,0,0.0,0.0,0.0,0,25.651999,2.371628e+06,25.751999,0.0,0.0,0,560
14620,2008-01-01,2007-06-01,7,2007,277661.0,277661.0,1156.279832833415,0.029038432758695745,360,353,Current,Current,none,0,0.0,0.0,0.0,0,96.67114,287222.22,104.87114,0.0,0.0,0,565
14624,2008-01-01,1999-04-01,105,1999,153249.0,153249.0,660.9254065826575,0.03178201527810148,360,255,Current,Current,none,0,0.0,0.0,0.0,0,38.08842,402350.6,42.388424,0.0,0.0,0,588
14625,2008-01-01,2005-06-01,31,2005,291500.0,291500.0,1237.831713808515,0.030562187701054653,360,329,Current,Current,none,0,0.0,0.0,0.0,0,80.94279,360130.9,83.94279,0.0,0.0,0,934
14627,2008-01-01,2007-08-01,5,2007,563787.0,563787.0,2541.107971256609,0.035300051416233505,360,355,Current,Current,none,0,0.0,0.0,0.0,0,79.857704,705989.44,93.757706,0.0,0.0,0,174
14630,2008-01-01,1996-03-01,142,1996,101351.0,101351.0,364.5580222499347,0.018,360,218,Current,Current,none,0,0.0,0.0,0.0,0,33.081112,306371.2,33.081112,0.0,0.0,0,582
14633,2008-01-01,2004-10-01,39,2004,96497.0,96497.0,347.0982572747378,0.018,360,321,Current,Current,none,0,0.0,0.0,0.0,0,86.06275,112124.0,109.56275,0.0,0.0,0,678
14638,2008-01-01,2001-11-01,74,2001,370302.0,370302.0,1601.2423325766115,0.03199056334914161,360,286,Current,Current,none,0,0.0,0.0,0.0,0,60.465782,612415.8,72.96578,0.0,0.0,0,163
14639,2008-01-01,1995-09-01,148,1995,141355.0,141355.0,552.7077512659354,0.024206335545699238,360,212,Current,Current,none,0,0.0,0.0,0.0,0,38.843662,363907.5,38.843662,0.0,0.0,0,173
14641,2008-01-01,1999-04-01,105,1999,464414.0,464414.0,2044.2793616328745,0.033404270183260615,360,255,Current,Current,none,0,0.0,0.0,0.0,0,35.21799,1.318684e+06,38.81799,0.0,0.0,0,636
14643,2008-01-01,1996-02-01,143,1996,316228.0,316228.0,2205.4615269594638,0.0314191924812036,180,37,Current,Current,none,0,0.0,0.0,0.0,0,27.549171,1.1478675e+06,27.749172,0.0,0.0,0,798
14645,2008-01-01,1995-12-01,145,1995,687381.0,687381.0,2725.5853980307174,0.02526833083912226,360,215,Current,Current,none,0,0.0,0.0,0.0,0,27.587416,2.491647e+06,27.787416,0.0,0.0,0,177
14647,2008-01-01,2006-11-01,14,2006,331164.0,331164.0,2368.495979084294,0.03506531616070718,180,166,Current,Current,none,0,0.0,0.0,0.0,0,49.482937,669248.9,62.482937,0.0,0.0,0,691
14654,2008-01-01,1998-06-01,115,1998,414980.0,414980.0,3219.373783965075,0.04710400953063272,180,65,Current,Current,none,0,0.0,0.0,0.0,0,42.17681,983905.6,42.47681,0.0,0.0,0,438
14656,2008-01-01,1997-03-01,130,1997,299085.0,299085.0,1353.1750316752978,0.035606716978631076,360,230,Current,Current,none,0,0.0,0.0,0.0,0,25.750092,1.161491e+06,25.750092,0.0,0.0,0,233
14661,2008-01-01,2003-01-01,60,2003,361191.0,361191.0,1698.4054369979988,0.03874764815535266,360,300,Current,Current,none,0,0.0,0.0,0.0,0,61.9327,583199.2,62.532703,0.0,0.0,0,774
14663,2008-01-01,2002-02-01,71,2002,113807.0,113807.0,497.2074024701966,0.03280581097485782,360,289,Current,Current,none,0,0.0,0.0,0.0,0,53.921947,211058.77,53.921947,0.0,0.0,0,358
14664,2008-01-01,1993-10-01,171,1993,124738.0,124738.0,448.6807094099945,0.018,360,189,Current,Current,none,0,0.0,0.0,0.0,0,30.844055,404415.06,32.544056,0.0,0.0,0,274
14675,2008-01-01,2004-03-01,46,2004,310179.0,310179.0,1811.6274977583785,0.05757646811453048,360,314,Current,Current,none,0,0.0,0.0,0.0,0,46.152172,672078.9,54.852173,0.0,0.0,0,343
14676,2008-01-01,1995-12-01,145,1995,161911.0,161911.0,582.3914311699854,0.018,360,215,Current,Current,none,0,0.0,0.0,0.0,0,38.832027,416952.22,48.43203,0.0,0.0,0,798
14679,2008-01-01,2002-04-01,69,2002,231904.0,231904.0,1499.4543972249764,0.02066688797262607,180,111,Current,Current,none,0,0.0,0.0,0.0,0,49.056053,472732.7,52.456055,0.0,0.0,0,580
14682,2008-01-01,2007-04-01,9,2007,129489.0,129489.0,465.76998493474946,0.018,360,351,Current,Current,none,0,0.0,0.0,0.0,0,68.560425,188868.44,87.16042,0.0,0.0,0,348
14695,2008-01-01,1999-11-01,98,1999,274936.0,274936.0,1258.518103913171,0.03655141652488754,360,262,Current,Current,none,0,0.0,0.0,0.0,0,42.30711,649857.7,44.707108,0.0,0.0,0,577
14699,2008-01-01,1997-08-01,125,1997,111075.0,111075.0,448.3424912279308,0.026628437126624924,360,235,Current,Current,none,0,0.0,0.0,0.0,0,43.257797,256774.52,49.757797,0.0,0.0,0,792
